scope,runs,id,title_ua,title_en,competition,count,frequency,frequency_percent
overall,600000,1,Кєнти,Kents,Both,6,0.00001,0.001
overall,600000,2,Файне місто,Faine Misto,Both,2502,0.00417,0.41700000000000004
overall,600000,3,Третя сила,The Third Force,Both,826,0.0013766666666666667,0.13766666666666666
overall,600000,4,Мрія Луческу,Lucescu’s Dream,Both,0,0,0
overall,600000,5,Іноземний легіон,Foreign Legion,Both,0,0,0
overall,600000,6,Слава Україні!,Slava Ukraini!,Both,59278,0.09879666666666667,9.879666666666667
overall,600000,7,Донбас порожняк не гонить,Donbas Delivers,Both,56,0.00009333333333333333,0.009333333333333332
overall,600000,8,Крим — це Україна!,Crimea Is Ukraine!,Both,6758,0.011263333333333334,1.1263333333333334
overall,600000,9,Кубок Львову!,Cup to Lviv!,Cup,430,0.0007166666666666667,0.07166666666666667
overall,600000,10,Зрада,Zrada,Both,322446,0.53741,53.74100000000001
overall,600000,11,За вами виїхало СБУ,SBU Is Coming for You,Both,99544,0.16590666666666667,16.590666666666667
overall,600000,12,Перед каждою ігрою!..,Before Every Game!..,League,52220,0.08703333333333334,8.703333333333333
overall,600000,13,"Здається, Бог наказує нас за щось","Apparently, God Punishes Us",Both,156088,0.2601466666666667,26.01466666666667
overall,600000,14,Перші назавжди,First Forever,League,86,0.00014333333333333334,0.014333333333333333
overall,600000,15,Весна 1999,Spring 1999,Both,62,0.00010333333333333333,0.010333333333333333
overall,600000,16,Стамбул 2009,Istanbul 2009,Cup,4,0.000006666666666666667,0.0006666666666666666
overall,600000,17,Варшава 2015,Warsaw 2015,Cup,38,0.00006333333333333333,0.006333333333333333
overall,600000,18,Ударна пара,Strike Partnership,Both,6,0.00001,0.001
overall,600000,19,Золотий м’яч,Ballon d’Or,Both,58,0.00009666666666666667,0.009666666666666667
overall,600000,20,СаШо,SaSho,Cup,242,0.00040333333333333334,0.04033333333333333
overall,600000,21,Німеччина 2006,Germany 2006,Both,0,0,0
overall,600000,22,Перший Кубок,The First Cup,Cup,6,0.00001,0.001
overall,600000,23,Непереможні,Invincibles,League,0,0,0
overall,600000,24,Безкомпромісні,No Compromises,League,30,0.00005,0.005
overall,600000,25,Ідеально збалансовано,Perfectly Balanced,League,4228,0.007046666666666666,0.7046666666666667
overall,600000,26,Потужно,Powerful Stuff,League,0,0,0
overall,600000,27,Сухий закон,Prohibition,Both,52,0.00008666666666666667,0.008666666666666666
overall,600000,28,На класі,Pure Class,Cup,240,0.0004,0.04
overall,600000,29,Нерви зі сталі,Nerves of Steel,Cup,310,0.0005166666666666667,0.051666666666666666
overall,600000,30,Завдання провалено успішно,Task Failed Successfully,Cup,0,0,0
overall,600000,31,Я так бачу,Trust My Eyes,Both,1522,0.0025366666666666667,0.25366666666666665
overall,600000,32,Монобільшість,Single-Party Majority,Both,18,0.00003,0.003
overall,600000,33,Коаліція,Coalition,Both,120394,0.20065666666666668,20.06566666666667
overall,600000,34,Три мушкетери,The Three Musketeers,Both,146,0.00024333333333333333,0.024333333333333332
overall,600000,35,Автобус припарковано,Bus Parked,Both,156,0.00026,0.026
overall,600000,36,"Гдє «Дінамо», гдє?",Where TF “Dynamo” at?,Both,56,0.00009333333333333333,0.009333333333333332
overall,600000,37,На благо города і всєх харьковчан,For the Good of Kharkiv and All of the Citizens,Both,32,0.00005333333333333333,0.005333333333333333
overall,600000,38,Ящик горілки,A Crate of Vodka,Both,932,0.0015533333333333334,0.15533333333333335
overall,600000,39,Полтавська битва,Battle of Poltava,Cup,134,0.00022333333333333333,0.022333333333333334
overall,600000,40,Дніпровський тандем,Dnipro Tandem,Both,170,0.00028333333333333335,0.028333333333333335
overall,600000,41,Серце «Шахтаря»,Heart of Shakhtar,Both,26,0.000043333333333333334,0.004333333333333333
overall,600000,42,Бразильський трикутник,Brazilian Triangle,Both,0,0,0
overall,600000,43,Слава нації,"Good Evening, We Are from Ukraine",Both,93,0.000155,0.0155
overall,600000,44,ООН,United Nations,Both,216,0.00036,0.036000000000000004
overall,600000,45,Балканський експрес,Balkan Express,Both,0,0,0
overall,600000,46,Латиноамериканський квартал,Latin Quarter,Both,10,0.000016666666666666667,0.0016666666666666668
overall,600000,47,Різні епохи. Один склад.,Different Eras. One Squad.,Both,410100,0.6835,68.35
overall,600000,48,Жити по-новому,Living a New Way,Both,33950,0.05658333333333333,5.658333333333333
overall,600000,49,Назад у 90-ті,Back to the ’90s,Both,4058,0.006763333333333333,0.6763333333333333
overall,600000,50,Пропало все. Господи допоможи,Everything Is Lost. God Save Us All,League,14,0.000023333333333333332,0.002333333333333333
overall,600000,51,Нічия влаштовує,A Draw Will Do,League,1118,0.0018633333333333334,0.18633333333333335
overall,600000,52,"Маємо те, що маємо",It Is What It Is,League,9140,0.015233333333333333,1.5233333333333332
overall,600000,53,На тоненького,By a Thread,League,10,0.000016666666666666667,0.0016666666666666668
overall,600000,54,Бавовна,Bavovna,League,0,0,0
overall,600000,55,Захист для слабаків,Defense Optional,League,0,0,0
overall,600000,56,Лото «Забава»,The Lottery,Cup,292,0.00048666666666666666,0.048666666666666664
overall,600000,57,На 120-й,In the 120th,Cup,130,0.00021666666666666666,0.021666666666666667
overall,600000,58,"Пливли-пливли, а на березі...",Ch-ch-ch-choke Me!,Cup,4444,0.007406666666666666,0.7406666666666667
overall,600000,59,"I Am from Bosnia, Take Me to America","I Am from Bosnia, Take Me to America",Both,1372,0.002286666666666667,0.22866666666666668
overall,600000,60,На мінімалках,Bare Minimum,Cup,158,0.00026333333333333336,0.026333333333333337
overall,600000,61,Динамівські серця,Hearts of “Dynamo”,Both,42,0.00007,0.006999999999999999
overall,600000,62,Фінал 2006,Final 2006,Cup,28,0.000046666666666666665,0.004666666666666666
overall,600000,63,Легенда «Барселони»,Barcelona’s Legend,Both,1648,0.002746666666666667,0.27466666666666667
overall,600000,64,Промислова революція,Industrial Revolution,Both,16240,0.027066666666666666,2.7066666666666666
overall,600000,65,Два крила,Two Wings,Both,28,0.000046666666666666665,0.004666666666666666
overall,600000,66,Крізь роки,Through the Years,Both,214,0.00035666666666666664,0.035666666666666666
overall,600000,67,Кобзарі,The Kobzars,Both,12,0.00002,0.002
overall,600000,68,Акт Злуки,Act of Unity,Both,62708,0.10451333333333333,10.451333333333332
overall,600000,69,Кордони 1991,Borders of 1991,Both,1074,0.00179,0.179
overall,600000,70,Львівське метро,Lviv Metro,Both,4258,0.007096666666666667,0.7096666666666667
overall,600000,71,Котлета по-київськи,Chicken Kyiv,Both,2304,0.00384,0.384
overall,600000,72,Кубок світу,World Cup,Both,0,0,0
overall,600000,73,Кубок Африки,Africa Cup,Both,2,0.0000033333333333333333,0.0003333333333333333
overall,600000,74,День бабака,Groundhog Day,Cup,3602,0.006003333333333334,0.6003333333333334
overall,600000,75,Стара школа,Old School,Both,505,0.0008416666666666667,0.08416666666666667
overall,600000,76,Так!,Yes!,Both,28378,0.04729666666666667,4.729666666666667
overall,600000,77,Покращення вже сьогодні,A Better Life Today,Both,59782,0.09963666666666667,9.963666666666667
overall,600000,78,Опорник із Запоріжжя,CDM from Zaporizhzhia,Both,6312,0.01052,1.052
overall,600000,79,Мужики,The Lads,Both,3912,0.00652,0.652
overall,600000,80,Бойся Бога і пацанов с Крівова Рога,Fear God and Chaps from Kryvyi Rih,Both,4524,0.00754,0.754
overall,600000,81,Олександрійське диво,Oleksandriya Miracle,Both,592,0.0009866666666666667,0.09866666666666667
overall,600000,82,Ковалівка в Європі,Kovalivka in Europe,Both,858,0.00143,0.14300000000000002
overall,600000,83,Потримай моє пиво,Hold My Beer,Both,1982,0.0033033333333333335,0.33033333333333337
overall,600000,84,Українське класичне,Ukrainian Clásico,Both,2320,0.0038666666666666667,0.38666666666666666
overall,600000,85,"Ми всі різні, але ми українці",United Ukraine,Both,12914,0.021523333333333332,2.152333333333333
overall,600000,86,Міміно,Mimino,Both,124,0.00020666666666666666,0.020666666666666667
overall,600000,87,Суперорли,Super Eagles,Both,68,0.00011333333333333333,0.011333333333333332
overall,600000,88,Лінія Мажино,Maginot Line,Both,0,0,0
overall,600000,89,П’ять пальців,Five Fingers,Both,151650,0.25275,25.275
overall,600000,90,П’ятий елемент,The Fifth Element,Both,602,0.0010033333333333333,0.10033333333333333
overall,600000,91,Тризуб,Tryzub,Both,94084,0.15680666666666668,15.680666666666667
overall,600000,92,Дуплет,Double Tap,Both,14342,0.023903333333333332,2.3903333333333334
overall,600000,93,Це нормально,This Is Fine,League,142,0.00023666666666666665,0.023666666666666666
overall,600000,94,Кийов і Львов не указ Ужгородови,Kyiv and Lviv Don’t Rule Uzhorod,Both,20588,0.034313333333333335,3.4313333333333333
overall,600000,95,Албанська мафія,"Ti Shqipëri, më jep nder",Both,132,0.00022,0.022000000000000002
competition:league,300000,1,Кєнти,Kents,Both,6,0.00002,0.002
competition:league,300000,2,Файне місто,Faine Misto,Both,0,0,0
competition:league,300000,3,Третя сила,The Third Force,Both,340,0.0011333333333333334,0.11333333333333334
competition:league,300000,4,Мрія Луческу,Lucescu’s Dream,Both,0,0,0
competition:league,300000,5,Іноземний легіон,Foreign Legion,Both,0,0,0
competition:league,300000,6,Слава Україні!,Slava Ukraini!,Both,25376,0.08458666666666667,8.458666666666668
competition:league,300000,7,Донбас порожняк не гонить,Donbas Delivers,Both,44,0.00014666666666666666,0.014666666666666666
competition:league,300000,8,Крим — це Україна!,Crimea Is Ukraine!,Both,3376,0.011253333333333334,1.1253333333333333
competition:league,300000,9,Кубок Львову!,Cup to Lviv!,Cup,0,0,0
competition:league,300000,10,Зрада,Zrada,Both,155628,0.51876,51.876
competition:league,300000,11,За вами виїхало СБУ,SBU Is Coming for You,Both,45480,0.1516,15.160000000000002
competition:league,300000,12,Перед каждою ігрою!..,Before Every Game!..,League,52220,0.17406666666666668,17.406666666666666
competition:league,300000,13,"Здається, Бог наказує нас за щось","Apparently, God Punishes Us",Both,48838,0.16279333333333335,16.279333333333334
competition:league,300000,14,Перші назавжди,First Forever,League,86,0.0002866666666666667,0.028666666666666667
competition:league,300000,15,Весна 1999,Spring 1999,Both,48,0.00016,0.016
competition:league,300000,16,Стамбул 2009,Istanbul 2009,Cup,0,0,0
competition:league,300000,17,Варшава 2015,Warsaw 2015,Cup,0,0,0
competition:league,300000,18,Ударна пара,Strike Partnership,Both,4,0.000013333333333333333,0.0013333333333333333
competition:league,300000,19,Золотий м’яч,Ballon d’Or,Both,40,0.00013333333333333334,0.013333333333333334
competition:league,300000,20,СаШо,SaSho,Cup,0,0,0
competition:league,300000,21,Німеччина 2006,Germany 2006,Both,0,0,0
competition:league,300000,22,Перший Кубок,The First Cup,Cup,0,0,0
competition:league,300000,23,Непереможні,Invincibles,League,0,0,0
competition:league,300000,24,Безкомпромісні,No Compromises,League,30,0.0001,0.01
competition:league,300000,25,Ідеально збалансовано,Perfectly Balanced,League,4228,0.014093333333333333,1.4093333333333333
competition:league,300000,26,Потужно,Powerful Stuff,League,0,0,0
competition:league,300000,27,Сухий закон,Prohibition,Both,22,0.00007333333333333333,0.007333333333333333
competition:league,300000,28,На класі,Pure Class,Cup,0,0,0
competition:league,300000,29,Нерви зі сталі,Nerves of Steel,Cup,0,0,0
competition:league,300000,30,Завдання провалено успішно,Task Failed Successfully,Cup,0,0,0
competition:league,300000,31,Я так бачу,Trust My Eyes,Both,805,0.002683333333333333,0.2683333333333333
competition:league,300000,32,Монобільшість,Single-Party Majority,Both,10,0.000033333333333333335,0.0033333333333333335
competition:league,300000,33,Коаліція,Coalition,Both,52368,0.17456,17.456
competition:league,300000,34,Три мушкетери,The Three Musketeers,Both,80,0.0002666666666666667,0.02666666666666667
competition:league,300000,35,Автобус припарковано,Bus Parked,Both,34,0.00011333333333333333,0.011333333333333332
competition:league,300000,36,"Гдє «Дінамо», гдє?",Where TF “Dynamo” at?,Both,40,0.00013333333333333334,0.013333333333333334
competition:league,300000,37,На благо города і всєх харьковчан,For the Good of Kharkiv and All of the Citizens,Both,22,0.00007333333333333333,0.007333333333333333
competition:league,300000,38,Ящик горілки,A Crate of Vodka,Both,464,0.0015466666666666667,0.15466666666666667
competition:league,300000,39,Полтавська битва,Battle of Poltava,Cup,0,0,0
competition:league,300000,40,Дніпровський тандем,Dnipro Tandem,Both,104,0.00034666666666666667,0.034666666666666665
competition:league,300000,41,Серце «Шахтаря»,Heart of Shakhtar,Both,16,0.00005333333333333333,0.005333333333333333
competition:league,300000,42,Бразильський трикутник,Brazilian Triangle,Both,0,0,0
competition:league,300000,43,Слава нації,"Good Evening, We Are from Ukraine",Both,31,0.00010333333333333333,0.010333333333333333
competition:league,300000,44,ООН,United Nations,Both,138,0.00046,0.046
competition:league,300000,45,Балканський експрес,Balkan Express,Both,0,0,0
competition:league,300000,46,Латиноамериканський квартал,Latin Quarter,Both,8,0.000026666666666666667,0.0026666666666666666
competition:league,300000,47,Різні епохи. Один склад.,Different Eras. One Squad.,Both,162690,0.5423,54.230000000000004
competition:league,300000,48,Жити по-новому,Living a New Way,Both,24534,0.08178,8.178
competition:league,300000,49,Назад у 90-ті,Back to the ’90s,Both,26,0.00008666666666666667,0.008666666666666666
competition:league,300000,50,Пропало все. Господи допоможи,Everything Is Lost. God Save Us All,League,14,0.000046666666666666665,0.004666666666666666
competition:league,300000,51,Нічия влаштовує,A Draw Will Do,League,1118,0.0037266666666666668,0.3726666666666667
competition:league,300000,52,"Маємо те, що маємо",It Is What It Is,League,9140,0.030466666666666666,3.0466666666666664
competition:league,300000,53,На тоненького,By a Thread,League,10,0.000033333333333333335,0.0033333333333333335
competition:league,300000,54,Бавовна,Bavovna,League,0,0,0
competition:league,300000,55,Захист для слабаків,Defense Optional,League,0,0,0
competition:league,300000,56,Лото «Забава»,The Lottery,Cup,0,0,0
competition:league,300000,57,На 120-й,In the 120th,Cup,0,0,0
competition:league,300000,58,"Пливли-пливли, а на березі...",Ch-ch-ch-choke Me!,Cup,0,0,0
competition:league,300000,59,"I Am from Bosnia, Take Me to America","I Am from Bosnia, Take Me to America",Both,732,0.00244,0.244
competition:league,300000,60,На мінімалках,Bare Minimum,Cup,0,0,0
competition:league,300000,61,Динамівські серця,Hearts of “Dynamo”,Both,30,0.0001,0.01
competition:league,300000,62,Фінал 2006,Final 2006,Cup,0,0,0
competition:league,300000,63,Легенда «Барселони»,Barcelona’s Legend,Both,934,0.0031133333333333334,0.31133333333333335
competition:league,300000,64,Промислова революція,Industrial Revolution,Both,9082,0.030273333333333333,3.0273333333333334
competition:league,300000,65,Два крила,Two Wings,Both,14,0.000046666666666666665,0.004666666666666666
competition:league,300000,66,Крізь роки,Through the Years,Both,94,0.0003133333333333333,0.03133333333333333
competition:league,300000,67,Кобзарі,The Kobzars,Both,4,0.000013333333333333333,0.0013333333333333333
competition:league,300000,68,Акт Злуки,Act of Unity,Both,34696,0.11565333333333333,11.565333333333333
competition:league,300000,69,Кордони 1991,Borders of 1991,Both,542,0.0018066666666666667,0.18066666666666667
competition:league,300000,70,Львівське метро,Lviv Metro,Both,2318,0.007726666666666666,0.7726666666666666
competition:league,300000,71,Котлета по-київськи,Chicken Kyiv,Both,1032,0.00344,0.344
competition:league,300000,72,Кубок світу,World Cup,Both,0,0,0
competition:league,300000,73,Кубок Африки,Africa Cup,Both,2,0.000006666666666666667,0.0006666666666666666
competition:league,300000,74,День бабака,Groundhog Day,Cup,0,0,0
competition:league,300000,75,Стара школа,Old School,Both,254,0.0008466666666666667,0.08466666666666667
competition:league,300000,76,Так!,Yes!,Both,15950,0.05316666666666667,5.316666666666666
competition:league,300000,77,Покращення вже сьогодні,A Better Life Today,Both,41962,0.13987333333333332,13.987333333333332
competition:league,300000,78,Опорник із Запоріжжя,CDM from Zaporizhzhia,Both,3598,0.011993333333333333,1.1993333333333334
competition:league,300000,79,Мужики,The Lads,Both,2602,0.008673333333333333,0.8673333333333333
competition:league,300000,80,Бойся Бога і пацанов с Крівова Рога,Fear God and Chaps from Kryvyi Rih,Both,2560,0.008533333333333334,0.8533333333333334
competition:league,300000,81,Олександрійське диво,Oleksandriya Miracle,Both,574,0.0019133333333333333,0.19133333333333333
competition:league,300000,82,Ковалівка в Європі,Kovalivka in Europe,Both,514,0.0017133333333333334,0.17133333333333334
competition:league,300000,83,Потримай моє пиво,Hold My Beer,Both,1448,0.004826666666666667,0.4826666666666667
competition:league,300000,84,Українське класичне,Ukrainian Clásico,Both,1556,0.005186666666666667,0.5186666666666667
competition:league,300000,85,"Ми всі різні, але ми українці",United Ukraine,Both,4946,0.016486666666666667,1.6486666666666667
competition:league,300000,86,Міміно,Mimino,Both,98,0.0003266666666666667,0.03266666666666667
competition:league,300000,87,Суперорли,Super Eagles,Both,44,0.00014666666666666666,0.014666666666666666
competition:league,300000,88,Лінія Мажино,Maginot Line,Both,0,0,0
competition:league,300000,89,П’ять пальців,Five Fingers,Both,74248,0.24749333333333334,24.749333333333333
competition:league,300000,90,П’ятий елемент,The Fifth Element,Both,344,0.0011466666666666667,0.11466666666666667
competition:league,300000,91,Тризуб,Tryzub,Both,44586,0.14862,14.862
competition:league,300000,92,Дуплет,Double Tap,Both,9212,0.030706666666666667,3.070666666666667
competition:league,300000,93,Це нормально,This Is Fine,League,142,0.0004733333333333333,0.04733333333333333
competition:league,300000,94,Кийов і Львов не указ Ужгородови,Kyiv and Lviv Don’t Rule Uzhorod,Both,10832,0.03610666666666667,3.610666666666667
competition:league,300000,95,Албанська мафія,"Ti Shqipëri, më jep nder",Both,64,0.00021333333333333333,0.021333333333333333
formation:4-4-2,200000,1,Кєнти,Kents,Both,4,0.00002,0.002
formation:4-4-2,200000,2,Файне місто,Faine Misto,Both,756,0.00378,0.378
formation:4-4-2,200000,3,Третя сила,The Third Force,Both,252,0.00126,0.126
formation:4-4-2,200000,4,Мрія Луческу,Lucescu’s Dream,Both,0,0,0
formation:4-4-2,200000,5,Іноземний легіон,Foreign Legion,Both,0,0,0
formation:4-4-2,200000,6,Слава Україні!,Slava Ukraini!,Both,19136,0.09568,9.568
formation:4-4-2,200000,7,Донбас порожняк не гонить,Donbas Delivers,Both,26,0.00013,0.013
formation:4-4-2,200000,8,Крим — це Україна!,Crimea Is Ukraine!,Both,2360,0.0118,1.18
formation:4-4-2,200000,9,Кубок Львову!,Cup to Lviv!,Cup,154,0.00077,0.077
formation:4-4-2,200000,10,Зрада,Zrada,Both,107040,0.5352,53.52
formation:4-4-2,200000,11,За вами виїхало СБУ,SBU Is Coming for You,Both,33094,0.16547,16.547
formation:4-4-2,200000,12,Перед каждою ігрою!..,Before Every Game!..,League,17316,0.08658,8.658000000000001
formation:4-4-2,200000,13,"Здається, Бог наказує нас за щось","Apparently, God Punishes Us",Both,51612,0.25806,25.806
formation:4-4-2,200000,14,Перші назавжди,First Forever,League,30,0.00015,0.015
formation:4-4-2,200000,15,Весна 1999,Spring 1999,Both,16,0.00008,0.008
formation:4-4-2,200000,16,Стамбул 2009,Istanbul 2009,Cup,0,0,0
formation:4-4-2,200000,17,Варшава 2015,Warsaw 2015,Cup,14,0.00007,0.006999999999999999
formation:4-4-2,200000,18,Ударна пара,Strike Partnership,Both,4,0.00002,0.002
formation:4-4-2,200000,19,Золотий м’яч,Ballon d’Or,Both,12,0.00006,0.006
formation:4-4-2,200000,20,СаШо,SaSho,Cup,82,0.00041,0.041
formation:4-4-2,200000,21,Німеччина 2006,Germany 2006,Both,0,0,0
formation:4-4-2,200000,22,Перший Кубок,The First Cup,Cup,6,0.00003,0.003
formation:4-4-2,200000,23,Непереможні,Invincibles,League,0,0,0
formation:4-4-2,200000,24,Безкомпромісні,No Compromises,League,8,0.00004,0.004
formation:4-4-2,200000,25,Ідеально збалансовано,Perfectly Balanced,League,1354,0.00677,0.677
formation:4-4-2,200000,26,Потужно,Powerful Stuff,League,0,0,0
formation:4-4-2,200000,27,Сухий закон,Prohibition,Both,20,0.0001,0.01
formation:4-4-2,200000,28,На класі,Pure Class,Cup,90,0.00045,0.045
formation:4-4-2,200000,29,Нерви зі сталі,Nerves of Steel,Cup,122,0.00061,0.061
formation:4-4-2,200000,30,Завдання провалено успішно,Task Failed Successfully,Cup,0,0,0
formation:4-4-2,200000,31,Я так бачу,Trust My Eyes,Both,505,0.002525,0.2525
formation:4-4-2,200000,32,Монобільшість,Single-Party Majority,Both,10,0.00005,0.005
formation:4-4-2,200000,33,Коаліція,Coalition,Both,39938,0.19969,19.969
formation:4-4-2,200000,34,Три мушкетери,The Three Musketeers,Both,0,0,0
formation:4-4-2,200000,35,Автобус припарковано,Bus Parked,Both,0,0,0
formation:4-4-2,200000,36,"Гдє «Дінамо», гдє?",Where TF “Dynamo” at?,Both,12,0.00006,0.006
formation:4-4-2,200000,37,На благо города і всєх харьковчан,For the Good of Kharkiv and All of the Citizens,Both,8,0.00004,0.004
formation:4-4-2,200000,38,Ящик горілки,A Crate of Vodka,Both,318,0.00159,0.159
formation:4-4-2,200000,39,Полтавська битва,Battle of Poltava,Cup,54,0.00027,0.027
formation:4-4-2,200000,40,Дніпровський тандем,Dnipro Tandem,Both,30,0.00015,0.015
formation:4-4-2,200000,41,Серце «Шахтаря»,Heart of Shakhtar,Both,16,0.00008,0.008
formation:4-4-2,200000,42,Бразильський трикутник,Brazilian Triangle,Both,0,0,0
formation:4-4-2,200000,43,Слава нації,"Good Evening, We Are from Ukraine",Both,32,0.00016,0.016
formation:4-4-2,200000,44,ООН,United Nations,Both,60,0.0003,0.03
formation:4-4-2,200000,45,Балканський експрес,Balkan Express,Both,0,0,0
formation:4-4-2,200000,46,Латиноамериканський квартал,Latin Quarter,Both,6,0.00003,0.003
formation:4-4-2,200000,47,Різні епохи. Один склад.,Different Eras. One Squad.,Both,136668,0.68334,68.33399999999999
formation:4-4-2,200000,48,Жити по-новому,Living a New Way,Both,11502,0.05751,5.7509999999999994
formation:4-4-2,200000,49,Назад у 90-ті,Back to the ’90s,Both,1160,0.0058,0.58
formation:4-4-2,200000,50,Пропало все. Господи допоможи,Everything Is Lost. God Save Us All,League,2,0.00001,0.001
formation:4-4-2,200000,51,Нічия влаштовує,A Draw Will Do,League,374,0.00187,0.187
formation:4-4-2,200000,52,"Маємо те, що маємо",It Is What It Is,League,3148,0.01574,1.574
formation:4-4-2,200000,53,На тоненького,By a Thread,League,2,0.00001,0.001
formation:4-4-2,200000,54,Бавовна,Bavovna,League,0,0,0
formation:4-4-2,200000,55,Захист для слабаків,Defense Optional,League,0,0,0
formation:4-4-2,200000,56,Лото «Забава»,The Lottery,Cup,96,0.00048,0.048
formation:4-4-2,200000,57,На 120-й,In the 120th,Cup,52,0.00026,0.026
formation:4-4-2,200000,58,"Пливли-пливли, а на березі...",Ch-ch-ch-choke Me!,Cup,1482,0.00741,0.741
formation:4-4-2,200000,59,"I Am from Bosnia, Take Me to America","I Am from Bosnia, Take Me to America",Both,458,0.00229,0.22899999999999998
formation:4-4-2,200000,60,На мінімалках,Bare Minimum,Cup,72,0.00036,0.036000000000000004
formation:4-4-2,200000,61,Динамівські серця,Hearts of “Dynamo”,Both,10,0.00005,0.005
formation:4-4-2,200000,62,Фінал 2006,Final 2006,Cup,6,0.00003,0.003
formation:4-4-2,200000,63,Легенда «Барселони»,Barcelona’s Legend,Both,338,0.00169,0.169
formation:4-4-2,200000,64,Промислова революція,Industrial Revolution,Both,5276,0.02638,2.638
formation:4-4-2,200000,65,Два крила,Two Wings,Both,10,0.00005,0.005
formation:4-4-2,200000,66,Крізь роки,Through the Years,Both,72,0.00036,0.036000000000000004
formation:4-4-2,200000,67,Кобзарі,The Kobzars,Both,2,0.00001,0.001
formation:4-4-2,200000,68,Акт Злуки,Act of Unity,Both,21062,0.10531,10.531
formation:4-4-2,200000,69,Кордони 1991,Borders of 1991,Both,352,0.00176,0.17600000000000002
formation:4-4-2,200000,70,Львівське метро,Lviv Metro,Both,1412,0.00706,0.7060000000000001
formation:4-4-2,200000,71,Котлета по-київськи,Chicken Kyiv,Both,810,0.00405,0.40499999999999997
formation:4-4-2,200000,72,Кубок світу,World Cup,Both,0,0,0
formation:4-4-2,200000,73,Кубок Африки,Africa Cup,Both,0,0,0
formation:4-4-2,200000,74,День бабака,Groundhog Day,Cup,1218,0.00609,0.609
formation:4-4-2,200000,75,Стара школа,Old School,Both,505,0.002525,0.2525
formation:4-4-2,200000,76,Так!,Yes!,Both,9352,0.04676,4.676
formation:4-4-2,200000,77,Покращення вже сьогодні,A Better Life Today,Both,20234,0.10117,10.116999999999999
formation:4-4-2,200000,78,Опорник із Запоріжжя,CDM from Zaporizhzhia,Both,2736,0.01368,1.3679999999999999
formation:4-4-2,200000,79,Мужики,The Lads,Both,1362,0.00681,0.681
formation:4-4-2,200000,80,Бойся Бога і пацанов с Крівова Рога,Fear God and Chaps from Kryvyi Rih,Both,1558,0.00779,0.779
formation:4-4-2,200000,81,Олександрійське диво,Oleksandriya Miracle,Both,192,0.00096,0.096
formation:4-4-2,200000,82,Ковалівка в Європі,Kovalivka in Europe,Both,310,0.00155,0.155
formation:4-4-2,200000,83,Потримай моє пиво,Hold My Beer,Both,678,0.00339,0.33899999999999997
formation:4-4-2,200000,84,Українське класичне,Ukrainian Clásico,Both,716,0.00358,0.358
formation:4-4-2,200000,85,"Ми всі різні, але ми українці",United Ukraine,Both,4226,0.02113,2.113
formation:4-4-2,200000,86,Міміно,Mimino,Both,48,0.00024,0.024
formation:4-4-2,200000,87,Суперорли,Super Eagles,Both,24,0.00012,0.012
formation:4-4-2,200000,88,Лінія Мажино,Maginot Line,Both,0,0,0
formation:4-4-2,200000,89,П’ять пальців,Five Fingers,Both,0,0,0
formation:4-4-2,200000,90,П’ятий елемент,The Fifth Element,Both,0,0,0
formation:4-4-2,200000,91,Тризуб,Tryzub,Both,0,0,0
formation:4-4-2,200000,92,Дуплет,Double Tap,Both,4794,0.02397,2.3970000000000002
formation:4-4-2,200000,93,Це нормально,This Is Fine,League,54,0.00027,0.027
formation:4-4-2,200000,94,Кийов і Львов не указ Ужгородови,Kyiv and Lviv Don’t Rule Uzhorod,Both,6784,0.03392,3.392
formation:4-4-2,200000,95,Албанська мафія,"Ti Shqipëri, më jep nder",Both,42,0.00021,0.021
mode:normal,300000,1,Кєнти,Kents,Both,3,0.00001,0.001
mode:normal,300000,2,Файне місто,Faine Misto,Both,1251,0.00417,0.41700000000000004
mode:normal,300000,3,Третя сила,The Third Force,Both,413,0.0013766666666666667,0.13766666666666666
mode:normal,300000,4,Мрія Луческу,Lucescu’s Dream,Both,0,0,0
mode:normal,300000,5,Іноземний легіон,Foreign Legion,Both,0,0,0
mode:normal,300000,6,Слава Україні!,Slava Ukraini!,Both,29639,0.09879666666666667,9.879666666666667
mode:normal,300000,7,Донбас порожняк не гонить,Donbas Delivers,Both,28,0.00009333333333333333,0.009333333333333332
mode:normal,300000,8,Крим — це Україна!,Crimea Is Ukraine!,Both,3379,0.011263333333333334,1.1263333333333334
mode:normal,300000,9,Кубок Львову!,Cup to Lviv!,Cup,215,0.0007166666666666667,0.07166666666666667
mode:normal,300000,10,Зрада,Zrada,Both,161223,0.53741,53.74100000000001
mode:normal,300000,11,За вами виїхало СБУ,SBU Is Coming for You,Both,49772,0.16590666666666667,16.590666666666667
mode:normal,300000,12,Перед каждою ігрою!..,Before Every Game!..,League,26110,0.08703333333333334,8.703333333333333
mode:normal,300000,13,"Здається, Бог наказує нас за щось","Apparently, God Punishes Us",Both,78044,0.2601466666666667,26.01466666666667
mode:normal,300000,14,Перші назавжди,First Forever,League,43,0.00014333333333333334,0.014333333333333333
mode:normal,300000,15,Весна 1999,Spring 1999,Both,31,0.00010333333333333333,0.010333333333333333
mode:normal,300000,16,Стамбул 2009,Istanbul 2009,Cup,2,0.000006666666666666667,0.0006666666666666666
mode:normal,300000,17,Варшава 2015,Warsaw 2015,Cup,19,0.00006333333333333333,0.006333333333333333
mode:normal,300000,18,Ударна пара,Strike Partnership,Both,3,0.00001,0.001
mode:normal,300000,19,Золотий м’яч,Ballon d’Or,Both,29,0.00009666666666666667,0.009666666666666667
mode:normal,300000,20,СаШо,SaSho,Cup,121,0.00040333333333333334,0.04033333333333333
mode:normal,300000,21,Німеччина 2006,Germany 2006,Both,0,0,0
mode:normal,300000,22,Перший Кубок,The First Cup,Cup,3,0.00001,0.001
mode:normal,300000,23,Непереможні,Invincibles,League,0,0,0
mode:normal,300000,24,Безкомпромісні,No Compromises,League,15,0.00005,0.005
mode:normal,300000,25,Ідеально збалансовано,Perfectly Balanced,League,2114,0.007046666666666666,0.7046666666666667
mode:normal,300000,26,Потужно,Powerful Stuff,League,0,0,0
mode:normal,300000,27,Сухий закон,Prohibition,Both,26,0.00008666666666666667,0.008666666666666666
mode:normal,300000,28,На класі,Pure Class,Cup,120,0.0004,0.04
mode:normal,300000,29,Нерви зі сталі,Nerves of Steel,Cup,155,0.0005166666666666667,0.051666666666666666
mode:normal,300000,30,Завдання провалено успішно,Task Failed Successfully,Cup,0,0,0
mode:normal,300000,31,Я так бачу,Trust My Eyes,Both,0,0,0
mode:normal,300000,32,Монобільшість,Single-Party Majority,Both,9,0.00003,0.003
mode:normal,300000,33,Коаліція,Coalition,Both,60197,0.20065666666666668,20.06566666666667
mode:normal,300000,34,Три мушкетери,The Three Musketeers,Both,73,0.00024333333333333333,0.024333333333333332
mode:normal,300000,35,Автобус припарковано,Bus Parked,Both,78,0.00026,0.026
mode:normal,300000,36,"Гдє «Дінамо», гдє?",Where TF “Dynamo” at?,Both,28,0.00009333333333333333,0.009333333333333332
mode:normal,300000,37,На благо города і всєх харьковчан,For the Good of Kharkiv and All of the Citizens,Both,16,0.00005333333333333333,0.005333333333333333
mode:normal,300000,38,Ящик горілки,A Crate of Vodka,Both,466,0.0015533333333333334,0.15533333333333335
mode:normal,300000,39,Полтавська битва,Battle of Poltava,Cup,67,0.00022333333333333333,0.022333333333333334
mode:normal,300000,40,Дніпровський тандем,Dnipro Tandem,Both,85,0.00028333333333333335,0.028333333333333335
mode:normal,300000,41,Серце «Шахтаря»,Heart of Shakhtar,Both,13,0.000043333333333333334,0.004333333333333333
mode:normal,300000,42,Бразильський трикутник,Brazilian Triangle,Both,0,0,0
mode:normal,300000,43,Слава нації,"Good Evening, We Are from Ukraine",Both,0,0,0
mode:normal,300000,44,ООН,United Nations,Both,108,0.00036,0.036000000000000004
mode:normal,300000,45,Балканський експрес,Balkan Express,Both,0,0,0
mode:normal,300000,46,Латиноамериканський квартал,Latin Quarter,Both,5,0.000016666666666666667,0.0016666666666666668
mode:normal,300000,47,Різні епохи. Один склад.,Different Eras. One Squad.,Both,205050,0.6835,68.35
mode:normal,300000,48,Жити по-новому,Living a New Way,Both,16975,0.05658333333333333,5.658333333333333
mode:normal,300000,49,Назад у 90-ті,Back to the ’90s,Both,2029,0.006763333333333333,0.6763333333333333
mode:normal,300000,50,Пропало все. Господи допоможи,Everything Is Lost. God Save Us All,League,7,0.000023333333333333332,0.002333333333333333
mode:normal,300000,51,Нічия влаштовує,A Draw Will Do,League,559,0.0018633333333333334,0.18633333333333335
mode:normal,300000,52,"Маємо те, що маємо",It Is What It Is,League,4570,0.015233333333333333,1.5233333333333332
mode:normal,300000,53,На тоненького,By a Thread,League,5,0.000016666666666666667,0.0016666666666666668
mode:normal,300000,54,Бавовна,Bavovna,League,0,0,0
mode:normal,300000,55,Захист для слабаків,Defense Optional,League,0,0,0
mode:normal,300000,56,Лото «Забава»,The Lottery,Cup,146,0.00048666666666666666,0.048666666666666664
mode:normal,300000,57,На 120-й,In the 120th,Cup,65,0.00021666666666666666,0.021666666666666667
mode:normal,300000,58,"Пливли-пливли, а на березі...",Ch-ch-ch-choke Me!,Cup,2222,0.007406666666666666,0.7406666666666667
mode:normal,300000,59,"I Am from Bosnia, Take Me to America","I Am from Bosnia, Take Me to America",Both,686,0.002286666666666667,0.22866666666666668
mode:normal,300000,60,На мінімалках,Bare Minimum,Cup,79,0.00026333333333333336,0.026333333333333337
mode:normal,300000,61,Динамівські серця,Hearts of “Dynamo”,Both,21,0.00007,0.006999999999999999
mode:normal,300000,62,Фінал 2006,Final 2006,Cup,14,0.000046666666666666665,0.004666666666666666
mode:normal,300000,63,Легенда «Барселони»,Barcelona’s Legend,Both,824,0.002746666666666667,0.27466666666666667
mode:normal,300000,64,Промислова революція,Industrial Revolution,Both,8120,0.027066666666666666,2.7066666666666666
mode:normal,300000,65,Два крила,Two Wings,Both,14,0.000046666666666666665,0.004666666666666666
mode:normal,300000,66,Крізь роки,Through the Years,Both,107,0.00035666666666666664,0.035666666666666666
mode:normal,300000,67,Кобзарі,The Kobzars,Both,6,0.00002,0.002
mode:normal,300000,68,Акт Злуки,Act of Unity,Both,31354,0.10451333333333333,10.451333333333332
mode:normal,300000,69,Кордони 1991,Borders of 1991,Both,537,0.00179,0.179
mode:normal,300000,70,Львівське метро,Lviv Metro,Both,2129,0.007096666666666667,0.7096666666666667
mode:normal,300000,71,Котлета по-київськи,Chicken Kyiv,Both,1152,0.00384,0.384
mode:normal,300000,72,Кубок світу,World Cup,Both,0,0,0
mode:normal,300000,73,Кубок Африки,Africa Cup,Both,1,0.0000033333333333333333,0.0003333333333333333
mode:normal,300000,74,День бабака,Groundhog Day,Cup,1801,0.006003333333333334,0.6003333333333334
mode:normal,300000,75,Стара школа,Old School,Both,0,0,0
mode:normal,300000,76,Так!,Yes!,Both,14189,0.04729666666666667,4.729666666666667
mode:normal,300000,77,Покращення вже сьогодні,A Better Life Today,Both,29891,0.09963666666666667,9.963666666666667
mode:normal,300000,78,Опорник із Запоріжжя,CDM from Zaporizhzhia,Both,3156,0.01052,1.052
mode:normal,300000,79,Мужики,The Lads,Both,1956,0.00652,0.652
mode:normal,300000,80,Бойся Бога і пацанов с Крівова Рога,Fear God and Chaps from Kryvyi Rih,Both,2262,0.00754,0.754
mode:normal,300000,81,Олександрійське диво,Oleksandriya Miracle,Both,296,0.0009866666666666667,0.09866666666666667
mode:normal,300000,82,Ковалівка в Європі,Kovalivka in Europe,Both,429,0.00143,0.14300000000000002
mode:normal,300000,83,Потримай моє пиво,Hold My Beer,Both,991,0.0033033333333333335,0.33033333333333337
mode:normal,300000,84,Українське класичне,Ukrainian Clásico,Both,1160,0.0038666666666666667,0.38666666666666666
mode:normal,300000,85,"Ми всі різні, але ми українці",United Ukraine,Both,6457,0.021523333333333332,2.152333333333333
mode:normal,300000,86,Міміно,Mimino,Both,62,0.00020666666666666666,0.020666666666666667
mode:normal,300000,87,Суперорли,Super Eagles,Both,34,0.00011333333333333333,0.011333333333333332
mode:normal,300000,88,Лінія Мажино,Maginot Line,Both,0,0,0
mode:normal,300000,89,П’ять пальців,Five Fingers,Both,75825,0.25275,25.275
mode:normal,300000,90,П’ятий елемент,The Fifth Element,Both,301,0.0010033333333333333,0.10033333333333333
mode:normal,300000,91,Тризуб,Tryzub,Both,47042,0.15680666666666668,15.680666666666667
mode:normal,300000,92,Дуплет,Double Tap,Both,7171,0.023903333333333332,2.3903333333333334
mode:normal,300000,93,Це нормально,This Is Fine,League,71,0.00023666666666666665,0.023666666666666666
mode:normal,300000,94,Кийов і Львов не указ Ужгородови,Kyiv and Lviv Don’t Rule Uzhorod,Both,10294,0.034313333333333335,3.4313333333333333
mode:normal,300000,95,Албанська мафія,"Ti Shqipëri, më jep nder",Both,66,0.00022,0.022000000000000002
competition:league|formation:4-4-2|mode:normal,50000,1,Кєнти,Kents,Both,2,0.00004,0.004
competition:league|formation:4-4-2|mode:normal,50000,2,Файне місто,Faine Misto,Both,0,0,0
competition:league|formation:4-4-2|mode:normal,50000,3,Третя сила,The Third Force,Both,44,0.00088,0.08800000000000001
competition:league|formation:4-4-2|mode:normal,50000,4,Мрія Луческу,Lucescu’s Dream,Both,0,0,0
competition:league|formation:4-4-2|mode:normal,50000,5,Іноземний легіон,Foreign Legion,Both,0,0,0
competition:league|formation:4-4-2|mode:normal,50000,6,Слава Україні!,Slava Ukraini!,Both,4080,0.0816,8.16
competition:league|formation:4-4-2|mode:normal,50000,7,Донбас порожняк не гонить,Donbas Delivers,Both,10,0.0002,0.02
competition:league|formation:4-4-2|mode:normal,50000,8,Крим — це Україна!,Crimea Is Ukraine!,Both,581,0.01162,1.162
competition:league|formation:4-4-2|mode:normal,50000,9,Кубок Львову!,Cup to Lviv!,Cup,0,0,0
competition:league|formation:4-4-2|mode:normal,50000,10,Зрада,Zrada,Both,25946,0.51892,51.892
competition:league|formation:4-4-2|mode:normal,50000,11,За вами виїхало СБУ,SBU Is Coming for You,Both,7641,0.15282,15.282000000000002
competition:league|formation:4-4-2|mode:normal,50000,12,Перед каждою ігрою!..,Before Every Game!..,League,8658,0.17316,17.316000000000003
competition:league|formation:4-4-2|mode:normal,50000,13,"Здається, Бог наказує нас за щось","Apparently, God Punishes Us",Both,8001,0.16002,16.002
competition:league|formation:4-4-2|mode:normal,50000,14,Перші назавжди,First Forever,League,15,0.0003,0.03
competition:league|formation:4-4-2|mode:normal,50000,15,Весна 1999,Spring 1999,Both,6,0.00012,0.012
competition:league|formation:4-4-2|mode:normal,50000,16,Стамбул 2009,Istanbul 2009,Cup,0,0,0
competition:league|formation:4-4-2|mode:normal,50000,17,Варшава 2015,Warsaw 2015,Cup,0,0,0
competition:league|formation:4-4-2|mode:normal,50000,18,Ударна пара,Strike Partnership,Both,2,0.00004,0.004
competition:league|formation:4-4-2|mode:normal,50000,19,Золотий м’яч,Ballon d’Or,Both,4,0.00008,0.008
competition:league|formation:4-4-2|mode:normal,50000,20,СаШо,SaSho,Cup,0,0,0
competition:league|formation:4-4-2|mode:normal,50000,21,Німеччина 2006,Germany 2006,Both,0,0,0
competition:league|formation:4-4-2|mode:normal,50000,22,Перший Кубок,The First Cup,Cup,0,0,0
competition:league|formation:4-4-2|mode:normal,50000,23,Непереможні,Invincibles,League,0,0,0
competition:league|formation:4-4-2|mode:normal,50000,24,Безкомпромісні,No Compromises,League,4,0.00008,0.008
competition:league|formation:4-4-2|mode:normal,50000,25,Ідеально збалансовано,Perfectly Balanced,League,677,0.01354,1.354
competition:league|formation:4-4-2|mode:normal,50000,26,Потужно,Powerful Stuff,League,0,0,0
competition:league|formation:4-4-2|mode:normal,50000,27,Сухий закон,Prohibition,Both,4,0.00008,0.008
competition:league|formation:4-4-2|mode:normal,50000,28,На класі,Pure Class,Cup,0,0,0
competition:league|formation:4-4-2|mode:normal,50000,29,Нерви зі сталі,Nerves of Steel,Cup,0,0,0
competition:league|formation:4-4-2|mode:normal,50000,30,Завдання провалено успішно,Task Failed Successfully,Cup,0,0,0
competition:league|formation:4-4-2|mode:normal,50000,31,Я так бачу,Trust My Eyes,Both,0,0,0
competition:league|formation:4-4-2|mode:normal,50000,32,Монобільшість,Single-Party Majority,Both,3,0.00006,0.006
competition:league|formation:4-4-2|mode:normal,50000,33,Коаліція,Coalition,Both,8779,0.17558,17.558
competition:league|formation:4-4-2|mode:normal,50000,34,Три мушкетери,The Three Musketeers,Both,0,0,0
competition:league|formation:4-4-2|mode:normal,50000,35,Автобус припарковано,Bus Parked,Both,0,0,0
competition:league|formation:4-4-2|mode:normal,50000,36,"Гдє «Дінамо», гдє?",Where TF “Dynamo” at?,Both,4,0.00008,0.008
competition:league|formation:4-4-2|mode:normal,50000,37,На благо города і всєх харьковчан,For the Good of Kharkiv and All of the Citizens,Both,2,0.00004,0.004
competition:league|formation:4-4-2|mode:normal,50000,38,Ящик горілки,A Crate of Vodka,Both,89,0.00178,0.178
competition:league|formation:4-4-2|mode:normal,50000,39,Полтавська битва,Battle of Poltava,Cup,0,0,0
competition:league|formation:4-4-2|mode:normal,50000,40,Дніпровський тандем,Dnipro Tandem,Both,8,0.00016,0.016
competition:league|formation:4-4-2|mode:normal,50000,41,Серце «Шахтаря»,Heart of Shakhtar,Both,5,0.0001,0.01
competition:league|formation:4-4-2|mode:normal,50000,42,Бразильський трикутник,Brazilian Triangle,Both,0,0,0
competition:league|formation:4-4-2|mode:normal,50000,43,Слава нації,"Good Evening, We Are from Ukraine",Both,0,0,0
competition:league|formation:4-4-2|mode:normal,50000,44,ООН,United Nations,Both,20,0.0004,0.04
competition:league|formation:4-4-2|mode:normal,50000,45,Балканський експрес,Balkan Express,Both,0,0,0
competition:league|formation:4-4-2|mode:normal,50000,46,Латиноамериканський квартал,Latin Quarter,Both,2,0.00004,0.004
competition:league|formation:4-4-2|mode:normal,50000,47,Різні епохи. Один склад.,Different Eras. One Squad.,Both,27011,0.54022,54.022000000000006
competition:league|formation:4-4-2|mode:normal,50000,48,Жити по-новому,Living a New Way,Both,4130,0.0826,8.260000000000002
competition:league|formation:4-4-2|mode:normal,50000,49,Назад у 90-ті,Back to the ’90s,Both,1,0.00002,0.002
competition:league|formation:4-4-2|mode:normal,50000,50,Пропало все. Господи допоможи,Everything Is Lost. God Save Us All,League,1,0.00002,0.002
competition:league|formation:4-4-2|mode:normal,50000,51,Нічия влаштовує,A Draw Will Do,League,187,0.00374,0.374
competition:league|formation:4-4-2|mode:normal,50000,52,"Маємо те, що маємо",It Is What It Is,League,1574,0.03148,3.148
competition:league|formation:4-4-2|mode:normal,50000,53,На тоненького,By a Thread,League,1,0.00002,0.002
competition:league|formation:4-4-2|mode:normal,50000,54,Бавовна,Bavovna,League,0,0,0
competition:league|formation:4-4-2|mode:normal,50000,55,Захист для слабаків,Defense Optional,League,0,0,0
competition:league|formation:4-4-2|mode:normal,50000,56,Лото «Забава»,The Lottery,Cup,0,0,0
competition:league|formation:4-4-2|mode:normal,50000,57,На 120-й,In the 120th,Cup,0,0,0
competition:league|formation:4-4-2|mode:normal,50000,58,"Пливли-пливли, а на березі...",Ch-ch-ch-choke Me!,Cup,0,0,0
competition:league|formation:4-4-2|mode:normal,50000,59,"I Am from Bosnia, Take Me to America","I Am from Bosnia, Take Me to America",Both,117,0.00234,0.234
competition:league|formation:4-4-2|mode:normal,50000,60,На мінімалках,Bare Minimum,Cup,0,0,0
competition:league|formation:4-4-2|mode:normal,50000,61,Динамівські серця,Hearts of “Dynamo”,Both,4,0.00008,0.008
competition:league|formation:4-4-2|mode:normal,50000,62,Фінал 2006,Final 2006,Cup,0,0,0
competition:league|formation:4-4-2|mode:normal,50000,63,Легенда «Барселони»,Barcelona’s Legend,Both,83,0.00166,0.166
competition:league|formation:4-4-2|mode:normal,50000,64,Промислова революція,Industrial Revolution,Both,1469,0.02938,2.938
competition:league|formation:4-4-2|mode:normal,50000,65,Два крила,Two Wings,Both,3,0.00006,0.006
competition:league|formation:4-4-2|mode:normal,50000,66,Крізь роки,Through the Years,Both,15,0.0003,0.03
competition:league|formation:4-4-2|mode:normal,50000,67,Кобзарі,The Kobzars,Both,0,0,0
competition:league|formation:4-4-2|mode:normal,50000,68,Акт Злуки,Act of Unity,Both,5771,0.11542,11.542
competition:league|formation:4-4-2|mode:normal,50000,69,Кордони 1991,Borders of 1991,Both,85,0.0017,0.16999999999999998
competition:league|formation:4-4-2|mode:normal,50000,70,Львівське метро,Lviv Metro,Both,383,0.00766,0.766
competition:league|formation:4-4-2|mode:normal,50000,71,Котлета по-київськи,Chicken Kyiv,Both,181,0.00362,0.362
competition:league|formation:4-4-2|mode:normal,50000,72,Кубок світу,World Cup,Both,0,0,0
competition:league|formation:4-4-2|mode:normal,50000,73,Кубок Африки,Africa Cup,Both,0,0,0
competition:league|formation:4-4-2|mode:normal,50000,74,День бабака,Groundhog Day,Cup,0,0,0
competition:league|formation:4-4-2|mode:normal,50000,75,Стара школа,Old School,Both,0,0,0
competition:league|formation:4-4-2|mode:normal,50000,76,Так!,Yes!,Both,2676,0.05352,5.351999999999999
competition:league|formation:4-4-2|mode:normal,50000,77,Покращення вже сьогодні,A Better Life Today,Both,7004,0.14008,14.008000000000001
competition:league|formation:4-4-2|mode:normal,50000,78,Опорник із Запоріжжя,CDM from Zaporizhzhia,Both,790,0.0158,1.58
competition:league|formation:4-4-2|mode:normal,50000,79,Мужики,The Lads,Both,406,0.00812,0.812
competition:league|formation:4-4-2|mode:normal,50000,80,Бойся Бога і пацанов с Крівова Рога,Fear God and Chaps from Kryvyi Rih,Both,438,0.00876,0.876
competition:league|formation:4-4-2|mode:normal,50000,81,Олександрійське диво,Oleksandriya Miracle,Both,93,0.00186,0.186
competition:league|formation:4-4-2|mode:normal,50000,82,Ковалівка в Європі,Kovalivka in Europe,Both,85,0.0017,0.16999999999999998
competition:league|formation:4-4-2|mode:normal,50000,83,Потримай моє пиво,Hold My Beer,Both,233,0.00466,0.466
competition:league|formation:4-4-2|mode:normal,50000,84,Українське класичне,Ukrainian Clásico,Both,232,0.00464,0.464
competition:league|formation:4-4-2|mode:normal,50000,85,"Ми всі різні, але ми українці",United Ukraine,Both,812,0.01624,1.624
competition:league|formation:4-4-2|mode:normal,50000,86,Міміно,Mimino,Both,19,0.00038,0.038
competition:league|formation:4-4-2|mode:normal,50000,87,Суперорли,Super Eagles,Both,9,0.00018,0.018000000000000002
competition:league|formation:4-4-2|mode:normal,50000,88,Лінія Мажино,Maginot Line,Both,0,0,0
competition:league|formation:4-4-2|mode:normal,50000,89,П’ять пальців,Five Fingers,Both,0,0,0
competition:league|formation:4-4-2|mode:normal,50000,90,П’ятий елемент,The Fifth Element,Both,0,0,0
competition:league|formation:4-4-2|mode:normal,50000,91,Тризуб,Tryzub,Both,0,0,0
competition:league|formation:4-4-2|mode:normal,50000,92,Дуплет,Double Tap,Both,1501,0.03002,3.0020000000000002
competition:league|formation:4-4-2|mode:normal,50000,93,Це нормально,This Is Fine,League,27,0.00054,0.054
competition:league|formation:4-4-2|mode:normal,50000,94,Кийов і Львов не указ Ужгородови,Kyiv and Lviv Don’t Rule Uzhorod,Both,1818,0.03636,3.636
competition:league|formation:4-4-2|mode:normal,50000,95,Албанська мафія,"Ti Shqipëri, më jep nder",Both,10,0.0002,0.02
mode:hardcore,300000,1,Кєнти,Kents,Both,3,0.00001,0.001
mode:hardcore,300000,2,Файне місто,Faine Misto,Both,1251,0.00417,0.41700000000000004
mode:hardcore,300000,3,Третя сила,The Third Force,Both,413,0.0013766666666666667,0.13766666666666666
mode:hardcore,300000,4,Мрія Луческу,Lucescu’s Dream,Both,0,0,0
mode:hardcore,300000,5,Іноземний легіон,Foreign Legion,Both,0,0,0
mode:hardcore,300000,6,Слава Україні!,Slava Ukraini!,Both,29639,0.09879666666666667,9.879666666666667
mode:hardcore,300000,7,Донбас порожняк не гонить,Donbas Delivers,Both,28,0.00009333333333333333,0.009333333333333332
mode:hardcore,300000,8,Крим — це Україна!,Crimea Is Ukraine!,Both,3379,0.011263333333333334,1.1263333333333334
mode:hardcore,300000,9,Кубок Львову!,Cup to Lviv!,Cup,215,0.0007166666666666667,0.07166666666666667
mode:hardcore,300000,10,Зрада,Zrada,Both,161223,0.53741,53.74100000000001
mode:hardcore,300000,11,За вами виїхало СБУ,SBU Is Coming for You,Both,49772,0.16590666666666667,16.590666666666667
mode:hardcore,300000,12,Перед каждою ігрою!..,Before Every Game!..,League,26110,0.08703333333333334,8.703333333333333
mode:hardcore,300000,13,"Здається, Бог наказує нас за щось","Apparently, God Punishes Us",Both,78044,0.2601466666666667,26.01466666666667
mode:hardcore,300000,14,Перші назавжди,First Forever,League,43,0.00014333333333333334,0.014333333333333333
mode:hardcore,300000,15,Весна 1999,Spring 1999,Both,31,0.00010333333333333333,0.010333333333333333
mode:hardcore,300000,16,Стамбул 2009,Istanbul 2009,Cup,2,0.000006666666666666667,0.0006666666666666666
mode:hardcore,300000,17,Варшава 2015,Warsaw 2015,Cup,19,0.00006333333333333333,0.006333333333333333
mode:hardcore,300000,18,Ударна пара,Strike Partnership,Both,3,0.00001,0.001
mode:hardcore,300000,19,Золотий м’яч,Ballon d’Or,Both,29,0.00009666666666666667,0.009666666666666667
mode:hardcore,300000,20,СаШо,SaSho,Cup,121,0.00040333333333333334,0.04033333333333333
mode:hardcore,300000,21,Німеччина 2006,Germany 2006,Both,0,0,0
mode:hardcore,300000,22,Перший Кубок,The First Cup,Cup,3,0.00001,0.001
mode:hardcore,300000,23,Непереможні,Invincibles,League,0,0,0
mode:hardcore,300000,24,Безкомпромісні,No Compromises,League,15,0.00005,0.005
mode:hardcore,300000,25,Ідеально збалансовано,Perfectly Balanced,League,2114,0.007046666666666666,0.7046666666666667
mode:hardcore,300000,26,Потужно,Powerful Stuff,League,0,0,0
mode:hardcore,300000,27,Сухий закон,Prohibition,Both,26,0.00008666666666666667,0.008666666666666666
mode:hardcore,300000,28,На класі,Pure Class,Cup,120,0.0004,0.04
mode:hardcore,300000,29,Нерви зі сталі,Nerves of Steel,Cup,155,0.0005166666666666667,0.051666666666666666
mode:hardcore,300000,30,Завдання провалено успішно,Task Failed Successfully,Cup,0,0,0
mode:hardcore,300000,31,Я так бачу,Trust My Eyes,Both,1522,0.005073333333333333,0.5073333333333333
mode:hardcore,300000,32,Монобільшість,Single-Party Majority,Both,9,0.00003,0.003
mode:hardcore,300000,33,Коаліція,Coalition,Both,60197,0.20065666666666668,20.06566666666667
mode:hardcore,300000,34,Три мушкетери,The Three Musketeers,Both,73,0.00024333333333333333,0.024333333333333332
mode:hardcore,300000,35,Автобус припарковано,Bus Parked,Both,78,0.00026,0.026
mode:hardcore,300000,36,"Гдє «Дінамо», гдє?",Where TF “Dynamo” at?,Both,28,0.00009333333333333333,0.009333333333333332
mode:hardcore,300000,37,На благо города і всєх харьковчан,For the Good of Kharkiv and All of the Citizens,Both,16,0.00005333333333333333,0.005333333333333333
mode:hardcore,300000,38,Ящик горілки,A Crate of Vodka,Both,466,0.0015533333333333334,0.15533333333333335
mode:hardcore,300000,39,Полтавська битва,Battle of Poltava,Cup,67,0.00022333333333333333,0.022333333333333334
mode:hardcore,300000,40,Дніпровський тандем,Dnipro Tandem,Both,85,0.00028333333333333335,0.028333333333333335
mode:hardcore,300000,41,Серце «Шахтаря»,Heart of Shakhtar,Both,13,0.000043333333333333334,0.004333333333333333
mode:hardcore,300000,42,Бразильський трикутник,Brazilian Triangle,Both,0,0,0
mode:hardcore,300000,43,Слава нації,"Good Evening, We Are from Ukraine",Both,93,0.00031,0.031
mode:hardcore,300000,44,ООН,United Nations,Both,108,0.00036,0.036000000000000004
mode:hardcore,300000,45,Балканський експрес,Balkan Express,Both,0,0,0
mode:hardcore,300000,46,Латиноамериканський квартал,Latin Quarter,Both,5,0.000016666666666666667,0.0016666666666666668
mode:hardcore,300000,47,Різні епохи. Один склад.,Different Eras. One Squad.,Both,205050,0.6835,68.35
mode:hardcore,300000,48,Жити по-новому,Living a New Way,Both,16975,0.05658333333333333,5.658333333333333
mode:hardcore,300000,49,Назад у 90-ті,Back to the ’90s,Both,2029,0.006763333333333333,0.6763333333333333
mode:hardcore,300000,50,Пропало все. Господи допоможи,Everything Is Lost. God Save Us All,League,7,0.000023333333333333332,0.002333333333333333
mode:hardcore,300000,51,Нічия влаштовує,A Draw Will Do,League,559,0.0018633333333333334,0.18633333333333335
mode:hardcore,300000,52,"Маємо те, що маємо",It Is What It Is,League,4570,0.015233333333333333,1.5233333333333332
mode:hardcore,300000,53,На тоненького,By a Thread,League,5,0.000016666666666666667,0.0016666666666666668
mode:hardcore,300000,54,Бавовна,Bavovna,League,0,0,0
mode:hardcore,300000,55,Захист для слабаків,Defense Optional,League,0,0,0
mode:hardcore,300000,56,Лото «Забава»,The Lottery,Cup,146,0.00048666666666666666,0.048666666666666664
mode:hardcore,300000,57,На 120-й,In the 120th,Cup,65,0.00021666666666666666,0.021666666666666667
mode:hardcore,300000,58,"Пливли-пливли, а на березі...",Ch-ch-ch-choke Me!,Cup,2222,0.007406666666666666,0.7406666666666667
mode:hardcore,300000,59,"I Am from Bosnia, Take Me to America","I Am from Bosnia, Take Me to America",Both,686,0.002286666666666667,0.22866666666666668
mode:hardcore,300000,60,На мінімалках,Bare Minimum,Cup,79,0.00026333333333333336,0.026333333333333337
mode:hardcore,300000,61,Динамівські серця,Hearts of “Dynamo”,Both,21,0.00007,0.006999999999999999
mode:hardcore,300000,62,Фінал 2006,Final 2006,Cup,14,0.000046666666666666665,0.004666666666666666
mode:hardcore,300000,63,Легенда «Барселони»,Barcelona’s Legend,Both,824,0.002746666666666667,0.27466666666666667
mode:hardcore,300000,64,Промислова революція,Industrial Revolution,Both,8120,0.027066666666666666,2.7066666666666666
mode:hardcore,300000,65,Два крила,Two Wings,Both,14,0.000046666666666666665,0.004666666666666666
mode:hardcore,300000,66,Крізь роки,Through the Years,Both,107,0.00035666666666666664,0.035666666666666666
mode:hardcore,300000,67,Кобзарі,The Kobzars,Both,6,0.00002,0.002
mode:hardcore,300000,68,Акт Злуки,Act of Unity,Both,31354,0.10451333333333333,10.451333333333332
mode:hardcore,300000,69,Кордони 1991,Borders of 1991,Both,537,0.00179,0.179
mode:hardcore,300000,70,Львівське метро,Lviv Metro,Both,2129,0.007096666666666667,0.7096666666666667
mode:hardcore,300000,71,Котлета по-київськи,Chicken Kyiv,Both,1152,0.00384,0.384
mode:hardcore,300000,72,Кубок світу,World Cup,Both,0,0,0
mode:hardcore,300000,73,Кубок Африки,Africa Cup,Both,1,0.0000033333333333333333,0.0003333333333333333
mode:hardcore,300000,74,День бабака,Groundhog Day,Cup,1801,0.006003333333333334,0.6003333333333334
mode:hardcore,300000,75,Стара школа,Old School,Both,505,0.0016833333333333333,0.16833333333333333
mode:hardcore,300000,76,Так!,Yes!,Both,14189,0.04729666666666667,4.729666666666667
mode:hardcore,300000,77,Покращення вже сьогодні,A Better Life Today,Both,29891,0.09963666666666667,9.963666666666667
mode:hardcore,300000,78,Опорник із Запоріжжя,CDM from Zaporizhzhia,Both,3156,0.01052,1.052
mode:hardcore,300000,79,Мужики,The Lads,Both,1956,0.00652,0.652
mode:hardcore,300000,80,Бойся Бога і пацанов с Крівова Рога,Fear God and Chaps from Kryvyi Rih,Both,2262,0.00754,0.754
mode:hardcore,300000,81,Олександрійське диво,Oleksandriya Miracle,Both,296,0.0009866666666666667,0.09866666666666667
mode:hardcore,300000,82,Ковалівка в Європі,Kovalivka in Europe,Both,429,0.00143,0.14300000000000002
mode:hardcore,300000,83,Потримай моє пиво,Hold My Beer,Both,991,0.0033033333333333335,0.33033333333333337
mode:hardcore,300000,84,Українське класичне,Ukrainian Clásico,Both,1160,0.0038666666666666667,0.38666666666666666
mode:hardcore,300000,85,"Ми всі різні, але ми українці",United Ukraine,Both,6457,0.021523333333333332,2.152333333333333
mode:hardcore,300000,86,Міміно,Mimino,Both,62,0.00020666666666666666,0.020666666666666667
mode:hardcore,300000,87,Суперорли,Super Eagles,Both,34,0.00011333333333333333,0.011333333333333332
mode:hardcore,300000,88,Лінія Мажино,Maginot Line,Both,0,0,0
mode:hardcore,300000,89,П’ять пальців,Five Fingers,Both,75825,0.25275,25.275
mode:hardcore,300000,90,П’ятий елемент,The Fifth Element,Both,301,0.0010033333333333333,0.10033333333333333
mode:hardcore,300000,91,Тризуб,Tryzub,Both,47042,0.15680666666666668,15.680666666666667
mode:hardcore,300000,92,Дуплет,Double Tap,Both,7171,0.023903333333333332,2.3903333333333334
mode:hardcore,300000,93,Це нормально,This Is Fine,League,71,0.00023666666666666665,0.023666666666666666
mode:hardcore,300000,94,Кийов і Львов не указ Ужгородови,Kyiv and Lviv Don’t Rule Uzhorod,Both,10294,0.034313333333333335,3.4313333333333333
mode:hardcore,300000,95,Албанська мафія,"Ti Shqipëri, më jep nder",Both,66,0.00022,0.022000000000000002
competition:league|formation:4-4-2|mode:hardcore,50000,1,Кєнти,Kents,Both,2,0.00004,0.004
competition:league|formation:4-4-2|mode:hardcore,50000,2,Файне місто,Faine Misto,Both,0,0,0
competition:league|formation:4-4-2|mode:hardcore,50000,3,Третя сила,The Third Force,Both,44,0.00088,0.08800000000000001
competition:league|formation:4-4-2|mode:hardcore,50000,4,Мрія Луческу,Lucescu’s Dream,Both,0,0,0
competition:league|formation:4-4-2|mode:hardcore,50000,5,Іноземний легіон,Foreign Legion,Both,0,0,0
competition:league|formation:4-4-2|mode:hardcore,50000,6,Слава Україні!,Slava Ukraini!,Both,4080,0.0816,8.16
competition:league|formation:4-4-2|mode:hardcore,50000,7,Донбас порожняк не гонить,Donbas Delivers,Both,10,0.0002,0.02
competition:league|formation:4-4-2|mode:hardcore,50000,8,Крим — це Україна!,Crimea Is Ukraine!,Both,581,0.01162,1.162
competition:league|formation:4-4-2|mode:hardcore,50000,9,Кубок Львову!,Cup to Lviv!,Cup,0,0,0
competition:league|formation:4-4-2|mode:hardcore,50000,10,Зрада,Zrada,Both,25946,0.51892,51.892
competition:league|formation:4-4-2|mode:hardcore,50000,11,За вами виїхало СБУ,SBU Is Coming for You,Both,7641,0.15282,15.282000000000002
competition:league|formation:4-4-2|mode:hardcore,50000,12,Перед каждою ігрою!..,Before Every Game!..,League,8658,0.17316,17.316000000000003
competition:league|formation:4-4-2|mode:hardcore,50000,13,"Здається, Бог наказує нас за щось","Apparently, God Punishes Us",Both,8001,0.16002,16.002
competition:league|formation:4-4-2|mode:hardcore,50000,14,Перші назавжди,First Forever,League,15,0.0003,0.03
competition:league|formation:4-4-2|mode:hardcore,50000,15,Весна 1999,Spring 1999,Both,6,0.00012,0.012
competition:league|formation:4-4-2|mode:hardcore,50000,16,Стамбул 2009,Istanbul 2009,Cup,0,0,0
competition:league|formation:4-4-2|mode:hardcore,50000,17,Варшава 2015,Warsaw 2015,Cup,0,0,0
competition:league|formation:4-4-2|mode:hardcore,50000,18,Ударна пара,Strike Partnership,Both,2,0.00004,0.004
competition:league|formation:4-4-2|mode:hardcore,50000,19,Золотий м’яч,Ballon d’Or,Both,4,0.00008,0.008
competition:league|formation:4-4-2|mode:hardcore,50000,20,СаШо,SaSho,Cup,0,0,0
competition:league|formation:4-4-2|mode:hardcore,50000,21,Німеччина 2006,Germany 2006,Both,0,0,0
competition:league|formation:4-4-2|mode:hardcore,50000,22,Перший Кубок,The First Cup,Cup,0,0,0
competition:league|formation:4-4-2|mode:hardcore,50000,23,Непереможні,Invincibles,League,0,0,0
competition:league|formation:4-4-2|mode:hardcore,50000,24,Безкомпромісні,No Compromises,League,4,0.00008,0.008
competition:league|formation:4-4-2|mode:hardcore,50000,25,Ідеально збалансовано,Perfectly Balanced,League,677,0.01354,1.354
competition:league|formation:4-4-2|mode:hardcore,50000,26,Потужно,Powerful Stuff,League,0,0,0
competition:league|formation:4-4-2|mode:hardcore,50000,27,Сухий закон,Prohibition,Both,4,0.00008,0.008
competition:league|formation:4-4-2|mode:hardcore,50000,28,На класі,Pure Class,Cup,0,0,0
competition:league|formation:4-4-2|mode:hardcore,50000,29,Нерви зі сталі,Nerves of Steel,Cup,0,0,0
competition:league|formation:4-4-2|mode:hardcore,50000,30,Завдання провалено успішно,Task Failed Successfully,Cup,0,0,0
competition:league|formation:4-4-2|mode:hardcore,50000,31,Я так бачу,Trust My Eyes,Both,254,0.00508,0.508
competition:league|formation:4-4-2|mode:hardcore,50000,32,Монобільшість,Single-Party Majority,Both,3,0.00006,0.006
competition:league|formation:4-4-2|mode:hardcore,50000,33,Коаліція,Coalition,Both,8779,0.17558,17.558
competition:league|formation:4-4-2|mode:hardcore,50000,34,Три мушкетери,The Three Musketeers,Both,0,0,0
competition:league|formation:4-4-2|mode:hardcore,50000,35,Автобус припарковано,Bus Parked,Both,0,0,0
competition:league|formation:4-4-2|mode:hardcore,50000,36,"Гдє «Дінамо», гдє?",Where TF “Dynamo” at?,Both,4,0.00008,0.008
competition:league|formation:4-4-2|mode:hardcore,50000,37,На благо города і всєх харьковчан,For the Good of Kharkiv and All of the Citizens,Both,2,0.00004,0.004
competition:league|formation:4-4-2|mode:hardcore,50000,38,Ящик горілки,A Crate of Vodka,Both,89,0.00178,0.178
competition:league|formation:4-4-2|mode:hardcore,50000,39,Полтавська битва,Battle of Poltava,Cup,0,0,0
competition:league|formation:4-4-2|mode:hardcore,50000,40,Дніпровський тандем,Dnipro Tandem,Both,8,0.00016,0.016
competition:league|formation:4-4-2|mode:hardcore,50000,41,Серце «Шахтаря»,Heart of Shakhtar,Both,5,0.0001,0.01
competition:league|formation:4-4-2|mode:hardcore,50000,42,Бразильський трикутник,Brazilian Triangle,Both,0,0,0
competition:league|formation:4-4-2|mode:hardcore,50000,43,Слава нації,"Good Evening, We Are from Ukraine",Both,8,0.00016,0.016
competition:league|formation:4-4-2|mode:hardcore,50000,44,ООН,United Nations,Both,20,0.0004,0.04
competition:league|formation:4-4-2|mode:hardcore,50000,45,Балканський експрес,Balkan Express,Both,0,0,0
competition:league|formation:4-4-2|mode:hardcore,50000,46,Латиноамериканський квартал,Latin Quarter,Both,2,0.00004,0.004
competition:league|formation:4-4-2|mode:hardcore,50000,47,Різні епохи. Один склад.,Different Eras. One Squad.,Both,27011,0.54022,54.022000000000006
competition:league|formation:4-4-2|mode:hardcore,50000,48,Жити по-новому,Living a New Way,Both,4130,0.0826,8.260000000000002
competition:league|formation:4-4-2|mode:hardcore,50000,49,Назад у 90-ті,Back to the ’90s,Both,1,0.00002,0.002
competition:league|formation:4-4-2|mode:hardcore,50000,50,Пропало все. Господи допоможи,Everything Is Lost. God Save Us All,League,1,0.00002,0.002
competition:league|formation:4-4-2|mode:hardcore,50000,51,Нічия влаштовує,A Draw Will Do,League,187,0.00374,0.374
competition:league|formation:4-4-2|mode:hardcore,50000,52,"Маємо те, що маємо",It Is What It Is,League,1574,0.03148,3.148
competition:league|formation:4-4-2|mode:hardcore,50000,53,На тоненького,By a Thread,League,1,0.00002,0.002
competition:league|formation:4-4-2|mode:hardcore,50000,54,Бавовна,Bavovna,League,0,0,0
competition:league|formation:4-4-2|mode:hardcore,50000,55,Захист для слабаків,Defense Optional,League,0,0,0
competition:league|formation:4-4-2|mode:hardcore,50000,56,Лото «Забава»,The Lottery,Cup,0,0,0
competition:league|formation:4-4-2|mode:hardcore,50000,57,На 120-й,In the 120th,Cup,0,0,0
competition:league|formation:4-4-2|mode:hardcore,50000,58,"Пливли-пливли, а на березі...",Ch-ch-ch-choke Me!,Cup,0,0,0
competition:league|formation:4-4-2|mode:hardcore,50000,59,"I Am from Bosnia, Take Me to America","I Am from Bosnia, Take Me to America",Both,117,0.00234,0.234
competition:league|formation:4-4-2|mode:hardcore,50000,60,На мінімалках,Bare Minimum,Cup,0,0,0
competition:league|formation:4-4-2|mode:hardcore,50000,61,Динамівські серця,Hearts of “Dynamo”,Both,4,0.00008,0.008
competition:league|formation:4-4-2|mode:hardcore,50000,62,Фінал 2006,Final 2006,Cup,0,0,0
competition:league|formation:4-4-2|mode:hardcore,50000,63,Легенда «Барселони»,Barcelona’s Legend,Both,83,0.00166,0.166
competition:league|formation:4-4-2|mode:hardcore,50000,64,Промислова революція,Industrial Revolution,Both,1469,0.02938,2.938
competition:league|formation:4-4-2|mode:hardcore,50000,65,Два крила,Two Wings,Both,3,0.00006,0.006
competition:league|formation:4-4-2|mode:hardcore,50000,66,Крізь роки,Through the Years,Both,15,0.0003,0.03
competition:league|formation:4-4-2|mode:hardcore,50000,67,Кобзарі,The Kobzars,Both,0,0,0
competition:league|formation:4-4-2|mode:hardcore,50000,68,Акт Злуки,Act of Unity,Both,5771,0.11542,11.542
competition:league|formation:4-4-2|mode:hardcore,50000,69,Кордони 1991,Borders of 1991,Both,85,0.0017,0.16999999999999998
competition:league|formation:4-4-2|mode:hardcore,50000,70,Львівське метро,Lviv Metro,Both,383,0.00766,0.766
competition:league|formation:4-4-2|mode:hardcore,50000,71,Котлета по-київськи,Chicken Kyiv,Both,181,0.00362,0.362
competition:league|formation:4-4-2|mode:hardcore,50000,72,Кубок світу,World Cup,Both,0,0,0
competition:league|formation:4-4-2|mode:hardcore,50000,73,Кубок Африки,Africa Cup,Both,0,0,0
competition:league|formation:4-4-2|mode:hardcore,50000,74,День бабака,Groundhog Day,Cup,0,0,0
competition:league|formation:4-4-2|mode:hardcore,50000,75,Стара школа,Old School,Both,254,0.00508,0.508
competition:league|formation:4-4-2|mode:hardcore,50000,76,Так!,Yes!,Both,2676,0.05352,5.351999999999999
competition:league|formation:4-4-2|mode:hardcore,50000,77,Покращення вже сьогодні,A Better Life Today,Both,7004,0.14008,14.008000000000001
competition:league|formation:4-4-2|mode:hardcore,50000,78,Опорник із Запоріжжя,CDM from Zaporizhzhia,Both,790,0.0158,1.58
competition:league|formation:4-4-2|mode:hardcore,50000,79,Мужики,The Lads,Both,406,0.00812,0.812
competition:league|formation:4-4-2|mode:hardcore,50000,80,Бойся Бога і пацанов с Крівова Рога,Fear God and Chaps from Kryvyi Rih,Both,438,0.00876,0.876
competition:league|formation:4-4-2|mode:hardcore,50000,81,Олександрійське диво,Oleksandriya Miracle,Both,93,0.00186,0.186
competition:league|formation:4-4-2|mode:hardcore,50000,82,Ковалівка в Європі,Kovalivka in Europe,Both,85,0.0017,0.16999999999999998
competition:league|formation:4-4-2|mode:hardcore,50000,83,Потримай моє пиво,Hold My Beer,Both,233,0.00466,0.466
competition:league|formation:4-4-2|mode:hardcore,50000,84,Українське класичне,Ukrainian Clásico,Both,232,0.00464,0.464
competition:league|formation:4-4-2|mode:hardcore,50000,85,"Ми всі різні, але ми українці",United Ukraine,Both,812,0.01624,1.624
competition:league|formation:4-4-2|mode:hardcore,50000,86,Міміно,Mimino,Both,19,0.00038,0.038
competition:league|formation:4-4-2|mode:hardcore,50000,87,Суперорли,Super Eagles,Both,9,0.00018,0.018000000000000002
competition:league|formation:4-4-2|mode:hardcore,50000,88,Лінія Мажино,Maginot Line,Both,0,0,0
competition:league|formation:4-4-2|mode:hardcore,50000,89,П’ять пальців,Five Fingers,Both,0,0,0
competition:league|formation:4-4-2|mode:hardcore,50000,90,П’ятий елемент,The Fifth Element,Both,0,0,0
competition:league|formation:4-4-2|mode:hardcore,50000,91,Тризуб,Tryzub,Both,0,0,0
competition:league|formation:4-4-2|mode:hardcore,50000,92,Дуплет,Double Tap,Both,1501,0.03002,3.0020000000000002
competition:league|formation:4-4-2|mode:hardcore,50000,93,Це нормально,This Is Fine,League,27,0.00054,0.054
competition:league|formation:4-4-2|mode:hardcore,50000,94,Кийов і Львов не указ Ужгородови,Kyiv and Lviv Don’t Rule Uzhorod,Both,1818,0.03636,3.636
competition:league|formation:4-4-2|mode:hardcore,50000,95,Албанська мафія,"Ti Shqipëri, më jep nder",Both,10,0.0002,0.02
formation:3-5-2,200000,1,Кєнти,Kents,Both,0,0,0
formation:3-5-2,200000,2,Файне місто,Faine Misto,Both,892,0.00446,0.44600000000000006
formation:3-5-2,200000,3,Третя сила,The Third Force,Both,346,0.00173,0.173
formation:3-5-2,200000,4,Мрія Луческу,Lucescu’s Dream,Both,0,0,0
formation:3-5-2,200000,5,Іноземний легіон,Foreign Legion,Both,0,0,0
formation:3-5-2,200000,6,Слава Україні!,Slava Ukraini!,Both,18032,0.09016,9.016
formation:3-5-2,200000,7,Донбас порожняк не гонить,Donbas Delivers,Both,16,0.00008,0.008
formation:3-5-2,200000,8,Крим — це Україна!,Crimea Is Ukraine!,Both,2260,0.0113,1.13
formation:3-5-2,200000,9,Кубок Львову!,Cup to Lviv!,Cup,156,0.00078,0.078
formation:3-5-2,200000,10,Зрада,Zrada,Both,109860,0.5493,54.93
formation:3-5-2,200000,11,За вами виїхало СБУ,SBU Is Coming for You,Both,34800,0.174,17.4
formation:3-5-2,200000,12,Перед каждою ігрою!..,Before Every Game!..,League,16046,0.08023,8.023
formation:3-5-2,200000,13,"Здається, Бог наказує нас за щось","Apparently, God Punishes Us",Both,49810,0.24905,24.905
formation:3-5-2,200000,14,Перші назавжди,First Forever,League,42,0.00021,0.021
formation:3-5-2,200000,15,Весна 1999,Spring 1999,Both,32,0.00016,0.016
formation:3-5-2,200000,16,Стамбул 2009,Istanbul 2009,Cup,2,0.00001,0.001
formation:3-5-2,200000,17,Варшава 2015,Warsaw 2015,Cup,10,0.00005,0.005
formation:3-5-2,200000,18,Ударна пара,Strike Partnership,Both,0,0,0
formation:3-5-2,200000,19,Золотий м’яч,Ballon d’Or,Both,30,0.00015,0.015
formation:3-5-2,200000,20,СаШо,SaSho,Cup,102,0.00051,0.051000000000000004
formation:3-5-2,200000,21,Німеччина 2006,Germany 2006,Both,0,0,0
formation:3-5-2,200000,22,Перший Кубок,The First Cup,Cup,0,0,0
formation:3-5-2,200000,23,Непереможні,Invincibles,League,0,0,0
formation:3-5-2,200000,24,Безкомпромісні,No Compromises,League,12,0.00006,0.006
formation:3-5-2,200000,25,Ідеально збалансовано,Perfectly Balanced,League,1454,0.00727,0.7270000000000001
formation:3-5-2,200000,26,Потужно,Powerful Stuff,League,0,0,0
formation:3-5-2,200000,27,Сухий закон,Prohibition,Both,18,0.00009,0.009000000000000001
formation:3-5-2,200000,28,На класі,Pure Class,Cup,94,0.00047,0.047
formation:3-5-2,200000,29,Нерви зі сталі,Nerves of Steel,Cup,104,0.00052,0.052
formation:3-5-2,200000,30,Завдання провалено успішно,Task Failed Successfully,Cup,0,0,0
formation:3-5-2,200000,31,Я так бачу,Trust My Eyes,Both,607,0.003035,0.3035
formation:3-5-2,200000,32,Монобільшість,Single-Party Majority,Both,4,0.00002,0.002
formation:3-5-2,200000,33,Коаліція,Coalition,Both,39962,0.19981,19.980999999999998
formation:3-5-2,200000,34,Три мушкетери,The Three Musketeers,Both,146,0.00073,0.073
formation:3-5-2,200000,35,Автобус припарковано,Bus Parked,Both,0,0,0
formation:3-5-2,200000,36,"Гдє «Дінамо», гдє?",Where TF “Dynamo” at?,Both,28,0.00014,0.013999999999999999
formation:3-5-2,200000,37,На благо города і всєх харьковчан,For the Good of Kharkiv and All of the Citizens,Both,14,0.00007,0.006999999999999999
formation:3-5-2,200000,38,Ящик горілки,A Crate of Vodka,Both,322,0.00161,0.161
formation:3-5-2,200000,39,Полтавська битва,Battle of Poltava,Cup,50,0.00025,0.025
formation:3-5-2,200000,40,Дніпровський тандем,Dnipro Tandem,Both,84,0.00042,0.042
formation:3-5-2,200000,41,Серце «Шахтаря»,Heart of Shakhtar,Both,0,0,0
formation:3-5-2,200000,42,Бразильський трикутник,Brazilian Triangle,Both,0,0,0
formation:3-5-2,200000,43,Слава нації,"Good Evening, We Are from Ukraine",Both,31,0.000155,0.0155
formation:3-5-2,200000,44,ООН,United Nations,Both,78,0.00039,0.039
formation:3-5-2,200000,45,Балканський експрес,Balkan Express,Both,0,0,0
formation:3-5-2,200000,46,Латиноамериканський квартал,Latin Quarter,Both,4,0.00002,0.002
formation:3-5-2,200000,47,Різні епохи. Один склад.,Different Eras. One Squad.,Both,136674,0.68337,68.337
formation:3-5-2,200000,48,Жити по-новому,Living a New Way,Both,11154,0.05577,5.577
formation:3-5-2,200000,49,Назад у 90-ті,Back to the ’90s,Both,1502,0.00751,0.751
formation:3-5-2,200000,50,Пропало все. Господи допоможи,Everything Is Lost. God Save Us All,League,0,0,0
formation:3-5-2,200000,51,Нічия влаштовує,A Draw Will Do,League,374,0.00187,0.187
formation:3-5-2,200000,52,"Маємо те, що маємо",It Is What It Is,League,3122,0.01561,1.5610000000000002
formation:3-5-2,200000,53,На тоненького,By a Thread,League,4,0.00002,0.002
formation:3-5-2,200000,54,Бавовна,Bavovna,League,0,0,0
formation:3-5-2,200000,55,Захист для слабаків,Defense Optional,League,0,0,0
formation:3-5-2,200000,56,Лото «Забава»,The Lottery,Cup,100,0.0005,0.05
formation:3-5-2,200000,57,На 120-й,In the 120th,Cup,48,0.00024,0.024
formation:3-5-2,200000,58,"Пливли-пливли, а на березі...",Ch-ch-ch-choke Me!,Cup,1646,0.00823,0.823
formation:3-5-2,200000,59,"I Am from Bosnia, Take Me to America","I Am from Bosnia, Take Me to America",Both,454,0.00227,0.22699999999999998
formation:3-5-2,200000,60,На мінімалках,Bare Minimum,Cup,46,0.00023,0.023
formation:3-5-2,200000,61,Динамівські серця,Hearts of “Dynamo”,Both,18,0.00009,0.009000000000000001
formation:3-5-2,200000,62,Фінал 2006,Final 2006,Cup,16,0.00008,0.008
formation:3-5-2,200000,63,Легенда «Барселони»,Barcelona’s Legend,Both,660,0.0033,0.33
formation:3-5-2,200000,64,Промислова революція,Industrial Revolution,Both,5438,0.02719,2.719
formation:3-5-2,200000,65,Два крила,Two Wings,Both,18,0.00009,0.009000000000000001
formation:3-5-2,200000,66,Крізь роки,Through the Years,Both,72,0.00036,0.036000000000000004
formation:3-5-2,200000,67,Кобзарі,The Kobzars,Both,0,0,0
formation:3-5-2,200000,68,Акт Злуки,Act of Unity,Both,21174,0.10587,10.587
formation:3-5-2,200000,69,Кордони 1991,Borders of 1991,Both,434,0.00217,0.217
formation:3-5-2,200000,70,Львівське метро,Lviv Metro,Both,1430,0.00715,0.715
formation:3-5-2,200000,71,Котлета по-київськи,Chicken Kyiv,Both,788,0.00394,0.394
formation:3-5-2,200000,72,Кубок світу,World Cup,Both,0,0,0
formation:3-5-2,200000,73,Кубок Африки,Africa Cup,Both,0,0,0
formation:3-5-2,200000,74,День бабака,Groundhog Day,Cup,1308,0.00654,0.654
formation:3-5-2,200000,75,Стара школа,Old School,Both,0,0,0
formation:3-5-2,200000,76,Так!,Yes!,Both,9406,0.04703,4.703
formation:3-5-2,200000,77,Покращення вже сьогодні,A Better Life Today,Both,19334,0.09667,9.667
formation:3-5-2,200000,78,Опорник із Запоріжжя,CDM from Zaporizhzhia,Both,1820,0.0091,0.91
formation:3-5-2,200000,79,Мужики,The Lads,Both,1372,0.00686,0.6859999999999999
formation:3-5-2,200000,80,Бойся Бога і пацанов с Крівова Рога,Fear God and Chaps from Kryvyi Rih,Both,1548,0.00774,0.774
formation:3-5-2,200000,81,Олександрійське диво,Oleksandriya Miracle,Both,228,0.00114,0.11399999999999999
formation:3-5-2,200000,82,Ковалівка в Європі,Kovalivka in Europe,Both,316,0.00158,0.158
formation:3-5-2,200000,83,Потримай моє пиво,Hold My Beer,Both,680,0.0034,0.33999999999999997
formation:3-5-2,200000,84,Українське класичне,Ukrainian Clásico,Both,806,0.00403,0.40299999999999997
formation:3-5-2,200000,85,"Ми всі різні, але ми українці",United Ukraine,Both,3838,0.01919,1.9189999999999998
formation:3-5-2,200000,86,Міміно,Mimino,Both,58,0.00029,0.029
formation:3-5-2,200000,87,Суперорли,Super Eagles,Both,30,0.00015,0.015
formation:3-5-2,200000,88,Лінія Мажино,Maginot Line,Both,0,0,0
formation:3-5-2,200000,89,П’ять пальців,Five Fingers,Both,0,0,0
formation:3-5-2,200000,90,П’ятий елемент,The Fifth Element,Both,602,0.00301,0.301
formation:3-5-2,200000,91,Тризуб,Tryzub,Both,94084,0.47042,47.042
formation:3-5-2,200000,92,Дуплет,Double Tap,Both,4872,0.02436,2.436
formation:3-5-2,200000,93,Це нормально,This Is Fine,League,36,0.00018,0.018000000000000002
formation:3-5-2,200000,94,Кийов і Львов не указ Ужгородови,Kyiv and Lviv Don’t Rule Uzhorod,Both,6898,0.03449,3.449
formation:3-5-2,200000,95,Албанська мафія,"Ti Shqipëri, më jep nder",Both,58,0.00029,0.029
competition:league|formation:3-5-2|mode:normal,50000,1,Кєнти,Kents,Both,0,0,0
competition:league|formation:3-5-2|mode:normal,50000,2,Файне місто,Faine Misto,Both,0,0,0
competition:league|formation:3-5-2|mode:normal,50000,3,Третя сила,The Third Force,Both,75,0.0015,0.15
competition:league|formation:3-5-2|mode:normal,50000,4,Мрія Луческу,Lucescu’s Dream,Both,0,0,0
competition:league|formation:3-5-2|mode:normal,50000,5,Іноземний легіон,Foreign Legion,Both,0,0,0
competition:league|formation:3-5-2|mode:normal,50000,6,Слава Україні!,Slava Ukraini!,Both,3840,0.0768,7.68
competition:league|formation:3-5-2|mode:normal,50000,7,Донбас порожняк не гонить,Donbas Delivers,Both,6,0.00012,0.012
competition:league|formation:3-5-2|mode:normal,50000,8,Крим — це Україна!,Crimea Is Ukraine!,Both,585,0.0117,1.17
competition:league|formation:3-5-2|mode:normal,50000,9,Кубок Львову!,Cup to Lviv!,Cup,0,0,0
competition:league|formation:3-5-2|mode:normal,50000,10,Зрада,Zrada,Both,26675,0.5335,53.349999999999994
competition:league|formation:3-5-2|mode:normal,50000,11,За вами виїхало СБУ,SBU Is Coming for You,Both,7975,0.1595,15.950000000000001
competition:league|formation:3-5-2|mode:normal,50000,12,Перед каждою ігрою!..,Before Every Game!..,League,8023,0.16046,16.046
competition:league|formation:3-5-2|mode:normal,50000,13,"Здається, Бог наказує нас за щось","Apparently, God Punishes Us",Both,7427,0.14854,14.854000000000001
competition:league|formation:3-5-2|mode:normal,50000,14,Перші назавжди,First Forever,League,21,0.00042,0.042
competition:league|formation:3-5-2|mode:normal,50000,15,Весна 1999,Spring 1999,Both,12,0.00024,0.024
competition:league|formation:3-5-2|mode:normal,50000,16,Стамбул 2009,Istanbul 2009,Cup,0,0,0
competition:league|formation:3-5-2|mode:normal,50000,17,Варшава 2015,Warsaw 2015,Cup,0,0,0
competition:league|formation:3-5-2|mode:normal,50000,18,Ударна пара,Strike Partnership,Both,0,0,0
competition:league|formation:3-5-2|mode:normal,50000,19,Золотий м’яч,Ballon d’Or,Both,10,0.0002,0.02
competition:league|formation:3-5-2|mode:normal,50000,20,СаШо,SaSho,Cup,0,0,0
competition:league|formation:3-5-2|mode:normal,50000,21,Німеччина 2006,Germany 2006,Both,0,0,0
competition:league|formation:3-5-2|mode:normal,50000,22,Перший Кубок,The First Cup,Cup,0,0,0
competition:league|formation:3-5-2|mode:normal,50000,23,Непереможні,Invincibles,League,0,0,0
competition:league|formation:3-5-2|mode:normal,50000,24,Безкомпромісні,No Compromises,League,6,0.00012,0.012
competition:league|formation:3-5-2|mode:normal,50000,25,Ідеально збалансовано,Perfectly Balanced,League,727,0.01454,1.4540000000000002
competition:league|formation:3-5-2|mode:normal,50000,26,Потужно,Powerful Stuff,League,0,0,0
competition:league|formation:3-5-2|mode:normal,50000,27,Сухий закон,Prohibition,Both,4,0.00008,0.008
competition:league|formation:3-5-2|mode:normal,50000,28,На класі,Pure Class,Cup,0,0,0
competition:league|formation:3-5-2|mode:normal,50000,29,Нерви зі сталі,Nerves of Steel,Cup,0,0,0
competition:league|formation:3-5-2|mode:normal,50000,30,Завдання провалено успішно,Task Failed Successfully,Cup,0,0,0
competition:league|formation:3-5-2|mode:normal,50000,31,Я так бачу,Trust My Eyes,Both,0,0,0
competition:league|formation:3-5-2|mode:normal,50000,32,Монобільшість,Single-Party Majority,Both,1,0.00002,0.002
competition:league|formation:3-5-2|mode:normal,50000,33,Коаліція,Coalition,Both,8680,0.1736,17.36
competition:league|formation:3-5-2|mode:normal,50000,34,Три мушкетери,The Three Musketeers,Both,40,0.0008,0.08
competition:league|formation:3-5-2|mode:normal,50000,35,Автобус припарковано,Bus Parked,Both,0,0,0
competition:league|formation:3-5-2|mode:normal,50000,36,"Гдє «Дінамо», гдє?",Where TF “Dynamo” at?,Both,12,0.00024,0.024
competition:league|formation:3-5-2|mode:normal,50000,37,На благо города і всєх харьковчан,For the Good of Kharkiv and All of the Citizens,Both,4,0.00008,0.008
competition:league|formation:3-5-2|mode:normal,50000,38,Ящик горілки,A Crate of Vodka,Both,75,0.0015,0.15
competition:league|formation:3-5-2|mode:normal,50000,39,Полтавська битва,Battle of Poltava,Cup,0,0,0
competition:league|formation:3-5-2|mode:normal,50000,40,Дніпровський тандем,Dnipro Tandem,Both,26,0.00052,0.052
competition:league|formation:3-5-2|mode:normal,50000,41,Серце «Шахтаря»,Heart of Shakhtar,Both,0,0,0
competition:league|formation:3-5-2|mode:normal,50000,42,Бразильський трикутник,Brazilian Triangle,Both,0,0,0
competition:league|formation:3-5-2|mode:normal,50000,43,Слава нації,"Good Evening, We Are from Ukraine",Both,0,0,0
competition:league|formation:3-5-2|mode:normal,50000,44,ООН,United Nations,Both,25,0.0005,0.05
competition:league|formation:3-5-2|mode:normal,50000,45,Балканський експрес,Balkan Express,Both,0,0,0
competition:league|formation:3-5-2|mode:normal,50000,46,Латиноамериканський квартал,Latin Quarter,Both,2,0.00004,0.004
competition:league|formation:3-5-2|mode:normal,50000,47,Різні епохи. Один склад.,Different Eras. One Squad.,Both,27127,0.54254,54.254000000000005
competition:league|formation:3-5-2|mode:normal,50000,48,Жити по-новому,Living a New Way,Both,4058,0.08116,8.116
competition:league|formation:3-5-2|mode:normal,50000,49,Назад у 90-ті,Back to the ’90s,Both,5,0.0001,0.01
competition:league|formation:3-5-2|mode:normal,50000,50,Пропало все. Господи допоможи,Everything Is Lost. God Save Us All,League,0,0,0
competition:league|formation:3-5-2|mode:normal,50000,51,Нічия влаштовує,A Draw Will Do,League,187,0.00374,0.374
competition:league|formation:3-5-2|mode:normal,50000,52,"Маємо те, що маємо",It Is What It Is,League,1561,0.03122,3.1220000000000003
competition:league|formation:3-5-2|mode:normal,50000,53,На тоненького,By a Thread,League,2,0.00004,0.004
competition:league|formation:3-5-2|mode:normal,50000,54,Бавовна,Bavovna,League,0,0,0
competition:league|formation:3-5-2|mode:normal,50000,55,Захист для слабаків,Defense Optional,League,0,0,0
competition:league|formation:3-5-2|mode:normal,50000,56,Лото «Забава»,The Lottery,Cup,0,0,0
competition:league|formation:3-5-2|mode:normal,50000,57,На 120-й,In the 120th,Cup,0,0,0
competition:league|formation:3-5-2|mode:normal,50000,58,"Пливли-пливли, а на березі...",Ch-ch-ch-choke Me!,Cup,0,0,0
competition:league|formation:3-5-2|mode:normal,50000,59,"I Am from Bosnia, Take Me to America","I Am from Bosnia, Take Me to America",Both,122,0.00244,0.244
competition:league|formation:3-5-2|mode:normal,50000,60,На мінімалках,Bare Minimum,Cup,0,0,0
competition:league|formation:3-5-2|mode:normal,50000,61,Динамівські серця,Hearts of “Dynamo”,Both,6,0.00012,0.012
competition:league|formation:3-5-2|mode:normal,50000,62,Фінал 2006,Final 2006,Cup,0,0,0
competition:league|formation:3-5-2|mode:normal,50000,63,Легенда «Барселони»,Barcelona’s Legend,Both,202,0.00404,0.404
competition:league|formation:3-5-2|mode:normal,50000,64,Промислова революція,Industrial Revolution,Both,1545,0.0309,3.09
competition:league|formation:3-5-2|mode:normal,50000,65,Два крила,Two Wings,Both,4,0.00008,0.008
competition:league|formation:3-5-2|mode:normal,50000,66,Крізь роки,Through the Years,Both,18,0.00036,0.036000000000000004
competition:league|formation:3-5-2|mode:normal,50000,67,Кобзарі,The Kobzars,Both,0,0,0
competition:league|formation:3-5-2|mode:normal,50000,68,Акт Злуки,Act of Unity,Both,5811,0.11622,11.622
competition:league|formation:3-5-2|mode:normal,50000,69,Кордони 1991,Borders of 1991,Both,121,0.00242,0.242
competition:league|formation:3-5-2|mode:normal,50000,70,Львівське метро,Lviv Metro,Both,390,0.0078,0.7799999999999999
competition:league|formation:3-5-2|mode:normal,50000,71,Котлета по-київськи,Chicken Kyiv,Both,174,0.00348,0.348
competition:league|formation:3-5-2|mode:normal,50000,72,Кубок світу,World Cup,Both,0,0,0
competition:league|formation:3-5-2|mode:normal,50000,73,Кубок Африки,Africa Cup,Both,0,0,0
competition:league|formation:3-5-2|mode:normal,50000,74,День бабака,Groundhog Day,Cup,0,0,0
competition:league|formation:3-5-2|mode:normal,50000,75,Стара школа,Old School,Both,0,0,0
competition:league|formation:3-5-2|mode:normal,50000,76,Так!,Yes!,Both,2633,0.05266,5.266
competition:league|formation:3-5-2|mode:normal,50000,77,Покращення вже сьогодні,A Better Life Today,Both,6880,0.1376,13.76
competition:league|formation:3-5-2|mode:normal,50000,78,Опорник із Запоріжжя,CDM from Zaporizhzhia,Both,522,0.01044,1.044
competition:league|formation:3-5-2|mode:normal,50000,79,Мужики,The Lads,Both,460,0.0092,0.9199999999999999
competition:league|formation:3-5-2|mode:normal,50000,80,Бойся Бога і пацанов с Крівова Рога,Fear God and Chaps from Kryvyi Rih,Both,447,0.00894,0.894
competition:league|formation:3-5-2|mode:normal,50000,81,Олександрійське диво,Oleksandriya Miracle,Both,111,0.00222,0.22200000000000003
competition:league|formation:3-5-2|mode:normal,50000,82,Ковалівка в Європі,Kovalivka in Europe,Both,110,0.0022,0.22
competition:league|formation:3-5-2|mode:normal,50000,83,Потримай моє пиво,Hold My Beer,Both,262,0.00524,0.524
competition:league|formation:3-5-2|mode:normal,50000,84,Українське класичне,Ukrainian Clásico,Both,271,0.00542,0.542
competition:league|formation:3-5-2|mode:normal,50000,85,"Ми всі різні, але ми українці",United Ukraine,Both,756,0.01512,1.512
competition:league|formation:3-5-2|mode:normal,50000,86,Міміно,Mimino,Both,22,0.00044,0.044000000000000004
competition:league|formation:3-5-2|mode:normal,50000,87,Суперорли,Super Eagles,Both,7,0.00014,0.013999999999999999
competition:league|formation:3-5-2|mode:normal,50000,88,Лінія Мажино,Maginot Line,Both,0,0,0
competition:league|formation:3-5-2|mode:normal,50000,89,П’ять пальців,Five Fingers,Both,0,0,0
competition:league|formation:3-5-2|mode:normal,50000,90,П’ятий елемент,The Fifth Element,Both,172,0.00344,0.344
competition:league|formation:3-5-2|mode:normal,50000,91,Тризуб,Tryzub,Both,22293,0.44586,44.586
competition:league|formation:3-5-2|mode:normal,50000,92,Дуплет,Double Tap,Both,1580,0.0316,3.16
competition:league|formation:3-5-2|mode:normal,50000,93,Це нормально,This Is Fine,League,18,0.00036,0.036000000000000004
competition:league|formation:3-5-2|mode:normal,50000,94,Кийов і Львов не указ Ужгородови,Kyiv and Lviv Don’t Rule Uzhorod,Both,1779,0.03558,3.558
competition:league|formation:3-5-2|mode:normal,50000,95,Албанська мафія,"Ti Shqipëri, më jep nder",Both,14,0.00028,0.027999999999999997
competition:league|formation:3-5-2|mode:hardcore,50000,1,Кєнти,Kents,Both,0,0,0
competition:league|formation:3-5-2|mode:hardcore,50000,2,Файне місто,Faine Misto,Both,0,0,0
competition:league|formation:3-5-2|mode:hardcore,50000,3,Третя сила,The Third Force,Both,75,0.0015,0.15
competition:league|formation:3-5-2|mode:hardcore,50000,4,Мрія Луческу,Lucescu’s Dream,Both,0,0,0
competition:league|formation:3-5-2|mode:hardcore,50000,5,Іноземний легіон,Foreign Legion,Both,0,0,0
competition:league|formation:3-5-2|mode:hardcore,50000,6,Слава Україні!,Slava Ukraini!,Both,3840,0.0768,7.68
competition:league|formation:3-5-2|mode:hardcore,50000,7,Донбас порожняк не гонить,Donbas Delivers,Both,6,0.00012,0.012
competition:league|formation:3-5-2|mode:hardcore,50000,8,Крим — це Україна!,Crimea Is Ukraine!,Both,585,0.0117,1.17
competition:league|formation:3-5-2|mode:hardcore,50000,9,Кубок Львову!,Cup to Lviv!,Cup,0,0,0
competition:league|formation:3-5-2|mode:hardcore,50000,10,Зрада,Zrada,Both,26675,0.5335,53.349999999999994
competition:league|formation:3-5-2|mode:hardcore,50000,11,За вами виїхало СБУ,SBU Is Coming for You,Both,7975,0.1595,15.950000000000001
competition:league|formation:3-5-2|mode:hardcore,50000,12,Перед каждою ігрою!..,Before Every Game!..,League,8023,0.16046,16.046
competition:league|formation:3-5-2|mode:hardcore,50000,13,"Здається, Бог наказує нас за щось","Apparently, God Punishes Us",Both,7427,0.14854,14.854000000000001
competition:league|formation:3-5-2|mode:hardcore,50000,14,Перші назавжди,First Forever,League,21,0.00042,0.042
competition:league|formation:3-5-2|mode:hardcore,50000,15,Весна 1999,Spring 1999,Both,12,0.00024,0.024
competition:league|formation:3-5-2|mode:hardcore,50000,16,Стамбул 2009,Istanbul 2009,Cup,0,0,0
competition:league|formation:3-5-2|mode:hardcore,50000,17,Варшава 2015,Warsaw 2015,Cup,0,0,0
competition:league|formation:3-5-2|mode:hardcore,50000,18,Ударна пара,Strike Partnership,Both,0,0,0
competition:league|formation:3-5-2|mode:hardcore,50000,19,Золотий м’яч,Ballon d’Or,Both,10,0.0002,0.02
competition:league|formation:3-5-2|mode:hardcore,50000,20,СаШо,SaSho,Cup,0,0,0
competition:league|formation:3-5-2|mode:hardcore,50000,21,Німеччина 2006,Germany 2006,Both,0,0,0
competition:league|formation:3-5-2|mode:hardcore,50000,22,Перший Кубок,The First Cup,Cup,0,0,0
competition:league|formation:3-5-2|mode:hardcore,50000,23,Непереможні,Invincibles,League,0,0,0
competition:league|formation:3-5-2|mode:hardcore,50000,24,Безкомпромісні,No Compromises,League,6,0.00012,0.012
competition:league|formation:3-5-2|mode:hardcore,50000,25,Ідеально збалансовано,Perfectly Balanced,League,727,0.01454,1.4540000000000002
competition:league|formation:3-5-2|mode:hardcore,50000,26,Потужно,Powerful Stuff,League,0,0,0
competition:league|formation:3-5-2|mode:hardcore,50000,27,Сухий закон,Prohibition,Both,4,0.00008,0.008
competition:league|formation:3-5-2|mode:hardcore,50000,28,На класі,Pure Class,Cup,0,0,0
competition:league|formation:3-5-2|mode:hardcore,50000,29,Нерви зі сталі,Nerves of Steel,Cup,0,0,0
competition:league|formation:3-5-2|mode:hardcore,50000,30,Завдання провалено успішно,Task Failed Successfully,Cup,0,0,0
competition:league|formation:3-5-2|mode:hardcore,50000,31,Я так бачу,Trust My Eyes,Both,336,0.00672,0.672
competition:league|formation:3-5-2|mode:hardcore,50000,32,Монобільшість,Single-Party Majority,Both,1,0.00002,0.002
competition:league|formation:3-5-2|mode:hardcore,50000,33,Коаліція,Coalition,Both,8680,0.1736,17.36
competition:league|formation:3-5-2|mode:hardcore,50000,34,Три мушкетери,The Three Musketeers,Both,40,0.0008,0.08
competition:league|formation:3-5-2|mode:hardcore,50000,35,Автобус припарковано,Bus Parked,Both,0,0,0
competition:league|formation:3-5-2|mode:hardcore,50000,36,"Гдє «Дінамо», гдє?",Where TF “Dynamo” at?,Both,12,0.00024,0.024
competition:league|formation:3-5-2|mode:hardcore,50000,37,На благо города і всєх харьковчан,For the Good of Kharkiv and All of the Citizens,Both,4,0.00008,0.008
competition:league|formation:3-5-2|mode:hardcore,50000,38,Ящик горілки,A Crate of Vodka,Both,75,0.0015,0.15
competition:league|formation:3-5-2|mode:hardcore,50000,39,Полтавська битва,Battle of Poltava,Cup,0,0,0
competition:league|formation:3-5-2|mode:hardcore,50000,40,Дніпровський тандем,Dnipro Tandem,Both,26,0.00052,0.052
competition:league|formation:3-5-2|mode:hardcore,50000,41,Серце «Шахтаря»,Heart of Shakhtar,Both,0,0,0
competition:league|formation:3-5-2|mode:hardcore,50000,42,Бразильський трикутник,Brazilian Triangle,Both,0,0,0
competition:league|formation:3-5-2|mode:hardcore,50000,43,Слава нації,"Good Evening, We Are from Ukraine",Both,9,0.00018,0.018000000000000002
competition:league|formation:3-5-2|mode:hardcore,50000,44,ООН,United Nations,Both,25,0.0005,0.05
competition:league|formation:3-5-2|mode:hardcore,50000,45,Балканський експрес,Balkan Express,Both,0,0,0
competition:league|formation:3-5-2|mode:hardcore,50000,46,Латиноамериканський квартал,Latin Quarter,Both,2,0.00004,0.004
competition:league|formation:3-5-2|mode:hardcore,50000,47,Різні епохи. Один склад.,Different Eras. One Squad.,Both,27127,0.54254,54.254000000000005
competition:league|formation:3-5-2|mode:hardcore,50000,48,Жити по-новому,Living a New Way,Both,4058,0.08116,8.116
competition:league|formation:3-5-2|mode:hardcore,50000,49,Назад у 90-ті,Back to the ’90s,Both,5,0.0001,0.01
competition:league|formation:3-5-2|mode:hardcore,50000,50,Пропало все. Господи допоможи,Everything Is Lost. God Save Us All,League,0,0,0
competition:league|formation:3-5-2|mode:hardcore,50000,51,Нічия влаштовує,A Draw Will Do,League,187,0.00374,0.374
competition:league|formation:3-5-2|mode:hardcore,50000,52,"Маємо те, що маємо",It Is What It Is,League,1561,0.03122,3.1220000000000003
competition:league|formation:3-5-2|mode:hardcore,50000,53,На тоненького,By a Thread,League,2,0.00004,0.004
competition:league|formation:3-5-2|mode:hardcore,50000,54,Бавовна,Bavovna,League,0,0,0
competition:league|formation:3-5-2|mode:hardcore,50000,55,Захист для слабаків,Defense Optional,League,0,0,0
competition:league|formation:3-5-2|mode:hardcore,50000,56,Лото «Забава»,The Lottery,Cup,0,0,0
competition:league|formation:3-5-2|mode:hardcore,50000,57,На 120-й,In the 120th,Cup,0,0,0
competition:league|formation:3-5-2|mode:hardcore,50000,58,"Пливли-пливли, а на березі...",Ch-ch-ch-choke Me!,Cup,0,0,0
competition:league|formation:3-5-2|mode:hardcore,50000,59,"I Am from Bosnia, Take Me to America","I Am from Bosnia, Take Me to America",Both,122,0.00244,0.244
competition:league|formation:3-5-2|mode:hardcore,50000,60,На мінімалках,Bare Minimum,Cup,0,0,0
competition:league|formation:3-5-2|mode:hardcore,50000,61,Динамівські серця,Hearts of “Dynamo”,Both,6,0.00012,0.012
competition:league|formation:3-5-2|mode:hardcore,50000,62,Фінал 2006,Final 2006,Cup,0,0,0
competition:league|formation:3-5-2|mode:hardcore,50000,63,Легенда «Барселони»,Barcelona’s Legend,Both,202,0.00404,0.404
competition:league|formation:3-5-2|mode:hardcore,50000,64,Промислова революція,Industrial Revolution,Both,1545,0.0309,3.09
competition:league|formation:3-5-2|mode:hardcore,50000,65,Два крила,Two Wings,Both,4,0.00008,0.008
competition:league|formation:3-5-2|mode:hardcore,50000,66,Крізь роки,Through the Years,Both,18,0.00036,0.036000000000000004
competition:league|formation:3-5-2|mode:hardcore,50000,67,Кобзарі,The Kobzars,Both,0,0,0
competition:league|formation:3-5-2|mode:hardcore,50000,68,Акт Злуки,Act of Unity,Both,5811,0.11622,11.622
competition:league|formation:3-5-2|mode:hardcore,50000,69,Кордони 1991,Borders of 1991,Both,121,0.00242,0.242
competition:league|formation:3-5-2|mode:hardcore,50000,70,Львівське метро,Lviv Metro,Both,390,0.0078,0.7799999999999999
competition:league|formation:3-5-2|mode:hardcore,50000,71,Котлета по-київськи,Chicken Kyiv,Both,174,0.00348,0.348
competition:league|formation:3-5-2|mode:hardcore,50000,72,Кубок світу,World Cup,Both,0,0,0
competition:league|formation:3-5-2|mode:hardcore,50000,73,Кубок Африки,Africa Cup,Both,0,0,0
competition:league|formation:3-5-2|mode:hardcore,50000,74,День бабака,Groundhog Day,Cup,0,0,0
competition:league|formation:3-5-2|mode:hardcore,50000,75,Стара школа,Old School,Both,0,0,0
competition:league|formation:3-5-2|mode:hardcore,50000,76,Так!,Yes!,Both,2633,0.05266,5.266
competition:league|formation:3-5-2|mode:hardcore,50000,77,Покращення вже сьогодні,A Better Life Today,Both,6880,0.1376,13.76
competition:league|formation:3-5-2|mode:hardcore,50000,78,Опорник із Запоріжжя,CDM from Zaporizhzhia,Both,522,0.01044,1.044
competition:league|formation:3-5-2|mode:hardcore,50000,79,Мужики,The Lads,Both,460,0.0092,0.9199999999999999
competition:league|formation:3-5-2|mode:hardcore,50000,80,Бойся Бога і пацанов с Крівова Рога,Fear God and Chaps from Kryvyi Rih,Both,447,0.00894,0.894
competition:league|formation:3-5-2|mode:hardcore,50000,81,Олександрійське диво,Oleksandriya Miracle,Both,111,0.00222,0.22200000000000003
competition:league|formation:3-5-2|mode:hardcore,50000,82,Ковалівка в Європі,Kovalivka in Europe,Both,110,0.0022,0.22
competition:league|formation:3-5-2|mode:hardcore,50000,83,Потримай моє пиво,Hold My Beer,Both,262,0.00524,0.524
competition:league|formation:3-5-2|mode:hardcore,50000,84,Українське класичне,Ukrainian Clásico,Both,271,0.00542,0.542
competition:league|formation:3-5-2|mode:hardcore,50000,85,"Ми всі різні, але ми українці",United Ukraine,Both,756,0.01512,1.512
competition:league|formation:3-5-2|mode:hardcore,50000,86,Міміно,Mimino,Both,22,0.00044,0.044000000000000004
competition:league|formation:3-5-2|mode:hardcore,50000,87,Суперорли,Super Eagles,Both,7,0.00014,0.013999999999999999
competition:league|formation:3-5-2|mode:hardcore,50000,88,Лінія Мажино,Maginot Line,Both,0,0,0
competition:league|formation:3-5-2|mode:hardcore,50000,89,П’ять пальців,Five Fingers,Both,0,0,0
competition:league|formation:3-5-2|mode:hardcore,50000,90,П’ятий елемент,The Fifth Element,Both,172,0.00344,0.344
competition:league|formation:3-5-2|mode:hardcore,50000,91,Тризуб,Tryzub,Both,22293,0.44586,44.586
competition:league|formation:3-5-2|mode:hardcore,50000,92,Дуплет,Double Tap,Both,1580,0.0316,3.16
competition:league|formation:3-5-2|mode:hardcore,50000,93,Це нормально,This Is Fine,League,18,0.00036,0.036000000000000004
competition:league|formation:3-5-2|mode:hardcore,50000,94,Кийов і Львов не указ Ужгородови,Kyiv and Lviv Don’t Rule Uzhorod,Both,1779,0.03558,3.558
competition:league|formation:3-5-2|mode:hardcore,50000,95,Албанська мафія,"Ti Shqipëri, më jep nder",Both,14,0.00028,0.027999999999999997
formation:5-3-2,200000,1,Кєнти,Kents,Both,2,0.00001,0.001
formation:5-3-2,200000,2,Файне місто,Faine Misto,Both,854,0.00427,0.42700000000000005
formation:5-3-2,200000,3,Третя сила,The Third Force,Both,228,0.00114,0.11399999999999999
formation:5-3-2,200000,4,Мрія Луческу,Lucescu’s Dream,Both,0,0,0
formation:5-3-2,200000,5,Іноземний легіон,Foreign Legion,Both,0,0,0
formation:5-3-2,200000,6,Слава Україні!,Slava Ukraini!,Both,22110,0.11055,11.055
formation:5-3-2,200000,7,Донбас порожняк не гонить,Donbas Delivers,Both,14,0.00007,0.006999999999999999
formation:5-3-2,200000,8,Крим — це Україна!,Crimea Is Ukraine!,Both,2138,0.01069,1.069
formation:5-3-2,200000,9,Кубок Львову!,Cup to Lviv!,Cup,120,0.0006,0.06
formation:5-3-2,200000,10,Зрада,Zrada,Both,105546,0.52773,52.773
formation:5-3-2,200000,11,За вами виїхало СБУ,SBU Is Coming for You,Both,31650,0.15825,15.825
formation:5-3-2,200000,12,Перед каждою ігрою!..,Before Every Game!..,League,18858,0.09429,9.429
formation:5-3-2,200000,13,"Здається, Бог наказує нас за щось","Apparently, God Punishes Us",Both,54666,0.27333,27.333000000000002
formation:5-3-2,200000,14,Перші назавжди,First Forever,League,14,0.00007,0.006999999999999999
formation:5-3-2,200000,15,Весна 1999,Spring 1999,Both,14,0.00007,0.006999999999999999
formation:5-3-2,200000,16,Стамбул 2009,Istanbul 2009,Cup,2,0.00001,0.001
formation:5-3-2,200000,17,Варшава 2015,Warsaw 2015,Cup,14,0.00007,0.006999999999999999
formation:5-3-2,200000,18,Ударна пара,Strike Partnership,Both,2,0.00001,0.001
formation:5-3-2,200000,19,Золотий м’яч,Ballon d’Or,Both,16,0.00008,0.008
formation:5-3-2,200000,20,СаШо,SaSho,Cup,58,0.00029,0.029
formation:5-3-2,200000,21,Німеччина 2006,Germany 2006,Both,0,0,0
formation:5-3-2,200000,22,Перший Кубок,The First Cup,Cup,0,0,0
formation:5-3-2,200000,23,Непереможні,Invincibles,League,0,0,0
formation:5-3-2,200000,24,Безкомпромісні,No Compromises,League,10,0.00005,0.005
formation:5-3-2,200000,25,Ідеально збалансовано,Perfectly Balanced,League,1420,0.0071,0.7100000000000001
formation:5-3-2,200000,26,Потужно,Powerful Stuff,League,0,0,0
formation:5-3-2,200000,27,Сухий закон,Prohibition,Both,14,0.00007,0.006999999999999999
formation:5-3-2,200000,28,На класі,Pure Class,Cup,56,0.00028,0.027999999999999997
formation:5-3-2,200000,29,Нерви зі сталі,Nerves of Steel,Cup,84,0.00042,0.042
formation:5-3-2,200000,30,Завдання провалено успішно,Task Failed Successfully,Cup,0,0,0
formation:5-3-2,200000,31,Я так бачу,Trust My Eyes,Both,410,0.00205,0.20500000000000002
formation:5-3-2,200000,32,Монобільшість,Single-Party Majority,Both,4,0.00002,0.002
formation:5-3-2,200000,33,Коаліція,Coalition,Both,40494,0.20247,20.247
formation:5-3-2,200000,34,Три мушкетери,The Three Musketeers,Both,0,0,0
formation:5-3-2,200000,35,Автобус припарковано,Bus Parked,Both,156,0.00078,0.078
formation:5-3-2,200000,36,"Гдє «Дінамо», гдє?",Where TF “Dynamo” at?,Both,16,0.00008,0.008
formation:5-3-2,200000,37,На благо города і всєх харьковчан,For the Good of Kharkiv and All of the Citizens,Both,10,0.00005,0.005
formation:5-3-2,200000,38,Ящик горілки,A Crate of Vodka,Both,292,0.00146,0.146
formation:5-3-2,200000,39,Полтавська битва,Battle of Poltava,Cup,30,0.00015,0.015
formation:5-3-2,200000,40,Дніпровський тандем,Dnipro Tandem,Both,56,0.00028,0.027999999999999997
formation:5-3-2,200000,41,Серце «Шахтаря»,Heart of Shakhtar,Both,10,0.00005,0.005
formation:5-3-2,200000,42,Бразильський трикутник,Brazilian Triangle,Both,0,0,0
formation:5-3-2,200000,43,Слава нації,"Good Evening, We Are from Ukraine",Both,30,0.00015,0.015
formation:5-3-2,200000,44,ООН,United Nations,Both,78,0.00039,0.039
formation:5-3-2,200000,45,Балканський експрес,Balkan Express,Both,0,0,0
formation:5-3-2,200000,46,Латиноамериканський квартал,Latin Quarter,Both,0,0,0
formation:5-3-2,200000,47,Різні епохи. Один склад.,Different Eras. One Squad.,Both,136758,0.68379,68.379
formation:5-3-2,200000,48,Жити по-новому,Living a New Way,Both,11294,0.05647,5.647
formation:5-3-2,200000,49,Назад у 90-ті,Back to the ’90s,Both,1396,0.00698,0.698
formation:5-3-2,200000,50,Пропало все. Господи допоможи,Everything Is Lost. God Save Us All,League,12,0.00006,0.006
formation:5-3-2,200000,51,Нічия влаштовує,A Draw Will Do,League,370,0.00185,0.185
formation:5-3-2,200000,52,"Маємо те, що маємо",It Is What It Is,League,2870,0.01435,1.435
formation:5-3-2,200000,53,На тоненького,By a Thread,League,4,0.00002,0.002
formation:5-3-2,200000,54,Бавовна,Bavovna,League,0,0,0
formation:5-3-2,200000,55,Захист для слабаків,Defense Optional,League,0,0,0
formation:5-3-2,200000,56,Лото «Забава»,The Lottery,Cup,96,0.00048,0.048
formation:5-3-2,200000,57,На 120-й,In the 120th,Cup,30,0.00015,0.015
formation:5-3-2,200000,58,"Пливли-пливли, а на березі...",Ch-ch-ch-choke Me!,Cup,1316,0.00658,0.658
formation:5-3-2,200000,59,"I Am from Bosnia, Take Me to America","I Am from Bosnia, Take Me to America",Both,460,0.0023,0.22999999999999998
formation:5-3-2,200000,60,На мінімалках,Bare Minimum,Cup,40,0.0002,0.02
formation:5-3-2,200000,61,Динамівські серця,Hearts of “Dynamo”,Both,14,0.00007,0.006999999999999999
formation:5-3-2,200000,62,Фінал 2006,Final 2006,Cup,6,0.00003,0.003
formation:5-3-2,200000,63,Легенда «Барселони»,Barcelona’s Legend,Both,650,0.00325,0.325
formation:5-3-2,200000,64,Промислова революція,Industrial Revolution,Both,5526,0.02763,2.763
formation:5-3-2,200000,65,Два крила,Two Wings,Both,0,0,0
formation:5-3-2,200000,66,Крізь роки,Through the Years,Both,70,0.00035,0.034999999999999996
formation:5-3-2,200000,67,Кобзарі,The Kobzars,Both,10,0.00005,0.005
formation:5-3-2,200000,68,Акт Злуки,Act of Unity,Both,20472,0.10236,10.236
formation:5-3-2,200000,69,Кордони 1991,Borders of 1991,Both,288,0.00144,0.14400000000000002
formation:5-3-2,200000,70,Львівське метро,Lviv Metro,Both,1416,0.00708,0.7080000000000001
formation:5-3-2,200000,71,Котлета по-київськи,Chicken Kyiv,Both,706,0.00353,0.35300000000000004
formation:5-3-2,200000,72,Кубок світу,World Cup,Both,0,0,0
formation:5-3-2,200000,73,Кубок Африки,Africa Cup,Both,2,0.00001,0.001
formation:5-3-2,200000,74,День бабака,Groundhog Day,Cup,1076,0.00538,0.538
formation:5-3-2,200000,75,Стара школа,Old School,Both,0,0,0
formation:5-3-2,200000,76,Так!,Yes!,Both,9620,0.0481,4.81
formation:5-3-2,200000,77,Покращення вже сьогодні,A Better Life Today,Both,20214,0.10107,10.107
formation:5-3-2,200000,78,Опорник із Запоріжжя,CDM from Zaporizhzhia,Both,1756,0.00878,0.878
formation:5-3-2,200000,79,Мужики,The Lads,Both,1178,0.00589,0.5890000000000001
formation:5-3-2,200000,80,Бойся Бога і пацанов с Крівова Рога,Fear God and Chaps from Kryvyi Rih,Both,1418,0.00709,0.709
formation:5-3-2,200000,81,Олександрійське диво,Oleksandriya Miracle,Both,172,0.00086,0.086
formation:5-3-2,200000,82,Ковалівка в Європі,Kovalivka in Europe,Both,232,0.00116,0.116
formation:5-3-2,200000,83,Потримай моє пиво,Hold My Beer,Both,624,0.00312,0.312
formation:5-3-2,200000,84,Українське класичне,Ukrainian Clásico,Both,798,0.00399,0.39899999999999997
formation:5-3-2,200000,85,"Ми всі різні, але ми українці",United Ukraine,Both,4850,0.02425,2.4250000000000003
formation:5-3-2,200000,86,Міміно,Mimino,Both,18,0.00009,0.009000000000000001
formation:5-3-2,200000,87,Суперорли,Super Eagles,Both,14,0.00007,0.006999999999999999
formation:5-3-2,200000,88,Лінія Мажино,Maginot Line,Both,0,0,0
formation:5-3-2,200000,89,П’ять пальців,Five Fingers,Both,151650,0.75825,75.825
formation:5-3-2,200000,90,П’ятий елемент,The Fifth Element,Both,0,0,0
formation:5-3-2,200000,91,Тризуб,Tryzub,Both,0,0,0
formation:5-3-2,200000,92,Дуплет,Double Tap,Both,4676,0.02338,2.338
formation:5-3-2,200000,93,Це нормально,This Is Fine,League,52,0.00026,0.026
formation:5-3-2,200000,94,Кийов і Львов не указ Ужгородови,Kyiv and Lviv Don’t Rule Uzhorod,Both,6906,0.03453,3.453
formation:5-3-2,200000,95,Албанська мафія,"Ti Shqipëri, më jep nder",Both,32,0.00016,0.016
competition:league|formation:5-3-2|mode:normal,50000,1,Кєнти,Kents,Both,1,0.00002,0.002
competition:league|formation:5-3-2|mode:normal,50000,2,Файне місто,Faine Misto,Both,0,0,0
competition:league|formation:5-3-2|mode:normal,50000,3,Третя сила,The Third Force,Both,51,0.00102,0.10200000000000001
competition:league|formation:5-3-2|mode:normal,50000,4,Мрія Луческу,Lucescu’s Dream,Both,0,0,0
competition:league|formation:5-3-2|mode:normal,50000,5,Іноземний легіон,Foreign Legion,Both,0,0,0
competition:league|formation:5-3-2|mode:normal,50000,6,Слава Україні!,Slava Ukraini!,Both,4768,0.09536,9.536
competition:league|formation:5-3-2|mode:normal,50000,7,Донбас порожняк не гонить,Donbas Delivers,Both,6,0.00012,0.012
competition:league|formation:5-3-2|mode:normal,50000,8,Крим — це Україна!,Crimea Is Ukraine!,Both,522,0.01044,1.044
competition:league|formation:5-3-2|mode:normal,50000,9,Кубок Львову!,Cup to Lviv!,Cup,0,0,0
competition:league|formation:5-3-2|mode:normal,50000,10,Зрада,Zrada,Both,25193,0.50386,50.385999999999996
competition:league|formation:5-3-2|mode:normal,50000,11,За вами виїхало СБУ,SBU Is Coming for You,Both,7124,0.14248,14.248
competition:league|formation:5-3-2|mode:normal,50000,12,Перед каждою ігрою!..,Before Every Game!..,League,9429,0.18858,18.858
competition:league|formation:5-3-2|mode:normal,50000,13,"Здається, Бог наказує нас за щось","Apparently, God Punishes Us",Both,8991,0.17982,17.982
competition:league|formation:5-3-2|mode:normal,50000,14,Перші назавжди,First Forever,League,7,0.00014,0.013999999999999999
competition:league|formation:5-3-2|mode:normal,50000,15,Весна 1999,Spring 1999,Both,6,0.00012,0.012
competition:league|formation:5-3-2|mode:normal,50000,16,Стамбул 2009,Istanbul 2009,Cup,0,0,0
competition:league|formation:5-3-2|mode:normal,50000,17,Варшава 2015,Warsaw 2015,Cup,0,0,0
competition:league|formation:5-3-2|mode:normal,50000,18,Ударна пара,Strike Partnership,Both,0,0,0
competition:league|formation:5-3-2|mode:normal,50000,19,Золотий м’яч,Ballon d’Or,Both,6,0.00012,0.012
competition:league|formation:5-3-2|mode:normal,50000,20,СаШо,SaSho,Cup,0,0,0
competition:league|formation:5-3-2|mode:normal,50000,21,Німеччина 2006,Germany 2006,Both,0,0,0
competition:league|formation:5-3-2|mode:normal,50000,22,Перший Кубок,The First Cup,Cup,0,0,0
competition:league|formation:5-3-2|mode:normal,50000,23,Непереможні,Invincibles,League,0,0,0
competition:league|formation:5-3-2|mode:normal,50000,24,Безкомпромісні,No Compromises,League,5,0.0001,0.01
competition:league|formation:5-3-2|mode:normal,50000,25,Ідеально збалансовано,Perfectly Balanced,League,710,0.0142,1.4200000000000002
competition:league|formation:5-3-2|mode:normal,50000,26,Потужно,Powerful Stuff,League,0,0,0
competition:league|formation:5-3-2|mode:normal,50000,27,Сухий закон,Prohibition,Both,3,0.00006,0.006
competition:league|formation:5-3-2|mode:normal,50000,28,На класі,Pure Class,Cup,0,0,0
competition:league|formation:5-3-2|mode:normal,50000,29,Нерви зі сталі,Nerves of Steel,Cup,0,0,0
competition:league|formation:5-3-2|mode:normal,50000,30,Завдання провалено успішно,Task Failed Successfully,Cup,0,0,0
competition:league|formation:5-3-2|mode:normal,50000,31,Я так бачу,Trust My Eyes,Both,0,0,0
competition:league|formation:5-3-2|mode:normal,50000,32,Монобільшість,Single-Party Majority,Both,1,0.00002,0.002
competition:league|formation:5-3-2|mode:normal,50000,33,Коаліція,Coalition,Both,8725,0.1745,17.45
competition:league|formation:5-3-2|mode:normal,50000,34,Три мушкетери,The Three Musketeers,Both,0,0,0
competition:league|formation:5-3-2|mode:normal,50000,35,Автобус припарковано,Bus Parked,Both,17,0.00034,0.034
competition:league|formation:5-3-2|mode:normal,50000,36,"Гдє «Дінамо», гдє?",Where TF “Dynamo” at?,Both,4,0.00008,0.008
competition:league|formation:5-3-2|mode:normal,50000,37,На благо города і всєх харьковчан,For the Good of Kharkiv and All of the Citizens,Both,5,0.0001,0.01
competition:league|formation:5-3-2|mode:normal,50000,38,Ящик горілки,A Crate of Vodka,Both,68,0.00136,0.136
competition:league|formation:5-3-2|mode:normal,50000,39,Полтавська битва,Battle of Poltava,Cup,0,0,0
competition:league|formation:5-3-2|mode:normal,50000,40,Дніпровський тандем,Dnipro Tandem,Both,18,0.00036,0.036000000000000004
competition:league|formation:5-3-2|mode:normal,50000,41,Серце «Шахтаря»,Heart of Shakhtar,Both,3,0.00006,0.006
competition:league|formation:5-3-2|mode:normal,50000,42,Бразильський трикутник,Brazilian Triangle,Both,0,0,0
competition:league|formation:5-3-2|mode:normal,50000,43,Слава нації,"Good Evening, We Are from Ukraine",Both,0,0,0
competition:league|formation:5-3-2|mode:normal,50000,44,ООН,United Nations,Both,24,0.00048,0.048
competition:league|formation:5-3-2|mode:normal,50000,45,Балканський експрес,Balkan Express,Both,0,0,0
competition:league|formation:5-3-2|mode:normal,50000,46,Латиноамериканський квартал,Latin Quarter,Both,0,0,0
competition:league|formation:5-3-2|mode:normal,50000,47,Різні епохи. Один склад.,Different Eras. One Squad.,Both,27207,0.54414,54.413999999999994
competition:league|formation:5-3-2|mode:normal,50000,48,Жити по-новому,Living a New Way,Both,4079,0.08158,8.158
competition:league|formation:5-3-2|mode:normal,50000,49,Назад у 90-ті,Back to the ’90s,Both,7,0.00014,0.013999999999999999
competition:league|formation:5-3-2|mode:normal,50000,50,Пропало все. Господи допоможи,Everything Is Lost. God Save Us All,League,6,0.00012,0.012
competition:league|formation:5-3-2|mode:normal,50000,51,Нічия влаштовує,A Draw Will Do,League,185,0.0037,0.37
competition:league|formation:5-3-2|mode:normal,50000,52,"Маємо те, що маємо",It Is What It Is,League,1435,0.0287,2.87
competition:league|formation:5-3-2|mode:normal,50000,53,На тоненького,By a Thread,League,2,0.00004,0.004
competition:league|formation:5-3-2|mode:normal,50000,54,Бавовна,Bavovna,League,0,0,0
competition:league|formation:5-3-2|mode:normal,50000,55,Захист для слабаків,Defense Optional,League,0,0,0
competition:league|formation:5-3-2|mode:normal,50000,56,Лото «Забава»,The Lottery,Cup,0,0,0
competition:league|formation:5-3-2|mode:normal,50000,57,На 120-й,In the 120th,Cup,0,0,0
competition:league|formation:5-3-2|mode:normal,50000,58,"Пливли-пливли, а на березі...",Ch-ch-ch-choke Me!,Cup,0,0,0
competition:league|formation:5-3-2|mode:normal,50000,59,"I Am from Bosnia, Take Me to America","I Am from Bosnia, Take Me to America",Both,127,0.00254,0.254
competition:league|formation:5-3-2|mode:normal,50000,60,На мінімалках,Bare Minimum,Cup,0,0,0
competition:league|formation:5-3-2|mode:normal,50000,61,Динамівські серця,Hearts of “Dynamo”,Both,5,0.0001,0.01
competition:league|formation:5-3-2|mode:normal,50000,62,Фінал 2006,Final 2006,Cup,0,0,0
competition:league|formation:5-3-2|mode:normal,50000,63,Легенда «Барселони»,Barcelona’s Legend,Both,182,0.00364,0.364
competition:league|formation:5-3-2|mode:normal,50000,64,Промислова революція,Industrial Revolution,Both,1527,0.03054,3.0540000000000003
competition:league|formation:5-3-2|mode:normal,50000,65,Два крила,Two Wings,Both,0,0,0
competition:league|formation:5-3-2|mode:normal,50000,66,Крізь роки,Through the Years,Both,14,0.00028,0.027999999999999997
competition:league|formation:5-3-2|mode:normal,50000,67,Кобзарі,The Kobzars,Both,2,0.00004,0.004
competition:league|formation:5-3-2|mode:normal,50000,68,Акт Злуки,Act of Unity,Both,5766,0.11532,11.532
competition:league|formation:5-3-2|mode:normal,50000,69,Кордони 1991,Borders of 1991,Both,65,0.0013,0.13
competition:league|formation:5-3-2|mode:normal,50000,70,Львівське метро,Lviv Metro,Both,386,0.00772,0.772
competition:league|formation:5-3-2|mode:normal,50000,71,Котлета по-київськи,Chicken Kyiv,Both,161,0.00322,0.322
competition:league|formation:5-3-2|mode:normal,50000,72,Кубок світу,World Cup,Both,0,0,0
competition:league|formation:5-3-2|mode:normal,50000,73,Кубок Африки,Africa Cup,Both,1,0.00002,0.002
competition:league|formation:5-3-2|mode:normal,50000,74,День бабака,Groundhog Day,Cup,0,0,0
competition:league|formation:5-3-2|mode:normal,50000,75,Стара школа,Old School,Both,0,0,0
competition:league|formation:5-3-2|mode:normal,50000,76,Так!,Yes!,Both,2666,0.05332,5.332
competition:league|formation:5-3-2|mode:normal,50000,77,Покращення вже сьогодні,A Better Life Today,Both,7097,0.14194,14.194
competition:league|formation:5-3-2|mode:normal,50000,78,Опорник із Запоріжжя,CDM from Zaporizhzhia,Both,487,0.00974,0.9740000000000001
competition:league|formation:5-3-2|mode:normal,50000,79,Мужики,The Lads,Both,435,0.0087,0.8699999999999999
competition:league|formation:5-3-2|mode:normal,50000,80,Бойся Бога і пацанов с Крівова Рога,Fear God and Chaps from Kryvyi Rih,Both,395,0.0079,0.79
competition:league|formation:5-3-2|mode:normal,50000,81,Олександрійське диво,Oleksandriya Miracle,Both,83,0.00166,0.166
competition:league|formation:5-3-2|mode:normal,50000,82,Ковалівка в Європі,Kovalivka in Europe,Both,62,0.00124,0.124
competition:league|formation:5-3-2|mode:normal,50000,83,Потримай моє пиво,Hold My Beer,Both,229,0.00458,0.45799999999999996
competition:league|formation:5-3-2|mode:normal,50000,84,Українське класичне,Ukrainian Clásico,Both,275,0.0055,0.5499999999999999
competition:league|formation:5-3-2|mode:normal,50000,85,"Ми всі різні, але ми українці",United Ukraine,Both,905,0.0181,1.81
competition:league|formation:5-3-2|mode:normal,50000,86,Міміно,Mimino,Both,8,0.00016,0.016
competition:league|formation:5-3-2|mode:normal,50000,87,Суперорли,Super Eagles,Both,6,0.00012,0.012
competition:league|formation:5-3-2|mode:normal,50000,88,Лінія Мажино,Maginot Line,Both,0,0,0
competition:league|formation:5-3-2|mode:normal,50000,89,П’ять пальців,Five Fingers,Both,37124,0.74248,74.248
competition:league|formation:5-3-2|mode:normal,50000,90,П’ятий елемент,The Fifth Element,Both,0,0,0
competition:league|formation:5-3-2|mode:normal,50000,91,Тризуб,Tryzub,Both,0,0,0
competition:league|formation:5-3-2|mode:normal,50000,92,Дуплет,Double Tap,Both,1525,0.0305,3.05
competition:league|formation:5-3-2|mode:normal,50000,93,Це нормально,This Is Fine,League,26,0.00052,0.052
competition:league|formation:5-3-2|mode:normal,50000,94,Кийов і Львов не указ Ужгородови,Kyiv and Lviv Don’t Rule Uzhorod,Both,1819,0.03638,3.6380000000000003
competition:league|formation:5-3-2|mode:normal,50000,95,Албанська мафія,"Ti Shqipëri, më jep nder",Both,8,0.00016,0.016
competition:league|formation:5-3-2|mode:hardcore,50000,1,Кєнти,Kents,Both,1,0.00002,0.002
competition:league|formation:5-3-2|mode:hardcore,50000,2,Файне місто,Faine Misto,Both,0,0,0
competition:league|formation:5-3-2|mode:hardcore,50000,3,Третя сила,The Third Force,Both,51,0.00102,0.10200000000000001
competition:league|formation:5-3-2|mode:hardcore,50000,4,Мрія Луческу,Lucescu’s Dream,Both,0,0,0
competition:league|formation:5-3-2|mode:hardcore,50000,5,Іноземний легіон,Foreign Legion,Both,0,0,0
competition:league|formation:5-3-2|mode:hardcore,50000,6,Слава Україні!,Slava Ukraini!,Both,4768,0.09536,9.536
competition:league|formation:5-3-2|mode:hardcore,50000,7,Донбас порожняк не гонить,Donbas Delivers,Both,6,0.00012,0.012
competition:league|formation:5-3-2|mode:hardcore,50000,8,Крим — це Україна!,Crimea Is Ukraine!,Both,522,0.01044,1.044
competition:league|formation:5-3-2|mode:hardcore,50000,9,Кубок Львову!,Cup to Lviv!,Cup,0,0,0
competition:league|formation:5-3-2|mode:hardcore,50000,10,Зрада,Zrada,Both,25193,0.50386,50.385999999999996
competition:league|formation:5-3-2|mode:hardcore,50000,11,За вами виїхало СБУ,SBU Is Coming for You,Both,7124,0.14248,14.248
competition:league|formation:5-3-2|mode:hardcore,50000,12,Перед каждою ігрою!..,Before Every Game!..,League,9429,0.18858,18.858
competition:league|formation:5-3-2|mode:hardcore,50000,13,"Здається, Бог наказує нас за щось","Apparently, God Punishes Us",Both,8991,0.17982,17.982
competition:league|formation:5-3-2|mode:hardcore,50000,14,Перші назавжди,First Forever,League,7,0.00014,0.013999999999999999
competition:league|formation:5-3-2|mode:hardcore,50000,15,Весна 1999,Spring 1999,Both,6,0.00012,0.012
competition:league|formation:5-3-2|mode:hardcore,50000,16,Стамбул 2009,Istanbul 2009,Cup,0,0,0
competition:league|formation:5-3-2|mode:hardcore,50000,17,Варшава 2015,Warsaw 2015,Cup,0,0,0
competition:league|formation:5-3-2|mode:hardcore,50000,18,Ударна пара,Strike Partnership,Both,0,0,0
competition:league|formation:5-3-2|mode:hardcore,50000,19,Золотий м’яч,Ballon d’Or,Both,6,0.00012,0.012
competition:league|formation:5-3-2|mode:hardcore,50000,20,СаШо,SaSho,Cup,0,0,0
competition:league|formation:5-3-2|mode:hardcore,50000,21,Німеччина 2006,Germany 2006,Both,0,0,0
competition:league|formation:5-3-2|mode:hardcore,50000,22,Перший Кубок,The First Cup,Cup,0,0,0
competition:league|formation:5-3-2|mode:hardcore,50000,23,Непереможні,Invincibles,League,0,0,0
competition:league|formation:5-3-2|mode:hardcore,50000,24,Безкомпромісні,No Compromises,League,5,0.0001,0.01
competition:league|formation:5-3-2|mode:hardcore,50000,25,Ідеально збалансовано,Perfectly Balanced,League,710,0.0142,1.4200000000000002
competition:league|formation:5-3-2|mode:hardcore,50000,26,Потужно,Powerful Stuff,League,0,0,0
competition:league|formation:5-3-2|mode:hardcore,50000,27,Сухий закон,Prohibition,Both,3,0.00006,0.006
competition:league|formation:5-3-2|mode:hardcore,50000,28,На класі,Pure Class,Cup,0,0,0
competition:league|formation:5-3-2|mode:hardcore,50000,29,Нерви зі сталі,Nerves of Steel,Cup,0,0,0
competition:league|formation:5-3-2|mode:hardcore,50000,30,Завдання провалено успішно,Task Failed Successfully,Cup,0,0,0
competition:league|formation:5-3-2|mode:hardcore,50000,31,Я так бачу,Trust My Eyes,Both,215,0.0043,0.43
competition:league|formation:5-3-2|mode:hardcore,50000,32,Монобільшість,Single-Party Majority,Both,1,0.00002,0.002
competition:league|formation:5-3-2|mode:hardcore,50000,33,Коаліція,Coalition,Both,8725,0.1745,17.45
competition:league|formation:5-3-2|mode:hardcore,50000,34,Три мушкетери,The Three Musketeers,Both,0,0,0
competition:league|formation:5-3-2|mode:hardcore,50000,35,Автобус припарковано,Bus Parked,Both,17,0.00034,0.034
competition:league|formation:5-3-2|mode:hardcore,50000,36,"Гдє «Дінамо», гдє?",Where TF “Dynamo” at?,Both,4,0.00008,0.008
competition:league|formation:5-3-2|mode:hardcore,50000,37,На благо города і всєх харьковчан,For the Good of Kharkiv and All of the Citizens,Both,5,0.0001,0.01
competition:league|formation:5-3-2|mode:hardcore,50000,38,Ящик горілки,A Crate of Vodka,Both,68,0.00136,0.136
competition:league|formation:5-3-2|mode:hardcore,50000,39,Полтавська битва,Battle of Poltava,Cup,0,0,0
competition:league|formation:5-3-2|mode:hardcore,50000,40,Дніпровський тандем,Dnipro Tandem,Both,18,0.00036,0.036000000000000004
competition:league|formation:5-3-2|mode:hardcore,50000,41,Серце «Шахтаря»,Heart of Shakhtar,Both,3,0.00006,0.006
competition:league|formation:5-3-2|mode:hardcore,50000,42,Бразильський трикутник,Brazilian Triangle,Both,0,0,0
competition:league|formation:5-3-2|mode:hardcore,50000,43,Слава нації,"Good Evening, We Are from Ukraine",Both,14,0.00028,0.027999999999999997
competition:league|formation:5-3-2|mode:hardcore,50000,44,ООН,United Nations,Both,24,0.00048,0.048
competition:league|formation:5-3-2|mode:hardcore,50000,45,Балканський експрес,Balkan Express,Both,0,0,0
competition:league|formation:5-3-2|mode:hardcore,50000,46,Латиноамериканський квартал,Latin Quarter,Both,0,0,0
competition:league|formation:5-3-2|mode:hardcore,50000,47,Різні епохи. Один склад.,Different Eras. One Squad.,Both,27207,0.54414,54.413999999999994
competition:league|formation:5-3-2|mode:hardcore,50000,48,Жити по-новому,Living a New Way,Both,4079,0.08158,8.158
competition:league|formation:5-3-2|mode:hardcore,50000,49,Назад у 90-ті,Back to the ’90s,Both,7,0.00014,0.013999999999999999
competition:league|formation:5-3-2|mode:hardcore,50000,50,Пропало все. Господи допоможи,Everything Is Lost. God Save Us All,League,6,0.00012,0.012
competition:league|formation:5-3-2|mode:hardcore,50000,51,Нічия влаштовує,A Draw Will Do,League,185,0.0037,0.37
competition:league|formation:5-3-2|mode:hardcore,50000,52,"Маємо те, що маємо",It Is What It Is,League,1435,0.0287,2.87
competition:league|formation:5-3-2|mode:hardcore,50000,53,На тоненького,By a Thread,League,2,0.00004,0.004
competition:league|formation:5-3-2|mode:hardcore,50000,54,Бавовна,Bavovna,League,0,0,0
competition:league|formation:5-3-2|mode:hardcore,50000,55,Захист для слабаків,Defense Optional,League,0,0,0
competition:league|formation:5-3-2|mode:hardcore,50000,56,Лото «Забава»,The Lottery,Cup,0,0,0
competition:league|formation:5-3-2|mode:hardcore,50000,57,На 120-й,In the 120th,Cup,0,0,0
competition:league|formation:5-3-2|mode:hardcore,50000,58,"Пливли-пливли, а на березі...",Ch-ch-ch-choke Me!,Cup,0,0,0
competition:league|formation:5-3-2|mode:hardcore,50000,59,"I Am from Bosnia, Take Me to America","I Am from Bosnia, Take Me to America",Both,127,0.00254,0.254
competition:league|formation:5-3-2|mode:hardcore,50000,60,На мінімалках,Bare Minimum,Cup,0,0,0
competition:league|formation:5-3-2|mode:hardcore,50000,61,Динамівські серця,Hearts of “Dynamo”,Both,5,0.0001,0.01
competition:league|formation:5-3-2|mode:hardcore,50000,62,Фінал 2006,Final 2006,Cup,0,0,0
competition:league|formation:5-3-2|mode:hardcore,50000,63,Легенда «Барселони»,Barcelona’s Legend,Both,182,0.00364,0.364
competition:league|formation:5-3-2|mode:hardcore,50000,64,Промислова революція,Industrial Revolution,Both,1527,0.03054,3.0540000000000003
competition:league|formation:5-3-2|mode:hardcore,50000,65,Два крила,Two Wings,Both,0,0,0
competition:league|formation:5-3-2|mode:hardcore,50000,66,Крізь роки,Through the Years,Both,14,0.00028,0.027999999999999997
competition:league|formation:5-3-2|mode:hardcore,50000,67,Кобзарі,The Kobzars,Both,2,0.00004,0.004
competition:league|formation:5-3-2|mode:hardcore,50000,68,Акт Злуки,Act of Unity,Both,5766,0.11532,11.532
competition:league|formation:5-3-2|mode:hardcore,50000,69,Кордони 1991,Borders of 1991,Both,65,0.0013,0.13
competition:league|formation:5-3-2|mode:hardcore,50000,70,Львівське метро,Lviv Metro,Both,386,0.00772,0.772
competition:league|formation:5-3-2|mode:hardcore,50000,71,Котлета по-київськи,Chicken Kyiv,Both,161,0.00322,0.322
competition:league|formation:5-3-2|mode:hardcore,50000,72,Кубок світу,World Cup,Both,0,0,0
competition:league|formation:5-3-2|mode:hardcore,50000,73,Кубок Африки,Africa Cup,Both,1,0.00002,0.002
competition:league|formation:5-3-2|mode:hardcore,50000,74,День бабака,Groundhog Day,Cup,0,0,0
competition:league|formation:5-3-2|mode:hardcore,50000,75,Стара школа,Old School,Both,0,0,0
competition:league|formation:5-3-2|mode:hardcore,50000,76,Так!,Yes!,Both,2666,0.05332,5.332
competition:league|formation:5-3-2|mode:hardcore,50000,77,Покращення вже сьогодні,A Better Life Today,Both,7097,0.14194,14.194
competition:league|formation:5-3-2|mode:hardcore,50000,78,Опорник із Запоріжжя,CDM from Zaporizhzhia,Both,487,0.00974,0.9740000000000001
competition:league|formation:5-3-2|mode:hardcore,50000,79,Мужики,The Lads,Both,435,0.0087,0.8699999999999999
competition:league|formation:5-3-2|mode:hardcore,50000,80,Бойся Бога і пацанов с Крівова Рога,Fear God and Chaps from Kryvyi Rih,Both,395,0.0079,0.79
competition:league|formation:5-3-2|mode:hardcore,50000,81,Олександрійське диво,Oleksandriya Miracle,Both,83,0.00166,0.166
competition:league|formation:5-3-2|mode:hardcore,50000,82,Ковалівка в Європі,Kovalivka in Europe,Both,62,0.00124,0.124
competition:league|formation:5-3-2|mode:hardcore,50000,83,Потримай моє пиво,Hold My Beer,Both,229,0.00458,0.45799999999999996
competition:league|formation:5-3-2|mode:hardcore,50000,84,Українське класичне,Ukrainian Clásico,Both,275,0.0055,0.5499999999999999
competition:league|formation:5-3-2|mode:hardcore,50000,85,"Ми всі різні, але ми українці",United Ukraine,Both,905,0.0181,1.81
competition:league|formation:5-3-2|mode:hardcore,50000,86,Міміно,Mimino,Both,8,0.00016,0.016
competition:league|formation:5-3-2|mode:hardcore,50000,87,Суперорли,Super Eagles,Both,6,0.00012,0.012
competition:league|formation:5-3-2|mode:hardcore,50000,88,Лінія Мажино,Maginot Line,Both,0,0,0
competition:league|formation:5-3-2|mode:hardcore,50000,89,П’ять пальців,Five Fingers,Both,37124,0.74248,74.248
competition:league|formation:5-3-2|mode:hardcore,50000,90,П’ятий елемент,The Fifth Element,Both,0,0,0
competition:league|formation:5-3-2|mode:hardcore,50000,91,Тризуб,Tryzub,Both,0,0,0
competition:league|formation:5-3-2|mode:hardcore,50000,92,Дуплет,Double Tap,Both,1525,0.0305,3.05
competition:league|formation:5-3-2|mode:hardcore,50000,93,Це нормально,This Is Fine,League,26,0.00052,0.052
competition:league|formation:5-3-2|mode:hardcore,50000,94,Кийов і Львов не указ Ужгородови,Kyiv and Lviv Don’t Rule Uzhorod,Both,1819,0.03638,3.6380000000000003
competition:league|formation:5-3-2|mode:hardcore,50000,95,Албанська мафія,"Ti Shqipëri, më jep nder",Both,8,0.00016,0.016
competition:cup,300000,1,Кєнти,Kents,Both,0,0,0
competition:cup,300000,2,Файне місто,Faine Misto,Both,2502,0.00834,0.8340000000000001
competition:cup,300000,3,Третя сила,The Third Force,Both,486,0.00162,0.16199999999999998
competition:cup,300000,4,Мрія Луческу,Lucescu’s Dream,Both,0,0,0
competition:cup,300000,5,Іноземний легіон,Foreign Legion,Both,0,0,0
competition:cup,300000,6,Слава Україні!,Slava Ukraini!,Both,33902,0.11300666666666667,11.300666666666666
competition:cup,300000,7,Донбас порожняк не гонить,Donbas Delivers,Both,12,0.00004,0.004
competition:cup,300000,8,Крим — це Україна!,Crimea Is Ukraine!,Both,3382,0.011273333333333333,1.1273333333333333
competition:cup,300000,9,Кубок Львову!,Cup to Lviv!,Cup,430,0.0014333333333333333,0.14333333333333334
competition:cup,300000,10,Зрада,Zrada,Both,166818,0.55606,55.606
competition:cup,300000,11,За вами виїхало СБУ,SBU Is Coming for You,Both,54064,0.18021333333333334,18.021333333333335
competition:cup,300000,12,Перед каждою ігрою!..,Before Every Game!..,League,0,0,0
competition:cup,300000,13,"Здається, Бог наказує нас за щось","Apparently, God Punishes Us",Both,107250,0.3575,35.75
competition:cup,300000,14,Перші назавжди,First Forever,League,0,0,0
competition:cup,300000,15,Весна 1999,Spring 1999,Both,14,0.000046666666666666665,0.004666666666666666
competition:cup,300000,16,Стамбул 2009,Istanbul 2009,Cup,4,0.000013333333333333333,0.0013333333333333333
competition:cup,300000,17,Варшава 2015,Warsaw 2015,Cup,38,0.00012666666666666666,0.012666666666666666
competition:cup,300000,18,Ударна пара,Strike Partnership,Both,2,0.000006666666666666667,0.0006666666666666666
competition:cup,300000,19,Золотий м’яч,Ballon d’Or,Both,18,0.00006,0.006
competition:cup,300000,20,СаШо,SaSho,Cup,242,0.0008066666666666667,0.08066666666666666
competition:cup,300000,21,Німеччина 2006,Germany 2006,Both,0,0,0
competition:cup,300000,22,Перший Кубок,The First Cup,Cup,6,0.00002,0.002
competition:cup,300000,23,Непереможні,Invincibles,League,0,0,0
competition:cup,300000,24,Безкомпромісні,No Compromises,League,0,0,0
competition:cup,300000,25,Ідеально збалансовано,Perfectly Balanced,League,0,0,0
competition:cup,300000,26,Потужно,Powerful Stuff,League,0,0,0
competition:cup,300000,27,Сухий закон,Prohibition,Both,30,0.0001,0.01
competition:cup,300000,28,На класі,Pure Class,Cup,240,0.0008,0.08
competition:cup,300000,29,Нерви зі сталі,Nerves of Steel,Cup,310,0.0010333333333333334,0.10333333333333333
competition:cup,300000,30,Завдання провалено успішно,Task Failed Successfully,Cup,0,0,0
competition:cup,300000,31,Я так бачу,Trust My Eyes,Both,717,0.00239,0.23900000000000002
competition:cup,300000,32,Монобільшість,Single-Party Majority,Both,8,0.000026666666666666667,0.0026666666666666666
competition:cup,300000,33,Коаліція,Coalition,Both,68026,0.22675333333333333,22.675333333333334
competition:cup,300000,34,Три мушкетери,The Three Musketeers,Both,66,0.00022,0.022000000000000002
competition:cup,300000,35,Автобус припарковано,Bus Parked,Both,122,0.00040666666666666667,0.04066666666666666
competition:cup,300000,36,"Гдє «Дінамо», гдє?",Where TF “Dynamo” at?,Both,16,0.00005333333333333333,0.005333333333333333
competition:cup,300000,37,На благо города і всєх харьковчан,For the Good of Kharkiv and All of the Citizens,Both,10,0.000033333333333333335,0.0033333333333333335
competition:cup,300000,38,Ящик горілки,A Crate of Vodka,Both,468,0.00156,0.156
competition:cup,300000,39,Полтавська битва,Battle of Poltava,Cup,134,0.00044666666666666666,0.04466666666666667
competition:cup,300000,40,Дніпровський тандем,Dnipro Tandem,Both,66,0.00022,0.022000000000000002
competition:cup,300000,41,Серце «Шахтаря»,Heart of Shakhtar,Both,10,0.000033333333333333335,0.0033333333333333335
competition:cup,300000,42,Бразильський трикутник,Brazilian Triangle,Both,0,0,0
competition:cup,300000,43,Слава нації,"Good Evening, We Are from Ukraine",Both,62,0.00020666666666666666,0.020666666666666667
competition:cup,300000,44,ООН,United Nations,Both,78,0.00026,0.026
competition:cup,300000,45,Балканський експрес,Balkan Express,Both,0,0,0
competition:cup,300000,46,Латиноамериканський квартал,Latin Quarter,Both,2,0.000006666666666666667,0.0006666666666666666
competition:cup,300000,47,Різні епохи. Один склад.,Different Eras. One Squad.,Both,247410,0.8247,82.47
competition:cup,300000,48,Жити по-новому,Living a New Way,Both,9416,0.03138666666666667,3.1386666666666665
competition:cup,300000,49,Назад у 90-ті,Back to the ’90s,Both,4032,0.01344,1.344
competition:cup,300000,50,Пропало все. Господи допоможи,Everything Is Lost. God Save Us All,League,0,0,0
competition:cup,300000,51,Нічия влаштовує,A Draw Will Do,League,0,0,0
competition:cup,300000,52,"Маємо те, що маємо",It Is What It Is,League,0,0,0
competition:cup,300000,53,На тоненького,By a Thread,League,0,0,0
competition:cup,300000,54,Бавовна,Bavovna,League,0,0,0
competition:cup,300000,55,Захист для слабаків,Defense Optional,League,0,0,0
competition:cup,300000,56,Лото «Забава»,The Lottery,Cup,292,0.0009733333333333333,0.09733333333333333
competition:cup,300000,57,На 120-й,In the 120th,Cup,130,0.0004333333333333333,0.043333333333333335
competition:cup,300000,58,"Пливли-пливли, а на березі...",Ch-ch-ch-choke Me!,Cup,4444,0.014813333333333333,1.4813333333333334
competition:cup,300000,59,"I Am from Bosnia, Take Me to America","I Am from Bosnia, Take Me to America",Both,640,0.0021333333333333334,0.21333333333333335
competition:cup,300000,60,На мінімалках,Bare Minimum,Cup,158,0.0005266666666666667,0.052666666666666674
competition:cup,300000,61,Динамівські серця,Hearts of “Dynamo”,Both,12,0.00004,0.004
competition:cup,300000,62,Фінал 2006,Final 2006,Cup,28,0.00009333333333333333,0.009333333333333332
competition:cup,300000,63,Легенда «Барселони»,Barcelona’s Legend,Both,714,0.00238,0.23800000000000002
competition:cup,300000,64,Промислова революція,Industrial Revolution,Both,7158,0.02386,2.386
competition:cup,300000,65,Два крила,Two Wings,Both,14,0.000046666666666666665,0.004666666666666666
competition:cup,300000,66,Крізь роки,Through the Years,Both,120,0.0004,0.04
competition:cup,300000,67,Кобзарі,The Kobzars,Both,8,0.000026666666666666667,0.0026666666666666666
competition:cup,300000,68,Акт Злуки,Act of Unity,Both,28012,0.09337333333333334,9.337333333333333
competition:cup,300000,69,Кордони 1991,Borders of 1991,Both,532,0.0017733333333333334,0.17733333333333334
competition:cup,300000,70,Львівське метро,Lviv Metro,Both,1940,0.006466666666666667,0.6466666666666666
competition:cup,300000,71,Котлета по-київськи,Chicken Kyiv,Both,1272,0.00424,0.424
competition:cup,300000,72,Кубок світу,World Cup,Both,0,0,0
competition:cup,300000,73,Кубок Африки,Africa Cup,Both,0,0,0
competition:cup,300000,74,День бабака,Groundhog Day,Cup,3602,0.012006666666666667,1.2006666666666668
competition:cup,300000,75,Стара школа,Old School,Both,251,0.0008366666666666667,0.08366666666666667
competition:cup,300000,76,Так!,Yes!,Both,12428,0.04142666666666667,4.142666666666667
competition:cup,300000,77,Покращення вже сьогодні,A Better Life Today,Both,17820,0.0594,5.94
competition:cup,300000,78,Опорник із Запоріжжя,CDM from Zaporizhzhia,Both,2714,0.009046666666666666,0.9046666666666666
competition:cup,300000,79,Мужики,The Lads,Both,1310,0.004366666666666666,0.43666666666666665
competition:cup,300000,80,Бойся Бога і пацанов с Крівова Рога,Fear God and Chaps from Kryvyi Rih,Both,1964,0.006546666666666667,0.6546666666666667
competition:cup,300000,81,Олександрійське диво,Oleksandriya Miracle,Both,18,0.00006,0.006
competition:cup,300000,82,Ковалівка в Європі,Kovalivka in Europe,Both,344,0.0011466666666666667,0.11466666666666667
competition:cup,300000,83,Потримай моє пиво,Hold My Beer,Both,534,0.00178,0.178
competition:cup,300000,84,Українське класичне,Ukrainian Clásico,Both,764,0.0025466666666666667,0.25466666666666665
competition:cup,300000,85,"Ми всі різні, але ми українці",United Ukraine,Both,7968,0.02656,2.656
competition:cup,300000,86,Міміно,Mimino,Both,26,0.00008666666666666667,0.008666666666666666
competition:cup,300000,87,Суперорли,Super Eagles,Both,24,0.00008,0.008
competition:cup,300000,88,Лінія Мажино,Maginot Line,Both,0,0,0
competition:cup,300000,89,П’ять пальців,Five Fingers,Both,77402,0.25800666666666666,25.800666666666665
competition:cup,300000,90,П’ятий елемент,The Fifth Element,Both,258,0.00086,0.086
competition:cup,300000,91,Тризуб,Tryzub,Both,49498,0.16499333333333333,16.499333333333333
competition:cup,300000,92,Дуплет,Double Tap,Both,5130,0.0171,1.71
competition:cup,300000,93,Це нормально,This Is Fine,League,0,0,0
competition:cup,300000,94,Кийов і Львов не указ Ужгородови,Kyiv and Lviv Don’t Rule Uzhorod,Both,9756,0.03252,3.2520000000000002
competition:cup,300000,95,Албанська мафія,"Ti Shqipëri, më jep nder",Both,68,0.00022666666666666666,0.022666666666666665
competition:cup|formation:4-4-2|mode:normal,50000,1,Кєнти,Kents,Both,0,0,0
competition:cup|formation:4-4-2|mode:normal,50000,2,Файне місто,Faine Misto,Both,378,0.00756,0.756
competition:cup|formation:4-4-2|mode:normal,50000,3,Третя сила,The Third Force,Both,82,0.00164,0.164
competition:cup|formation:4-4-2|mode:normal,50000,4,Мрія Луческу,Lucescu’s Dream,Both,0,0,0
competition:cup|formation:4-4-2|mode:normal,50000,5,Іноземний легіон,Foreign Legion,Both,0,0,0
competition:cup|formation:4-4-2|mode:normal,50000,6,Слава Україні!,Slava Ukraini!,Both,5488,0.10976,10.975999999999999
competition:cup|formation:4-4-2|mode:normal,50000,7,Донбас порожняк не гонить,Donbas Delivers,Both,3,0.00006,0.006
competition:cup|formation:4-4-2|mode:normal,50000,8,Крим — це Україна!,Crimea Is Ukraine!,Both,599,0.01198,1.198
competition:cup|formation:4-4-2|mode:normal,50000,9,Кубок Львову!,Cup to Lviv!,Cup,77,0.00154,0.154
competition:cup|formation:4-4-2|mode:normal,50000,10,Зрада,Zrada,Both,27574,0.55148,55.147999999999996
competition:cup|formation:4-4-2|mode:normal,50000,11,За вами виїхало СБУ,SBU Is Coming for You,Both,8906,0.17812,17.812
competition:cup|formation:4-4-2|mode:normal,50000,12,Перед каждою ігрою!..,Before Every Game!..,League,0,0,0
competition:cup|formation:4-4-2|mode:normal,50000,13,"Здається, Бог наказує нас за щось","Apparently, God Punishes Us",Both,17805,0.3561,35.61
competition:cup|formation:4-4-2|mode:normal,50000,14,Перші назавжди,First Forever,League,0,0,0
competition:cup|formation:4-4-2|mode:normal,50000,15,Весна 1999,Spring 1999,Both,2,0.00004,0.004
competition:cup|formation:4-4-2|mode:normal,50000,16,Стамбул 2009,Istanbul 2009,Cup,0,0,0
competition:cup|formation:4-4-2|mode:normal,50000,17,Варшава 2015,Warsaw 2015,Cup,7,0.00014,0.013999999999999999
competition:cup|formation:4-4-2|mode:normal,50000,18,Ударна пара,Strike Partnership,Both,0,0,0
competition:cup|formation:4-4-2|mode:normal,50000,19,Золотий м’яч,Ballon d’Or,Both,2,0.00004,0.004
competition:cup|formation:4-4-2|mode:normal,50000,20,СаШо,SaSho,Cup,41,0.00082,0.082
competition:cup|formation:4-4-2|mode:normal,50000,21,Німеччина 2006,Germany 2006,Both,0,0,0
competition:cup|formation:4-4-2|mode:normal,50000,22,Перший Кубок,The First Cup,Cup,3,0.00006,0.006
competition:cup|formation:4-4-2|mode:normal,50000,23,Непереможні,Invincibles,League,0,0,0
competition:cup|formation:4-4-2|mode:normal,50000,24,Безкомпромісні,No Compromises,League,0,0,0
competition:cup|formation:4-4-2|mode:normal,50000,25,Ідеально збалансовано,Perfectly Balanced,League,0,0,0
competition:cup|formation:4-4-2|mode:normal,50000,26,Потужно,Powerful Stuff,League,0,0,0
competition:cup|formation:4-4-2|mode:normal,50000,27,Сухий закон,Prohibition,Both,6,0.00012,0.012
competition:cup|formation:4-4-2|mode:normal,50000,28,На класі,Pure Class,Cup,45,0.0009,0.09
competition:cup|formation:4-4-2|mode:normal,50000,29,Нерви зі сталі,Nerves of Steel,Cup,61,0.00122,0.122
competition:cup|formation:4-4-2|mode:normal,50000,30,Завдання провалено успішно,Task Failed Successfully,Cup,0,0,0
competition:cup|formation:4-4-2|mode:normal,50000,31,Я так бачу,Trust My Eyes,Both,0,0,0
competition:cup|formation:4-4-2|mode:normal,50000,32,Монобільшість,Single-Party Majority,Both,2,0.00004,0.004
competition:cup|formation:4-4-2|mode:normal,50000,33,Коаліція,Coalition,Both,11190,0.2238,22.38
competition:cup|formation:4-4-2|mode:normal,50000,34,Три мушкетери,The Three Musketeers,Both,0,0,0
competition:cup|formation:4-4-2|mode:normal,50000,35,Автобус припарковано,Bus Parked,Both,0,0,0
competition:cup|formation:4-4-2|mode:normal,50000,36,"Гдє «Дінамо», гдє?",Where TF “Dynamo” at?,Both,2,0.00004,0.004
competition:cup|formation:4-4-2|mode:normal,50000,37,На благо города і всєх харьковчан,For the Good of Kharkiv and All of the Citizens,Both,2,0.00004,0.004
competition:cup|formation:4-4-2|mode:normal,50000,38,Ящик горілки,A Crate of Vodka,Both,70,0.0014,0.13999999999999999
competition:cup|formation:4-4-2|mode:normal,50000,39,Полтавська битва,Battle of Poltava,Cup,27,0.00054,0.054
competition:cup|formation:4-4-2|mode:normal,50000,40,Дніпровський тандем,Dnipro Tandem,Both,7,0.00014,0.013999999999999999
competition:cup|formation:4-4-2|mode:normal,50000,41,Серце «Шахтаря»,Heart of Shakhtar,Both,3,0.00006,0.006
competition:cup|formation:4-4-2|mode:normal,50000,42,Бразильський трикутник,Brazilian Triangle,Both,0,0,0
competition:cup|formation:4-4-2|mode:normal,50000,43,Слава нації,"Good Evening, We Are from Ukraine",Both,0,0,0
competition:cup|formation:4-4-2|mode:normal,50000,44,ООН,United Nations,Both,10,0.0002,0.02
competition:cup|formation:4-4-2|mode:normal,50000,45,Балканський експрес,Balkan Express,Both,0,0,0
competition:cup|formation:4-4-2|mode:normal,50000,46,Латиноамериканський квартал,Latin Quarter,Both,1,0.00002,0.002
competition:cup|formation:4-4-2|mode:normal,50000,47,Різні епохи. Один склад.,Different Eras. One Squad.,Both,41323,0.82646,82.646
competition:cup|formation:4-4-2|mode:normal,50000,48,Жити по-новому,Living a New Way,Both,1621,0.03242,3.2419999999999995
competition:cup|formation:4-4-2|mode:normal,50000,49,Назад у 90-ті,Back to the ’90s,Both,579,0.01158,1.158
competition:cup|formation:4-4-2|mode:normal,50000,50,Пропало все. Господи допоможи,Everything Is Lost. God Save Us All,League,0,0,0
competition:cup|formation:4-4-2|mode:normal,50000,51,Нічия влаштовує,A Draw Will Do,League,0,0,0
competition:cup|formation:4-4-2|mode:normal,50000,52,"Маємо те, що маємо",It Is What It Is,League,0,0,0
competition:cup|formation:4-4-2|mode:normal,50000,53,На тоненького,By a Thread,League,0,0,0
competition:cup|formation:4-4-2|mode:normal,50000,54,Бавовна,Bavovna,League,0,0,0
competition:cup|formation:4-4-2|mode:normal,50000,55,Захист для слабаків,Defense Optional,League,0,0,0
competition:cup|formation:4-4-2|mode:normal,50000,56,Лото «Забава»,The Lottery,Cup,48,0.00096,0.096
competition:cup|formation:4-4-2|mode:normal,50000,57,На 120-й,In the 120th,Cup,26,0.00052,0.052
competition:cup|formation:4-4-2|mode:normal,50000,58,"Пливли-пливли, а на березі...",Ch-ch-ch-choke Me!,Cup,741,0.01482,1.482
competition:cup|formation:4-4-2|mode:normal,50000,59,"I Am from Bosnia, Take Me to America","I Am from Bosnia, Take Me to America",Both,112,0.00224,0.22399999999999998
competition:cup|formation:4-4-2|mode:normal,50000,60,На мінімалках,Bare Minimum,Cup,36,0.00072,0.07200000000000001
competition:cup|formation:4-4-2|mode:normal,50000,61,Динамівські серця,Hearts of “Dynamo”,Both,1,0.00002,0.002
competition:cup|formation:4-4-2|mode:normal,50000,62,Фінал 2006,Final 2006,Cup,3,0.00006,0.006
competition:cup|formation:4-4-2|mode:normal,50000,63,Легенда «Барселони»,Barcelona’s Legend,Both,86,0.00172,0.172
competition:cup|formation:4-4-2|mode:normal,50000,64,Промислова революція,Industrial Revolution,Both,1169,0.02338,2.338
competition:cup|formation:4-4-2|mode:normal,50000,65,Два крила,Two Wings,Both,2,0.00004,0.004
competition:cup|formation:4-4-2|mode:normal,50000,66,Крізь роки,Through the Years,Both,21,0.00042,0.042
competition:cup|formation:4-4-2|mode:normal,50000,67,Кобзарі,The Kobzars,Both,1,0.00002,0.002
competition:cup|formation:4-4-2|mode:normal,50000,68,Акт Злуки,Act of Unity,Both,4760,0.0952,9.520000000000001
competition:cup|formation:4-4-2|mode:normal,50000,69,Кордони 1991,Borders of 1991,Both,91,0.00182,0.182
competition:cup|formation:4-4-2|mode:normal,50000,70,Львівське метро,Lviv Metro,Both,323,0.00646,0.6459999999999999
competition:cup|formation:4-4-2|mode:normal,50000,71,Котлета по-київськи,Chicken Kyiv,Both,224,0.00448,0.44799999999999995
competition:cup|formation:4-4-2|mode:normal,50000,72,Кубок світу,World Cup,Both,0,0,0
competition:cup|formation:4-4-2|mode:normal,50000,73,Кубок Африки,Africa Cup,Both,0,0,0
competition:cup|formation:4-4-2|mode:normal,50000,74,День бабака,Groundhog Day,Cup,609,0.01218,1.218
competition:cup|formation:4-4-2|mode:normal,50000,75,Стара школа,Old School,Both,0,0,0
competition:cup|formation:4-4-2|mode:normal,50000,76,Так!,Yes!,Both,2000,0.04,4
competition:cup|formation:4-4-2|mode:normal,50000,77,Покращення вже сьогодні,A Better Life Today,Both,3113,0.06226,6.226
competition:cup|formation:4-4-2|mode:normal,50000,78,Опорник із Запоріжжя,CDM from Zaporizhzhia,Both,578,0.01156,1.1560000000000001
competition:cup|formation:4-4-2|mode:normal,50000,79,Мужики,The Lads,Both,275,0.0055,0.5499999999999999
competition:cup|formation:4-4-2|mode:normal,50000,80,Бойся Бога і пацанов с Крівова Рога,Fear God and Chaps from Kryvyi Rih,Both,341,0.00682,0.6819999999999999
competition:cup|formation:4-4-2|mode:normal,50000,81,Олександрійське диво,Oleksandriya Miracle,Both,3,0.00006,0.006
competition:cup|formation:4-4-2|mode:normal,50000,82,Ковалівка в Європі,Kovalivka in Europe,Both,70,0.0014,0.13999999999999999
competition:cup|formation:4-4-2|mode:normal,50000,83,Потримай моє пиво,Hold My Beer,Both,106,0.00212,0.212
competition:cup|formation:4-4-2|mode:normal,50000,84,Українське класичне,Ukrainian Clásico,Both,126,0.00252,0.252
competition:cup|formation:4-4-2|mode:normal,50000,85,"Ми всі різні, але ми українці",United Ukraine,Both,1301,0.02602,2.6020000000000003
competition:cup|formation:4-4-2|mode:normal,50000,86,Міміно,Mimino,Both,5,0.0001,0.01
competition:cup|formation:4-4-2|mode:normal,50000,87,Суперорли,Super Eagles,Both,3,0.00006,0.006
competition:cup|formation:4-4-2|mode:normal,50000,88,Лінія Мажино,Maginot Line,Both,0,0,0
competition:cup|formation:4-4-2|mode:normal,50000,89,П’ять пальців,Five Fingers,Both,0,0,0
competition:cup|formation:4-4-2|mode:normal,50000,90,П’ятий елемент,The Fifth Element,Both,0,0,0
competition:cup|formation:4-4-2|mode:normal,50000,91,Тризуб,Tryzub,Both,0,0,0
competition:cup|formation:4-4-2|mode:normal,50000,92,Дуплет,Double Tap,Both,896,0.01792,1.7919999999999998
competition:cup|formation:4-4-2|mode:normal,50000,93,Це нормально,This Is Fine,League,0,0,0
competition:cup|formation:4-4-2|mode:normal,50000,94,Кийов і Львов не указ Ужгородови,Kyiv and Lviv Don’t Rule Uzhorod,Both,1574,0.03148,3.148
competition:cup|formation:4-4-2|mode:normal,50000,95,Албанська мафія,"Ti Shqipëri, më jep nder",Both,11,0.00022,0.022000000000000002
competition:cup|formation:4-4-2|mode:hardcore,50000,1,Кєнти,Kents,Both,0,0,0
competition:cup|formation:4-4-2|mode:hardcore,50000,2,Файне місто,Faine Misto,Both,378,0.00756,0.756
competition:cup|formation:4-4-2|mode:hardcore,50000,3,Третя сила,The Third Force,Both,82,0.00164,0.164
competition:cup|formation:4-4-2|mode:hardcore,50000,4,Мрія Луческу,Lucescu’s Dream,Both,0,0,0
competition:cup|formation:4-4-2|mode:hardcore,50000,5,Іноземний легіон,Foreign Legion,Both,0,0,0
competition:cup|formation:4-4-2|mode:hardcore,50000,6,Слава Україні!,Slava Ukraini!,Both,5488,0.10976,10.975999999999999
competition:cup|formation:4-4-2|mode:hardcore,50000,7,Донбас порожняк не гонить,Donbas Delivers,Both,3,0.00006,0.006
competition:cup|formation:4-4-2|mode:hardcore,50000,8,Крим — це Україна!,Crimea Is Ukraine!,Both,599,0.01198,1.198
competition:cup|formation:4-4-2|mode:hardcore,50000,9,Кубок Львову!,Cup to Lviv!,Cup,77,0.00154,0.154
competition:cup|formation:4-4-2|mode:hardcore,50000,10,Зрада,Zrada,Both,27574,0.55148,55.147999999999996
competition:cup|formation:4-4-2|mode:hardcore,50000,11,За вами виїхало СБУ,SBU Is Coming for You,Both,8906,0.17812,17.812
competition:cup|formation:4-4-2|mode:hardcore,50000,12,Перед каждою ігрою!..,Before Every Game!..,League,0,0,0
competition:cup|formation:4-4-2|mode:hardcore,50000,13,"Здається, Бог наказує нас за щось","Apparently, God Punishes Us",Both,17805,0.3561,35.61
competition:cup|formation:4-4-2|mode:hardcore,50000,14,Перші назавжди,First Forever,League,0,0,0
competition:cup|formation:4-4-2|mode:hardcore,50000,15,Весна 1999,Spring 1999,Both,2,0.00004,0.004
competition:cup|formation:4-4-2|mode:hardcore,50000,16,Стамбул 2009,Istanbul 2009,Cup,0,0,0
competition:cup|formation:4-4-2|mode:hardcore,50000,17,Варшава 2015,Warsaw 2015,Cup,7,0.00014,0.013999999999999999
competition:cup|formation:4-4-2|mode:hardcore,50000,18,Ударна пара,Strike Partnership,Both,0,0,0
competition:cup|formation:4-4-2|mode:hardcore,50000,19,Золотий м’яч,Ballon d’Or,Both,2,0.00004,0.004
competition:cup|formation:4-4-2|mode:hardcore,50000,20,СаШо,SaSho,Cup,41,0.00082,0.082
competition:cup|formation:4-4-2|mode:hardcore,50000,21,Німеччина 2006,Germany 2006,Both,0,0,0
competition:cup|formation:4-4-2|mode:hardcore,50000,22,Перший Кубок,The First Cup,Cup,3,0.00006,0.006
competition:cup|formation:4-4-2|mode:hardcore,50000,23,Непереможні,Invincibles,League,0,0,0
competition:cup|formation:4-4-2|mode:hardcore,50000,24,Безкомпромісні,No Compromises,League,0,0,0
competition:cup|formation:4-4-2|mode:hardcore,50000,25,Ідеально збалансовано,Perfectly Balanced,League,0,0,0
competition:cup|formation:4-4-2|mode:hardcore,50000,26,Потужно,Powerful Stuff,League,0,0,0
competition:cup|formation:4-4-2|mode:hardcore,50000,27,Сухий закон,Prohibition,Both,6,0.00012,0.012
competition:cup|formation:4-4-2|mode:hardcore,50000,28,На класі,Pure Class,Cup,45,0.0009,0.09
competition:cup|formation:4-4-2|mode:hardcore,50000,29,Нерви зі сталі,Nerves of Steel,Cup,61,0.00122,0.122
competition:cup|formation:4-4-2|mode:hardcore,50000,30,Завдання провалено успішно,Task Failed Successfully,Cup,0,0,0
competition:cup|formation:4-4-2|mode:hardcore,50000,31,Я так бачу,Trust My Eyes,Both,251,0.00502,0.502
competition:cup|formation:4-4-2|mode:hardcore,50000,32,Монобільшість,Single-Party Majority,Both,2,0.00004,0.004
competition:cup|formation:4-4-2|mode:hardcore,50000,33,Коаліція,Coalition,Both,11190,0.2238,22.38
competition:cup|formation:4-4-2|mode:hardcore,50000,34,Три мушкетери,The Three Musketeers,Both,0,0,0
competition:cup|formation:4-4-2|mode:hardcore,50000,35,Автобус припарковано,Bus Parked,Both,0,0,0
competition:cup|formation:4-4-2|mode:hardcore,50000,36,"Гдє «Дінамо», гдє?",Where TF “Dynamo” at?,Both,2,0.00004,0.004
competition:cup|formation:4-4-2|mode:hardcore,50000,37,На благо города і всєх харьковчан,For the Good of Kharkiv and All of the Citizens,Both,2,0.00004,0.004
competition:cup|formation:4-4-2|mode:hardcore,50000,38,Ящик горілки,A Crate of Vodka,Both,70,0.0014,0.13999999999999999
competition:cup|formation:4-4-2|mode:hardcore,50000,39,Полтавська битва,Battle of Poltava,Cup,27,0.00054,0.054
competition:cup|formation:4-4-2|mode:hardcore,50000,40,Дніпровський тандем,Dnipro Tandem,Both,7,0.00014,0.013999999999999999
competition:cup|formation:4-4-2|mode:hardcore,50000,41,Серце «Шахтаря»,Heart of Shakhtar,Both,3,0.00006,0.006
competition:cup|formation:4-4-2|mode:hardcore,50000,42,Бразильський трикутник,Brazilian Triangle,Both,0,0,0
competition:cup|formation:4-4-2|mode:hardcore,50000,43,Слава нації,"Good Evening, We Are from Ukraine",Both,24,0.00048,0.048
competition:cup|formation:4-4-2|mode:hardcore,50000,44,ООН,United Nations,Both,10,0.0002,0.02
competition:cup|formation:4-4-2|mode:hardcore,50000,45,Балканський експрес,Balkan Express,Both,0,0,0
competition:cup|formation:4-4-2|mode:hardcore,50000,46,Латиноамериканський квартал,Latin Quarter,Both,1,0.00002,0.002
competition:cup|formation:4-4-2|mode:hardcore,50000,47,Різні епохи. Один склад.,Different Eras. One Squad.,Both,41323,0.82646,82.646
competition:cup|formation:4-4-2|mode:hardcore,50000,48,Жити по-новому,Living a New Way,Both,1621,0.03242,3.2419999999999995
competition:cup|formation:4-4-2|mode:hardcore,50000,49,Назад у 90-ті,Back to the ’90s,Both,579,0.01158,1.158
competition:cup|formation:4-4-2|mode:hardcore,50000,50,Пропало все. Господи допоможи,Everything Is Lost. God Save Us All,League,0,0,0
competition:cup|formation:4-4-2|mode:hardcore,50000,51,Нічия влаштовує,A Draw Will Do,League,0,0,0
competition:cup|formation:4-4-2|mode:hardcore,50000,52,"Маємо те, що маємо",It Is What It Is,League,0,0,0
competition:cup|formation:4-4-2|mode:hardcore,50000,53,На тоненького,By a Thread,League,0,0,0
competition:cup|formation:4-4-2|mode:hardcore,50000,54,Бавовна,Bavovna,League,0,0,0
competition:cup|formation:4-4-2|mode:hardcore,50000,55,Захист для слабаків,Defense Optional,League,0,0,0
competition:cup|formation:4-4-2|mode:hardcore,50000,56,Лото «Забава»,The Lottery,Cup,48,0.00096,0.096
competition:cup|formation:4-4-2|mode:hardcore,50000,57,На 120-й,In the 120th,Cup,26,0.00052,0.052
competition:cup|formation:4-4-2|mode:hardcore,50000,58,"Пливли-пливли, а на березі...",Ch-ch-ch-choke Me!,Cup,741,0.01482,1.482
competition:cup|formation:4-4-2|mode:hardcore,50000,59,"I Am from Bosnia, Take Me to America","I Am from Bosnia, Take Me to America",Both,112,0.00224,0.22399999999999998
competition:cup|formation:4-4-2|mode:hardcore,50000,60,На мінімалках,Bare Minimum,Cup,36,0.00072,0.07200000000000001
competition:cup|formation:4-4-2|mode:hardcore,50000,61,Динамівські серця,Hearts of “Dynamo”,Both,1,0.00002,0.002
competition:cup|formation:4-4-2|mode:hardcore,50000,62,Фінал 2006,Final 2006,Cup,3,0.00006,0.006
competition:cup|formation:4-4-2|mode:hardcore,50000,63,Легенда «Барселони»,Barcelona’s Legend,Both,86,0.00172,0.172
competition:cup|formation:4-4-2|mode:hardcore,50000,64,Промислова революція,Industrial Revolution,Both,1169,0.02338,2.338
competition:cup|formation:4-4-2|mode:hardcore,50000,65,Два крила,Two Wings,Both,2,0.00004,0.004
competition:cup|formation:4-4-2|mode:hardcore,50000,66,Крізь роки,Through the Years,Both,21,0.00042,0.042
competition:cup|formation:4-4-2|mode:hardcore,50000,67,Кобзарі,The Kobzars,Both,1,0.00002,0.002
competition:cup|formation:4-4-2|mode:hardcore,50000,68,Акт Злуки,Act of Unity,Both,4760,0.0952,9.520000000000001
competition:cup|formation:4-4-2|mode:hardcore,50000,69,Кордони 1991,Borders of 1991,Both,91,0.00182,0.182
competition:cup|formation:4-4-2|mode:hardcore,50000,70,Львівське метро,Lviv Metro,Both,323,0.00646,0.6459999999999999
competition:cup|formation:4-4-2|mode:hardcore,50000,71,Котлета по-київськи,Chicken Kyiv,Both,224,0.00448,0.44799999999999995
competition:cup|formation:4-4-2|mode:hardcore,50000,72,Кубок світу,World Cup,Both,0,0,0
competition:cup|formation:4-4-2|mode:hardcore,50000,73,Кубок Африки,Africa Cup,Both,0,0,0
competition:cup|formation:4-4-2|mode:hardcore,50000,74,День бабака,Groundhog Day,Cup,609,0.01218,1.218
competition:cup|formation:4-4-2|mode:hardcore,50000,75,Стара школа,Old School,Both,251,0.00502,0.502
competition:cup|formation:4-4-2|mode:hardcore,50000,76,Так!,Yes!,Both,2000,0.04,4
competition:cup|formation:4-4-2|mode:hardcore,50000,77,Покращення вже сьогодні,A Better Life Today,Both,3113,0.06226,6.226
competition:cup|formation:4-4-2|mode:hardcore,50000,78,Опорник із Запоріжжя,CDM from Zaporizhzhia,Both,578,0.01156,1.1560000000000001
competition:cup|formation:4-4-2|mode:hardcore,50000,79,Мужики,The Lads,Both,275,0.0055,0.5499999999999999
competition:cup|formation:4-4-2|mode:hardcore,50000,80,Бойся Бога і пацанов с Крівова Рога,Fear God and Chaps from Kryvyi Rih,Both,341,0.00682,0.6819999999999999
competition:cup|formation:4-4-2|mode:hardcore,50000,81,Олександрійське диво,Oleksandriya Miracle,Both,3,0.00006,0.006
competition:cup|formation:4-4-2|mode:hardcore,50000,82,Ковалівка в Європі,Kovalivka in Europe,Both,70,0.0014,0.13999999999999999
competition:cup|formation:4-4-2|mode:hardcore,50000,83,Потримай моє пиво,Hold My Beer,Both,106,0.00212,0.212
competition:cup|formation:4-4-2|mode:hardcore,50000,84,Українське класичне,Ukrainian Clásico,Both,126,0.00252,0.252
competition:cup|formation:4-4-2|mode:hardcore,50000,85,"Ми всі різні, але ми українці",United Ukraine,Both,1301,0.02602,2.6020000000000003
competition:cup|formation:4-4-2|mode:hardcore,50000,86,Міміно,Mimino,Both,5,0.0001,0.01
competition:cup|formation:4-4-2|mode:hardcore,50000,87,Суперорли,Super Eagles,Both,3,0.00006,0.006
competition:cup|formation:4-4-2|mode:hardcore,50000,88,Лінія Мажино,Maginot Line,Both,0,0,0
competition:cup|formation:4-4-2|mode:hardcore,50000,89,П’ять пальців,Five Fingers,Both,0,0,0
competition:cup|formation:4-4-2|mode:hardcore,50000,90,П’ятий елемент,The Fifth Element,Both,0,0,0
competition:cup|formation:4-4-2|mode:hardcore,50000,91,Тризуб,Tryzub,Both,0,0,0
competition:cup|formation:4-4-2|mode:hardcore,50000,92,Дуплет,Double Tap,Both,896,0.01792,1.7919999999999998
competition:cup|formation:4-4-2|mode:hardcore,50000,93,Це нормально,This Is Fine,League,0,0,0
competition:cup|formation:4-4-2|mode:hardcore,50000,94,Кийов і Львов не указ Ужгородови,Kyiv and Lviv Don’t Rule Uzhorod,Both,1574,0.03148,3.148
competition:cup|formation:4-4-2|mode:hardcore,50000,95,Албанська мафія,"Ti Shqipëri, më jep nder",Both,11,0.00022,0.022000000000000002
competition:cup|formation:3-5-2|mode:normal,50000,1,Кєнти,Kents,Both,0,0,0
competition:cup|formation:3-5-2|mode:normal,50000,2,Файне місто,Faine Misto,Both,446,0.00892,0.8920000000000001
competition:cup|formation:3-5-2|mode:normal,50000,3,Третя сила,The Third Force,Both,98,0.00196,0.196
competition:cup|formation:3-5-2|mode:normal,50000,4,Мрія Луческу,Lucescu’s Dream,Both,0,0,0
competition:cup|formation:3-5-2|mode:normal,50000,5,Іноземний легіон,Foreign Legion,Both,0,0,0
competition:cup|formation:3-5-2|mode:normal,50000,6,Слава Україні!,Slava Ukraini!,Both,5176,0.10352,10.352
competition:cup|formation:3-5-2|mode:normal,50000,7,Донбас порожняк не гонить,Donbas Delivers,Both,2,0.00004,0.004
competition:cup|formation:3-5-2|mode:normal,50000,8,Крим — це Україна!,Crimea Is Ukraine!,Both,545,0.0109,1.09
competition:cup|formation:3-5-2|mode:normal,50000,9,Кубок Львову!,Cup to Lviv!,Cup,78,0.00156,0.156
competition:cup|formation:3-5-2|mode:normal,50000,10,Зрада,Zrada,Both,28255,0.5651,56.510000000000005
competition:cup|formation:3-5-2|mode:normal,50000,11,За вами виїхало СБУ,SBU Is Coming for You,Both,9425,0.1885,18.85
competition:cup|formation:3-5-2|mode:normal,50000,12,Перед каждою ігрою!..,Before Every Game!..,League,0,0,0
competition:cup|formation:3-5-2|mode:normal,50000,13,"Здається, Бог наказує нас за щось","Apparently, God Punishes Us",Both,17478,0.34956,34.955999999999996
competition:cup|formation:3-5-2|mode:normal,50000,14,Перші назавжди,First Forever,League,0,0,0
competition:cup|formation:3-5-2|mode:normal,50000,15,Весна 1999,Spring 1999,Both,4,0.00008,0.008
competition:cup|formation:3-5-2|mode:normal,50000,16,Стамбул 2009,Istanbul 2009,Cup,1,0.00002,0.002
competition:cup|formation:3-5-2|mode:normal,50000,17,Варшава 2015,Warsaw 2015,Cup,5,0.0001,0.01
competition:cup|formation:3-5-2|mode:normal,50000,18,Ударна пара,Strike Partnership,Both,0,0,0
competition:cup|formation:3-5-2|mode:normal,50000,19,Золотий м’яч,Ballon d’Or,Both,5,0.0001,0.01
competition:cup|formation:3-5-2|mode:normal,50000,20,СаШо,SaSho,Cup,51,0.00102,0.10200000000000001
competition:cup|formation:3-5-2|mode:normal,50000,21,Німеччина 2006,Germany 2006,Both,0,0,0
competition:cup|formation:3-5-2|mode:normal,50000,22,Перший Кубок,The First Cup,Cup,0,0,0
competition:cup|formation:3-5-2|mode:normal,50000,23,Непереможні,Invincibles,League,0,0,0
competition:cup|formation:3-5-2|mode:normal,50000,24,Безкомпромісні,No Compromises,League,0,0,0
competition:cup|formation:3-5-2|mode:normal,50000,25,Ідеально збалансовано,Perfectly Balanced,League,0,0,0
competition:cup|formation:3-5-2|mode:normal,50000,26,Потужно,Powerful Stuff,League,0,0,0
competition:cup|formation:3-5-2|mode:normal,50000,27,Сухий закон,Prohibition,Both,5,0.0001,0.01
competition:cup|formation:3-5-2|mode:normal,50000,28,На класі,Pure Class,Cup,47,0.00094,0.094
competition:cup|formation:3-5-2|mode:normal,50000,29,Нерви зі сталі,Nerves of Steel,Cup,52,0.00104,0.104
competition:cup|formation:3-5-2|mode:normal,50000,30,Завдання провалено успішно,Task Failed Successfully,Cup,0,0,0
competition:cup|formation:3-5-2|mode:normal,50000,31,Я так бачу,Trust My Eyes,Both,0,0,0
competition:cup|formation:3-5-2|mode:normal,50000,32,Монобільшість,Single-Party Majority,Both,1,0.00002,0.002
competition:cup|formation:3-5-2|mode:normal,50000,33,Коаліція,Coalition,Both,11301,0.22602,22.602
competition:cup|formation:3-5-2|mode:normal,50000,34,Три мушкетери,The Three Musketeers,Both,33,0.00066,0.066
competition:cup|formation:3-5-2|mode:normal,50000,35,Автобус припарковано,Bus Parked,Both,0,0,0
competition:cup|formation:3-5-2|mode:normal,50000,36,"Гдє «Дінамо», гдє?",Where TF “Dynamo” at?,Both,2,0.00004,0.004
competition:cup|formation:3-5-2|mode:normal,50000,37,На благо города і всєх харьковчан,For the Good of Kharkiv and All of the Citizens,Both,3,0.00006,0.006
competition:cup|formation:3-5-2|mode:normal,50000,38,Ящик горілки,A Crate of Vodka,Both,86,0.00172,0.172
competition:cup|formation:3-5-2|mode:normal,50000,39,Полтавська битва,Battle of Poltava,Cup,25,0.0005,0.05
competition:cup|formation:3-5-2|mode:normal,50000,40,Дніпровський тандем,Dnipro Tandem,Both,16,0.00032,0.032
competition:cup|formation:3-5-2|mode:normal,50000,41,Серце «Шахтаря»,Heart of Shakhtar,Both,0,0,0
competition:cup|formation:3-5-2|mode:normal,50000,42,Бразильський трикутник,Brazilian Triangle,Both,0,0,0
competition:cup|formation:3-5-2|mode:normal,50000,43,Слава нації,"Good Evening, We Are from Ukraine",Both,0,0,0
competition:cup|formation:3-5-2|mode:normal,50000,44,ООН,United Nations,Both,14,0.00028,0.027999999999999997
competition:cup|formation:3-5-2|mode:normal,50000,45,Балканський експрес,Balkan Express,Both,0,0,0
competition:cup|formation:3-5-2|mode:normal,50000,46,Латиноамериканський квартал,Latin Quarter,Both,0,0,0
competition:cup|formation:3-5-2|mode:normal,50000,47,Різні епохи. Один склад.,Different Eras. One Squad.,Both,41210,0.8242,82.42
competition:cup|formation:3-5-2|mode:normal,50000,48,Жити по-новому,Living a New Way,Both,1519,0.03038,3.0380000000000003
competition:cup|formation:3-5-2|mode:normal,50000,49,Назад у 90-ті,Back to the ’90s,Both,746,0.01492,1.492
competition:cup|formation:3-5-2|mode:normal,50000,50,Пропало все. Господи допоможи,Everything Is Lost. God Save Us All,League,0,0,0
competition:cup|formation:3-5-2|mode:normal,50000,51,Нічия влаштовує,A Draw Will Do,League,0,0,0
competition:cup|formation:3-5-2|mode:normal,50000,52,"Маємо те, що маємо",It Is What It Is,League,0,0,0
competition:cup|formation:3-5-2|mode:normal,50000,53,На тоненького,By a Thread,League,0,0,0
competition:cup|formation:3-5-2|mode:normal,50000,54,Бавовна,Bavovna,League,0,0,0
competition:cup|formation:3-5-2|mode:normal,50000,55,Захист для слабаків,Defense Optional,League,0,0,0
competition:cup|formation:3-5-2|mode:normal,50000,56,Лото «Забава»,The Lottery,Cup,50,0.001,0.1
competition:cup|formation:3-5-2|mode:normal,50000,57,На 120-й,In the 120th,Cup,24,0.00048,0.048
competition:cup|formation:3-5-2|mode:normal,50000,58,"Пливли-пливли, а на березі...",Ch-ch-ch-choke Me!,Cup,823,0.01646,1.646
competition:cup|formation:3-5-2|mode:normal,50000,59,"I Am from Bosnia, Take Me to America","I Am from Bosnia, Take Me to America",Both,105,0.0021,0.21
competition:cup|formation:3-5-2|mode:normal,50000,60,На мінімалках,Bare Minimum,Cup,23,0.00046,0.046
competition:cup|formation:3-5-2|mode:normal,50000,61,Динамівські серця,Hearts of “Dynamo”,Both,3,0.00006,0.006
competition:cup|formation:3-5-2|mode:normal,50000,62,Фінал 2006,Final 2006,Cup,8,0.00016,0.016
competition:cup|formation:3-5-2|mode:normal,50000,63,Легенда «Барселони»,Barcelona’s Legend,Both,128,0.00256,0.256
competition:cup|formation:3-5-2|mode:normal,50000,64,Промислова революція,Industrial Revolution,Both,1174,0.02348,2.348
competition:cup|formation:3-5-2|mode:normal,50000,65,Два крила,Two Wings,Both,5,0.0001,0.01
competition:cup|formation:3-5-2|mode:normal,50000,66,Крізь роки,Through the Years,Both,18,0.00036,0.036000000000000004
competition:cup|formation:3-5-2|mode:normal,50000,67,Кобзарі,The Kobzars,Both,0,0,0
competition:cup|formation:3-5-2|mode:normal,50000,68,Акт Злуки,Act of Unity,Both,4776,0.09552,9.552
competition:cup|formation:3-5-2|mode:normal,50000,69,Кордони 1991,Borders of 1991,Both,96,0.00192,0.192
competition:cup|formation:3-5-2|mode:normal,50000,70,Львівське метро,Lviv Metro,Both,325,0.0065,0.65
competition:cup|formation:3-5-2|mode:normal,50000,71,Котлета по-київськи,Chicken Kyiv,Both,220,0.0044,0.44
competition:cup|formation:3-5-2|mode:normal,50000,72,Кубок світу,World Cup,Both,0,0,0
competition:cup|formation:3-5-2|mode:normal,50000,73,Кубок Африки,Africa Cup,Both,0,0,0
competition:cup|formation:3-5-2|mode:normal,50000,74,День бабака,Groundhog Day,Cup,654,0.01308,1.308
competition:cup|formation:3-5-2|mode:normal,50000,75,Стара школа,Old School,Both,0,0,0
competition:cup|formation:3-5-2|mode:normal,50000,76,Так!,Yes!,Both,2070,0.0414,4.14
competition:cup|formation:3-5-2|mode:normal,50000,77,Покращення вже сьогодні,A Better Life Today,Both,2787,0.05574,5.574
competition:cup|formation:3-5-2|mode:normal,50000,78,Опорник із Запоріжжя,CDM from Zaporizhzhia,Both,388,0.00776,0.776
competition:cup|formation:3-5-2|mode:normal,50000,79,Мужики,The Lads,Both,226,0.00452,0.45199999999999996
competition:cup|formation:3-5-2|mode:normal,50000,80,Бойся Бога і пацанов с Крівова Рога,Fear God and Chaps from Kryvyi Rih,Both,327,0.00654,0.654
competition:cup|formation:3-5-2|mode:normal,50000,81,Олександрійське диво,Oleksandriya Miracle,Both,3,0.00006,0.006
competition:cup|formation:3-5-2|mode:normal,50000,82,Ковалівка в Європі,Kovalivka in Europe,Both,48,0.00096,0.096
competition:cup|formation:3-5-2|mode:normal,50000,83,Потримай моє пиво,Hold My Beer,Both,78,0.00156,0.156
competition:cup|formation:3-5-2|mode:normal,50000,84,Українське класичне,Ukrainian Clásico,Both,132,0.00264,0.264
competition:cup|formation:3-5-2|mode:normal,50000,85,"Ми всі різні, але ми українці",United Ukraine,Both,1163,0.02326,2.326
competition:cup|formation:3-5-2|mode:normal,50000,86,Міміно,Mimino,Both,7,0.00014,0.013999999999999999
competition:cup|formation:3-5-2|mode:normal,50000,87,Суперорли,Super Eagles,Both,8,0.00016,0.016
competition:cup|formation:3-5-2|mode:normal,50000,88,Лінія Мажино,Maginot Line,Both,0,0,0
competition:cup|formation:3-5-2|mode:normal,50000,89,П’ять пальців,Five Fingers,Both,0,0,0
competition:cup|formation:3-5-2|mode:normal,50000,90,П’ятий елемент,The Fifth Element,Both,129,0.00258,0.258
competition:cup|formation:3-5-2|mode:normal,50000,91,Тризуб,Tryzub,Both,24749,0.49498,49.498
competition:cup|formation:3-5-2|mode:normal,50000,92,Дуплет,Double Tap,Both,856,0.01712,1.712
competition:cup|formation:3-5-2|mode:normal,50000,93,Це нормально,This Is Fine,League,0,0,0
competition:cup|formation:3-5-2|mode:normal,50000,94,Кийов і Львов не указ Ужгородови,Kyiv and Lviv Don’t Rule Uzhorod,Both,1670,0.0334,3.34
competition:cup|formation:3-5-2|mode:normal,50000,95,Албанська мафія,"Ti Shqipëri, më jep nder",Both,15,0.0003,0.03
competition:cup|formation:3-5-2|mode:hardcore,50000,1,Кєнти,Kents,Both,0,0,0
competition:cup|formation:3-5-2|mode:hardcore,50000,2,Файне місто,Faine Misto,Both,446,0.00892,0.8920000000000001
competition:cup|formation:3-5-2|mode:hardcore,50000,3,Третя сила,The Third Force,Both,98,0.00196,0.196
competition:cup|formation:3-5-2|mode:hardcore,50000,4,Мрія Луческу,Lucescu’s Dream,Both,0,0,0
competition:cup|formation:3-5-2|mode:hardcore,50000,5,Іноземний легіон,Foreign Legion,Both,0,0,0
competition:cup|formation:3-5-2|mode:hardcore,50000,6,Слава Україні!,Slava Ukraini!,Both,5176,0.10352,10.352
competition:cup|formation:3-5-2|mode:hardcore,50000,7,Донбас порожняк не гонить,Donbas Delivers,Both,2,0.00004,0.004
competition:cup|formation:3-5-2|mode:hardcore,50000,8,Крим — це Україна!,Crimea Is Ukraine!,Both,545,0.0109,1.09
competition:cup|formation:3-5-2|mode:hardcore,50000,9,Кубок Львову!,Cup to Lviv!,Cup,78,0.00156,0.156
competition:cup|formation:3-5-2|mode:hardcore,50000,10,Зрада,Zrada,Both,28255,0.5651,56.510000000000005
competition:cup|formation:3-5-2|mode:hardcore,50000,11,За вами виїхало СБУ,SBU Is Coming for You,Both,9425,0.1885,18.85
competition:cup|formation:3-5-2|mode:hardcore,50000,12,Перед каждою ігрою!..,Before Every Game!..,League,0,0,0
competition:cup|formation:3-5-2|mode:hardcore,50000,13,"Здається, Бог наказує нас за щось","Apparently, God Punishes Us",Both,17478,0.34956,34.955999999999996
competition:cup|formation:3-5-2|mode:hardcore,50000,14,Перші назавжди,First Forever,League,0,0,0
competition:cup|formation:3-5-2|mode:hardcore,50000,15,Весна 1999,Spring 1999,Both,4,0.00008,0.008
competition:cup|formation:3-5-2|mode:hardcore,50000,16,Стамбул 2009,Istanbul 2009,Cup,1,0.00002,0.002
competition:cup|formation:3-5-2|mode:hardcore,50000,17,Варшава 2015,Warsaw 2015,Cup,5,0.0001,0.01
competition:cup|formation:3-5-2|mode:hardcore,50000,18,Ударна пара,Strike Partnership,Both,0,0,0
competition:cup|formation:3-5-2|mode:hardcore,50000,19,Золотий м’яч,Ballon d’Or,Both,5,0.0001,0.01
competition:cup|formation:3-5-2|mode:hardcore,50000,20,СаШо,SaSho,Cup,51,0.00102,0.10200000000000001
competition:cup|formation:3-5-2|mode:hardcore,50000,21,Німеччина 2006,Germany 2006,Both,0,0,0
competition:cup|formation:3-5-2|mode:hardcore,50000,22,Перший Кубок,The First Cup,Cup,0,0,0
competition:cup|formation:3-5-2|mode:hardcore,50000,23,Непереможні,Invincibles,League,0,0,0
competition:cup|formation:3-5-2|mode:hardcore,50000,24,Безкомпромісні,No Compromises,League,0,0,0
competition:cup|formation:3-5-2|mode:hardcore,50000,25,Ідеально збалансовано,Perfectly Balanced,League,0,0,0
competition:cup|formation:3-5-2|mode:hardcore,50000,26,Потужно,Powerful Stuff,League,0,0,0
competition:cup|formation:3-5-2|mode:hardcore,50000,27,Сухий закон,Prohibition,Both,5,0.0001,0.01
competition:cup|formation:3-5-2|mode:hardcore,50000,28,На класі,Pure Class,Cup,47,0.00094,0.094
competition:cup|formation:3-5-2|mode:hardcore,50000,29,Нерви зі сталі,Nerves of Steel,Cup,52,0.00104,0.104
competition:cup|formation:3-5-2|mode:hardcore,50000,30,Завдання провалено успішно,Task Failed Successfully,Cup,0,0,0
competition:cup|formation:3-5-2|mode:hardcore,50000,31,Я так бачу,Trust My Eyes,Both,271,0.00542,0.542
competition:cup|formation:3-5-2|mode:hardcore,50000,32,Монобільшість,Single-Party Majority,Both,1,0.00002,0.002
competition:cup|formation:3-5-2|mode:hardcore,50000,33,Коаліція,Coalition,Both,11301,0.22602,22.602
competition:cup|formation:3-5-2|mode:hardcore,50000,34,Три мушкетери,The Three Musketeers,Both,33,0.00066,0.066
competition:cup|formation:3-5-2|mode:hardcore,50000,35,Автобус припарковано,Bus Parked,Both,0,0,0
competition:cup|formation:3-5-2|mode:hardcore,50000,36,"Гдє «Дінамо», гдє?",Where TF “Dynamo” at?,Both,2,0.00004,0.004
competition:cup|formation:3-5-2|mode:hardcore,50000,37,На благо города і всєх харьковчан,For the Good of Kharkiv and All of the Citizens,Both,3,0.00006,0.006
competition:cup|formation:3-5-2|mode:hardcore,50000,38,Ящик горілки,A Crate of Vodka,Both,86,0.00172,0.172
competition:cup|formation:3-5-2|mode:hardcore,50000,39,Полтавська битва,Battle of Poltava,Cup,25,0.0005,0.05
competition:cup|formation:3-5-2|mode:hardcore,50000,40,Дніпровський тандем,Dnipro Tandem,Both,16,0.00032,0.032
competition:cup|formation:3-5-2|mode:hardcore,50000,41,Серце «Шахтаря»,Heart of Shakhtar,Both,0,0,0
competition:cup|formation:3-5-2|mode:hardcore,50000,42,Бразильський трикутник,Brazilian Triangle,Both,0,0,0
competition:cup|formation:3-5-2|mode:hardcore,50000,43,Слава нації,"Good Evening, We Are from Ukraine",Both,22,0.00044,0.044000000000000004
competition:cup|formation:3-5-2|mode:hardcore,50000,44,ООН,United Nations,Both,14,0.00028,0.027999999999999997
competition:cup|formation:3-5-2|mode:hardcore,50000,45,Балканський експрес,Balkan Express,Both,0,0,0
competition:cup|formation:3-5-2|mode:hardcore,50000,46,Латиноамериканський квартал,Latin Quarter,Both,0,0,0
competition:cup|formation:3-5-2|mode:hardcore,50000,47,Різні епохи. Один склад.,Different Eras. One Squad.,Both,41210,0.8242,82.42
competition:cup|formation:3-5-2|mode:hardcore,50000,48,Жити по-новому,Living a New Way,Both,1519,0.03038,3.0380000000000003
competition:cup|formation:3-5-2|mode:hardcore,50000,49,Назад у 90-ті,Back to the ’90s,Both,746,0.01492,1.492
competition:cup|formation:3-5-2|mode:hardcore,50000,50,Пропало все. Господи допоможи,Everything Is Lost. God Save Us All,League,0,0,0
competition:cup|formation:3-5-2|mode:hardcore,50000,51,Нічия влаштовує,A Draw Will Do,League,0,0,0
competition:cup|formation:3-5-2|mode:hardcore,50000,52,"Маємо те, що маємо",It Is What It Is,League,0,0,0
competition:cup|formation:3-5-2|mode:hardcore,50000,53,На тоненького,By a Thread,League,0,0,0
competition:cup|formation:3-5-2|mode:hardcore,50000,54,Бавовна,Bavovna,League,0,0,0
competition:cup|formation:3-5-2|mode:hardcore,50000,55,Захист для слабаків,Defense Optional,League,0,0,0
competition:cup|formation:3-5-2|mode:hardcore,50000,56,Лото «Забава»,The Lottery,Cup,50,0.001,0.1
competition:cup|formation:3-5-2|mode:hardcore,50000,57,На 120-й,In the 120th,Cup,24,0.00048,0.048
competition:cup|formation:3-5-2|mode:hardcore,50000,58,"Пливли-пливли, а на березі...",Ch-ch-ch-choke Me!,Cup,823,0.01646,1.646
competition:cup|formation:3-5-2|mode:hardcore,50000,59,"I Am from Bosnia, Take Me to America","I Am from Bosnia, Take Me to America",Both,105,0.0021,0.21
competition:cup|formation:3-5-2|mode:hardcore,50000,60,На мінімалках,Bare Minimum,Cup,23,0.00046,0.046
competition:cup|formation:3-5-2|mode:hardcore,50000,61,Динамівські серця,Hearts of “Dynamo”,Both,3,0.00006,0.006
competition:cup|formation:3-5-2|mode:hardcore,50000,62,Фінал 2006,Final 2006,Cup,8,0.00016,0.016
competition:cup|formation:3-5-2|mode:hardcore,50000,63,Легенда «Барселони»,Barcelona’s Legend,Both,128,0.00256,0.256
competition:cup|formation:3-5-2|mode:hardcore,50000,64,Промислова революція,Industrial Revolution,Both,1174,0.02348,2.348
competition:cup|formation:3-5-2|mode:hardcore,50000,65,Два крила,Two Wings,Both,5,0.0001,0.01
competition:cup|formation:3-5-2|mode:hardcore,50000,66,Крізь роки,Through the Years,Both,18,0.00036,0.036000000000000004
competition:cup|formation:3-5-2|mode:hardcore,50000,67,Кобзарі,The Kobzars,Both,0,0,0
competition:cup|formation:3-5-2|mode:hardcore,50000,68,Акт Злуки,Act of Unity,Both,4776,0.09552,9.552
competition:cup|formation:3-5-2|mode:hardcore,50000,69,Кордони 1991,Borders of 1991,Both,96,0.00192,0.192
competition:cup|formation:3-5-2|mode:hardcore,50000,70,Львівське метро,Lviv Metro,Both,325,0.0065,0.65
competition:cup|formation:3-5-2|mode:hardcore,50000,71,Котлета по-київськи,Chicken Kyiv,Both,220,0.0044,0.44
competition:cup|formation:3-5-2|mode:hardcore,50000,72,Кубок світу,World Cup,Both,0,0,0
competition:cup|formation:3-5-2|mode:hardcore,50000,73,Кубок Африки,Africa Cup,Both,0,0,0
competition:cup|formation:3-5-2|mode:hardcore,50000,74,День бабака,Groundhog Day,Cup,654,0.01308,1.308
competition:cup|formation:3-5-2|mode:hardcore,50000,75,Стара школа,Old School,Both,0,0,0
competition:cup|formation:3-5-2|mode:hardcore,50000,76,Так!,Yes!,Both,2070,0.0414,4.14
competition:cup|formation:3-5-2|mode:hardcore,50000,77,Покращення вже сьогодні,A Better Life Today,Both,2787,0.05574,5.574
competition:cup|formation:3-5-2|mode:hardcore,50000,78,Опорник із Запоріжжя,CDM from Zaporizhzhia,Both,388,0.00776,0.776
competition:cup|formation:3-5-2|mode:hardcore,50000,79,Мужики,The Lads,Both,226,0.00452,0.45199999999999996
competition:cup|formation:3-5-2|mode:hardcore,50000,80,Бойся Бога і пацанов с Крівова Рога,Fear God and Chaps from Kryvyi Rih,Both,327,0.00654,0.654
competition:cup|formation:3-5-2|mode:hardcore,50000,81,Олександрійське диво,Oleksandriya Miracle,Both,3,0.00006,0.006
competition:cup|formation:3-5-2|mode:hardcore,50000,82,Ковалівка в Європі,Kovalivka in Europe,Both,48,0.00096,0.096
competition:cup|formation:3-5-2|mode:hardcore,50000,83,Потримай моє пиво,Hold My Beer,Both,78,0.00156,0.156
competition:cup|formation:3-5-2|mode:hardcore,50000,84,Українське класичне,Ukrainian Clásico,Both,132,0.00264,0.264
competition:cup|formation:3-5-2|mode:hardcore,50000,85,"Ми всі різні, але ми українці",United Ukraine,Both,1163,0.02326,2.326
competition:cup|formation:3-5-2|mode:hardcore,50000,86,Міміно,Mimino,Both,7,0.00014,0.013999999999999999
competition:cup|formation:3-5-2|mode:hardcore,50000,87,Суперорли,Super Eagles,Both,8,0.00016,0.016
competition:cup|formation:3-5-2|mode:hardcore,50000,88,Лінія Мажино,Maginot Line,Both,0,0,0
competition:cup|formation:3-5-2|mode:hardcore,50000,89,П’ять пальців,Five Fingers,Both,0,0,0
competition:cup|formation:3-5-2|mode:hardcore,50000,90,П’ятий елемент,The Fifth Element,Both,129,0.00258,0.258
competition:cup|formation:3-5-2|mode:hardcore,50000,91,Тризуб,Tryzub,Both,24749,0.49498,49.498
competition:cup|formation:3-5-2|mode:hardcore,50000,92,Дуплет,Double Tap,Both,856,0.01712,1.712
competition:cup|formation:3-5-2|mode:hardcore,50000,93,Це нормально,This Is Fine,League,0,0,0
competition:cup|formation:3-5-2|mode:hardcore,50000,94,Кийов і Львов не указ Ужгородови,Kyiv and Lviv Don’t Rule Uzhorod,Both,1670,0.0334,3.34
competition:cup|formation:3-5-2|mode:hardcore,50000,95,Албанська мафія,"Ti Shqipëri, më jep nder",Both,15,0.0003,0.03
competition:cup|formation:5-3-2|mode:normal,50000,1,Кєнти,Kents,Both,0,0,0
competition:cup|formation:5-3-2|mode:normal,50000,2,Файне місто,Faine Misto,Both,427,0.00854,0.8540000000000001
competition:cup|formation:5-3-2|mode:normal,50000,3,Третя сила,The Third Force,Both,63,0.00126,0.126
competition:cup|formation:5-3-2|mode:normal,50000,4,Мрія Луческу,Lucescu’s Dream,Both,0,0,0
competition:cup|formation:5-3-2|mode:normal,50000,5,Іноземний легіон,Foreign Legion,Both,0,0,0
competition:cup|formation:5-3-2|mode:normal,50000,6,Слава Україні!,Slava Ukraini!,Both,6287,0.12574,12.574
competition:cup|formation:5-3-2|mode:normal,50000,7,Донбас порожняк не гонить,Donbas Delivers,Both,1,0.00002,0.002
competition:cup|formation:5-3-2|mode:normal,50000,8,Крим — це Україна!,Crimea Is Ukraine!,Both,547,0.01094,1.094
competition:cup|formation:5-3-2|mode:normal,50000,9,Кубок Львову!,Cup to Lviv!,Cup,60,0.0012,0.12
competition:cup|formation:5-3-2|mode:normal,50000,10,Зрада,Zrada,Both,27580,0.5516,55.16
competition:cup|formation:5-3-2|mode:normal,50000,11,За вами виїхало СБУ,SBU Is Coming for You,Both,8701,0.17402,17.402
competition:cup|formation:5-3-2|mode:normal,50000,12,Перед каждою ігрою!..,Before Every Game!..,League,0,0,0
competition:cup|formation:5-3-2|mode:normal,50000,13,"Здається, Бог наказує нас за щось","Apparently, God Punishes Us",Both,18342,0.36684,36.684
competition:cup|formation:5-3-2|mode:normal,50000,14,Перші назавжди,First Forever,League,0,0,0
competition:cup|formation:5-3-2|mode:normal,50000,15,Весна 1999,Spring 1999,Both,1,0.00002,0.002
competition:cup|formation:5-3-2|mode:normal,50000,16,Стамбул 2009,Istanbul 2009,Cup,1,0.00002,0.002
competition:cup|formation:5-3-2|mode:normal,50000,17,Варшава 2015,Warsaw 2015,Cup,7,0.00014,0.013999999999999999
competition:cup|formation:5-3-2|mode:normal,50000,18,Ударна пара,Strike Partnership,Both,1,0.00002,0.002
competition:cup|formation:5-3-2|mode:normal,50000,19,Золотий м’яч,Ballon d’Or,Both,2,0.00004,0.004
competition:cup|formation:5-3-2|mode:normal,50000,20,СаШо,SaSho,Cup,29,0.00058,0.058
competition:cup|formation:5-3-2|mode:normal,50000,21,Німеччина 2006,Germany 2006,Both,0,0,0
competition:cup|formation:5-3-2|mode:normal,50000,22,Перший Кубок,The First Cup,Cup,0,0,0
competition:cup|formation:5-3-2|mode:normal,50000,23,Непереможні,Invincibles,League,0,0,0
competition:cup|formation:5-3-2|mode:normal,50000,24,Безкомпромісні,No Compromises,League,0,0,0
competition:cup|formation:5-3-2|mode:normal,50000,25,Ідеально збалансовано,Perfectly Balanced,League,0,0,0
competition:cup|formation:5-3-2|mode:normal,50000,26,Потужно,Powerful Stuff,League,0,0,0
competition:cup|formation:5-3-2|mode:normal,50000,27,Сухий закон,Prohibition,Both,4,0.00008,0.008
competition:cup|formation:5-3-2|mode:normal,50000,28,На класі,Pure Class,Cup,28,0.00056,0.055999999999999994
competition:cup|formation:5-3-2|mode:normal,50000,29,Нерви зі сталі,Nerves of Steel,Cup,42,0.00084,0.084
competition:cup|formation:5-3-2|mode:normal,50000,30,Завдання провалено успішно,Task Failed Successfully,Cup,0,0,0
competition:cup|formation:5-3-2|mode:normal,50000,31,Я так бачу,Trust My Eyes,Both,0,0,0
competition:cup|formation:5-3-2|mode:normal,50000,32,Монобільшість,Single-Party Majority,Both,1,0.00002,0.002
competition:cup|formation:5-3-2|mode:normal,50000,33,Коаліція,Coalition,Both,11522,0.23044,23.044
competition:cup|formation:5-3-2|mode:normal,50000,34,Три мушкетери,The Three Musketeers,Both,0,0,0
competition:cup|formation:5-3-2|mode:normal,50000,35,Автобус припарковано,Bus Parked,Both,61,0.00122,0.122
competition:cup|formation:5-3-2|mode:normal,50000,36,"Гдє «Дінамо», гдє?",Where TF “Dynamo” at?,Both,4,0.00008,0.008
competition:cup|formation:5-3-2|mode:normal,50000,37,На благо города і всєх харьковчан,For the Good of Kharkiv and All of the Citizens,Both,0,0,0
competition:cup|formation:5-3-2|mode:normal,50000,38,Ящик горілки,A Crate of Vodka,Both,78,0.00156,0.156
competition:cup|formation:5-3-2|mode:normal,50000,39,Полтавська битва,Battle of Poltava,Cup,15,0.0003,0.03
competition:cup|formation:5-3-2|mode:normal,50000,40,Дніпровський тандем,Dnipro Tandem,Both,10,0.0002,0.02
competition:cup|formation:5-3-2|mode:normal,50000,41,Серце «Шахтаря»,Heart of Shakhtar,Both,2,0.00004,0.004
competition:cup|formation:5-3-2|mode:normal,50000,42,Бразильський трикутник,Brazilian Triangle,Both,0,0,0
competition:cup|formation:5-3-2|mode:normal,50000,43,Слава нації,"Good Evening, We Are from Ukraine",Both,0,0,0
competition:cup|formation:5-3-2|mode:normal,50000,44,ООН,United Nations,Both,15,0.0003,0.03
competition:cup|formation:5-3-2|mode:normal,50000,45,Балканський експрес,Balkan Express,Both,0,0,0
competition:cup|formation:5-3-2|mode:normal,50000,46,Латиноамериканський квартал,Latin Quarter,Both,0,0,0
competition:cup|formation:5-3-2|mode:normal,50000,47,Різні епохи. Один склад.,Different Eras. One Squad.,Both,41172,0.82344,82.344
competition:cup|formation:5-3-2|mode:normal,50000,48,Жити по-новому,Living a New Way,Both,1568,0.03136,3.136
competition:cup|formation:5-3-2|mode:normal,50000,49,Назад у 90-ті,Back to the ’90s,Both,691,0.01382,1.3820000000000001
competition:cup|formation:5-3-2|mode:normal,50000,50,Пропало все. Господи допоможи,Everything Is Lost. God Save Us All,League,0,0,0
competition:cup|formation:5-3-2|mode:normal,50000,51,Нічия влаштовує,A Draw Will Do,League,0,0,0
competition:cup|formation:5-3-2|mode:normal,50000,52,"Маємо те, що маємо",It Is What It Is,League,0,0,0
competition:cup|formation:5-3-2|mode:normal,50000,53,На тоненького,By a Thread,League,0,0,0
competition:cup|formation:5-3-2|mode:normal,50000,54,Бавовна,Bavovna,League,0,0,0
competition:cup|formation:5-3-2|mode:normal,50000,55,Захист для слабаків,Defense Optional,League,0,0,0
competition:cup|formation:5-3-2|mode:normal,50000,56,Лото «Забава»,The Lottery,Cup,48,0.00096,0.096
competition:cup|formation:5-3-2|mode:normal,50000,57,На 120-й,In the 120th,Cup,15,0.0003,0.03
competition:cup|formation:5-3-2|mode:normal,50000,58,"Пливли-пливли, а на березі...",Ch-ch-ch-choke Me!,Cup,658,0.01316,1.316
competition:cup|formation:5-3-2|mode:normal,50000,59,"I Am from Bosnia, Take Me to America","I Am from Bosnia, Take Me to America",Both,103,0.00206,0.20600000000000002
competition:cup|formation:5-3-2|mode:normal,50000,60,На мінімалках,Bare Minimum,Cup,20,0.0004,0.04
competition:cup|formation:5-3-2|mode:normal,50000,61,Динамівські серця,Hearts of “Dynamo”,Both,2,0.00004,0.004
competition:cup|formation:5-3-2|mode:normal,50000,62,Фінал 2006,Final 2006,Cup,3,0.00006,0.006
competition:cup|formation:5-3-2|mode:normal,50000,63,Легенда «Барселони»,Barcelona’s Legend,Both,143,0.00286,0.28600000000000003
competition:cup|formation:5-3-2|mode:normal,50000,64,Промислова революція,Industrial Revolution,Both,1236,0.02472,2.472
competition:cup|formation:5-3-2|mode:normal,50000,65,Два крила,Two Wings,Both,0,0,0
competition:cup|formation:5-3-2|mode:normal,50000,66,Крізь роки,Through the Years,Both,21,0.00042,0.042
competition:cup|formation:5-3-2|mode:normal,50000,67,Кобзарі,The Kobzars,Both,3,0.00006,0.006
competition:cup|formation:5-3-2|mode:normal,50000,68,Акт Злуки,Act of Unity,Both,4470,0.0894,8.94
competition:cup|formation:5-3-2|mode:normal,50000,69,Кордони 1991,Borders of 1991,Both,79,0.00158,0.158
competition:cup|formation:5-3-2|mode:normal,50000,70,Львівське метро,Lviv Metro,Both,322,0.00644,0.644
competition:cup|formation:5-3-2|mode:normal,50000,71,Котлета по-київськи,Chicken Kyiv,Both,192,0.00384,0.384
competition:cup|formation:5-3-2|mode:normal,50000,72,Кубок світу,World Cup,Both,0,0,0
competition:cup|formation:5-3-2|mode:normal,50000,73,Кубок Африки,Africa Cup,Both,0,0,0
competition:cup|formation:5-3-2|mode:normal,50000,74,День бабака,Groundhog Day,Cup,538,0.01076,1.076
competition:cup|formation:5-3-2|mode:normal,50000,75,Стара школа,Old School,Both,0,0,0
competition:cup|formation:5-3-2|mode:normal,50000,76,Так!,Yes!,Both,2144,0.04288,4.288
competition:cup|formation:5-3-2|mode:normal,50000,77,Покращення вже сьогодні,A Better Life Today,Both,3010,0.0602,6.02
competition:cup|formation:5-3-2|mode:normal,50000,78,Опорник із Запоріжжя,CDM from Zaporizhzhia,Both,391,0.00782,0.782
competition:cup|formation:5-3-2|mode:normal,50000,79,Мужики,The Lads,Both,154,0.00308,0.308
competition:cup|formation:5-3-2|mode:normal,50000,80,Бойся Бога і пацанов с Крівова Рога,Fear God and Chaps from Kryvyi Rih,Both,314,0.00628,0.628
competition:cup|formation:5-3-2|mode:normal,50000,81,Олександрійське диво,Oleksandriya Miracle,Both,3,0.00006,0.006
competition:cup|formation:5-3-2|mode:normal,50000,82,Ковалівка в Європі,Kovalivka in Europe,Both,54,0.00108,0.108
competition:cup|formation:5-3-2|mode:normal,50000,83,Потримай моє пиво,Hold My Beer,Both,83,0.00166,0.166
competition:cup|formation:5-3-2|mode:normal,50000,84,Українське класичне,Ukrainian Clásico,Both,124,0.00248,0.248
competition:cup|formation:5-3-2|mode:normal,50000,85,"Ми всі різні, але ми українці",United Ukraine,Both,1520,0.0304,3.04
competition:cup|formation:5-3-2|mode:normal,50000,86,Міміно,Mimino,Both,1,0.00002,0.002
competition:cup|formation:5-3-2|mode:normal,50000,87,Суперорли,Super Eagles,Both,1,0.00002,0.002
competition:cup|formation:5-3-2|mode:normal,50000,88,Лінія Мажино,Maginot Line,Both,0,0,0
competition:cup|formation:5-3-2|mode:normal,50000,89,П’ять пальців,Five Fingers,Both,38701,0.77402,77.402
competition:cup|formation:5-3-2|mode:normal,50000,90,П’ятий елемент,The Fifth Element,Both,0,0,0
competition:cup|formation:5-3-2|mode:normal,50000,91,Тризуб,Tryzub,Both,0,0,0
competition:cup|formation:5-3-2|mode:normal,50000,92,Дуплет,Double Tap,Both,813,0.01626,1.6260000000000001
competition:cup|formation:5-3-2|mode:normal,50000,93,Це нормально,This Is Fine,League,0,0,0
competition:cup|formation:5-3-2|mode:normal,50000,94,Кийов і Львов не указ Ужгородови,Kyiv and Lviv Don’t Rule Uzhorod,Both,1634,0.03268,3.2680000000000002
competition:cup|formation:5-3-2|mode:normal,50000,95,Албанська мафія,"Ti Shqipëri, më jep nder",Both,8,0.00016,0.016
competition:cup|formation:5-3-2|mode:hardcore,50000,1,Кєнти,Kents,Both,0,0,0
competition:cup|formation:5-3-2|mode:hardcore,50000,2,Файне місто,Faine Misto,Both,427,0.00854,0.8540000000000001
competition:cup|formation:5-3-2|mode:hardcore,50000,3,Третя сила,The Third Force,Both,63,0.00126,0.126
competition:cup|formation:5-3-2|mode:hardcore,50000,4,Мрія Луческу,Lucescu’s Dream,Both,0,0,0
competition:cup|formation:5-3-2|mode:hardcore,50000,5,Іноземний легіон,Foreign Legion,Both,0,0,0
competition:cup|formation:5-3-2|mode:hardcore,50000,6,Слава Україні!,Slava Ukraini!,Both,6287,0.12574,12.574
competition:cup|formation:5-3-2|mode:hardcore,50000,7,Донбас порожняк не гонить,Donbas Delivers,Both,1,0.00002,0.002
competition:cup|formation:5-3-2|mode:hardcore,50000,8,Крим — це Україна!,Crimea Is Ukraine!,Both,547,0.01094,1.094
competition:cup|formation:5-3-2|mode:hardcore,50000,9,Кубок Львову!,Cup to Lviv!,Cup,60,0.0012,0.12
competition:cup|formation:5-3-2|mode:hardcore,50000,10,Зрада,Zrada,Both,27580,0.5516,55.16
competition:cup|formation:5-3-2|mode:hardcore,50000,11,За вами виїхало СБУ,SBU Is Coming for You,Both,8701,0.17402,17.402
competition:cup|formation:5-3-2|mode:hardcore,50000,12,Перед каждою ігрою!..,Before Every Game!..,League,0,0,0
competition:cup|formation:5-3-2|mode:hardcore,50000,13,"Здається, Бог наказує нас за щось","Apparently, God Punishes Us",Both,18342,0.36684,36.684
competition:cup|formation:5-3-2|mode:hardcore,50000,14,Перші назавжди,First Forever,League,0,0,0
competition:cup|formation:5-3-2|mode:hardcore,50000,15,Весна 1999,Spring 1999,Both,1,0.00002,0.002
competition:cup|formation:5-3-2|mode:hardcore,50000,16,Стамбул 2009,Istanbul 2009,Cup,1,0.00002,0.002
competition:cup|formation:5-3-2|mode:hardcore,50000,17,Варшава 2015,Warsaw 2015,Cup,7,0.00014,0.013999999999999999
competition:cup|formation:5-3-2|mode:hardcore,50000,18,Ударна пара,Strike Partnership,Both,1,0.00002,0.002
competition:cup|formation:5-3-2|mode:hardcore,50000,19,Золотий м’яч,Ballon d’Or,Both,2,0.00004,0.004
competition:cup|formation:5-3-2|mode:hardcore,50000,20,СаШо,SaSho,Cup,29,0.00058,0.058
competition:cup|formation:5-3-2|mode:hardcore,50000,21,Німеччина 2006,Germany 2006,Both,0,0,0
competition:cup|formation:5-3-2|mode:hardcore,50000,22,Перший Кубок,The First Cup,Cup,0,0,0
competition:cup|formation:5-3-2|mode:hardcore,50000,23,Непереможні,Invincibles,League,0,0,0
competition:cup|formation:5-3-2|mode:hardcore,50000,24,Безкомпромісні,No Compromises,League,0,0,0
competition:cup|formation:5-3-2|mode:hardcore,50000,25,Ідеально збалансовано,Perfectly Balanced,League,0,0,0
competition:cup|formation:5-3-2|mode:hardcore,50000,26,Потужно,Powerful Stuff,League,0,0,0
competition:cup|formation:5-3-2|mode:hardcore,50000,27,Сухий закон,Prohibition,Both,4,0.00008,0.008
competition:cup|formation:5-3-2|mode:hardcore,50000,28,На класі,Pure Class,Cup,28,0.00056,0.055999999999999994
competition:cup|formation:5-3-2|mode:hardcore,50000,29,Нерви зі сталі,Nerves of Steel,Cup,42,0.00084,0.084
competition:cup|formation:5-3-2|mode:hardcore,50000,30,Завдання провалено успішно,Task Failed Successfully,Cup,0,0,0
competition:cup|formation:5-3-2|mode:hardcore,50000,31,Я так бачу,Trust My Eyes,Both,195,0.0039,0.38999999999999996
competition:cup|formation:5-3-2|mode:hardcore,50000,32,Монобільшість,Single-Party Majority,Both,1,0.00002,0.002
competition:cup|formation:5-3-2|mode:hardcore,50000,33,Коаліція,Coalition,Both,11522,0.23044,23.044
competition:cup|formation:5-3-2|mode:hardcore,50000,34,Три мушкетери,The Three Musketeers,Both,0,0,0
competition:cup|formation:5-3-2|mode:hardcore,50000,35,Автобус припарковано,Bus Parked,Both,61,0.00122,0.122
competition:cup|formation:5-3-2|mode:hardcore,50000,36,"Гдє «Дінамо», гдє?",Where TF “Dynamo” at?,Both,4,0.00008,0.008
competition:cup|formation:5-3-2|mode:hardcore,50000,37,На благо города і всєх харьковчан,For the Good of Kharkiv and All of the Citizens,Both,0,0,0
competition:cup|formation:5-3-2|mode:hardcore,50000,38,Ящик горілки,A Crate of Vodka,Both,78,0.00156,0.156
competition:cup|formation:5-3-2|mode:hardcore,50000,39,Полтавська битва,Battle of Poltava,Cup,15,0.0003,0.03
competition:cup|formation:5-3-2|mode:hardcore,50000,40,Дніпровський тандем,Dnipro Tandem,Both,10,0.0002,0.02
competition:cup|formation:5-3-2|mode:hardcore,50000,41,Серце «Шахтаря»,Heart of Shakhtar,Both,2,0.00004,0.004
competition:cup|formation:5-3-2|mode:hardcore,50000,42,Бразильський трикутник,Brazilian Triangle,Both,0,0,0
competition:cup|formation:5-3-2|mode:hardcore,50000,43,Слава нації,"Good Evening, We Are from Ukraine",Both,16,0.00032,0.032
competition:cup|formation:5-3-2|mode:hardcore,50000,44,ООН,United Nations,Both,15,0.0003,0.03
competition:cup|formation:5-3-2|mode:hardcore,50000,45,Балканський експрес,Balkan Express,Both,0,0,0
competition:cup|formation:5-3-2|mode:hardcore,50000,46,Латиноамериканський квартал,Latin Quarter,Both,0,0,0
competition:cup|formation:5-3-2|mode:hardcore,50000,47,Різні епохи. Один склад.,Different Eras. One Squad.,Both,41172,0.82344,82.344
competition:cup|formation:5-3-2|mode:hardcore,50000,48,Жити по-новому,Living a New Way,Both,1568,0.03136,3.136
competition:cup|formation:5-3-2|mode:hardcore,50000,49,Назад у 90-ті,Back to the ’90s,Both,691,0.01382,1.3820000000000001
competition:cup|formation:5-3-2|mode:hardcore,50000,50,Пропало все. Господи допоможи,Everything Is Lost. God Save Us All,League,0,0,0
competition:cup|formation:5-3-2|mode:hardcore,50000,51,Нічия влаштовує,A Draw Will Do,League,0,0,0
competition:cup|formation:5-3-2|mode:hardcore,50000,52,"Маємо те, що маємо",It Is What It Is,League,0,0,0
competition:cup|formation:5-3-2|mode:hardcore,50000,53,На тоненького,By a Thread,League,0,0,0
competition:cup|formation:5-3-2|mode:hardcore,50000,54,Бавовна,Bavovna,League,0,0,0
competition:cup|formation:5-3-2|mode:hardcore,50000,55,Захист для слабаків,Defense Optional,League,0,0,0
competition:cup|formation:5-3-2|mode:hardcore,50000,56,Лото «Забава»,The Lottery,Cup,48,0.00096,0.096
competition:cup|formation:5-3-2|mode:hardcore,50000,57,На 120-й,In the 120th,Cup,15,0.0003,0.03
competition:cup|formation:5-3-2|mode:hardcore,50000,58,"Пливли-пливли, а на березі...",Ch-ch-ch-choke Me!,Cup,658,0.01316,1.316
competition:cup|formation:5-3-2|mode:hardcore,50000,59,"I Am from Bosnia, Take Me to America","I Am from Bosnia, Take Me to America",Both,103,0.00206,0.20600000000000002
competition:cup|formation:5-3-2|mode:hardcore,50000,60,На мінімалках,Bare Minimum,Cup,20,0.0004,0.04
competition:cup|formation:5-3-2|mode:hardcore,50000,61,Динамівські серця,Hearts of “Dynamo”,Both,2,0.00004,0.004
competition:cup|formation:5-3-2|mode:hardcore,50000,62,Фінал 2006,Final 2006,Cup,3,0.00006,0.006
competition:cup|formation:5-3-2|mode:hardcore,50000,63,Легенда «Барселони»,Barcelona’s Legend,Both,143,0.00286,0.28600000000000003
competition:cup|formation:5-3-2|mode:hardcore,50000,64,Промислова революція,Industrial Revolution,Both,1236,0.02472,2.472
competition:cup|formation:5-3-2|mode:hardcore,50000,65,Два крила,Two Wings,Both,0,0,0
competition:cup|formation:5-3-2|mode:hardcore,50000,66,Крізь роки,Through the Years,Both,21,0.00042,0.042
competition:cup|formation:5-3-2|mode:hardcore,50000,67,Кобзарі,The Kobzars,Both,3,0.00006,0.006
competition:cup|formation:5-3-2|mode:hardcore,50000,68,Акт Злуки,Act of Unity,Both,4470,0.0894,8.94
competition:cup|formation:5-3-2|mode:hardcore,50000,69,Кордони 1991,Borders of 1991,Both,79,0.00158,0.158
competition:cup|formation:5-3-2|mode:hardcore,50000,70,Львівське метро,Lviv Metro,Both,322,0.00644,0.644
competition:cup|formation:5-3-2|mode:hardcore,50000,71,Котлета по-київськи,Chicken Kyiv,Both,192,0.00384,0.384
competition:cup|formation:5-3-2|mode:hardcore,50000,72,Кубок світу,World Cup,Both,0,0,0
competition:cup|formation:5-3-2|mode:hardcore,50000,73,Кубок Африки,Africa Cup,Both,0,0,0
competition:cup|formation:5-3-2|mode:hardcore,50000,74,День бабака,Groundhog Day,Cup,538,0.01076,1.076
competition:cup|formation:5-3-2|mode:hardcore,50000,75,Стара школа,Old School,Both,0,0,0
competition:cup|formation:5-3-2|mode:hardcore,50000,76,Так!,Yes!,Both,2144,0.04288,4.288
competition:cup|formation:5-3-2|mode:hardcore,50000,77,Покращення вже сьогодні,A Better Life Today,Both,3010,0.0602,6.02
competition:cup|formation:5-3-2|mode:hardcore,50000,78,Опорник із Запоріжжя,CDM from Zaporizhzhia,Both,391,0.00782,0.782
competition:cup|formation:5-3-2|mode:hardcore,50000,79,Мужики,The Lads,Both,154,0.00308,0.308
competition:cup|formation:5-3-2|mode:hardcore,50000,80,Бойся Бога і пацанов с Крівова Рога,Fear God and Chaps from Kryvyi Rih,Both,314,0.00628,0.628
competition:cup|formation:5-3-2|mode:hardcore,50000,81,Олександрійське диво,Oleksandriya Miracle,Both,3,0.00006,0.006
competition:cup|formation:5-3-2|mode:hardcore,50000,82,Ковалівка в Європі,Kovalivka in Europe,Both,54,0.00108,0.108
competition:cup|formation:5-3-2|mode:hardcore,50000,83,Потримай моє пиво,Hold My Beer,Both,83,0.00166,0.166
competition:cup|formation:5-3-2|mode:hardcore,50000,84,Українське класичне,Ukrainian Clásico,Both,124,0.00248,0.248
competition:cup|formation:5-3-2|mode:hardcore,50000,85,"Ми всі різні, але ми українці",United Ukraine,Both,1520,0.0304,3.04
competition:cup|formation:5-3-2|mode:hardcore,50000,86,Міміно,Mimino,Both,1,0.00002,0.002
competition:cup|formation:5-3-2|mode:hardcore,50000,87,Суперорли,Super Eagles,Both,1,0.00002,0.002
competition:cup|formation:5-3-2|mode:hardcore,50000,88,Лінія Мажино,Maginot Line,Both,0,0,0
competition:cup|formation:5-3-2|mode:hardcore,50000,89,П’ять пальців,Five Fingers,Both,38701,0.77402,77.402
competition:cup|formation:5-3-2|mode:hardcore,50000,90,П’ятий елемент,The Fifth Element,Both,0,0,0
competition:cup|formation:5-3-2|mode:hardcore,50000,91,Тризуб,Tryzub,Both,0,0,0
competition:cup|formation:5-3-2|mode:hardcore,50000,92,Дуплет,Double Tap,Both,813,0.01626,1.6260000000000001
competition:cup|formation:5-3-2|mode:hardcore,50000,93,Це нормально,This Is Fine,League,0,0,0
competition:cup|formation:5-3-2|mode:hardcore,50000,94,Кийов і Львов не указ Ужгородови,Kyiv and Lviv Don’t Rule Uzhorod,Both,1634,0.03268,3.2680000000000002
competition:cup|formation:5-3-2|mode:hardcore,50000,95,Албанська мафія,"Ti Shqipëri, më jep nder",Both,8,0.00016,0.016
