player_name,normalized_player_name,club_name,normalized_club_name,decade,position,player_id,club_id,club_decade_id,nationality,effective_rating
Rubén Gomez,ruben gomez,Stal Alchevsk,stal alchevsk,2000s,Midfield - Central Midfield,24008,10468,10468_stal_alchevsk_2000s,Argentina,74
Yakiv Kripak,yakiv kripak,Stal Alchevsk,stal alchevsk,2000s,Attack - Centre-Forward,418361,10468,10468_stal_alchevsk_2000s,Ukraine,68.6
Andriy Gavryushov,andriy gavryushov,Stal Alchevsk,stal alchevsk,2000s,Defender - Right-Back,59039,10468,10468_stal_alchevsk_2000s,Ukraine,63.6
Bogdan Mara,bogdan mara,Stal Alchevsk,stal alchevsk,2000s,Midfield - Attacking Midfield,47602,10468,10468_stal_alchevsk_2000s,Romania,61.9
Vitaliy Gavrysh,vitaliy gavrysh,Stal Alchevsk,stal alchevsk,2000s,Defender - Centre-Back,59038,10468,10468_stal_alchevsk_2000s,Ukraine,61.9
Yevgen Kotov,yevgen kotov,Stal Alchevsk,stal alchevsk,2000s,Defender - Centre-Back,98479,10468,10468_stal_alchevsk_2000s,Ukraine,61.9
Oleksandr Akymenko,oleksandr akymenko,Stal Alchevsk,stal alchevsk,2000s,Attack - Centre-Forward,91366,10468,10468_stal_alchevsk_2000s,Ukraine,58.6
Paulo Ramos Vogt,paulo ramos vogt,Stal Alchevsk,stal alchevsk,2000s,Attack - Centre-Forward,19728,10468,10468_stal_alchevsk_2000s,Brazil  Portugal,51.2
Sergiy Grybanov,sergiy grybanov,Stal Alchevsk,stal alchevsk,2000s,Attack - Centre-Forward,91214,10468,10468_stal_alchevsk_2000s,Ukraine,51.2
Ruslan Yermolenko,ruslan yermolenko,Stal Alchevsk,stal alchevsk,2000s,Midfield - Central Midfield,91245,10468,10468_stal_alchevsk_2000s,Ukraine,51.2
Yuriy Danchenko,yuriy danchenko,Stal Alchevsk,stal alchevsk,2000s,Defender - Left-Back,91704,10468,10468_stal_alchevsk_2000s,Ukraine,51.2
Roman Voynarovskiy,roman voynarovskiy,Stal Alchevsk,stal alchevsk,2000s,Midfield - Defensive Midfield,91579,10468,10468_stal_alchevsk_2000s,Russia  Ukraine,45.6
Oleksandr Gladkyi,oleksandr gladkyi,FK Kharkiv (-2010),fk kharkiv 2010,2000s,Attack - Centre-Forward,53270,10674,10674_fk_kharkiv_2010_2000s,Ukraine,84.8
Yuriy Tselykh,yuriy tselykh,FK Kharkiv (-2010),fk kharkiv 2010,2000s,Attack - Centre-Forward,58255,10674,10674_fk_kharkiv_2010_2000s,Ukraine,78.3
Rustam Khudzhamov,rustam khudzhamov,FK Kharkiv (-2010),fk kharkiv 2010,2000s,Goalkeeper,58043,10674,10674_fk_kharkiv_2010_2000s,Ukraine,76
Ruslan Platon,ruslan platon,FK Kharkiv (-2010),fk kharkiv 2010,2000s,Attack - Centre-Forward,58103,10674,10674_fk_kharkiv_2010_2000s,Ukraine  Russia,76
Andriy Berezovchuk,andriy berezovchuk,FK Kharkiv (-2010),fk kharkiv 2010,2000s,Defender - Centre-Back,57971,10674,10674_fk_kharkiv_2010_2000s,Ukraine,72.6
William Batista,william batista,FK Kharkiv (-2010),fk kharkiv 2010,2000s,Attack - Centre-Forward,25563,10674,10674_fk_kharkiv_2010_2000s,Brazil,71.1
Andriy Smalko,andriy smalko,FK Kharkiv (-2010),fk kharkiv 2010,2000s,Midfield - Central Midfield,58137,10674,10674_fk_kharkiv_2010_2000s,Ukraine,71.1
Aleksey Suchkov,aleksey suchkov,FK Kharkiv (-2010),fk kharkiv 2010,2000s,Midfield - Left Midfield,58142,10674,10674_fk_kharkiv_2010_2000s,Belarus,71.1
Oleksandr Maksymov,oleksandr maksymov,FK Kharkiv (-2010),fk kharkiv 2010,2000s,Midfield - Central Midfield,58956,10674,10674_fk_kharkiv_2010_2000s,Ukraine,69.1
Oleksandr Sytnyk,oleksandr sytnyk,FK Kharkiv (-2010),fk kharkiv 2010,2000s,Midfield - Right Midfield,72899,10674,10674_fk_kharkiv_2010_2000s,Ukraine,67.4
Vadym Milko,vadym milko,FK Kharkiv (-2010),fk kharkiv 2010,2000s,Midfield - Central Midfield,58418,10674,10674_fk_kharkiv_2010_2000s,Ukraine,67
Taras Kabanov,taras kabanov,FK Kharkiv (-2010),fk kharkiv 2010,2000s,Attack - Centre-Forward,35352,10674,10674_fk_kharkiv_2010_2000s,Ukraine,65.5
Kakhaber Aladashvili,kakhaber aladashvili,FK Kharkiv (-2010),fk kharkiv 2010,2000s,Defender - Right-Back,25739,10674,10674_fk_kharkiv_2010_2000s,Georgia,51.2
Oleg Karamushka,oleg karamushka,FK Kharkiv (-2010),fk kharkiv 2010,2000s,Defender - Centre-Back,27191,10674,10674_fk_kharkiv_2010_2000s,Ukraine,51.2
Maciej Nalepa,maciej nalepa,FK Kharkiv (-2010),fk kharkiv 2010,2000s,Goalkeeper,29731,10674,10674_fk_kharkiv_2010_2000s,Poland,51.2
Dmytro Gololobov,dmytro gololobov,FK Kharkiv (-2010),fk kharkiv 2010,2000s,Defender - Centre-Back,91352,10674,10674_fk_kharkiv_2010_2000s,Ukraine,51.2
Oleksandr Sklyar,oleksandr sklyar,FK Kharkiv (-2010),fk kharkiv 2010,2000s,Midfield - Central Midfield,91801,10674,10674_fk_kharkiv_2010_2000s,Ukraine,51.2
Volodymyr Kornutyak,volodymyr kornutyak,FK Kharkiv (-2010),fk kharkiv 2010,2000s,Defender - Centre-Back,95784,10674,10674_fk_kharkiv_2010_2000s,Ukraine  Hungary,51.2
Igor Prodan,igor prodan,FK Kharkiv (-2010),fk kharkiv 2010,2000s,Attack - Centre-Forward,167028,10674,10674_fk_kharkiv_2010_2000s,Ukraine,51.2
Oleksiy Ivanov,oleksiy ivanov,FK Kharkiv (-2010),fk kharkiv 2010,2000s,Midfield - Attacking Midfield,28924,10674,10674_fk_kharkiv_2010_2000s,Ukraine,45.4
Pavlo Ksyonz,pavlo ksyonz,FK Kharkiv (-2010),fk kharkiv 2010,2000s,Defender - Right-Back,57888,10674,10674_fk_kharkiv_2010_2000s,Ukraine,45.1
Oleksiy Antonov,oleksiy antonov,Zorya Lugansk,zorya lugansk,2000s,Attack - Centre-Forward,25845,10690,10690_zorya_lugansk_2000s,Ukraine,76.5
Igor Skoba,igor skoba,Zorya Lugansk,zorya lugansk,2000s,Midfield - Central Midfield,12064,10690,10690_zorya_lugansk_2000s,Ukraine  Russia,75.8
Darko Dunjic,darko dunjic,Zorya Lugansk,zorya lugansk,2000s,Defender - Right-Back,58230,10690,10690_zorya_lugansk_2000s,Serbia,75.1
Aleksey Kurilov,aleksey kurilov,Zorya Lugansk,zorya lugansk,2000s,Defender - Centre-Back,59423,10690,10690_zorya_lugansk_2000s,Russia  Ukraine,72.2
Alexandru Popovici,alexandru popovici,Zorya Lugansk,zorya lugansk,2000s,Attack - Centre-Forward,58246,10690,10690_zorya_lugansk_2000s,Moldova  Russia,69.6
Sergiy Silyuk,sergiy silyuk,Zorya Lugansk,zorya lugansk,2000s,Attack - Centre-Forward,41885,10690,10690_zorya_lugansk_2000s,Ukraine,68.6
Yuriy Tselykh,yuriy tselykh,Zorya Lugansk,zorya lugansk,2000s,Attack - Centre-Forward,58255,10690,10690_zorya_lugansk_2000s,Ukraine,67.9
Andriy Tlumak,andriy tlumak,Zorya Lugansk,zorya lugansk,2000s,Goalkeeper,59447,10690,10690_zorya_lugansk_2000s,Ukraine,65.5
Vadym Milko,vadym milko,Zorya Lugansk,zorya lugansk,2000s,Midfield - Central Midfield,58418,10690,10690_zorya_lugansk_2000s,Ukraine,64.6
Yegor Kartushov,yegor kartushov,Zorya Lugansk,zorya lugansk,2000s,Midfield - Left Midfield,94925,10690,10690_zorya_lugansk_2000s,Ukraine,64.6
Igor Sikorskyi,igor sikorskyi,Zorya Lugansk,zorya lugansk,2000s,Attack - Centre-Forward,74752,10690,10690_zorya_lugansk_2000s,Ukraine,62.9
Oleksiy Polyanskyi,oleksiy polyanskyi,Zorya Lugansk,zorya lugansk,2000s,Defender - Centre-Back,49018,10690,10690_zorya_lugansk_2000s,Ukraine,61.9
Andriy Smalko,andriy smalko,Zorya Lugansk,zorya lugansk,2000s,Midfield - Central Midfield,58137,10690,10690_zorya_lugansk_2000s,Ukraine,61.9
Andriy Gavryushov,andriy gavryushov,Zorya Lugansk,zorya lugansk,2000s,Defender - Right-Back,59039,10690,10690_zorya_lugansk_2000s,Ukraine,61.9
Volodymyr Yezerskyi,volodymyr yezerskyi,Zorya Lugansk,zorya lugansk,2000s,Defender - Right-Back,24006,10690,10690_zorya_lugansk_2000s,Ukraine,60.4
Yevgeniy Shmakov,yevgeniy shmakov,Zorya Lugansk,zorya lugansk,2000s,Midfield - Defensive Midfield,58251,10690,10690_zorya_lugansk_2000s,Ukraine,60.4
Sergiy Zadorozhnyi,sergiy zadorozhnyi,Zorya Lugansk,zorya lugansk,2000s,Defender - Left-Back,96879,10690,10690_zorya_lugansk_2000s,Ukraine,60.4
Igor Bazhan,igor bazhan,Zorya Lugansk,zorya lugansk,2000s,Goalkeeper,27126,10690,10690_zorya_lugansk_2000s,Ukraine,58.6
Sergiy Siminin,sergiy siminin,Zorya Lugansk,zorya lugansk,2000s,Defender - Right-Back,58252,10690,10690_zorya_lugansk_2000s,Ukraine,58.6
Taras Duray,taras duray,Zorya Lugansk,zorya lugansk,2000s,Defender - Centre-Back,98472,10690,10690_zorya_lugansk_2000s,Ukraine,58.6
Vladyslav Ogirya,vladyslav ogirya,Zorya Lugansk,zorya lugansk,2000s,Midfield - Defensive Midfield,111072,10690,10690_zorya_lugansk_2000s,Ukraine,58.6
Rubén Gomez,ruben gomez,Zorya Lugansk,zorya lugansk,2000s,Midfield - Central Midfield,24008,10690,10690_zorya_lugansk_2000s,Argentina,51.2
Maksim Aristarkhov,maksim aristarkhov,Zorya Lugansk,zorya lugansk,2000s,Attack - Centre-Forward,25881,10690,10690_zorya_lugansk_2000s,Russia,51.2
Sergiy Dmytriev,sergiy dmytriev,Zorya Lugansk,zorya lugansk,2000s,Attack - Left Winger,57997,10690,10690_zorya_lugansk_2000s,Ukraine  Russia,51.2
Anatoliy Pylypenko,anatoliy pylypenko,Zorya Lugansk,zorya lugansk,2000s,Goalkeeper,58102,10690,10690_zorya_lugansk_2000s,Ukraine,51.2
Maksym Kovalyov,maksym kovalyov,Zorya Lugansk,zorya lugansk,2000s,Defender - Centre-Back,58402,10690,10690_zorya_lugansk_2000s,Ukraine,51.2
Ivan Matyazh,ivan matyazh,Zorya Lugansk,zorya lugansk,2000s,Midfield - Central Midfield,59249,10690,10690_zorya_lugansk_2000s,Ukraine,51.2
Oleg Shevchenko,oleg shevchenko,Zorya Lugansk,zorya lugansk,2000s,Defender - Centre-Back,91714,10690,10690_zorya_lugansk_2000s,Ukraine,51.2
Ivan Pogorelov,ivan pogorelov,Zorya Lugansk,zorya lugansk,2000s,Midfield - Defensive Midfield,91786,10690,10690_zorya_lugansk_2000s,Ukraine,51.2
Igor Chaykovskyi,igor chaykovskyi,Zorya Lugansk,zorya lugansk,2000s,Midfield - Defensive Midfield,94923,10690,10690_zorya_lugansk_2000s,Ukraine,51.2
Vitaliy Vitsenets,vitaliy vitsenets,Zorya Lugansk,zorya lugansk,2000s,Midfield - Central Midfield,94931,10690,10690_zorya_lugansk_2000s,Ukraine  Russia,51.2
Dmytro Khomchenovskyi,dmytro khomchenovskyi,Zorya Lugansk,zorya lugansk,2010s,Midfield - Left Midfield,59896,10690,10690_zorya_lugansk_2010s,Ukraine,91.4
Pylyp Budkivskyi,pylyp budkivskyi,Zorya Lugansk,zorya lugansk,2010s,Attack - Centre-Forward,99863,10690,10690_zorya_lugansk_2010s,Ukraine,89
Artem Gromov,artem gromov,Zorya Lugansk,zorya lugansk,2010s,Attack - Left Winger,122088,10690,10690_zorya_lugansk_2010s,Ukraine,88.7
Ivan Petryak,ivan petryak,Zorya Lugansk,zorya lugansk,2010s,Attack - Left Winger,203074,10690,10690_zorya_lugansk_2010s,Ukraine,86.6
Bogdan Lednev,bogdan lednev,Zorya Lugansk,zorya lugansk,2010s,Midfield - Attacking Midfield,423606,10690,10690_zorya_lugansk_2010s,Ukraine,83.9
Vladyslav Kochergin,vladyslav kochergin,Zorya Lugansk,zorya lugansk,2010s,Midfield - Defensive Midfield,248932,10690,10690_zorya_lugansk_2010s,Ukraine,83.5
Lucky Idahor,lucky idahor,Zorya Lugansk,zorya lugansk,2010s,Attack - Centre-Forward,59269,10690,10690_zorya_lugansk_2010s,Nigeria,83.2
Ruslan Malinovskyi,ruslan malinovskyi,Zorya Lugansk,zorya lugansk,2010s,Midfield - Attacking Midfield,207877,10690,10690_zorya_lugansk_2010s,Ukraine,82.1
Vladyslav Kabaev,vladyslav kabaev,Zorya Lugansk,zorya lugansk,2010s,Attack - Left Winger,210689,10690,10690_zorya_lugansk_2010s,Ukraine,82.1
Iury Castilho,iury castilho,Zorya Lugansk,zorya lugansk,2010s,Attack - Centre-Forward,366450,10690,10690_zorya_lugansk_2010s,Brazil,81.9
Mykyta Shevchenko,mykyta shevchenko,Zorya Lugansk,zorya lugansk,2010s,Goalkeeper,80312,10690,10690_zorya_lugansk_2010s,Ukraine,81.4
Vitaliy Vernydub,vitaliy vernydub,Zorya Lugansk,zorya lugansk,2010s,Defender - Centre-Back,59973,10690,10690_zorya_lugansk_2010s,Ukraine,80.5
Vladlen Yurchenko,vladlen yurchenko,Zorya Lugansk,zorya lugansk,2010s,Midfield - Attacking Midfield,157373,10690,10690_zorya_lugansk_2010s,Ukraine,80.5
Andriy Totovytskyi,andriy totovytskyi,Zorya Lugansk,zorya lugansk,2010s,Midfield - Attacking Midfield,277777,10690,10690_zorya_lugansk_2010s,Ukraine,80.4
Igor Kharatin,igor kharatin,Zorya Lugansk,zorya lugansk,2010s,Midfield - Defensive Midfield,213976,10690,10690_zorya_lugansk_2010s,Ukraine  Hungary,80.1
Maksym Bilyi,maksym bilyi,Zorya Lugansk,zorya lugansk,2010s,Defender - Centre-Back,107803,10690,10690_zorya_lugansk_2010s,Ukraine,79.4
Igor Chaykovskyi,igor chaykovskyi,Zorya Lugansk,zorya lugansk,2010s,Midfield - Defensive Midfield,94923,10690,10690_zorya_lugansk_2010s,Ukraine,79.3
Yevgen Opanasenko,yevgen opanasenko,Zorya Lugansk,zorya lugansk,2010s,Defender - Right-Back,86931,10690,10690_zorya_lugansk_2010s,Ukraine,78.7
Silas,silas,Zorya Lugansk,zorya lugansk,2010s,Midfield - Defensive Midfield,373302,10690,10690_zorya_lugansk_2010s,Brazil,78.3
Sergiy Silyuk,sergiy silyuk,Zorya Lugansk,zorya lugansk,2010s,Attack - Centre-Forward,41885,10690,10690_zorya_lugansk_2010s,Ukraine,78
Paulinho,paulinho,Zorya Lugansk,zorya lugansk,2010s,Attack - Left Winger,259461,10690,10690_zorya_lugansk_2010s,Brazil  Bulgaria,77.7
Nazariy Rusyn,nazariy rusyn,Zorya Lugansk,zorya lugansk,2010s,Attack - Centre-Forward,366729,10690,10690_zorya_lugansk_2010s,Ukraine,77.3
Emmanuel Dennis,emmanuel dennis,Zorya Lugansk,zorya lugansk,2010s,Attack - Centre-Forward,448854,10690,10690_zorya_lugansk_2010s,Nigeria,75.6
Oleksandr Grytsay,oleksandr grytsay,Zorya Lugansk,zorya lugansk,2010s,Midfield - Defensive Midfield,24010,10690,10690_zorya_lugansk_2010s,Ukraine,74.7
Bogdan Mykhaylichenko,bogdan mykhaylichenko,Zorya Lugansk,zorya lugansk,2010s,Defender - Left-Back,294730,10690,10690_zorya_lugansk_2010s,Ukraine,74.3
Maksym Lunyov,maksym lunyov,Zorya Lugansk,zorya lugansk,2010s,Attack - Left Winger,401822,10690,10690_zorya_lugansk_2010s,Ukraine,73.7
Krsevan Santini,krsevan santini,Zorya Lugansk,zorya lugansk,2010s,Goalkeeper,50346,10690,10690_zorya_lugansk_2010s,Croatia,72.9
Oleksiy Polyanskyi,oleksiy polyanskyi,Zorya Lugansk,zorya lugansk,2010s,Defender - Centre-Back,49018,10690,10690_zorya_lugansk_2010s,Ukraine,72.6
Oleksiy Shevchenko,oleksiy shevchenko,Zorya Lugansk,zorya lugansk,2010s,Goalkeeper,136537,10690,10690_zorya_lugansk_2010s,Ukraine,72.4
Vitaliy Postranskyi,vitaliy postranskyi,Zorya Lugansk,zorya lugansk,2010s,Goalkeeper,34670,10690,10690_zorya_lugansk_2010s,Ukraine,70.7
Franck Madou,franck madou,Zorya Lugansk,zorya lugansk,2010s,Attack - Centre-Forward,45449,10690,10690_zorya_lugansk_2010s,France  Cote d'Ivoire,70.2
Vladyslav Kalitvintsev,vladyslav kalitvintsev,Zorya Lugansk,zorya lugansk,2010s,Midfield - Right Midfield,108710,10690,10690_zorya_lugansk_2010s,Ukraine  Russia,70.2
Volodymyr Yezerskyi,volodymyr yezerskyi,Zorya Lugansk,zorya lugansk,2010s,Defender - Right-Back,24006,10690,10690_zorya_lugansk_2010s,Ukraine,69.1
Ruslan Fomin,ruslan fomin,Zorya Lugansk,zorya lugansk,2010s,Attack - Centre-Forward,36238,10690,10690_zorya_lugansk_2010s,Ukraine,69.1
Vladyslav Kulach,vladyslav kulach,Zorya Lugansk,zorya lugansk,2010s,Attack - Centre-Forward,167556,10690,10690_zorya_lugansk_2010s,Ukraine,68.6
Mikhail Sivakov,mikhail sivakov,Zorya Lugansk,zorya lugansk,2010s,Defender - Centre-Back,36364,10690,10690_zorya_lugansk_2010s,Belarus,68.2
Toni Sunjic,toni sunjic,Zorya Lugansk,zorya lugansk,2010s,Defender - Centre-Back,60790,10690,10690_zorya_lugansk_2010s,Bosnia-Herzegovina  Croatia,68.2
Andriy Lunin,andriy lunin,Zorya Lugansk,zorya lugansk,2010s,Goalkeeper,404839,10690,10690_zorya_lugansk_2010s,Ukraine,68.2
Yevgen Cheberko,yevgen cheberko,Zorya Lugansk,zorya lugansk,2010s,Defender - Centre-Back,343153,10690,10690_zorya_lugansk_2010s,Ukraine,67.9
Oleksandr Svatok,oleksandr svatok,Zorya Lugansk,zorya lugansk,2010s,Defender - Centre-Back,244271,10690,10690_zorya_lugansk_2010s,Ukraine,67.4
Artem Sukhotskyi,artem sukhotskyi,Zorya Lugansk,zorya lugansk,2010s,Midfield - Left Midfield,123543,10690,10690_zorya_lugansk_2010s,Ukraine,67
Denys Bezborodko,denys bezborodko,Zorya Lugansk,zorya lugansk,2010s,Attack - Centre-Forward,269371,10690,10690_zorya_lugansk_2010s,Ukraine,67
Luiz Felipe,luiz felipe,Zorya Lugansk,zorya lugansk,2010s,Goalkeeper,573907,10690,10690_zorya_lugansk_2010s,Brazil,66.7
Vitaliy Vitsenets,vitaliy vitsenets,Zorya Lugansk,zorya lugansk,2010s,Midfield - Central Midfield,94931,10690,10690_zorya_lugansk_2010s,Ukraine  Russia,66.3
Levan Arveladze,levan arveladze,Zorya Lugansk,zorya lugansk,2010s,Midfield - Central Midfield,168292,10690,10690_zorya_lugansk_2010s,Ukraine  Georgia,66.3
Rafael Ratão,rafael ratao,Zorya Lugansk,zorya lugansk,2010s,Attack - Left Winger,289802,10690,10690_zorya_lugansk_2010s,Brazil,66.3
Vadym Milko,vadym milko,Zorya Lugansk,zorya lugansk,2010s,Midfield - Central Midfield,58418,10690,10690_zorya_lugansk_2010s,Ukraine,65.5
Eduard Sobol,eduard sobol,Zorya Lugansk,zorya lugansk,2010s,Defender - Left-Back,206717,10690,10690_zorya_lugansk_2010s,Ukraine,65.5
Yevgeniy Tkachuk,yevgeniy tkachuk,Zorya Lugansk,zorya lugansk,2010s,Defender - Centre-Back,86466,10690,10690_zorya_lugansk_2010s,Ukraine,64.6
Oleg Chuvaev,oleg chuvaev,Zorya Lugansk,zorya lugansk,2010s,Goalkeeper,43290,10690,10690_zorya_lugansk_2010s,Ukraine  Russia,64.1
Lukas Tesak,lukas tesak,Zorya Lugansk,zorya lugansk,2010s,Defender - Left-Back,74985,10690,10690_zorya_lugansk_2010s,Slovakia,63.6
Pavlo Myagkov,pavlo myagkov,Zorya Lugansk,zorya lugansk,2010s,Defender - Left-Back,206054,10690,10690_zorya_lugansk_2010s,Ukraine,63.6
David Faupala,david faupala,Zorya Lugansk,zorya lugansk,2010s,Attack - Centre-Forward,272624,10690,10690_zorya_lugansk_2010s,France  Neukaledonien,63.6
Yuriy Martyshchuk,yuriy martyshchuk,Zorya Lugansk,zorya lugansk,2010s,Goalkeeper,58073,10690,10690_zorya_lugansk_2010s,Ukraine,62.9
Yaroslav Oliynyk,yaroslav oliynyk,Zorya Lugansk,zorya lugansk,2010s,Defender - Right-Back,90768,10690,10690_zorya_lugansk_2010s,Ukraine,62.9
Joel Abu Hanna,joel abu hanna,Zorya Lugansk,zorya lugansk,2010s,Defender - Centre-Back,267330,10690,10690_zorya_lugansk_2010s,Germany  Israel,61.9
Mihailo Perovic,mihailo perovic,Zorya Lugansk,zorya lugansk,2010s,Attack - Centre-Forward,293253,10690,10690_zorya_lugansk_2010s,Montenegro,61.9
Dmytro Ivanisenya,dmytro ivanisenya,Zorya Lugansk,zorya lugansk,2010s,Midfield - Defensive Midfield,376228,10690,10690_zorya_lugansk_2010s,Ukraine  Russia,61.9
Nikola Vasilj,nikola vasilj,Zorya Lugansk,zorya lugansk,2010s,Goalkeeper,248454,10690,10690_zorya_lugansk_2010s,Bosnia-Herzegovina  Croatia,61.1
Yegor Kartushov,yegor kartushov,Zorya Lugansk,zorya lugansk,2010s,Midfield - Left Midfield,94925,10690,10690_zorya_lugansk_2010s,Ukraine,60.4
Dmytro Lytvyn,dmytro lytvyn,Zorya Lugansk,zorya lugansk,2010s,Defender - Centre-Back,402874,10690,10690_zorya_lugansk_2010s,Ukraine,58.6
Yegor Shalfeev,yegor shalfeev,Zorya Lugansk,zorya lugansk,2010s,Midfield - Central Midfield,561885,10690,10690_zorya_lugansk_2010s,Ukraine,58.6
Ruslan Babenko,ruslan babenko,Zorya Lugansk,zorya lugansk,2010s,Midfield - Central Midfield,94928,10690,10690_zorya_lugansk_2010s,Ukraine,57.4
Dmytro Matsapura,dmytro matsapura,Zorya Lugansk,zorya lugansk,2010s,Goalkeeper,775832,10690,10690_zorya_lugansk_2010s,Ukraine,57.1
Rustam Khudzhamov,rustam khudzhamov,Zorya Lugansk,zorya lugansk,2010s,Goalkeeper,58043,10690,10690_zorya_lugansk_2010s,Ukraine,51.2
Maksym Kovalyov,maksym kovalyov,Zorya Lugansk,zorya lugansk,2010s,Defender - Centre-Back,58402,10690,10690_zorya_lugansk_2010s,Ukraine,51.2
Maksym Zhychykov,maksym zhychykov,Zorya Lugansk,zorya lugansk,2010s,Defender - Right-Back,59136,10690,10690_zorya_lugansk_2010s,Ukraine,51.2
Bruno Renan,bruno renan,Zorya Lugansk,zorya lugansk,2010s,Midfield - Defensive Midfield,105486,10690,10690_zorya_lugansk_2010s,Brazil,51.2
Andrejs Ciganiks,andrejs ciganiks,Zorya Lugansk,zorya lugansk,2010s,Defender - Left-Back,202659,10690,10690_zorya_lugansk_2010s,Latvia,51.2
Vyacheslav Tankovskyi,vyacheslav tankovskyi,Zorya Lugansk,zorya lugansk,2010s,Midfield - Central Midfield,213980,10690,10690_zorya_lugansk_2010s,Ukraine,51.2
Igor Kalinin,igor kalinin,Zorya Lugansk,zorya lugansk,2010s,Defender - Left-Back,267396,10690,10690_zorya_lugansk_2010s,Russia  Ukraine,51.2
Maksym Banasevych,maksym banasevych,Zorya Lugansk,zorya lugansk,2010s,Midfield - Left Midfield,272776,10690,10690_zorya_lugansk_2010s,Ukraine,51.2
Oleg Boroday,oleg boroday,Zorya Lugansk,zorya lugansk,2010s,Defender - Centre-Back,330574,10690,10690_zorya_lugansk_2010s,Ukraine,51.2
Leonardo Ruiz,leonardo ruiz,Zorya Lugansk,zorya lugansk,2010s,Attack - Centre-Forward,344399,10690,10690_zorya_lugansk_2010s,Colombia  Portugal,51.2
Maksym Kazakov,maksym kazakov,Zorya Lugansk,zorya lugansk,2010s,Midfield - Central Midfield,373044,10690,10690_zorya_lugansk_2010s,Ukraine,51.2
Mykhaylo Shershen,mykhaylo shershen,Zorya Lugansk,zorya lugansk,2010s,Defender - Centre-Back,385416,10690,10690_zorya_lugansk_2010s,Ukraine,51.2
Artem Mylchenko,artem mylchenko,Zorya Lugansk,zorya lugansk,2010s,Midfield - Defensive Midfield,539444,10690,10690_zorya_lugansk_2010s,Ukraine,51.2
Dmytro Piddubnyi,dmytro piddubnyi,Zorya Lugansk,zorya lugansk,2010s,Defender - Centre-Back,748936,10690,10690_zorya_lugansk_2010s,Ukraine,51.2
Volodymyr Bilotserkovets,volodymyr bilotserkovets,Zorya Lugansk,zorya lugansk,2010s,Attack - Right Winger,755175,10690,10690_zorya_lugansk_2010s,Ukraine,51.2
Lovro Cvek,lovro cvek,Zorya Lugansk,zorya lugansk,2010s,Midfield - Defensive Midfield,317467,10690,10690_zorya_lugansk_2010s,Croatia,45.4
Eduardo Guerrero,eduardo guerrero,Zorya Lugansk,zorya lugansk,2020s,Attack - Centre-Forward,502842,10690,10690_zorya_lugansk_2020s,Panama,87.4
Oleksandr Gladkyi,oleksandr gladkyi,Zorya Lugansk,zorya lugansk,2020s,Attack - Centre-Forward,53270,10690,10690_zorya_lugansk_2020s,Ukraine,85.5
Nazariy Rusyn,nazariy rusyn,Zorya Lugansk,zorya lugansk,2020s,Attack - Centre-Forward,366729,10690,10690_zorya_lugansk_2020s,Ukraine,85.5
Sergiy Buletsa,sergiy buletsa,Zorya Lugansk,zorya lugansk,2020s,Midfield - Attacking Midfield,404846,10690,10690_zorya_lugansk_2020s,Ukraine,85.3
Allahyar Sayyadmanesh,allahyar sayyadmanesh,Zorya Lugansk,zorya lugansk,2020s,Attack - Left Winger,480975,10690,10690_zorya_lugansk_2020s,Iran,84.6
Vladyslav Kochergin,vladyslav kochergin,Zorya Lugansk,zorya lugansk,2020s,Midfield - Defensive Midfield,248932,10690,10690_zorya_lugansk_2020s,Ukraine,84.2
Petar Micin,petar micin,Zorya Lugansk,zorya lugansk,2020s,Midfield - Attacking Midfield,343963,10690,10690_zorya_lugansk_2020s,Serbia,83.7
Pylyp Budkivskyi,pylyp budkivskyi,Zorya Lugansk,zorya lugansk,2020s,Attack - Centre-Forward,99863,10690,10690_zorya_lugansk_2020s,Ukraine,83.5
Denys Antyukh,denys antyukh,Zorya Lugansk,zorya lugansk,2020s,Attack - Right Winger,383325,10690,10690_zorya_lugansk_2020s,Ukraine,83.5
Igor Kyryukhantsev,igor kyryukhantsev,Zorya Lugansk,zorya lugansk,2020s,Defender - Right-Back,203855,10690,10690_zorya_lugansk_2020s,Ukraine,81.6
Shahab Zahedi,shahab zahedi,Zorya Lugansk,zorya lugansk,2020s,Attack - Centre-Forward,350828,10690,10690_zorya_lugansk_2020s,Iran,80.5
Vladlen Yurchenko,vladlen yurchenko,Zorya Lugansk,zorya lugansk,2020s,Midfield - Attacking Midfield,157373,10690,10690_zorya_lugansk_2020s,Ukraine,80.1
Artem Gromov,artem gromov,Zorya Lugansk,zorya lugansk,2020s,Attack - Left Winger,122088,10690,10690_zorya_lugansk_2020s,Ukraine,79.7
Vladyslav Kabaev,vladyslav kabaev,Zorya Lugansk,zorya lugansk,2020s,Attack - Left Winger,210689,10690,10690_zorya_lugansk_2020s,Ukraine,79.7
Jordan,jordan,Zorya Lugansk,zorya lugansk,2020s,Defender - Centre-Back,546532,10690,10690_zorya_lugansk_2020s,Brazil,76.7
Volodymyr Brazhko,volodymyr brazhko,Zorya Lugansk,zorya lugansk,2020s,Midfield - Defensive Midfield,669306,10690,10690_zorya_lugansk_2020s,Ukraine,76.7
Denys Favorov,denys favorov,Zorya Lugansk,zorya lugansk,2020s,Defender - Right-Back,289095,10690,10690_zorya_lugansk_2020s,Ukraine,76.5
Oleksandr Saputin,oleksandr saputin,Zorya Lugansk,zorya lugansk,2020s,Goalkeeper,936008,10690,10690_zorya_lugansk_2020s,Ukraine,76.3
Yevgen Shakhov,yevgen shakhov,Zorya Lugansk,zorya lugansk,2020s,Midfield - Central Midfield,58970,10690,10690_zorya_lugansk_2020s,Ukraine,76
Maksym Imerekov,maksym imerekov,Zorya Lugansk,zorya lugansk,2020s,Defender - Centre-Back,94924,10690,10690_zorya_lugansk_2020s,Ukraine,76
Denys Nagnoynyi,denys nagnoynyi,Zorya Lugansk,zorya lugansk,2020s,Midfield - Attacking Midfield,892053,10690,10690_zorya_lugansk_2020s,Ukraine,75.8
Dmytro Myshnyov,dmytro myshnyov,Zorya Lugansk,zorya lugansk,2020s,Midfield - Central Midfield,212243,10690,10690_zorya_lugansk_2020s,Ukraine,75.6
Roman Vantukh,roman vantukh,Zorya Lugansk,zorya lugansk,2020s,Defender - Left-Back,396536,10690,10690_zorya_lugansk_2020s,Ukraine,75.3
Arseniy Batagov,arseniy batagov,Zorya Lugansk,zorya lugansk,2020s,Defender - Centre-Back,665048,10690,10690_zorya_lugansk_2020s,Ukraine,75.3
Dmytro Matsapura,dmytro matsapura,Zorya Lugansk,zorya lugansk,2020s,Goalkeeper,775832,10690,10690_zorya_lugansk_2020s,Ukraine,75.3
Dmytro Ivanisenya,dmytro ivanisenya,Zorya Lugansk,zorya lugansk,2020s,Midfield - Defensive Midfield,376228,10690,10690_zorya_lugansk_2020s,Ukraine  Russia,75.1
Yegor Nazaryna,yegor nazaryna,Zorya Lugansk,zorya lugansk,2020s,Midfield - Central Midfield,430190,10690,10690_zorya_lugansk_2020s,Ukraine,75.1
Juninho,juninho,Zorya Lugansk,zorya lugansk,2020s,Defender - Left-Back,606952,10690,10690_zorya_lugansk_2020s,Brazil,74.9
Bogdan Butko,bogdan butko,Zorya Lugansk,zorya lugansk,2020s,Defender - Right-Back,94922,10690,10690_zorya_lugansk_2020s,Ukraine,74.3
Vyacheslav Churko,vyacheslav churko,Zorya Lugansk,zorya lugansk,2020s,Midfield - Attacking Midfield,131553,10690,10690_zorya_lugansk_2020s,Ukraine  Hungary,74.3
Cristian,cristian,Zorya Lugansk,zorya lugansk,2020s,Attack - Left Winger,675878,10690,10690_zorya_lugansk_2020s,Brazil,74
Jakov Basic,jakov basic,Zorya Lugansk,zorya lugansk,2020s,Midfield - Defensive Midfield,656172,10690,10690_zorya_lugansk_2020s,Croatia,73.9
Danyil Alefirenko,danyil alefirenko,Zorya Lugansk,zorya lugansk,2020s,Attack - Left Winger,755174,10690,10690_zorya_lugansk_2020s,Ukraine,72.9
Maksym Lunyov,maksym lunyov,Zorya Lugansk,zorya lugansk,2020s,Attack - Left Winger,401822,10690,10690_zorya_lugansk_2020s,Ukraine,72.6
Raymond Owusu,raymond owusu,Zorya Lugansk,zorya lugansk,2020s,Attack - Centre-Forward,837005,10690,10690_zorya_lugansk_2020s,Ghana,72.6
Mykyta Turbayevskyi,mykyta turbayevskyi,Zorya Lugansk,zorya lugansk,2020s,Goalkeeper,709478,10690,10690_zorya_lugansk_2020s,Ukraine,71.9
Vikentiy Voloshyn,vikentiy voloshyn,Zorya Lugansk,zorya lugansk,2020s,Midfield - Attacking Midfield,470831,10690,10690_zorya_lugansk_2020s,Ukraine,71.5
Dmytro Khomchenovskyi,dmytro khomchenovskyi,Zorya Lugansk,zorya lugansk,2020s,Midfield - Left Midfield,59896,10690,10690_zorya_lugansk_2020s,Ukraine,70.5
Kyrylo Dryshlyuk,kyrylo dryshlyuk,Zorya Lugansk,zorya lugansk,2020s,Midfield - Central Midfield,501417,10690,10690_zorya_lugansk_2020s,Ukraine,70.2
Igor Snurnitsyn,igor snurnitsyn,Zorya Lugansk,zorya lugansk,2020s,Defender - Centre-Back,419119,10690,10690_zorya_lugansk_2020s,Ukraine,69.4
Nikola Vasilj,nikola vasilj,Zorya Lugansk,zorya lugansk,2020s,Goalkeeper,248454,10690,10690_zorya_lugansk_2020s,Bosnia-Herzegovina  Croatia,68.2
Oleg Danchenko,oleg danchenko,Zorya Lugansk,zorya lugansk,2020s,Defender - Right-Back,257937,10690,10690_zorya_lugansk_2020s,Ukraine,67
Denys Bezborodko,denys bezborodko,Zorya Lugansk,zorya lugansk,2020s,Attack - Centre-Forward,269371,10690,10690_zorya_lugansk_2020s,Ukraine,66.3
Vladyslav Pogorilyi,vladyslav pogorilyi,Zorya Lugansk,zorya lugansk,2020s,Attack - Centre-Forward,718409,10690,10690_zorya_lugansk_2020s,Ukraine,65.5
Akhmed Alibekov,akhmed alibekov,Zorya Lugansk,zorya lugansk,2020s,Midfield - Defensive Midfield,343175,10690,10690_zorya_lugansk_2020s,Ukraine,64.6
Vladyslav Bugay,vladyslav bugay,Zorya Lugansk,zorya lugansk,2020s,Attack - Centre-Forward,396411,10690,10690_zorya_lugansk_2020s,Ukraine,64.6
Maksym Khlan,maksym khlan,Zorya Lugansk,zorya lugansk,2020s,Attack - Left Winger,721511,10690,10690_zorya_lugansk_2020s,Ukraine,64.6
Vitaliy Vernydub,vitaliy vernydub,Zorya Lugansk,zorya lugansk,2020s,Defender - Centre-Back,59973,10690,10690_zorya_lugansk_2020s,Ukraine,63.6
Agron Rufati,agron rufati,Zorya Lugansk,zorya lugansk,2020s,Defender - Centre-Back,460591,10690,10690_zorya_lugansk_2020s,North Macedonia  Croatia,63.6
Alioune Ndour,alioune ndour,Zorya Lugansk,zorya lugansk,2020s,Attack - Centre-Forward,718643,10690,10690_zorya_lugansk_2020s,Senegal,63.6
Volodymyr Bilotserkovets,volodymyr bilotserkovets,Zorya Lugansk,zorya lugansk,2020s,Attack - Right Winger,755175,10690,10690_zorya_lugansk_2020s,Ukraine,63.6
Mykyta Shevchenko,mykyta shevchenko,Zorya Lugansk,zorya lugansk,2020s,Goalkeeper,80312,10690,10690_zorya_lugansk_2020s,Ukraine,62.9
Oleksiy Khakhlyov,oleksiy khakhlyov,Zorya Lugansk,zorya lugansk,2020s,Midfield - Central Midfield,404847,10690,10690_zorya_lugansk_2020s,Ukraine,62.9
Anton Zhylkin,anton zhylkin,Zorya Lugansk,zorya lugansk,2020s,Goalkeeper,924466,10690,10690_zorya_lugansk_2020s,Ukraine,62.9
Andrejs Ciganiks,andrejs ciganiks,Zorya Lugansk,zorya lugansk,2020s,Defender - Left-Back,202659,10690,10690_zorya_lugansk_2020s,Latvia,60.4
Ruan Oliveira,ruan oliveira,Zorya Lugansk,zorya lugansk,2020s,Midfield - Central Midfield,798106,10690,10690_zorya_lugansk_2020s,Brazil,60.4
Maksym Kazakov,maksym kazakov,Zorya Lugansk,zorya lugansk,2020s,Midfield - Central Midfield,373044,10690,10690_zorya_lugansk_2020s,Ukraine,58.6
Vladyslav Vakula,vladyslav vakula,Zorya Lugansk,zorya lugansk,2020s,Attack - Left Winger,526578,10690,10690_zorya_lugansk_2020s,Ukraine,58.6
Ivan Golovkin,ivan golovkin,Zorya Lugansk,zorya lugansk,2020s,Midfield - Attacking Midfield,581405,10690,10690_zorya_lugansk_2020s,Ukraine,58.6
Gabriel Eskinja,gabriel eskinja,Zorya Lugansk,zorya lugansk,2020s,Defender - Centre-Back,794896,10690,10690_zorya_lugansk_2020s,Austria,58.6
Tymur Korablin,tymur korablin,Zorya Lugansk,zorya lugansk,2020s,Midfield - Central Midfield,795280,10690,10690_zorya_lugansk_2020s,Ukraine,58.6
Guilherme Smith,guilherme smith,Zorya Lugansk,zorya lugansk,2020s,Attack - Left Winger,949337,10690,10690_zorya_lugansk_2020s,Brazil,58.6
Maksym Smiyan,maksym smiyan,Zorya Lugansk,zorya lugansk,2020s,Defender - Left-Back,951439,10690,10690_zorya_lugansk_2020s,Ukraine,58.6
Nazar Bayruk,nazar bayruk,Zorya Lugansk,zorya lugansk,2020s,Defender - Left-Back,1038055,10690,10690_zorya_lugansk_2020s,Ukraine,58.6
Bogdan Tokar,bogdan tokar,Zorya Lugansk,zorya lugansk,2020s,Defender - Centre-Back,1141270,10690,10690_zorya_lugansk_2020s,Ukraine,58.6
Ilya Gulko,ilya gulko,Zorya Lugansk,zorya lugansk,2020s,Midfield - Defensive Midfield,771912,10690,10690_zorya_lugansk_2020s,Ukraine,57.4
Lovro Cvek,lovro cvek,Zorya Lugansk,zorya lugansk,2020s,Midfield - Defensive Midfield,317467,10690,10690_zorya_lugansk_2020s,Croatia,56.8
Igor Chaykovskyi,igor chaykovskyi,Zorya Lugansk,zorya lugansk,2020s,Midfield - Defensive Midfield,94923,10690,10690_zorya_lugansk_2020s,Ukraine,51.2
Igor Perduta,igor perduta,Zorya Lugansk,zorya lugansk,2020s,Defender - Right-Back,201671,10690,10690_zorya_lugansk_2020s,Ukraine,51.2
Mykyta Burda,mykyta burda,Zorya Lugansk,zorya lugansk,2020s,Defender - Centre-Back,213865,10690,10690_zorya_lugansk_2020s,Ukraine,51.2
Pavlo Polegenko,pavlo polegenko,Zorya Lugansk,zorya lugansk,2020s,Defender - Right-Back,216579,10690,10690_zorya_lugansk_2020s,Ukraine,51.2
Joel Abu Hanna,joel abu hanna,Zorya Lugansk,zorya lugansk,2020s,Defender - Centre-Back,267330,10690,10690_zorya_lugansk_2020s,Germany  Israel,51.2
Sergiy Gryn,sergiy gryn,Zorya Lugansk,zorya lugansk,2020s,Attack - Left Winger,269374,10690,10690_zorya_lugansk_2020s,Ukraine,51.2
Mihailo Perovic,mihailo perovic,Zorya Lugansk,zorya lugansk,2020s,Attack - Centre-Forward,293253,10690,10690_zorya_lugansk_2020s,Montenegro,51.2
Maksim Grechkin,maksim grechkin,Zorya Lugansk,zorya lugansk,2020s,Defender - Left-Back,347270,10690,10690_zorya_lugansk_2020s,Israel  Ukraine,51.2
Vladyslav Kucheruk,vladyslav kucheruk,Zorya Lugansk,zorya lugansk,2020s,Goalkeeper,404838,10690,10690_zorya_lugansk_2020s,Ukraine,51.2
Tymofiy Sukhar,tymofiy sukhar,Zorya Lugansk,zorya lugansk,2020s,Defender - Left-Back,404844,10690,10690_zorya_lugansk_2020s,Ukraine,51.2
Denis Yanakov,denis yanakov,Zorya Lugansk,zorya lugansk,2020s,Attack - Left Winger,404851,10690,10690_zorya_lugansk_2020s,Ukraine,51.2
Vladyslav Supryaga,vladyslav supryaga,Zorya Lugansk,zorya lugansk,2020s,Attack - Centre-Forward,419061,10690,10690_zorya_lugansk_2020s,Ukraine,51.2
Benito,benito,Zorya Lugansk,zorya lugansk,2020s,Attack - Right Winger,491960,10690,10690_zorya_lugansk_2020s,Nigeria  Cote d'Ivoire,51.2
Artem Mylchenko,artem mylchenko,Zorya Lugansk,zorya lugansk,2020s,Midfield - Defensive Midfield,539444,10690,10690_zorya_lugansk_2020s,Ukraine,51.2
Vladyslav Yemets,vladyslav yemets,Zorya Lugansk,zorya lugansk,2020s,Defender - Left-Back,576022,10690,10690_zorya_lugansk_2020s,Ukraine,51.2
Maksim Agapov,maksim agapov,Zorya Lugansk,zorya lugansk,2020s,Defender - Right-Back,615333,10690,10690_zorya_lugansk_2020s,Russia  Ukraine,51.2
Mykola Mykhaylenko,mykola mykhaylenko,Zorya Lugansk,zorya lugansk,2020s,Midfield - Defensive Midfield,626475,10690,10690_zorya_lugansk_2020s,Ukraine,51.2
Denys Pochapskyi,denys pochapskyi,Zorya Lugansk,zorya lugansk,2020s,Attack - Centre-Forward,717414,10690,10690_zorya_lugansk_2020s,Ukraine,51.2
Yuriy Tlumak,yuriy tlumak,Zorya Lugansk,zorya lugansk,2020s,Midfield - Central Midfield,748838,10690,10690_zorya_lugansk_2020s,Ukraine,51.2
Dmytro Piddubnyi,dmytro piddubnyi,Zorya Lugansk,zorya lugansk,2020s,Defender - Centre-Back,748936,10690,10690_zorya_lugansk_2020s,Ukraine,51.2
Anton Bol,anton bol,Zorya Lugansk,zorya lugansk,2020s,Defender - Centre-Back,838384,10690,10690_zorya_lugansk_2020s,Ukraine,51.2
Sergey Demchenko,sergey demchenko,Zorya Lugansk,zorya lugansk,2020s,Midfield - Right Midfield,863202,10690,10690_zorya_lugansk_2020s,Russia  Ukraine,51.2
Vladyslav Rybak,vladyslav rybak,Zorya Lugansk,zorya lugansk,2020s,Goalkeeper,880039,10690,10690_zorya_lugansk_2020s,Ukraine,51.2
Yuriy Dudnyk,yuriy dudnyk,Zorya Lugansk,zorya lugansk,2020s,Defender - Centre-Back,892052,10690,10690_zorya_lugansk_2020s,Ukraine,51.2
Oleksiy Gusev,oleksiy gusev,Zorya Lugansk,zorya lugansk,2020s,Defender - Right-Back,955349,10690,10690_zorya_lugansk_2020s,Ukraine,51.2
Artem Dolbnev,artem dolbnev,Zorya Lugansk,zorya lugansk,2020s,Midfield - Defensive Midfield,1028757,10690,10690_zorya_lugansk_2020s,Ukraine,51.2
Yaroslav Kysil,yaroslav kysil,Zorya Lugansk,zorya lugansk,2020s,Defender - Left-Back,1038054,10690,10690_zorya_lugansk_2020s,Ukraine,51.2
Wendell,wendell,Zorya Lugansk,zorya lugansk,2020s,Attack - Right Winger,1074482,10690,10690_zorya_lugansk_2020s,Brazil,51.2
Vitaliy Morokhovets,vitaliy morokhovets,Zorya Lugansk,zorya lugansk,2020s,Defender - Centre-Back,1116069,10690,10690_zorya_lugansk_2020s,Ukraine,51.2
Oleg Shelayev,oleg shelayev,Zorya-Mals Lugansk,zorya mals lugansk,1990s,Midfield - Defensive Midfield,24054,10690,10690_zorya_mals_lugansk_1990s,Ukraine,67
Sergiy Omelyanovych,sergiy omelyanovych,Zorya-Mals Lugansk,zorya mals lugansk,1990s,Midfield - Defensive Midfield,19521,10690,10690_zorya_mals_lugansk_1990s,Ukraine  Belgium,63.6
Oleksandr Shutov,oleksandr shutov,Zorya-Mals Lugansk,zorya mals lugansk,1990s,Midfield - Right Midfield,25917,10690,10690_zorya_mals_lugansk_1990s,Ukraine,61.9
Oleksiy Ivanov,oleksiy ivanov,Naftovyk-Ukrnafta Okhtyrka,naftovyk ukrnafta okhtyrka,2000s,Midfield - Attacking Midfield,28924,12302,12302_naftovyk_ukrnafta_okhtyrka_2000s,Ukraine,73.2
Denys Oliynyk,denys oliynyk,Naftovyk-Ukrnafta Okhtyrka,naftovyk ukrnafta okhtyrka,2000s,Attack - Left Winger,57895,12302,12302_naftovyk_ukrnafta_okhtyrka_2000s,Ukraine,65.5
Artem Kusliy,artem kusliy,Naftovyk-Ukrnafta Okhtyrka,naftovyk ukrnafta okhtyrka,2000s,Goalkeeper,24028,12302,12302_naftovyk_ukrnafta_okhtyrka_2000s,Ukraine,62.9
Ivan Kotenko,ivan kotenko,Naftovyk-Ukrnafta Okhtyrka,naftovyk ukrnafta okhtyrka,2000s,Midfield - Left Midfield,25861,12302,12302_naftovyk_ukrnafta_okhtyrka_2000s,Ukraine,61.9
Denys Dedechko,denys dedechko,Naftovyk-Ukrnafta Okhtyrka,naftovyk ukrnafta okhtyrka,2000s,Midfield - Defensive Midfield,57869,12302,12302_naftovyk_ukrnafta_okhtyrka_2000s,Ukraine,61.9
Vyacheslav Serdyuk,vyacheslav serdyuk,Naftovyk-Ukrnafta Okhtyrka,naftovyk ukrnafta okhtyrka,2000s,Defender - Centre-Back,57900,12302,12302_naftovyk_ukrnafta_okhtyrka_2000s,Ukraine,61.9
Kostyantyn Balabanov,kostyantyn balabanov,Naftovyk-Ukrnafta Okhtyrka,naftovyk ukrnafta okhtyrka,2000s,Attack - Centre-Forward,34766,12302,12302_naftovyk_ukrnafta_okhtyrka_2000s,Ukraine,60.4
Ruslan Bidnenko,ruslan bidnenko,Naftovyk-Ukrnafta Okhtyrka,naftovyk ukrnafta okhtyrka,2000s,Midfield - Defensive Midfield,15878,12302,12302_naftovyk_ukrnafta_okhtyrka_2000s,Ukraine,51.2
Vasil Gigiadze,vasil gigiadze,Naftovyk-Ukrnafta Okhtyrka,naftovyk ukrnafta okhtyrka,2000s,Midfield - Attacking Midfield,57878,12302,12302_naftovyk_ukrnafta_okhtyrka_2000s,Georgia,51.2
Vyacheslav Sharpar,vyacheslav sharpar,Naftovyk-Ukrnafta Okhtyrka,naftovyk ukrnafta okhtyrka,2000s,Midfield - Central Midfield,57901,12302,12302_naftovyk_ukrnafta_okhtyrka_2000s,Ukraine,51.2
Oleg Davydov,oleg davydov,Naftovyk-Ukrnafta Okhtyrka,naftovyk ukrnafta okhtyrka,2000s,Defender - Left-Back,122176,12302,12302_naftovyk_ukrnafta_okhtyrka_2000s,Ukraine,51.2
Anton Monakhov,anton monakhov,Naftovyk-Ukrnafta Okhtyrka,naftovyk ukrnafta okhtyrka,2000s,Defender - Centre-Back,60323,12302,12302_naftovyk_ukrnafta_okhtyrka_2000s,Russia  Ukraine,45.6
Andrey Fedkov,andrey fedkov,Kremin Kremenchuk,kremin kremenchuk,1990s,Attack - Centre-Forward,24127,13017,13017_kremin_kremenchuk_1990s,Russia,91.8
Sergiy Zadorozhnyi,sergiy zadorozhnyi,Kremin Kremenchuk,kremin kremenchuk,1990s,Defender - Left-Back,96879,13017,13017_kremin_kremenchuk_1990s,Ukraine,51.2
Anatoliy Matkevych,anatoliy matkevych,Kremin Kremenchuk,kremin kremenchuk,1990s,Defender - Centre-Back,193271,13017,13017_kremin_kremenchuk_1990s,Ukraine,51.2
Igor Plotko,igor plotko,Torpedo Zaporizhya,torpedo zaporizhya,1990s,Midfield - Central Midfield,857997,14809,14809_torpedo_zaporizhya_1990s,Ukraine,65.5
Oleksandr Sobol,oleksandr sobol,Torpedo Zaporizhya,torpedo zaporizhya,1990s,Defender,885332,14809,14809_torpedo_zaporizhya_1990s,Ukraine,62.9
Sergiy Tanasyuk,sergiy tanasyuk,Torpedo Zaporizhya,torpedo zaporizhya,1990s,Defender,373477,14809,14809_torpedo_zaporizhya_1990s,Ukraine,61.9
Oleksandr Filippov,oleksandr filippov,Desna Chernigiv,desna chernigiv,2010s,Attack - Centre-Forward,237623,16239,16239_desna_chernigiv_2010s,Ukraine,88.2
Denys Favorov,denys favorov,Desna Chernigiv,desna chernigiv,2010s,Defender - Right-Back,289095,16239,16239_desna_chernigiv_2010s,Ukraine,84
Yegor Kartushov,yegor kartushov,Desna Chernigiv,desna chernigiv,2010s,Midfield - Left Midfield,94925,16239,16239_desna_chernigiv_2010s,Ukraine,82.3
Artem Favorov,artem favorov,Desna Chernigiv,desna chernigiv,2010s,Midfield - Central Midfield,170245,16239,16239_desna_chernigiv_2010s,Ukraine  Hungary,81.2
Vladyslav Kalitvintsev,vladyslav kalitvintsev,Desna Chernigiv,desna chernigiv,2010s,Midfield - Right Midfield,108710,16239,16239_desna_chernigiv_2010s,Ukraine  Russia,77.7
Denys Bezborodko,denys bezborodko,Desna Chernigiv,desna chernigiv,2010s,Attack - Centre-Forward,269371,16239,16239_desna_chernigiv_2010s,Ukraine,75.3
Yevgen Past,yevgen past,Desna Chernigiv,desna chernigiv,2010s,Goalkeeper,49016,16239,16239_desna_chernigiv_2010s,Ukraine,74.6
Andriy Totovytskyi,andriy totovytskyi,Desna Chernigiv,desna chernigiv,2010s,Midfield - Attacking Midfield,277777,16239,16239_desna_chernigiv_2010s,Ukraine,72.9
Yukhym Konoplya,yukhym konoplya,Desna Chernigiv,desna chernigiv,2010s,Defender - Right-Back,467250,16239,16239_desna_chernigiv_2010s,Ukraine,72.9
Orest Kuzyk,orest kuzyk,Desna Chernigiv,desna chernigiv,2010s,Attack - Left Winger,353252,16239,16239_desna_chernigiv_2010s,Ukraine,71.9
Maksim Degtyarov,maksim degtyarov,Desna Chernigiv,desna chernigiv,2010s,Attack - Centre-Forward,193323,16239,16239_desna_chernigiv_2010s,Russia  Ukraine,70.7
Maksym Imerekov,maksym imerekov,Desna Chernigiv,desna chernigiv,2010s,Defender - Centre-Back,94924,16239,16239_desna_chernigiv_2010s,Ukraine,70.2
Andriy Bogdanov,andriy bogdanov,Desna Chernigiv,desna chernigiv,2010s,Midfield - Central Midfield,92567,16239,16239_desna_chernigiv_2010s,Ukraine,69.6
Pylyp Budkivskyi,pylyp budkivskyi,Desna Chernigiv,desna chernigiv,2010s,Attack - Centre-Forward,99863,16239,16239_desna_chernigiv_2010s,Ukraine,69.1
Levan Arveladze,levan arveladze,Desna Chernigiv,desna chernigiv,2010s,Midfield - Central Midfield,168292,16239,16239_desna_chernigiv_2010s,Ukraine  Georgia,65.5
Igor Lytovka,igor lytovka,Desna Chernigiv,desna chernigiv,2010s,Goalkeeper,93105,16239,16239_desna_chernigiv_2010s,Ukraine,64.1
Vladyslav Ogirya,vladyslav ogirya,Desna Chernigiv,desna chernigiv,2010s,Midfield - Defensive Midfield,111072,16239,16239_desna_chernigiv_2010s,Ukraine,63.6
Joonas Tamm,joonas tamm,Desna Chernigiv,desna chernigiv,2010s,Defender - Centre-Back,111556,16239,16239_desna_chernigiv_2010s,Estonia,61.9
Andriy Dombrovskyi,andriy dombrovskyi,Desna Chernigiv,desna chernigiv,2010s,Midfield - Defensive Midfield,381273,16239,16239_desna_chernigiv_2010s,Ukraine,60.4
Yevgeniy Belych,yevgeniy belych,Desna Chernigiv,desna chernigiv,2010s,Midfield - Attacking Midfield,596235,16239,16239_desna_chernigiv_2010s,Ukraine,58.6
Vitaliy Yermakov,vitaliy yermakov,Desna Chernigiv,desna chernigiv,2010s,Defender - Centre-Back,169260,16239,16239_desna_chernigiv_2010s,Ukraine,57.4
Oleksandr Kovpak,oleksandr kovpak,Desna Chernigiv,desna chernigiv,2010s,Attack - Centre-Forward,43332,16239,16239_desna_chernigiv_2010s,Ukraine,51.2
Sergiy Lyulka,sergiy lyulka,Desna Chernigiv,desna chernigiv,2010s,Defender - Right-Back,91991,16239,16239_desna_chernigiv_2010s,Ukraine,51.2
Artur Zapadnya,artur zapadnya,Desna Chernigiv,desna chernigiv,2010s,Defender - Left-Back,111074,16239,16239_desna_chernigiv_2010s,Ukraine,51.2
Anton Bratkov,anton bratkov,Desna Chernigiv,desna chernigiv,2010s,Defender - Centre-Back,167553,16239,16239_desna_chernigiv_2010s,Ukraine,51.2
Maksym Banasevych,maksym banasevych,Desna Chernigiv,desna chernigiv,2010s,Midfield - Left Midfield,272776,16239,16239_desna_chernigiv_2010s,Ukraine,51.2
Ilya Shevtsov,ilya shevtsov,Desna Chernigiv,desna chernigiv,2010s,Attack - Centre-Forward,383198,16239,16239_desna_chernigiv_2010s,Ukraine,51.2
Andriy Yakymiv,andriy yakymiv,Desna Chernigiv,desna chernigiv,2010s,Defender - Centre-Back,521841,16239,16239_desna_chernigiv_2010s,Ukraine,51.2
Denys Demyanenko,denys demyanenko,Desna Chernigiv,desna chernigiv,2010s,Midfield - Defensive Midfield,775868,16239,16239_desna_chernigiv_2010s,Ukraine,51.2
Kobe,kobe,Desna Chernigiv,desna chernigiv,2010s,Midfield - Defensive Midfield,255443,16239,16239_desna_chernigiv_2010s,Georgia,45.6
Dmytro Nemchaninov,dmytro nemchaninov,Desna Chernigiv,desna chernigiv,2010s,Defender - Centre-Back,120262,16239,16239_desna_chernigiv_2010s,Ukraine,45.4
Oleksiy Gutsulyak,oleksiy gutsulyak,Desna Chernigiv,desna chernigiv,2010s,Attack - Right Winger,296366,16239,16239_desna_chernigiv_2010s,Ukraine,45.4
Andriy Totovytskyi,andriy totovytskyi,Desna Chernigiv,desna chernigiv,2020s,Midfield - Attacking Midfield,277777,16239,16239_desna_chernigiv_2020s,Ukraine,85.2
Vladyslav Kalitvintsev,vladyslav kalitvintsev,Desna Chernigiv,desna chernigiv,2020s,Midfield - Right Midfield,108710,16239,16239_desna_chernigiv_2020s,Ukraine  Russia,81.9
Pylyp Budkivskyi,pylyp budkivskyi,Desna Chernigiv,desna chernigiv,2020s,Attack - Centre-Forward,99863,16239,16239_desna_chernigiv_2020s,Ukraine,81.2
Denys Bezborodko,denys bezborodko,Desna Chernigiv,desna chernigiv,2020s,Attack - Centre-Forward,269371,16239,16239_desna_chernigiv_2020s,Ukraine,80.4
Oleksiy Gutsulyak,oleksiy gutsulyak,Desna Chernigiv,desna chernigiv,2020s,Attack - Right Winger,296366,16239,16239_desna_chernigiv_2020s,Ukraine,77.3
Yegor Kartushov,yegor kartushov,Desna Chernigiv,desna chernigiv,2020s,Midfield - Left Midfield,94925,16239,16239_desna_chernigiv_2020s,Ukraine,73.2
Maksim Degtyarov,maksim degtyarov,Desna Chernigiv,desna chernigiv,2020s,Attack - Centre-Forward,193323,16239,16239_desna_chernigiv_2020s,Russia  Ukraine,72.2
Taras Zaviyskyi,taras zaviyskyi,Desna Chernigiv,desna chernigiv,2020s,Midfield - Right Midfield,213984,16239,16239_desna_chernigiv_2020s,Ukraine,71.9
Yukhym Konoplya,yukhym konoplya,Desna Chernigiv,desna chernigiv,2020s,Defender - Right-Back,467250,16239,16239_desna_chernigiv_2020s,Ukraine,70.2
Ilya Shevtsov,ilya shevtsov,Desna Chernigiv,desna chernigiv,2020s,Attack - Centre-Forward,383198,16239,16239_desna_chernigiv_2020s,Ukraine,69.6
Vikentiy Voloshyn,vikentiy voloshyn,Desna Chernigiv,desna chernigiv,2020s,Midfield - Attacking Midfield,470831,16239,16239_desna_chernigiv_2020s,Ukraine,68.6
Vladlen Yurchenko,vladlen yurchenko,Desna Chernigiv,desna chernigiv,2020s,Midfield - Attacking Midfield,157373,16239,16239_desna_chernigiv_2020s,Ukraine,67.9
Igor Lytovka,igor lytovka,Desna Chernigiv,desna chernigiv,2020s,Goalkeeper,93105,16239,16239_desna_chernigiv_2020s,Ukraine,67.4
Yevgen Past,yevgen past,Desna Chernigiv,desna chernigiv,2020s,Goalkeeper,49016,16239,16239_desna_chernigiv_2020s,Ukraine,66.7
Maksym Imerekov,maksym imerekov,Desna Chernigiv,desna chernigiv,2020s,Defender - Centre-Back,94924,16239,16239_desna_chernigiv_2020s,Ukraine,64.6
Levan Arveladze,levan arveladze,Desna Chernigiv,desna chernigiv,2020s,Midfield - Central Midfield,168292,16239,16239_desna_chernigiv_2020s,Ukraine  Georgia,64.6
Andriy Dombrovskyi,andriy dombrovskyi,Desna Chernigiv,desna chernigiv,2020s,Midfield - Defensive Midfield,381273,16239,16239_desna_chernigiv_2020s,Ukraine,62.9
Joonas Tamm,joonas tamm,Desna Chernigiv,desna chernigiv,2020s,Defender - Centre-Back,111556,16239,16239_desna_chernigiv_2020s,Estonia,61.9
Vitaliy Yermakov,vitaliy yermakov,Desna Chernigiv,desna chernigiv,2020s,Defender - Centre-Back,169260,16239,16239_desna_chernigiv_2020s,Ukraine,61.9
Oleksandr Filippov,oleksandr filippov,Desna Chernigiv,desna chernigiv,2020s,Attack - Centre-Forward,237623,16239,16239_desna_chernigiv_2020s,Ukraine,61.9
Artem Sukhotskyi,artem sukhotskyi,Desna Chernigiv,desna chernigiv,2020s,Midfield - Left Midfield,123543,16239,16239_desna_chernigiv_2020s,Ukraine,60.4
Vladyslav Ogirya,vladyslav ogirya,Desna Chernigiv,desna chernigiv,2020s,Midfield - Defensive Midfield,111072,16239,16239_desna_chernigiv_2020s,Ukraine,58.6
Roman Mysak,roman mysak,Desna Chernigiv,desna chernigiv,2020s,Goalkeeper,117481,16239,16239_desna_chernigiv_2020s,Ukraine,58.6
Yevgeniy Belych,yevgeniy belych,Desna Chernigiv,desna chernigiv,2020s,Midfield - Attacking Midfield,596235,16239,16239_desna_chernigiv_2020s,Ukraine,58.6
Denys Demyanenko,denys demyanenko,Desna Chernigiv,desna chernigiv,2020s,Midfield - Defensive Midfield,775868,16239,16239_desna_chernigiv_2020s,Ukraine,58.6
Dmytro Sydorenko,dmytro sydorenko,Desna Chernigiv,desna chernigiv,2020s,Goalkeeper,822900,16239,16239_desna_chernigiv_2020s,Ukraine,58.6
Vadym Zhuk,vadym zhuk,Desna Chernigiv,desna chernigiv,2020s,Defender - Right-Back,61779,16239,16239_desna_chernigiv_2020s,Ukraine,51.2
Artur Zapadnya,artur zapadnya,Desna Chernigiv,desna chernigiv,2020s,Defender - Left-Back,111074,16239,16239_desna_chernigiv_2020s,Ukraine,51.2
Pavlo Polegenko,pavlo polegenko,Desna Chernigiv,desna chernigiv,2020s,Defender - Right-Back,216579,16239,16239_desna_chernigiv_2020s,Ukraine,51.2
Aleksandr Masalov,aleksandr masalov,Desna Chernigiv,desna chernigiv,2020s,Defender - Left-Back,244911,16239,16239_desna_chernigiv_2020s,Russia  Ukraine,51.2
Sergiy Bolbat,sergiy bolbat,Desna Chernigiv,desna chernigiv,2020s,Attack - Right Winger,264063,16239,16239_desna_chernigiv_2020s,Ukraine,51.2
Oleksiy Kovtun,oleksiy kovtun,Desna Chernigiv,desna chernigiv,2020s,Defender - Centre-Back,363063,16239,16239_desna_chernigiv_2020s,Ukraine,51.2
Yevgeniy Tsymbalyuk,yevgeniy tsymbalyuk,Desna Chernigiv,desna chernigiv,2020s,Defender - Centre-Back,376226,16239,16239_desna_chernigiv_2020s,Ukraine,51.2
Bogdan Biloshevskyi,bogdan biloshevskyi,Desna Chernigiv,desna chernigiv,2020s,Midfield - Defensive Midfield,461670,16239,16239_desna_chernigiv_2020s,Ukraine,51.2
Oleksandr Safronov,oleksandr safronov,Desna Chernigiv,desna chernigiv,2020s,Defender - Centre-Back,467241,16239,16239_desna_chernigiv_2020s,Ukraine,51.2
Mykhaylo Mudryk,mykhaylo mudryk,Desna Chernigiv,desna chernigiv,2020s,Attack - Left Winger,537860,16239,16239_desna_chernigiv_2020s,Ukraine,51.2
Kristian Bilovar,kristian bilovar,Desna Chernigiv,desna chernigiv,2020s,Defender - Centre-Back,539436,16239,16239_desna_chernigiv_2020s,Ukraine  Hungary,51.2
llya Karavashchenko,llya karavashchenko,Desna Chernigiv,desna chernigiv,2020s,Goalkeeper,623318,16239,16239_desna_chernigiv_2020s,Ukraine,51.2
Yevgen Selin,yevgen selin,Desna Chernigiv,desna chernigiv,2020s,Defender - Centre-Back,59442,16239,16239_desna_chernigiv_2020s,Ukraine,45.4
Oleksandr Kovpak,oleksandr kovpak,FC Sevastopol (- 2014),fc sevastopol 2014,2010s,Attack - Centre-Forward,43332,16245,16245_fc_sevastopol__2014_2010s,Ukraine,75.3
Artur Karnoza,artur karnoza,FC Sevastopol (- 2014),fc sevastopol 2014,2010s,Midfield - Attacking Midfield,58946,16245,16245_fc_sevastopol__2014_2010s,Ukraine,72.6
Denys Kozhanov,denys kozhanov,FC Sevastopol (- 2014),fc sevastopol 2014,2010s,Attack - Right Winger,58403,16245,16245_fc_sevastopol__2014_2010s,Ukraine,71.9
Igor Skoba,igor skoba,FC Sevastopol (- 2014),fc sevastopol 2014,2010s,Midfield - Central Midfield,12064,16245,16245_fc_sevastopol__2014_2010s,Ukraine  Russia,66.3
Pylyp Budkivskyi,pylyp budkivskyi,FC Sevastopol (- 2014),fc sevastopol 2014,2010s,Attack - Centre-Forward,99863,16245,16245_fc_sevastopol__2014_2010s,Ukraine,66.3
Volodymyr Tanchyk,volodymyr tanchyk,FC Sevastopol (- 2014),fc sevastopol 2014,2010s,Midfield - Right Midfield,95707,16245,16245_fc_sevastopol__2014_2010s,Ukraine,65.5
Farley Rosa,farley rosa,FC Sevastopol (- 2014),fc sevastopol 2014,2010s,Attack - Left Winger,197622,16245,16245_fc_sevastopol__2014_2010s,Brazil  Portugal,65.5
Oleg Chuvaev,oleg chuvaev,FC Sevastopol (- 2014),fc sevastopol 2014,2010s,Goalkeeper,43290,16245,16245_fc_sevastopol__2014_2010s,Ukraine  Russia,64.1
Igor Lytovka,igor lytovka,FC Sevastopol (- 2014),fc sevastopol 2014,2010s,Goalkeeper,93105,16245,16245_fc_sevastopol__2014_2010s,Ukraine,62.9
Julius Aghahowa,julius aghahowa,FC Sevastopol (- 2014),fc sevastopol 2014,2010s,Attack - Centre-Forward,14925,16245,16245_fc_sevastopol__2014_2010s,Nigeria,61.9
Yevgen Novak,yevgen novak,FC Sevastopol (- 2014),fc sevastopol 2014,2010s,Defender - Centre-Back,91358,16245,16245_fc_sevastopol__2014_2010s,Ukraine,61.9
Volodymyr Fedoriv,volodymyr fedoriv,FC Sevastopol (- 2014),fc sevastopol 2014,2010s,Defender - Right-Back,58002,16245,16245_fc_sevastopol__2014_2010s,Ukraine,58.6
Vitaliy Vitsenets,vitaliy vitsenets,FC Sevastopol (- 2014),fc sevastopol 2014,2010s,Midfield - Central Midfield,94931,16245,16245_fc_sevastopol__2014_2010s,Ukraine  Russia,58.6
Oleksandr Chyzhov,oleksandr chyzhov,FC Sevastopol (- 2014),fc sevastopol 2014,2010s,Defender - Centre-Back,43288,16245,16245_fc_sevastopol__2014_2010s,Ukraine,51.2
Oleg Dopilka,oleg dopilka,FC Sevastopol (- 2014),fc sevastopol 2014,2010s,Defender - Centre-Back,58389,16245,16245_fc_sevastopol__2014_2010s,Ukraine,51.2
Volodymyr Lysenko,volodymyr lysenko,FC Sevastopol (- 2014),fc sevastopol 2014,2010s,Attack - Centre-Forward,58413,16245,16245_fc_sevastopol__2014_2010s,Ukraine,51.2
Oleksandr Maksymov,oleksandr maksymov,FC Sevastopol (- 2014),fc sevastopol 2014,2010s,Midfield - Central Midfield,58956,16245,16245_fc_sevastopol__2014_2010s,Ukraine,51.2
Oleksandr Shevelyukhin,oleksandr shevelyukhin,FC Sevastopol (- 2014),fc sevastopol 2014,2010s,Defender - Centre-Back,59133,16245,16245_fc_sevastopol__2014_2010s,Ukraine  Poland,51.2
Kostyantyn Makhnovskyi,kostyantyn makhnovskyi,FC Sevastopol (- 2014),fc sevastopol 2014,2010s,Goalkeeper,69581,16245,16245_fc_sevastopol__2014_2010s,Ukraine,51.2
Marian Marushchak,marian marushchak,FC Sevastopol (- 2014),fc sevastopol 2014,2010s,Goalkeeper,81633,16245,16245_fc_sevastopol__2014_2010s,Ukraine,51.2
Dmytro Gololobov,dmytro gololobov,FC Sevastopol (- 2014),fc sevastopol 2014,2010s,Defender - Centre-Back,91352,16245,16245_fc_sevastopol__2014_2010s,Ukraine,51.2
Andrey Stepanov,andrey stepanov,FC Sevastopol (- 2014),fc sevastopol 2014,2010s,Defender - Centre-Back,91541,16245,16245_fc_sevastopol__2014_2010s,Russia  Ukraine,51.2
Roman Voynarovskiy,roman voynarovskiy,FC Sevastopol (- 2014),fc sevastopol 2014,2010s,Midfield - Defensive Midfield,91579,16245,16245_fc_sevastopol__2014_2010s,Russia  Ukraine,51.2
Volodymyr Koval,volodymyr koval,FC Sevastopol (- 2014),fc sevastopol 2014,2010s,Attack - Centre-Forward,123214,16245,16245_fc_sevastopol__2014_2010s,Ukraine,51.2
Dato Dartsimelia,dato dartsimelia,FC Sevastopol (- 2014),fc sevastopol 2014,2010s,Attack - Centre-Forward,214239,16245,16245_fc_sevastopol__2014_2010s,Georgia,51.2
Yevgen Neplyakh,yevgen neplyakh,FC Sevastopol (- 2014),fc sevastopol 2014,2010s,Defender - Left-Back,230409,16245,16245_fc_sevastopol__2014_2010s,Ukraine,51.2
Denys Prychynenko,denys prychynenko,FC Sevastopol (- 2014),fc sevastopol 2014,2010s,Defender - Centre-Back,93862,16245,16245_fc_sevastopol__2014_2010s,Ukraine  Germany,45.6
Orest Kuzyk,orest kuzyk,PFC Stal Kamyanske (-2018),pfc stal kamyanske 2018,2010s,Attack - Left Winger,353252,16247,16247_pfc_stal_kamyanske_2018_2010s,Ukraine,81.2
Denys Vasin,denys vasin,PFC Stal Kamyanske (-2018),pfc stal kamyanske 2018,2010s,Attack - Right Winger,49030,16247,16247_pfc_stal_kamyanske_2018_2010s,Ukraine,75.1
Maryan Mysyk,maryan mysyk,PFC Stal Kamyanske (-2018),pfc stal kamyanske 2018,2010s,Midfield - Left Midfield,316945,16247,16247_pfc_stal_kamyanske_2018_2010s,Ukraine,74
Boy Deul,boy deul,PFC Stal Kamyanske (-2018),pfc stal kamyanske 2018,2010s,Midfield - Attacking Midfield,59636,16247,16247_pfc_stal_kamyanske_2018_2010s,Curacao  Netherlands,72.2
Yuriy Klymchuk,yuriy klymchuk,PFC Stal Kamyanske (-2018),pfc stal kamyanske 2018,2010s,Attack - Centre-Forward,501612,16247,16247_pfc_stal_kamyanske_2018_2010s,Ukraine,70.2
Roman Karasyuk,roman karasyuk,PFC Stal Kamyanske (-2018),pfc stal kamyanske 2018,2010s,Midfield - Defensive Midfield,91527,16247,16247_pfc_stal_kamyanske_2018_2010s,Ukraine,69.1
Roman Debelko,roman debelko,PFC Stal Kamyanske (-2018),pfc stal kamyanske 2018,2010s,Attack - Centre-Forward,262182,16247,16247_pfc_stal_kamyanske_2018_2010s,Ukraine,69.1
German Penkov,german penkov,PFC Stal Kamyanske (-2018),pfc stal kamyanske 2018,2010s,Goalkeeper,375659,16247,16247_pfc_stal_kamyanske_2018_2010s,Ukraine,68.2
Mykhailo Meskhi,mykhailo meskhi,PFC Stal Kamyanske (-2018),pfc stal kamyanske 2018,2010s,Midfield - Defensive Midfield,476770,16247,16247_pfc_stal_kamyanske_2018_2010s,Ukraine,67.4
Maksym Zaderaka,maksym zaderaka,PFC Stal Kamyanske (-2018),pfc stal kamyanske 2018,2010s,Attack - Right Winger,325429,16247,16247_pfc_stal_kamyanske_2018_2010s,Ukraine,67
Dmytro Kopytov,dmytro kopytov,PFC Stal Kamyanske (-2018),pfc stal kamyanske 2018,2010s,Midfield - Central Midfield,524966,16247,16247_pfc_stal_kamyanske_2018_2010s,Ukraine,66.3
Bogdan Mykhaylichenko,bogdan mykhaylichenko,PFC Stal Kamyanske (-2018),pfc stal kamyanske 2018,2010s,Defender - Left-Back,294730,16247,16247_pfc_stal_kamyanske_2018_2010s,Ukraine,62.9
Artur Danielyan,artur danielyan,PFC Stal Kamyanske (-2018),pfc stal kamyanske 2018,2010s,Defender - Right-Back,328733,16247,16247_pfc_stal_kamyanske_2018_2010s,Armenia  Ukraine,62.9
Mykola Ishchenko,mykola ishchenko,PFC Stal Kamyanske (-2018),pfc stal kamyanske 2018,2010s,Defender - Centre-Back,58035,16247,16247_pfc_stal_kamyanske_2018_2010s,Ukraine,61.9
Andriy Yakymiv,andriy yakymiv,PFC Stal Kamyanske (-2018),pfc stal kamyanske 2018,2010s,Defender - Centre-Back,521841,16247,16247_pfc_stal_kamyanske_2018_2010s,Ukraine,61.9
Oleksandr Bandura,oleksandr bandura,PFC Stal Kamyanske (-2018),pfc stal kamyanske 2018,2010s,Goalkeeper,85969,16247,16247_pfc_stal_kamyanske_2018_2010s,Ukraine,61.1
Danylo Knysh,danylo knysh,PFC Stal Kamyanske (-2018),pfc stal kamyanske 2018,2010s,Attack - Right Winger,268697,16247,16247_pfc_stal_kamyanske_2018_2010s,Ukraine,60.4
Anatoliy Nuriyev,anatoliy nuriyev,PFC Stal Kamyanske (-2018),pfc stal kamyanske 2018,2010s,Midfield - Attacking Midfield,570743,16247,16247_pfc_stal_kamyanske_2018_2010s,Azerbaijan  Ukraine,60.4
Pavlo Pashayev,pavlo pashayev,PFC Stal Kamyanske (-2018),pfc stal kamyanske 2018,2010s,Defender - Right-Back,58961,16247,16247_pfc_stal_kamyanske_2018_2010s,Azerbaijan  Ukraine,51.2
Anton Kravchenko,anton kravchenko,PFC Stal Kamyanske (-2018),pfc stal kamyanske 2018,2010s,Defender - Centre-Back,64341,16247,16247_pfc_stal_kamyanske_2018_2010s,Ukraine,51.2
Yevgeniy Tkachuk,yevgeniy tkachuk,PFC Stal Kamyanske (-2018),pfc stal kamyanske 2018,2010s,Defender - Centre-Back,86466,16247,16247_pfc_stal_kamyanske_2018_2010s,Ukraine,51.2
Milos Stamenkovic,milos stamenkovic,PFC Stal Kamyanske (-2018),pfc stal kamyanske 2018,2010s,Defender - Centre-Back,146725,16247,16247_pfc_stal_kamyanske_2018_2010s,Serbia,51.2
Artem Shabanov,artem shabanov,PFC Stal Kamyanske (-2018),pfc stal kamyanske 2018,2010s,Defender - Centre-Back,236468,16247,16247_pfc_stal_kamyanske_2018_2010s,Ukraine,51.2
Oleksiy Shchebetun,oleksiy shchebetun,PFC Stal Kamyanske (-2018),pfc stal kamyanske 2018,2010s,Attack - Centre-Forward,308452,16247,16247_pfc_stal_kamyanske_2018_2010s,Ukraine,51.2
Ivan Siletskyi,ivan siletskyi,PFC Stal Kamyanske (-2018),pfc stal kamyanske 2018,2010s,Goalkeeper,383568,16247,16247_pfc_stal_kamyanske_2018_2010s,Ukraine,51.2
Kyrylo Kostenko,kyrylo kostenko,PFC Stal Kamyanske (-2018),pfc stal kamyanske 2018,2010s,Midfield - Right Midfield,521844,16247,16247_pfc_stal_kamyanske_2018_2010s,Ukraine,51.2
Vladyslav Vakula,vladyslav vakula,PFC Stal Kamyanske (-2018),pfc stal kamyanske 2018,2010s,Attack - Left Winger,526578,16247,16247_pfc_stal_kamyanske_2018_2010s,Ukraine,51.2
Danylo Ryabenko,danylo ryabenko,PFC Stal Kamyanske (-2018),pfc stal kamyanske 2018,2010s,Goalkeeper,550137,16247,16247_pfc_stal_kamyanske_2018_2010s,Ukraine,51.2
Ebert,ebert,PFC Stal Kamyanske (-2018),pfc stal kamyanske 2018,2010s,Defender - Left-Back,567756,16247,16247_pfc_stal_kamyanske_2018_2010s,Brazil,51.2
Daniil Yermolov,daniil yermolov,PFC Stal Kamyanske (-2018),pfc stal kamyanske 2018,2010s,Goalkeeper,572163,16247,16247_pfc_stal_kamyanske_2018_2010s,Ukraine,51.2
Vladyslav Kulach,vladyslav kulach,Stal Dniprodzerzhynsk,stal dniprodzerzhynsk,2010s,Attack - Centre-Forward,167556,16247,16247_stal_dniprodzerzhynsk_2010s,Ukraine,73.2
Roman Debelko,roman debelko,Stal Dniprodzerzhynsk,stal dniprodzerzhynsk,2010s,Attack - Centre-Forward,262182,16247,16247_stal_dniprodzerzhynsk_2010s,Ukraine,66.3
Denys Vasin,denys vasin,Stal Dniprodzerzhynsk,stal dniprodzerzhynsk,2010s,Attack - Right Winger,49030,16247,16247_stal_dniprodzerzhynsk_2010s,Ukraine,65.5
Mykola Ishchenko,mykola ishchenko,Stal Dniprodzerzhynsk,stal dniprodzerzhynsk,2010s,Defender - Centre-Back,58035,16247,16247_stal_dniprodzerzhynsk_2010s,Ukraine,64.1
Ruslan Babenko,ruslan babenko,Stal Dniprodzerzhynsk,stal dniprodzerzhynsk,2010s,Midfield - Central Midfield,94928,16247,16247_stal_dniprodzerzhynsk_2010s,Ukraine,61.9
Volodymyr Adamyuk,volodymyr adamyuk,Stal Dniprodzerzhynsk,stal dniprodzerzhynsk,2010s,Defender - Right-Back,273663,16247,16247_stal_dniprodzerzhynsk_2010s,Ukraine,61.9
Volodymyr Gomenyuk,volodymyr gomenyuk,Stal Dniprodzerzhynsk,stal dniprodzerzhynsk,2010s,Attack - Centre-Forward,43309,16247,16247_stal_dniprodzerzhynsk_2010s,Ukraine,60.4
Anton Kravchenko,anton kravchenko,Stal Dniprodzerzhynsk,stal dniprodzerzhynsk,2010s,Defender - Centre-Back,64341,16247,16247_stal_dniprodzerzhynsk_2010s,Ukraine,58.6
Oleksandr Bandura,oleksandr bandura,Stal Dniprodzerzhynsk,stal dniprodzerzhynsk,2010s,Goalkeeper,85969,16247,16247_stal_dniprodzerzhynsk_2010s,Ukraine,57.1
Anton Postupalenko,anton postupalenko,Stal Dniprodzerzhynsk,stal dniprodzerzhynsk,2010s,Midfield - Attacking Midfield,59440,16247,16247_stal_dniprodzerzhynsk_2010s,Ukraine,51.2
Roman Karasyuk,roman karasyuk,Stal Dniprodzerzhynsk,stal dniprodzerzhynsk,2010s,Midfield - Defensive Midfield,91527,16247,16247_stal_dniprodzerzhynsk_2010s,Ukraine,51.2
Yevgen Budnik,yevgen budnik,Stal Dniprodzerzhynsk,stal dniprodzerzhynsk,2010s,Attack - Centre-Forward,120144,16247,16247_stal_dniprodzerzhynsk_2010s,Ukraine,51.2
Gabriel Araújo,gabriel araujo,Stal Dniprodzerzhynsk,stal dniprodzerzhynsk,2010s,Defender - Left-Back,183943,16247,16247_stal_dniprodzerzhynsk_2010s,Brazil,51.2
Maryan Mysyk,maryan mysyk,Stal Dniprodzerzhynsk,stal dniprodzerzhynsk,2010s,Midfield - Left Midfield,316945,16247,16247_stal_dniprodzerzhynsk_2010s,Ukraine,51.2
Artur Danielyan,artur danielyan,Stal Dniprodzerzhynsk,stal dniprodzerzhynsk,2010s,Defender - Right-Back,328733,16247,16247_stal_dniprodzerzhynsk_2010s,Armenia  Ukraine,51.2
Oleksandr Kozak,oleksandr kozak,Stal Dniprodzerzhynsk,stal dniprodzerzhynsk,2010s,Attack - Left Winger,375180,16247,16247_stal_dniprodzerzhynsk_2010s,Ukraine,51.2
German Penkov,german penkov,Stal Dniprodzerzhynsk,stal dniprodzerzhynsk,2010s,Goalkeeper,375659,16247,16247_stal_dniprodzerzhynsk_2010s,Ukraine,51.2
Sergiy Pshenychnykh,sergiy pshenychnykh,Stal Dniprodzerzhynsk,stal dniprodzerzhynsk,2010s,Defender - Centre-Back,25618,16247,16247_stal_dniprodzerzhynsk_2010s,Ukraine,45.1
Valeriy Fedorchuk,valeriy fedorchuk,PFC Lviv,pfc lviv,2000s,Midfield - Central Midfield,82599,18105,18105_pfc_lviv_2000s,Ukraine,72.6
Vadym Panas,vadym panas,PFC Lviv,pfc lviv,2000s,Midfield - Attacking Midfield,82620,18105,18105_pfc_lviv_2000s,Ukraine,68.6
Marian Marushchak,marian marushchak,PFC Lviv,pfc lviv,2000s,Goalkeeper,81633,18105,18105_pfc_lviv_2000s,Ukraine,65.5
Ivan Kotenko,ivan kotenko,PFC Lviv,pfc lviv,2000s,Midfield - Left Midfield,25861,18105,18105_pfc_lviv_2000s,Ukraine,51.2
Oleksandr Shevelyukhin,oleksandr shevelyukhin,PFC Lviv,pfc lviv,2000s,Defender - Centre-Back,59133,18105,18105_pfc_lviv_2000s,Ukraine  Poland,51.2
Oleksandr Zhdanov,oleksandr zhdanov,PFC Lviv,pfc lviv,2000s,Defender - Centre-Back,82636,18105,18105_pfc_lviv_2000s,Ukraine  Israel,51.2
Bruno Duarte,bruno duarte,PFC Lviv,pfc lviv,2010s,Attack - Centre-Forward,598629,18105,18105_pfc_lviv_2010s,Brazil  Italy,81.4
Renan Oliveira,renan oliveira,PFC Lviv,pfc lviv,2010s,Attack - Centre-Forward,522091,18105,18105_pfc_lviv_2010s,Brazil,76.2
Lucas Taylor,lucas taylor,PFC Lviv,pfc lviv,2010s,Defender - Right-Back,387928,18105,18105_pfc_lviv_2010s,Brazil,72.6
Volodymyr Adamyuk,volodymyr adamyuk,PFC Lviv,pfc lviv,2010s,Defender - Right-Back,273663,18105,18105_pfc_lviv_2010s,Ukraine,72.2
Mykyta Tatarkov,mykyta tatarkov,PFC Lviv,pfc lviv,2010s,Midfield - Attacking Midfield,321417,18105,18105_pfc_lviv_2010s,Ukraine,71.9
Pedro Vitor,pedro vitor,PFC Lviv,pfc lviv,2010s,Attack - Left Winger,605326,18105,18105_pfc_lviv_2010s,Brazil,71.7
Vitor Pernambuco,vitor pernambuco,PFC Lviv,pfc lviv,2010s,Attack - Right Winger,654384,18105,18105_pfc_lviv_2010s,Brazil,70.7
Oleksandr Bandura,oleksandr bandura,PFC Lviv,pfc lviv,2010s,Goalkeeper,85969,18105,18105_pfc_lviv_2010s,Ukraine,69.9
Marthã,martha,PFC Lviv,pfc lviv,2010s,Midfield - Defensive Midfield,598972,18105,18105_pfc_lviv_2010s,Brazil,68.6
Bogdan Sarnavskyi,bogdan sarnavskyi,PFC Lviv,pfc lviv,2010s,Goalkeeper,177276,18105,18105_pfc_lviv_2010s,Ukraine,68.2
Vladyslav Pryimak,vladyslav pryimak,PFC Lviv,pfc lviv,2010s,Defender - Centre-Back,517081,18105,18105_pfc_lviv_2010s,Ukraine,66
Artur Zapadnya,artur zapadnya,PFC Lviv,pfc lviv,2010s,Defender - Left-Back,111074,18105,18105_pfc_lviv_2010s,Ukraine,64.6
Yaroslav Bogunov,yaroslav bogunov,PFC Lviv,pfc lviv,2010s,Attack - Left Winger,214448,18105,18105_pfc_lviv_2010s,Ukraine,61.9
Vadym Paramonov,vadym paramonov,PFC Lviv,pfc lviv,2010s,Defender - Centre-Back,312799,18105,18105_pfc_lviv_2010s,Ukraine,60.4
Orest Kostyk,orest kostyk,PFC Lviv,pfc lviv,2010s,Goalkeeper,747315,18105,18105_pfc_lviv_2010s,Ukraine,58.6
German Penkov,german penkov,PFC Lviv,pfc lviv,2010s,Goalkeeper,375659,18105,18105_pfc_lviv_2010s,Ukraine,57.1
Anton Bratkov,anton bratkov,PFC Lviv,pfc lviv,2010s,Defender - Centre-Back,167553,18105,18105_pfc_lviv_2010s,Ukraine,56.7
Sergiy Lyulka,sergiy lyulka,PFC Lviv,pfc lviv,2010s,Defender - Right-Back,91991,18105,18105_pfc_lviv_2010s,Ukraine,51.2
Ruslan Zubkov,ruslan zubkov,PFC Lviv,pfc lviv,2010s,Defender - Centre-Back,155861,18105,18105_pfc_lviv_2010s,Ukraine,51.2
Dmytro Fateev,dmytro fateev,PFC Lviv,pfc lviv,2010s,Defender - Right-Back,271635,18105,18105_pfc_lviv_2010s,Ukraine,51.2
Yuriy Kravchuk,yuriy kravchuk,PFC Lviv,pfc lviv,2010s,Defender - Centre-Back,320953,18105,18105_pfc_lviv_2010s,Ukraine,51.2
Sergiy Petrov,sergiy petrov,PFC Lviv,pfc lviv,2010s,Attack - Centre-Forward,343769,18105,18105_pfc_lviv_2010s,Ukraine,51.2
Yegor Klymenchuk,yegor klymenchuk,PFC Lviv,pfc lviv,2010s,Defender - Left-Back,375955,18105,18105_pfc_lviv_2010s,Ukraine,51.2
Kauê Silva,kaue silva,PFC Lviv,pfc lviv,2010s,Attack - Centre-Forward,402363,18105,18105_pfc_lviv_2010s,Brazil,51.2
Nazariy Nych,nazariy nych,PFC Lviv,pfc lviv,2010s,Attack - Centre-Forward,523903,18105,18105_pfc_lviv_2010s,Ukraine,51.2
Andriy Busko,andriy busko,PFC Lviv,pfc lviv,2010s,Defender - Centre-Back,524965,18105,18105_pfc_lviv_2010s,Ukraine,51.2
Henrique Araujo,henrique araujo,PFC Lviv,pfc lviv,2010s,Attack - Centre-Forward,622625,18105,18105_pfc_lviv_2010s,Brazil,51.2
Ernest Antwi,ernest antwi,PFC Lviv,pfc lviv,2020s,Attack - Left Winger,359678,18105,18105_pfc_lviv_2020s,Ghana,77.7
Renan Oliveira,renan oliveira,PFC Lviv,pfc lviv,2020s,Attack - Centre-Forward,522091,18105,18105_pfc_lviv_2020s,Brazil,75.1
Nazariy Nych,nazariy nych,PFC Lviv,pfc lviv,2020s,Attack - Centre-Forward,523903,18105,18105_pfc_lviv_2020s,Ukraine,74.8
Artur Remenyak,artur remenyak,PFC Lviv,pfc lviv,2020s,Attack - Right Winger,821535,18105,18105_pfc_lviv_2020s,Ukraine,73.5
Vladyslav Bugay,vladyslav bugay,PFC Lviv,pfc lviv,2020s,Attack - Centre-Forward,396411,18105,18105_pfc_lviv_2020s,Ukraine,72.9
Yaroslav Bogunov,yaroslav bogunov,PFC Lviv,pfc lviv,2020s,Attack - Left Winger,214448,18105,18105_pfc_lviv_2020s,Ukraine,71.9
Oleksandr Ilyushchenkov,oleksandr ilyushchenkov,PFC Lviv,pfc lviv,2020s,Goalkeeper,120966,18105,18105_pfc_lviv_2020s,Ukraine,69.1
Oleksandr Romanchuk,oleksandr romanchuk,PFC Lviv,pfc lviv,2020s,Defender - Centre-Back,553772,18105,18105_pfc_lviv_2020s,Ukraine,68.9
Andriy Busko,andriy busko,PFC Lviv,pfc lviv,2020s,Defender - Centre-Back,524965,18105,18105_pfc_lviv_2020s,Ukraine,68.6
Vitaliy Boyko,vitaliy boyko,PFC Lviv,pfc lviv,2020s,Midfield - Central Midfield,521997,18105,18105_pfc_lviv_2020s,Ukraine,67.9
Oleksandr Belyaev,oleksandr belyaev,PFC Lviv,pfc lviv,2020s,Midfield - Left Midfield,524031,18105,18105_pfc_lviv_2020s,Ukraine,67.9
Maksym Grysyo,maksym grysyo,PFC Lviv,pfc lviv,2020s,Defender - Right-Back,448783,18105,18105_pfc_lviv_2020s,Ukraine,67.6
Borys Krushynskyi,borys krushynskyi,PFC Lviv,pfc lviv,2020s,Midfield - Defensive Midfield,844373,18105,18105_pfc_lviv_2020s,Ukraine,67
Volodymyr Yakimets,volodymyr yakimets,PFC Lviv,pfc lviv,2020s,Defender - Left-Back,396402,18105,18105_pfc_lviv_2020s,Ukraine,66.7
Yuriy Kravchuk,yuriy kravchuk,PFC Lviv,pfc lviv,2020s,Defender - Centre-Back,320953,18105,18105_pfc_lviv_2020s,Ukraine,66.3
Ivijan Svrznjak,ivijan svrznjak,PFC Lviv,pfc lviv,2020s,Midfield - Central Midfield,432763,18105,18105_pfc_lviv_2020s,Croatia,66.3
Oleksandr Vasyliev,oleksandr vasyliev,PFC Lviv,pfc lviv,2020s,Midfield - Defensive Midfield,173079,18105,18105_pfc_lviv_2020s,Ukraine,65.5
Artem Mylchenko,artem mylchenko,PFC Lviv,pfc lviv,2020s,Midfield - Defensive Midfield,539444,18105,18105_pfc_lviv_2020s,Ukraine,65.5
Ivan Brikner,ivan brikner,PFC Lviv,pfc lviv,2020s,Midfield - Central Midfield,295613,18105,18105_pfc_lviv_2020s,Ukraine,64.6
Orest Kostyk,orest kostyk,PFC Lviv,pfc lviv,2020s,Goalkeeper,747315,18105,18105_pfc_lviv_2020s,Ukraine,64.1
Enes Mahmutovic,enes mahmutovic,PFC Lviv,pfc lviv,2020s,Defender - Centre-Back,329055,18105,18105_pfc_lviv_2020s,Luxembourg  Kosovo,63.3
Sergiy Politylo,sergiy politylo,PFC Lviv,pfc lviv,2020s,Midfield - Central Midfield,58606,18105,18105_pfc_lviv_2020s,Ukraine,60.4
Aderinsola Habib Eseola,aderinsola habib eseola,PFC Lviv,pfc lviv,2020s,Attack - Centre-Forward,122361,18105,18105_pfc_lviv_2020s,Ukraine  Nigeria,60.4
Pavlo Polegenko,pavlo polegenko,PFC Lviv,pfc lviv,2020s,Defender - Right-Back,216579,18105,18105_pfc_lviv_2020s,Ukraine,60.4
Igor Koshman,igor koshman,PFC Lviv,pfc lviv,2020s,Midfield - Attacking Midfield,297008,18105,18105_pfc_lviv_2020s,Ukraine,60.4
Denys Kuzyk,denys kuzyk,PFC Lviv,pfc lviv,2020s,Midfield - Right Midfield,723621,18105,18105_pfc_lviv_2020s,Ukraine,60.4
Mykhaylo Shyshka,mykhaylo shyshka,PFC Lviv,pfc lviv,2020s,Midfield - Defensive Midfield,168041,18105,18105_pfc_lviv_2020s,Ukraine,58.6
Bogdan Myshenko,bogdan myshenko,PFC Lviv,pfc lviv,2020s,Midfield - Left Midfield,325420,18105,18105_pfc_lviv_2020s,Ukraine,58.6
Ilya Olkhovyi,ilya olkhovyi,PFC Lviv,pfc lviv,2020s,Goalkeeper,911644,18105,18105_pfc_lviv_2020s,Ukraine,58.6
Roman Mykhayliv,roman mykhayliv,PFC Lviv,pfc lviv,2020s,Midfield - Left Midfield,959399,18105,18105_pfc_lviv_2020s,Ukraine,58.6
Oleksandr Rybka,oleksandr rybka,PFC Lviv,pfc lviv,2020s,Goalkeeper,19619,18105,18105_pfc_lviv_2020s,Ukraine,57.1
Ivan Ponomarenko,ivan ponomarenko,PFC Lviv,pfc lviv,2020s,Goalkeeper,495917,18105,18105_pfc_lviv_2020s,Ukraine,57.1
Mihkel Ainsalu,mihkel ainsalu,PFC Lviv,pfc lviv,2020s,Midfield - Central Midfield,198967,18105,18105_pfc_lviv_2020s,Estonia,51.2
Oleksiy Dytyatyev,oleksiy dytyatyev,PFC Lviv,pfc lviv,2020s,Defender - Centre-Back,242279,18105,18105_pfc_lviv_2020s,Ukraine,51.2
Oleksiy Zozulya,oleksiy zozulya,PFC Lviv,pfc lviv,2020s,Defender - Right-Back,269365,18105,18105_pfc_lviv_2020s,Ukraine,51.2
Valeriy Yurchuk,valeriy yurchuk,PFC Lviv,pfc lviv,2020s,Goalkeeper,292396,18105,18105_pfc_lviv_2020s,Ukraine,51.2
Roman Nykytyuk,roman nykytyuk,PFC Lviv,pfc lviv,2020s,Defender - Centre-Back,322952,18105,18105_pfc_lviv_2020s,Ukraine,51.2
Akhmed Alibekov,akhmed alibekov,PFC Lviv,pfc lviv,2020s,Midfield - Defensive Midfield,343175,18105,18105_pfc_lviv_2020s,Ukraine,51.2
German Penkov,german penkov,PFC Lviv,pfc lviv,2020s,Goalkeeper,375659,18105,18105_pfc_lviv_2020s,Ukraine,51.2
Yegor Klymenchuk,yegor klymenchuk,PFC Lviv,pfc lviv,2020s,Defender - Left-Back,375955,18105,18105_pfc_lviv_2020s,Ukraine,51.2
Stanislav Sorokin,stanislav sorokin,PFC Lviv,pfc lviv,2020s,Midfield - Central Midfield,418896,18105,18105_pfc_lviv_2020s,Ukraine,51.2
Andriy Yakymiv,andriy yakymiv,PFC Lviv,pfc lviv,2020s,Defender - Centre-Back,521841,18105,18105_pfc_lviv_2020s,Ukraine,51.2
Murilo Souza,murilo souza,PFC Lviv,pfc lviv,2020s,Midfield - Defensive Midfield,564383,18105,18105_pfc_lviv_2020s,Brazil  Italy,51.2
Vladyslav Khamelyuk,vladyslav khamelyuk,PFC Lviv,pfc lviv,2020s,Midfield - Central Midfield,567735,18105,18105_pfc_lviv_2020s,Ukraine,51.2
Guilherme,guilherme,PFC Lviv,pfc lviv,2020s,Defender - Centre-Back,659219,18105,18105_pfc_lviv_2020s,Brazil,51.2
Oula Traoré,oula traore,PFC Lviv,pfc lviv,2020s,Defender - Left-Back,724428,18105,18105_pfc_lviv_2020s,Burkina Faso,51.2
Higor Gabriel,higor gabriel,PFC Lviv,pfc lviv,2020s,Defender - Centre-Back,735788,18105,18105_pfc_lviv_2020s,Brazil,51.2
Artem Vovkun,artem vovkun,PFC Lviv,pfc lviv,2020s,Defender - Centre-Back,746397,18105,18105_pfc_lviv_2020s,Ukraine,51.2
Vasyl Tanchak,vasyl tanchak,PFC Lviv,pfc lviv,2020s,Defender - Left-Back,764684,18105,18105_pfc_lviv_2020s,Ukraine,51.2
Maksym Sasovskyi,maksym sasovskyi,PFC Lviv,pfc lviv,2020s,Defender - Centre-Back,766709,18105,18105_pfc_lviv_2020s,Ukraine,51.2
Léo Antônio,leo antonio,PFC Lviv,pfc lviv,2020s,Midfield - Central Midfield,809617,18105,18105_pfc_lviv_2020s,Brazil,51.2
Maksym Mudryi,maksym mudryi,PFC Lviv,pfc lviv,2020s,Midfield - Central Midfield,821534,18105,18105_pfc_lviv_2020s,Ukraine,51.2
Vitaliy Mykhayliv,vitaliy mykhayliv,PFC Lviv,pfc lviv,2020s,Midfield - Central Midfield,1059630,18105,18105_pfc_lviv_2020s,Ukraine,51.2
Kostyantyn Kvas,kostyantyn kvas,PFC Lviv,pfc lviv,2020s,Midfield - Attacking Midfield,1059634,18105,18105_pfc_lviv_2020s,Ukraine,51.2
Taras Mykhavko,taras mykhavko,PFC Lviv,pfc lviv,2020s,Defender - Centre-Back,1067225,18105,18105_pfc_lviv_2020s,Ukraine,51.2
Volodymyr Sharun,volodymyr sharun,PFC Lviv,pfc lviv,2020s,Goalkeeper,1071136,18105,18105_pfc_lviv_2020s,Ukraine,51.2
Vladyslav Mendruk,vladyslav mendruk,PFC Lviv,pfc lviv,2020s,Attack - Right Winger,1075339,18105,18105_pfc_lviv_2020s,Ukraine,51.2
Mykola Kyrychok,mykola kyrychok,PFC Lviv,pfc lviv,2020s,Defender - Centre-Back,1138480,18105,18105_pfc_lviv_2020s,Ukraine,51.2
Bogdan-Yulian Vyshynskyi,bogdan yulian vyshynskyi,PFC Lviv,pfc lviv,2020s,Attack - Left Winger,1140603,18105,18105_pfc_lviv_2020s,Ukraine,51.2
Vladyslav Gerych,vladyslav gerych,PFC Lviv,pfc lviv,2020s,Attack - Centre-Forward,1141487,18105,18105_pfc_lviv_2020s,Ukraine,51.2
Bogdan Panchyshyn,bogdan panchyshyn,PFC Lviv,pfc lviv,2020s,Midfield - Central Midfield,1143806,18105,18105_pfc_lviv_2020s,Ukraine,51.2
Yuriy Mykhayliv,yuriy mykhayliv,PFC Lviv,pfc lviv,2020s,Midfield - Defensive Midfield,1143807,18105,18105_pfc_lviv_2020s,Ukraine,51.2
Pavlo Ripak,pavlo ripak,PFC Lviv,pfc lviv,2020s,Goalkeeper,1143808,18105,18105_pfc_lviv_2020s,Ukraine,51.2
Ivan Bokalo,ivan bokalo,PFC Lviv,pfc lviv,2020s,Midfield - Central Midfield,1143809,18105,18105_pfc_lviv_2020s,Ukraine,51.2
Roman Yuvkhymets,roman yuvkhymets,PFC Lviv,pfc lviv,2020s,Defender - Right-Back,1143810,18105,18105_pfc_lviv_2020s,Ukraine,51.2
Yaroslav Shandra,yaroslav shandra,PFC Lviv,pfc lviv,2020s,Defender - Centre-Back,1143811,18105,18105_pfc_lviv_2020s,Ukraine,51.2
Bogdan Bidzinskyi,bogdan bidzinskyi,PFC Lviv,pfc lviv,2020s,Midfield - Central Midfield,1143821,18105,18105_pfc_lviv_2020s,Ukraine,51.2
Denys Dovbetskyi,denys dovbetskyi,PFC Lviv,pfc lviv,2020s,Attack - Right Winger,1143823,18105,18105_pfc_lviv_2020s,Ukraine,51.2
Nazariy Muravskyi,nazariy muravskyi,PFC Lviv,pfc lviv,2020s,Defender - Centre-Back,533318,18105,18105_pfc_lviv_2020s,Ukraine,45.4
Sergiy Siminin,sergiy siminin,PFC Lviv,pfc lviv,2020s,Defender - Right-Back,58252,18105,18105_pfc_lviv_2020s,Ukraine,45.1
Vasyl Grytsuk,vasyl grytsuk,FC Oleksandriya,fc oleksandriya,2010s,Midfield - Attacking Midfield,59047,18303,18303_fc_oleksandriya_2010s,Ukraine,88.8
Vitaliy Ponomar,vitaliy ponomar,FC Oleksandriya,fc oleksandriya,2010s,Attack - Centre-Forward,90769,18303,18303_fc_oleksandriya_2010s,Ukraine,87.9
Yevgen Banada,yevgen banada,FC Oleksandriya,fc oleksandriya,2010s,Midfield - Central Midfield,242272,18303,18303_fc_oleksandriya_2010s,Ukraine,87.3
Kyrylo Kovalets,kyrylo kovalets,FC Oleksandriya,fc oleksandriya,2010s,Midfield - Attacking Midfield,140676,18303,18303_fc_oleksandriya_2010s,Ukraine,84.4
Artem Sitalo,artem sitalo,FC Oleksandriya,fc oleksandriya,2010s,Attack - Centre-Forward,320247,18303,18303_fc_oleksandriya_2010s,Ukraine,83.8
Andriy Zaporozhan,andriy zaporozhan,FC Oleksandriya,fc oleksandriya,2010s,Midfield - Defensive Midfield,91465,18303,18303_fc_oleksandriya_2010s,Ukraine,83.7
Artem Polyarus,artem polyarus,FC Oleksandriya,fc oleksandriya,2010s,Attack - Left Winger,131444,18303,18303_fc_oleksandriya_2010s,Ukraine,82.4
Maksym Tretyakov,maksym tretyakov,FC Oleksandriya,fc oleksandriya,2010s,Attack - Left Winger,248938,18303,18303_fc_oleksandriya_2010s,Ukraine,81.8
Dmytro Shastal,dmytro shastal,FC Oleksandriya,fc oleksandriya,2010s,Attack - Right Winger,359796,18303,18303_fc_oleksandriya_2010s,Ukraine,79.8
Andriy Tsurikov,andriy tsurikov,FC Oleksandriya,fc oleksandriya,2010s,Defender - Left-Back,155964,18303,18303_fc_oleksandriya_2010s,Ukraine,78.9
Anton Shendrik,anton shendrik,FC Oleksandriya,fc oleksandriya,2010s,Defender - Centre-Back,91312,18303,18303_fc_oleksandriya_2010s,Russia  Ukraine,75.6
Denys Bezborodko,denys bezborodko,FC Oleksandriya,fc oleksandriya,2010s,Attack - Centre-Forward,269371,18303,18303_fc_oleksandriya_2010s,Ukraine,75.1
Valeriy Luchkevych,valeriy luchkevych,FC Oleksandriya,fc oleksandriya,2010s,Defender - Right-Back,248934,18303,18303_fc_oleksandriya_2010s,Ukraine,74.6
Roman Yaremchuk,roman yaremchuk,FC Oleksandriya,fc oleksandriya,2010s,Attack - Centre-Forward,221958,18303,18303_fc_oleksandriya_2010s,Ukraine,74.3
Pavlo Myagkov,pavlo myagkov,FC Oleksandriya,fc oleksandriya,2010s,Defender - Left-Back,206054,18303,18303_fc_oleksandriya_2010s,Ukraine,71.9
Vladyslav Baboglo,vladyslav baboglo,FC Oleksandriya,fc oleksandriya,2010s,Defender - Centre-Back,567873,18303,18303_fc_oleksandriya_2010s,Moldova  Ukraine,71.5
Valeriy Bondarenko,valeriy bondarenko,FC Oleksandriya,fc oleksandriya,2010s,Defender - Centre-Back,365540,18303,18303_fc_oleksandriya_2010s,Ukraine,69.6
Pavlo Pashayev,pavlo pashayev,FC Oleksandriya,fc oleksandriya,2010s,Defender - Right-Back,58961,18303,18303_fc_oleksandriya_2010s,Azerbaijan  Ukraine,68.6
Maksym Zaderaka,maksym zaderaka,FC Oleksandriya,fc oleksandriya,2010s,Attack - Right Winger,325429,18303,18303_fc_oleksandriya_2010s,Ukraine,67.9
Andriy Batsula,andriy batsula,FC Oleksandriya,fc oleksandriya,2010s,Defender - Left-Back,310782,18303,18303_fc_oleksandriya_2010s,Ukraine,67.4
Kaspars Dubra,kaspars dubra,FC Oleksandriya,fc oleksandriya,2010s,Defender - Centre-Back,85506,18303,18303_fc_oleksandriya_2010s,Latvia,67
Tymur Stetskov,tymur stetskov,FC Oleksandriya,fc oleksandriya,2010s,Defender - Centre-Back,549960,18303,18303_fc_oleksandriya_2010s,Ukraine,67
Bogdan Myshenko,bogdan myshenko,FC Oleksandriya,fc oleksandriya,2010s,Midfield - Left Midfield,325420,18303,18303_fc_oleksandriya_2010s,Ukraine,66.3
Artem Sukhotskyi,artem sukhotskyi,FC Oleksandriya,fc oleksandriya,2010s,Midfield - Left Midfield,123543,18303,18303_fc_oleksandriya_2010s,Ukraine,65.5
Denys Dedechko,denys dedechko,FC Oleksandriya,fc oleksandriya,2010s,Midfield - Defensive Midfield,57869,18303,18303_fc_oleksandriya_2010s,Ukraine,64.6
Glib Bukhal,glib bukhal,FC Oleksandriya,fc oleksandriya,2010s,Defender - Centre-Back,381268,18303,18303_fc_oleksandriya_2010s,Ukraine,64.6
Oleg Bilyk,oleg bilyk,FC Oleksandriya,fc oleksandriya,2010s,Goalkeeper,449084,18303,18303_fc_oleksandriya_2010s,Ukraine,62.9
Maksym Zhychykov,maksym zhychykov,FC Oleksandriya,fc oleksandriya,2010s,Defender - Right-Back,59136,18303,18303_fc_oleksandriya_2010s,Ukraine,60.4
Vladyslav Ogirya,vladyslav ogirya,FC Oleksandriya,fc oleksandriya,2010s,Midfield - Defensive Midfield,111072,18303,18303_fc_oleksandriya_2010s,Ukraine,60.4
Oleksandr Matveyev,oleksandr matveyev,FC Oleksandriya,fc oleksandriya,2010s,Defender - Centre-Back,58958,18303,18303_fc_oleksandriya_2010s,Ukraine,58.6
Denys Miroshnichenko,denys miroshnichenko,FC Oleksandriya,fc oleksandriya,2010s,Defender - Right-Back,244262,18303,18303_fc_oleksandriya_2010s,Ukraine,58.6
Denys Ustymenko,denys ustymenko,FC Oleksandriya,fc oleksandriya,2010s,Attack - Centre-Forward,622410,18303,18303_fc_oleksandriya_2010s,Ukraine,58.6
Maksym Imerekov,maksym imerekov,FC Oleksandriya,fc oleksandriya,2010s,Defender - Centre-Back,94924,18303,18303_fc_oleksandriya_2010s,Ukraine,51.2
Aderinsola Habib Eseola,aderinsola habib eseola,FC Oleksandriya,fc oleksandriya,2010s,Attack - Centre-Forward,122361,18303,18303_fc_oleksandriya_2010s,Ukraine  Nigeria,51.2
Ruslan Stepanyuk,ruslan stepanyuk,FC Oleksandriya,fc oleksandriya,2010s,Attack - Centre-Forward,222079,18303,18303_fc_oleksandriya_2010s,Ukraine,51.2
Vitaliy Koltsov,vitaliy koltsov,FC Oleksandriya,fc oleksandriya,2010s,Midfield - Defensive Midfield,380691,18303,18303_fc_oleksandriya_2010s,Ukraine,51.2
Roman Vantukh,roman vantukh,FC Oleksandriya,fc oleksandriya,2010s,Defender - Left-Back,396536,18303,18303_fc_oleksandriya_2010s,Ukraine,51.2
Oleksandr Melnyk,oleksandr melnyk,FC Oleksandriya,fc oleksandriya,2010s,Defender - Centre-Back,418891,18303,18303_fc_oleksandriya_2010s,Ukraine,51.2
Maksym Kulish,maksym kulish,FC Oleksandriya,fc oleksandriya,2010s,Attack - Left Winger,461665,18303,18303_fc_oleksandriya_2010s,Ukraine,51.2
Dmytro Semenov,dmytro semenov,FC Oleksandriya,fc oleksandriya,2010s,Defender - Centre-Back,495918,18303,18303_fc_oleksandriya_2010s,Ukraine,51.2
Kyrylo Dryshlyuk,kyrylo dryshlyuk,FC Oleksandriya,fc oleksandriya,2010s,Midfield - Central Midfield,501417,18303,18303_fc_oleksandriya_2010s,Ukraine,51.2
Kyrylo Prokopchuk,kyrylo prokopchuk,FC Oleksandriya,fc oleksandriya,2010s,Defender - Centre-Back,572399,18303,18303_fc_oleksandriya_2010s,Ukraine,51.2
Oleg Sokolov,oleg sokolov,FC Oleksandriya,fc oleksandriya,2010s,Defender - Right-Back,577844,18303,18303_fc_oleksandriya_2010s,Ukraine,51.2
Sergiy Siminin,sergiy siminin,FC Oleksandriya,fc oleksandriya,2010s,Defender - Right-Back,58252,18303,18303_fc_oleksandriya_2010s,Ukraine,45
Kyrylo Kovalets,kyrylo kovalets,FC Oleksandriya,fc oleksandriya,2020s,Midfield - Attacking Midfield,140676,18303,18303_fc_oleksandriya_2020s,Ukraine,88.9
Maksym Tretyakov,maksym tretyakov,FC Oleksandriya,fc oleksandriya,2020s,Attack - Left Winger,248938,18303,18303_fc_oleksandriya_2020s,Ukraine,87
Juan Bezerra,juan bezerra,FC Oleksandriya,fc oleksandriya,2020s,Attack - Right Winger,1083965,18303,18303_fc_oleksandriya_2020s,Brazil,84.4
Oleksandr Filippov,oleksandr filippov,FC Oleksandriya,fc oleksandriya,2020s,Attack - Centre-Forward,237623,18303,18303_fc_oleksandriya_2020s,Ukraine,81.1
Sergiy Rybalka,sergiy rybalka,FC Oleksandriya,fc oleksandriya,2020s,Midfield - Defensive Midfield,81649,18303,18303_fc_oleksandriya_2020s,Ukraine,80.5
Artem Shulyanskyi,artem shulyanskyi,FC Oleksandriya,fc oleksandriya,2020s,Attack - Left Winger,261780,18303,18303_fc_oleksandriya_2020s,Ukraine,80
Ivan Kalyuzhnyi,ivan kalyuzhnyi,FC Oleksandriya,fc oleksandriya,2020s,Midfield - Central Midfield,343151,18303,18303_fc_oleksandriya_2020s,Ukraine,79.3
Vladyslav Baboglo,vladyslav baboglo,FC Oleksandriya,fc oleksandriya,2020s,Defender - Centre-Back,567873,18303,18303_fc_oleksandriya_2020s,Moldova  Ukraine,78.9
Tedi Cara,tedi cara,FC Oleksandriya,fc oleksandriya,2020s,Attack - Left Winger,646153,18303,18303_fc_oleksandriya_2020s,Albania,78.5
Andriy Tsurikov,andriy tsurikov,FC Oleksandriya,fc oleksandriya,2020s,Defender - Left-Back,155964,18303,18303_fc_oleksandriya_2020s,Ukraine,78.3
Mykola Mykhaylenko,mykola mykhaylenko,FC Oleksandriya,fc oleksandriya,2020s,Midfield - Defensive Midfield,626475,18303,18303_fc_oleksandriya_2020s,Ukraine,77.7
Emil Mustafayev,emil mustafayev,FC Oleksandriya,fc oleksandriya,2020s,Midfield - Attacking Midfield,892054,18303,18303_fc_oleksandriya_2020s,Azerbaijan  Ukraine,77
Vladyslav Kalitvintsev,vladyslav kalitvintsev,FC Oleksandriya,fc oleksandriya,2020s,Midfield - Right Midfield,108710,18303,18303_fc_oleksandriya_2020s,Ukraine  Russia,76.5
Denys Miroshnichenko,denys miroshnichenko,FC Oleksandriya,fc oleksandriya,2020s,Defender - Right-Back,244262,18303,18303_fc_oleksandriya_2020s,Ukraine,76.5
Danil Skorko,danil skorko,FC Oleksandriya,fc oleksandriya,2020s,Defender - Right-Back,631819,18303,18303_fc_oleksandriya_2020s,Ukraine,76.2
Miguel Campos,miguel campos,FC Oleksandriya,fc oleksandriya,2020s,Defender - Centre-Back,335744,18303,18303_fc_oleksandriya_2020s,Portugal,76
Georgiy Yermakov,georgiy yermakov,FC Oleksandriya,fc oleksandriya,2020s,Goalkeeper,775709,18303,18303_fc_oleksandriya_2020s,Ukraine,76
Mykyta Shevchenko,mykyta shevchenko,FC Oleksandriya,fc oleksandriya,2020s,Goalkeeper,80312,18303,18303_fc_oleksandriya_2020s,Ukraine,75.3
Mykyta Kravchenko,mykyta kravchenko,FC Oleksandriya,fc oleksandriya,2020s,Defender - Right-Back,370399,18303,18303_fc_oleksandriya_2020s,Ukraine,75.1
Oleg Kozhushko,oleg kozhushko,FC Oleksandriya,fc oleksandriya,2020s,Attack - Centre-Forward,343492,18303,18303_fc_oleksandriya_2020s,Ukraine,74
Andriy Kulakov,andriy kulakov,FC Oleksandriya,fc oleksandriya,2020s,Attack - Centre-Forward,404848,18303,18303_fc_oleksandriya_2020s,Ukraine,73.8
Dmytro Shastal,dmytro shastal,FC Oleksandriya,fc oleksandriya,2020s,Attack - Right Winger,359796,18303,18303_fc_oleksandriya_2020s,Ukraine,73.5
Artem Sitalo,artem sitalo,FC Oleksandriya,fc oleksandriya,2020s,Attack - Centre-Forward,320247,18303,18303_fc_oleksandriya_2020s,Ukraine,72.9
Oleg Bilyk,oleg bilyk,FC Oleksandriya,fc oleksandriya,2020s,Goalkeeper,449084,18303,18303_fc_oleksandriya_2020s,Ukraine,72.9
Yuriy Kopyna,yuriy kopyna,FC Oleksandriya,fc oleksandriya,2020s,Defender - Right-Back,432658,18303,18303_fc_oleksandriya_2020s,Ukraine,72.2
Dmytro Myshnyov,dmytro myshnyov,FC Oleksandriya,fc oleksandriya,2020s,Midfield - Central Midfield,212243,18303,18303_fc_oleksandriya_2020s,Ukraine,71.9
Valeriy Luchkevych,valeriy luchkevych,FC Oleksandriya,fc oleksandriya,2020s,Defender - Right-Back,248934,18303,18303_fc_oleksandriya_2020s,Ukraine,71.9
Kyrylo Sigeev,kyrylo sigeev,FC Oleksandriya,fc oleksandriya,2020s,Midfield - Central Midfield,935047,18303,18303_fc_oleksandriya_2020s,Ukraine,71.9
Denys Kostyshyn,denys kostyshyn,FC Oleksandriya,fc oleksandriya,2020s,Midfield - Attacking Midfield,366446,18303,18303_fc_oleksandriya_2020s,Ukraine,71.5
Denys Ustymenko,denys ustymenko,FC Oleksandriya,fc oleksandriya,2020s,Attack - Centre-Forward,622410,18303,18303_fc_oleksandriya_2020s,Ukraine,70.7
Valeriy Bondarenko,valeriy bondarenko,FC Oleksandriya,fc oleksandriya,2020s,Defender - Centre-Back,365540,18303,18303_fc_oleksandriya_2020s,Ukraine,70.2
Oleksandr Belyaev,oleksandr belyaev,FC Oleksandriya,fc oleksandriya,2020s,Midfield - Left Midfield,524031,18303,18303_fc_oleksandriya_2020s,Ukraine,70.2
Yevgen Banada,yevgen banada,FC Oleksandriya,fc oleksandriya,2020s,Midfield - Central Midfield,242272,18303,18303_fc_oleksandriya_2020s,Ukraine,69.9
Artem Kozak,artem kozak,FC Oleksandriya,fc oleksandriya,2020s,Midfield - Right Midfield,396530,18303,18303_fc_oleksandriya_2020s,Ukraine,69.6
Yevgeniy Smyrnyi,yevgeniy smyrnyi,FC Oleksandriya,fc oleksandriya,2020s,Midfield - Central Midfield,396532,18303,18303_fc_oleksandriya_2020s,Ukraine,69.6
Oleksandr Demchenko,oleksandr demchenko,FC Oleksandriya,fc oleksandriya,2020s,Midfield - Defensive Midfield,463845,18303,18303_fc_oleksandriya_2020s,Ukraine,69.6
Vikentiy Voloshyn,vikentiy voloshyn,FC Oleksandriya,fc oleksandriya,2020s,Midfield - Attacking Midfield,470831,18303,18303_fc_oleksandriya_2020s,Ukraine,69.6
Sergiy Loginov,sergiy loginov,FC Oleksandriya,fc oleksandriya,2020s,Defender - Centre-Back,110688,18303,18303_fc_oleksandriya_2020s,Ukraine,68.6
Oleksandr Martynyuk,oleksandr martynyuk,FC Oleksandriya,fc oleksandriya,2020s,Defender - Left-Back,719652,18303,18303_fc_oleksandriya_2020s,Ukraine,68.6
Kaspars Dubra,kaspars dubra,FC Oleksandriya,fc oleksandriya,2020s,Defender - Centre-Back,85506,18303,18303_fc_oleksandriya_2020s,Latvia,67.9
Bogdan Myshenko,bogdan myshenko,FC Oleksandriya,fc oleksandriya,2020s,Midfield - Left Midfield,325420,18303,18303_fc_oleksandriya_2020s,Ukraine,67.9
Roman Vantukh,roman vantukh,FC Oleksandriya,fc oleksandriya,2020s,Defender - Left-Back,396536,18303,18303_fc_oleksandriya_2020s,Ukraine,67.9
Geovani,geovani,FC Oleksandriya,fc oleksandriya,2020s,Attack - Right Winger,817676,18303,18303_fc_oleksandriya_2020s,Brazil,67.9
Rodion Plaksa,rodion plaksa,FC Oleksandriya,fc oleksandriya,2020s,Midfield - Attacking Midfield,830079,18303,18303_fc_oleksandriya_2020s,Ukraine,67.9
Sergiy Buletsa,sergiy buletsa,FC Oleksandriya,fc oleksandriya,2020s,Midfield - Attacking Midfield,404846,18303,18303_fc_oleksandriya_2020s,Ukraine,67
Denys Shostak,denys shostak,FC Oleksandriya,fc oleksandriya,2020s,Midfield - Attacking Midfield,726016,18303,18303_fc_oleksandriya_2020s,Ukraine,67
Daniil Vashchenko,daniil vashchenko,FC Oleksandriya,fc oleksandriya,2020s,Midfield - Defensive Midfield,1134676,18303,18303_fc_oleksandriya_2020s,Ukraine,67
Claudio Spinelli,claudio spinelli,FC Oleksandriya,fc oleksandriya,2020s,Attack - Centre-Forward,504882,18303,18303_fc_oleksandriya_2020s,Argentina  Italy,66.3
Vasyl Grytsuk,vasyl grytsuk,FC Oleksandriya,fc oleksandriya,2020s,Midfield - Attacking Midfield,59047,18303,18303_fc_oleksandriya_2020s,Ukraine,65.5
Denys Bezborodko,denys bezborodko,FC Oleksandriya,fc oleksandriya,2020s,Attack - Centre-Forward,269371,18303,18303_fc_oleksandriya_2020s,Ukraine,65.5
Oleksandr Melnyk,oleksandr melnyk,FC Oleksandriya,fc oleksandriya,2020s,Defender - Centre-Back,418891,18303,18303_fc_oleksandriya_2020s,Ukraine,65.5
Bogdan Kobzar,bogdan kobzar,FC Oleksandriya,fc oleksandriya,2020s,Attack - Centre-Forward,789478,18303,18303_fc_oleksandriya_2020s,Ukraine,65.5
Pavlo Pashayev,pavlo pashayev,FC Oleksandriya,fc oleksandriya,2020s,Defender - Right-Back,58961,18303,18303_fc_oleksandriya_2020s,Azerbaijan  Ukraine,64.6
Sergiy Gryn,sergiy gryn,FC Oleksandriya,fc oleksandriya,2020s,Attack - Left Winger,269374,18303,18303_fc_oleksandriya_2020s,Ukraine,64.6
Théo Ndicka Matam,theo ndicka matam,FC Oleksandriya,fc oleksandriya,2020s,Defender - Left-Back,461595,18303,18303_fc_oleksandriya_2020s,France  Cameroon,64.6
Andriy Novikov,andriy novikov,FC Oleksandriya,fc oleksandriya,2020s,Attack - Centre-Forward,525209,18303,18303_fc_oleksandriya_2020s,Ukraine,64.6
Tymur Stetskov,tymur stetskov,FC Oleksandriya,fc oleksandriya,2020s,Defender - Centre-Back,549960,18303,18303_fc_oleksandriya_2020s,Ukraine,64.6
Vladyslav Pogorilyi,vladyslav pogorilyi,FC Oleksandriya,fc oleksandriya,2020s,Attack - Centre-Forward,718409,18303,18303_fc_oleksandriya_2020s,Ukraine,64.6
Igor Kyryukhantsev,igor kyryukhantsev,FC Oleksandriya,fc oleksandriya,2020s,Defender - Right-Back,203855,18303,18303_fc_oleksandriya_2020s,Ukraine,64.1
Viktor Dolgyi,viktor dolgyi,FC Oleksandriya,fc oleksandriya,2020s,Goalkeeper,1160405,18303,18303_fc_oleksandriya_2020s,Ukraine,64.1
Artem Shabanov,artem shabanov,FC Oleksandriya,fc oleksandriya,2020s,Defender - Centre-Back,236468,18303,18303_fc_oleksandriya_2020s,Ukraine,63.6
Artur Avagimyan,artur avagimyan,FC Oleksandriya,fc oleksandriya,2020s,Midfield - Attacking Midfield,244904,18303,18303_fc_oleksandriya_2020s,Ukraine  Armenia,62.9
Kyrylo Dryshlyuk,kyrylo dryshlyuk,FC Oleksandriya,fc oleksandriya,2020s,Midfield - Central Midfield,501417,18303,18303_fc_oleksandriya_2020s,Ukraine,62.9
Anton Kravchenko,anton kravchenko,FC Oleksandriya,fc oleksandriya,2020s,Defender - Centre-Back,64341,18303,18303_fc_oleksandriya_2020s,Ukraine,61.9
Jota,jota,FC Oleksandriya,fc oleksandriya,2020s,Attack - Right Winger,744099,18303,18303_fc_oleksandriya_2020s,Portugal,61.9
Artem Kulakovskyi,artem kulakovskyi,FC Oleksandriya,fc oleksandriya,2020s,Midfield - Central Midfield,745252,18303,18303_fc_oleksandriya_2020s,Ukraine,61.9
Maksym Zaderaka,maksym zaderaka,FC Oleksandriya,fc oleksandriya,2020s,Attack - Right Winger,325429,18303,18303_fc_oleksandriya_2020s,Ukraine,60.4
Artur Mykytyshyn,artur mykytyshyn,FC Oleksandriya,fc oleksandriya,2020s,Attack - Left Winger,726036,18303,18303_fc_oleksandriya_2020s,Ukraine,60.4
Fernando Henrique,fernando henrique,FC Oleksandriya,fc oleksandriya,2020s,Midfield - Defensive Midfield,815673,18303,18303_fc_oleksandriya_2020s,Brazil,60.4
Glib Bukhal,glib bukhal,FC Oleksandriya,fc oleksandriya,2020s,Defender - Centre-Back,381268,18303,18303_fc_oleksandriya_2020s,Ukraine,58.6
Bogdan Biloshevskyi,bogdan biloshevskyi,FC Oleksandriya,fc oleksandriya,2020s,Midfield - Defensive Midfield,461670,18303,18303_fc_oleksandriya_2020s,Ukraine,58.6
Valentyn Gorokh,valentyn gorokh,FC Oleksandriya,fc oleksandriya,2020s,Goalkeeper,725356,18303,18303_fc_oleksandriya_2020s,Ukraine,58.6
Anton Bol,anton bol,FC Oleksandriya,fc oleksandriya,2020s,Defender - Centre-Back,838384,18303,18303_fc_oleksandriya_2020s,Ukraine,58.6
Andriy Andreychuk,andriy andreychuk,FC Oleksandriya,fc oleksandriya,2020s,Attack - Centre-Forward,871863,18303,18303_fc_oleksandriya_2020s,Ukraine,58.6
Roman Savchenko,roman savchenko,FC Oleksandriya,fc oleksandriya,2020s,Defender - Centre-Back,935046,18303,18303_fc_oleksandriya_2020s,Ukraine,58.6
Demyan Chubatyi,demyan chubatyi,FC Oleksandriya,fc oleksandriya,2020s,Defender - Left-Back,938299,18303,18303_fc_oleksandriya_2020s,Ukraine,58.6
Yaroslav Bazaev,yaroslav bazaev,FC Oleksandriya,fc oleksandriya,2020s,Attack - Left Winger,938300,18303,18303_fc_oleksandriya_2020s,Ukraine,58.6
Mateus Amaral,mateus amaral,FC Oleksandriya,fc oleksandriya,2020s,Midfield - Attacking Midfield,1027018,18303,18303_fc_oleksandriya_2020s,Brazil,58.6
Dmytro Chernysh,dmytro chernysh,FC Oleksandriya,fc oleksandriya,2020s,Midfield - Central Midfield,1035982,18303,18303_fc_oleksandriya_2020s,Ukraine,58.6
Ivan Matyushenko,ivan matyushenko,FC Oleksandriya,fc oleksandriya,2020s,Midfield - Central Midfield,1112706,18303,18303_fc_oleksandriya_2020s,Ukraine,58.6
Denys Garkavenko,denys garkavenko,FC Oleksandriya,fc oleksandriya,2020s,Defender - Centre-Back,1136725,18303,18303_fc_oleksandriya_2020s,Ukraine,58.6
Madison Julio,madison julio,FC Oleksandriya,fc oleksandriya,2020s,Midfield - Defensive Midfield,330041,18303,18303_fc_oleksandriya_2020s,Ecuador,51.2
José Hernández,jose hernandez,FC Oleksandriya,fc oleksandriya,2020s,Defender - Left-Back,354640,18303,18303_fc_oleksandriya_2020s,Ecuador,51.2
Volodymyr Odaryuk,volodymyr odaryuk,FC Oleksandriya,fc oleksandriya,2020s,Attack - Right Winger,395069,18303,18303_fc_oleksandriya_2020s,Ukraine,51.2
Denys Pidruchnyi,denys pidruchnyi,FC Oleksandriya,fc oleksandriya,2020s,Midfield - Central Midfield,417235,18303,18303_fc_oleksandriya_2020s,Ukraine,51.2
Hussayn Touati,hussayn touati,FC Oleksandriya,fc oleksandriya,2020s,Attack - Right Winger,618487,18303,18303_fc_oleksandriya_2020s,France  Morocco,51.2
Bryan Castillo,bryan castillo,FC Oleksandriya,fc oleksandriya,2020s,Attack - Centre-Forward,633728,18303,18303_fc_oleksandriya_2020s,Venezuela,51.2
Jocelin Behiratche,jocelin behiratche,FC Oleksandriya,fc oleksandriya,2020s,Defender - Centre-Back,807784,18303,18303_fc_oleksandriya_2020s,Cote d'Ivoire,51.2
Yegor Gunichev,yegor gunichev,FC Oleksandriya,fc oleksandriya,2020s,Attack - Centre-Forward,809569,18303,18303_fc_oleksandriya_2020s,Ukraine,51.2
Ilya Ukhan,ilya ukhan,FC Oleksandriya,fc oleksandriya,2020s,Defender - Right-Back,882224,18303,18303_fc_oleksandriya_2020s,Ukraine,51.2
Dé,de,FC Oleksandriya,fc oleksandriya,2020s,Attack - Centre-Forward,910926,18303,18303_fc_oleksandriya_2020s,Brazil,51.2
Mykola Ogarkov,mykola ogarkov,FC Oleksandriya,fc oleksandriya,2020s,Defender - Centre-Back,935053,18303,18303_fc_oleksandriya_2020s,Ukraine,51.2
Jhonnatan Silva,jhonnatan silva,FC Oleksandriya,fc oleksandriya,2020s,Attack - Right Winger,1095335,18303,18303_fc_oleksandriya_2020s,Brazil,51.2
Mykyta Minchev,mykyta minchev,FC Oleksandriya,fc oleksandriya,2020s,Goalkeeper,1113558,18303,18303_fc_oleksandriya_2020s,Ukraine,51.2
Yegor Taran,yegor taran,FC Oleksandriya,fc oleksandriya,2020s,Goalkeeper,1190578,18303,18303_fc_oleksandriya_2020s,Ukraine,51.2
Andriy Boyko,andriy boyko,FC Oleksandriya,fc oleksandriya,2020s,Defender - Right-Back,1200856,18303,18303_fc_oleksandriya_2020s,Ukraine,51.2
Nazar Makarenko,nazar makarenko,FC Oleksandriya,fc oleksandriya,2020s,Goalkeeper,1241968,18303,18303_fc_oleksandriya_2020s,Ukraine,51.2
Yegor Tsevukh,yegor tsevukh,FC Oleksandriya,fc oleksandriya,2020s,Midfield - Defensive Midfield,1264158,18303,18303_fc_oleksandriya_2020s,Ukraine,51.2
Taras Kabanov,taras kabanov,PFC Oleksandriya,pfc oleksandriya,2010s,Attack - Centre-Forward,35352,18303,18303_pfc_oleksandriya_2010s,Ukraine,68.2
Pavlo Ksyonz,pavlo ksyonz,PFC Oleksandriya,pfc oleksandriya,2010s,Defender - Right-Back,57888,18303,18303_pfc_oleksandriya_2010s,Ukraine,67.9
Andriy Zaporozhan,andriy zaporozhan,PFC Oleksandriya,pfc oleksandriya,2010s,Midfield - Defensive Midfield,91465,18303,18303_pfc_oleksandriya_2010s,Ukraine,65.5
Vitaliy Gavrysh,vitaliy gavrysh,PFC Oleksandriya,pfc oleksandriya,2010s,Defender - Centre-Back,59038,18303,18303_pfc_oleksandriya_2010s,Ukraine,61.9
Igor Cherednichenko,igor cherednichenko,PFC Oleksandriya,pfc oleksandriya,2010s,Defender - Centre-Back,91456,18303,18303_pfc_oleksandriya_2010s,Ukraine,61.9
Denis Kovba,denis kovba,PFC Oleksandriya,pfc oleksandriya,2010s,Midfield - Defensive Midfield,25004,18303,18303_pfc_oleksandriya_2010s,Belarus  Russia,51.2
Josip Barisic,josip barisic,PFC Oleksandriya,pfc oleksandriya,2010s,Attack - Centre-Forward,34546,18303,18303_pfc_oleksandriya_2010s,Croatia,51.2
Sergiy Davydov,sergiy davydov,PFC Oleksandriya,pfc oleksandriya,2010s,Attack - Centre-Forward,42624,18303,18303_pfc_oleksandriya_2010s,Ukraine,51.2
Oleg Dopilka,oleg dopilka,PFC Oleksandriya,pfc oleksandriya,2010s,Defender - Centre-Back,58389,18303,18303_pfc_oleksandriya_2010s,Ukraine,51.2
Volodymyr Ovsienko,volodymyr ovsienko,PFC Oleksandriya,pfc oleksandriya,2010s,Goalkeeper,91475,18303,18303_pfc_oleksandriya_2010s,Ukraine,51.2
Artem Polyarus,artem polyarus,PFC Oleksandriya,pfc oleksandriya,2010s,Attack - Left Winger,131444,18303,18303_pfc_oleksandriya_2010s,Ukraine,51.2
Levan Gulordava,levan gulordava,PFC Oleksandriya,pfc oleksandriya,2010s,Midfield - Attacking Midfield,193259,18303,18303_pfc_oleksandriya_2010s,Ukraine,51.2
Sergiy Matyukhin,sergiy matyukhin,PFC Oleksandriya,pfc oleksandriya,2010s,Defender - Centre-Back,24036,18303,18303_pfc_oleksandriya_2010s,Ukraine,45.1
Sergiy Chuychenko,sergiy chuychenko,Poligraftecknika Oleksandria,poligraftecknika oleksandria,2000s,Attack - Centre-Forward,858005,18303,18303_poligraftecknika_oleksandria_2000s,Ukraine,82.6
Oleg Zhylin,oleg zhylin,Poligraftecknika Oleksandria,poligraftecknika oleksandria,2000s,Defender,857995,18303,18303_poligraftecknika_oleksandria_2000s,Ukraine,75.8
Oleksandr Kozakevich,oleksandr kozakevich,Poligraftecknika Oleksandria,poligraftecknika oleksandria,2000s,Attack,169752,18303,18303_poligraftecknika_oleksandria_2000s,Ukraine,75.3
Taras Chopyk,taras chopyk,Poligraftecknika Oleksandria,poligraftecknika oleksandria,2000s,Goalkeeper,521567,18303,18303_poligraftecknika_oleksandria_2000s,Ukraine,72.9
Oleksandr Babych,oleksandr babych,Poligraftecknika Oleksandria,poligraftecknika oleksandria,2000s,Defender - Centre-Back,59406,18303,18303_poligraftecknika_oleksandria_2000s,Ukraine,72.6
Volodymyr Sharan,volodymyr sharan,Poligraftecknika Oleksandria,poligraftecknika oleksandria,2000s,Midfield - Attacking Midfield,175951,18303,18303_poligraftecknika_oleksandria_2000s,Ukraine,71.1
Oleksiy Ivanov,oleksiy ivanov,Poligraftecknika Oleksandria,poligraftecknika oleksandria,2000s,Midfield - Attacking Midfield,28924,18303,18303_poligraftecknika_oleksandria_2000s,Ukraine,70.7
Andriy Gavryushov,andriy gavryushov,Poligraftecknika Oleksandria,poligraftecknika oleksandria,2000s,Defender - Right-Back,59039,18303,18303_poligraftecknika_oleksandria_2000s,Ukraine,70.2
Igor Plotko,igor plotko,Poligraftecknika Oleksandria,poligraftecknika oleksandria,2000s,Midfield - Central Midfield,857997,18303,18303_poligraftecknika_oleksandria_2000s,Ukraine,69.1
Valentyn Slyusar,valentyn slyusar,Poligraftecknika Oleksandria,poligraftecknika oleksandria,2000s,Midfield - Defensive Midfield,42660,18303,18303_poligraftecknika_oleksandria_2000s,Ukraine,68.6
Vitaliy Pervak,vitaliy pervak,Poligraftecknika Oleksandria,poligraftecknika oleksandria,2000s,Defender,858024,18303,18303_poligraftecknika_oleksandria_2000s,Ukraine,66.3
Volodymyr Mazyar,volodymyr mazyar,Poligraftecknika Oleksandria,poligraftecknika oleksandria,2000s,Attack - Centre-Forward,118430,18303,18303_poligraftecknika_oleksandria_2000s,Ukraine,65.5
Ruslan Yarosh,ruslan yarosh,Poligraftecknika Oleksandria,poligraftecknika oleksandria,2000s,Midfield - Central Midfield,59922,18303,18303_poligraftecknika_oleksandria_2000s,Ukraine,64.6
Vitaliy Sakhno,vitaliy sakhno,Poligraftecknika Oleksandria,poligraftecknika oleksandria,2000s,Midfield,858000,18303,18303_poligraftecknika_oleksandria_2000s,Ukraine,64.6
Oleksandr Rozlach,oleksandr rozlach,Poligraftecknika Oleksandria,poligraftecknika oleksandria,2000s,Midfield,79672,18303,18303_poligraftecknika_oleksandria_2000s,Ukraine,63.6
Yuriy Shevchuk,yuriy shevchuk,Poligraftecknika Oleksandria,poligraftecknika oleksandria,2000s,Midfield,858258,18303,18303_poligraftecknika_oleksandria_2000s,Ukraine,63.6
Yuriy Khriyenko,yuriy khriyenko,Poligraftecknika Oleksandria,poligraftecknika oleksandria,2000s,Goalkeeper,847553,18303,18303_poligraftecknika_oleksandria_2000s,Ukraine,62.9
Denys Andrienko,denys andrienko,Poligraftecknika Oleksandria,poligraftecknika oleksandria,2000s,Defender - Left-Back,23990,18303,18303_poligraftecknika_oleksandria_2000s,Ukraine,61.9
Sergiy Tanasyuk,sergiy tanasyuk,Poligraftecknika Oleksandria,poligraftecknika oleksandria,2000s,Defender,373477,18303,18303_poligraftecknika_oleksandria_2000s,Ukraine,61.9
Anatoliy Balatskiy,anatoliy balatskiy,Poligraftecknika Oleksandria,poligraftecknika oleksandria,2000s,Defender - Right-Back,494569,18303,18303_poligraftecknika_oleksandria_2000s,Ukraine,58.6
Yuriy Mokrytskyi,yuriy mokrytskyi,Poligraftecknika Oleksandria,poligraftecknika oleksandria,2000s,Defender - Centre-Back,524476,18303,18303_poligraftecknika_oleksandria_2000s,Ukraine,58.6
Andriy Martynenko,andriy martynenko,Poligraftecknika Oleksandria,poligraftecknika oleksandria,2000s,Midfield,857996,18303,18303_poligraftecknika_oleksandria_2000s,Ukraine,58.6
Roman Pasichnychenko,roman pasichnychenko,Poligraftecknika Oleksandria,poligraftecknika oleksandria,2000s,Defender - Right-Back,70610,18303,18303_poligraftecknika_oleksandria_2000s,Ukraine,51.2
Yuriy Danchenko,yuriy danchenko,Poligraftecknika Oleksandria,poligraftecknika oleksandria,2000s,Defender - Left-Back,91704,18303,18303_poligraftecknika_oleksandria_2000s,Ukraine,51.2
Yakiv Kripak,yakiv kripak,Poligraftecknika Oleksandria,poligraftecknika oleksandria,2000s,Attack - Centre-Forward,418361,18303,18303_poligraftecknika_oleksandria_2000s,Ukraine,51.2
Andriy Zavyalov,andriy zavyalov,Poligraftecknika Oleksandria,poligraftecknika oleksandria,2000s,Midfield - Central Midfield,514030,18303,18303_poligraftecknika_oleksandria_2000s,Turkmenistan  Ukraine,51.2
Oleg Storozhenko,oleg storozhenko,Poligraftecknika Oleksandria,poligraftecknika oleksandria,2000s,Goalkeeper,780097,18303,18303_poligraftecknika_oleksandria_2000s,Ukraine,51.2
Andriy Klymenko,andriy klymenko,Poligraftecknika Oleksandria,poligraftecknika oleksandria,2000s,Midfield,882875,18303,18303_poligraftecknika_oleksandria_2000s,Ukraine,51.2
Volodymyr Serikov,volodymyr serikov,Poligraftecknika Oleksandria,poligraftecknika oleksandria,2000s,Midfield,883417,18303,18303_poligraftecknika_oleksandria_2000s,Ukraine,51.2
Oleksandr Sobol,oleksandr sobol,Poligraftecknika Oleksandria,poligraftecknika oleksandria,2000s,Defender,885332,18303,18303_poligraftecknika_oleksandria_2000s,Ukraine,51.2
Denys Khomutov,denys khomutov,Poligraftecknika Oleksandria,poligraftecknika oleksandria,2000s,Midfield - Central Midfield,918780,18303,18303_poligraftecknika_oleksandria_2000s,Ukraine,51.2
Roman Zub,roman zub,Poligraftecknika Oleksandria,poligraftecknika oleksandria,2000s,Midfield - Defensive Midfield,943654,18303,18303_poligraftecknika_oleksandria_2000s,Ukraine,51.2
Kostyantyn Lemishko,kostyantyn lemishko,Poligraftecknika Oleksandria,poligraftecknika oleksandria,2000s,Defender,943663,18303,18303_poligraftecknika_oleksandria_2000s,Ukraine,51.2
Omar Mishkov,omar mishkov,Poligraftecknika Oleksandria,poligraftecknika oleksandria,2000s,Defender,958364,18303,18303_poligraftecknika_oleksandria_2000s,Ukraine,51.2
Volodymyr Tsytkin,volodymyr tsytkin,Nyva Vinnytsia,nyva vinnytsia,1990s,Goalkeeper,494527,20423,20423_nyva_vinnytsia_1990s,Ukraine  Israel,76.7
Oleksandr Golokolosov,oleksandr golokolosov,Nyva Vinnytsia,nyva vinnytsia,1990s,Attack - Centre-Forward,253201,20423,20423_nyva_vinnytsia_1990s,Ukraine,76.2
Anatoliy Balatskiy,anatoliy balatskiy,Nyva Vinnytsia,nyva vinnytsia,1990s,Defender - Right-Back,494569,20423,20423_nyva_vinnytsia_1990s,Ukraine,67
Aleksandr Zhidkov,aleksandr zhidkov,Nyva Vinnytsia,nyva vinnytsia,1990s,Goalkeeper,88158,20423,20423_nyva_vinnytsia_1990s,Azerbaijan  Russia,62.9
Andriy Zavyalov,andriy zavyalov,Nyva Vinnytsia,nyva vinnytsia,1990s,Midfield - Central Midfield,514030,20423,20423_nyva_vinnytsia_1990s,Turkmenistan  Ukraine,61.9
Taras Lutsenko,taras lutsenko,Nyva Vinnytsia,nyva vinnytsia,1990s,Goalkeeper,35142,20423,20423_nyva_vinnytsia_1990s,Ukraine,57.1
Volodymyr Tsytkin,volodymyr tsytkin,Bukovyna Chernivtsi,bukovyna chernivtsi,1990s,Goalkeeper,494527,21903,21903_bukovyna_chernivtsi_1990s,Ukraine  Israel,72.9
Oleksandr Kovpak,oleksandr kovpak,SC Tavriya Simferopol (-2022),sc tavriya simferopol 2022,2000s,Attack - Centre-Forward,43332,2227,2227_sc_tavriya_simferopol_2022_2000s,Ukraine,93
Volodymyr Gomenyuk,volodymyr gomenyuk,SC Tavriya Simferopol (-2022),sc tavriya simferopol 2022,2000s,Attack - Centre-Forward,43309,2227,2227_sc_tavriya_simferopol_2022_2000s,Ukraine,91.1
Lucky Idahor,lucky idahor,SC Tavriya Simferopol (-2022),sc tavriya simferopol 2022,2000s,Attack - Centre-Forward,59269,2227,2227_sc_tavriya_simferopol_2022_2000s,Nigeria,90
Edmar Galovskyi,edmar galovskyi,SC Tavriya Simferopol (-2022),sc tavriya simferopol 2022,2000s,Midfield - Central Midfield,43299,2227,2227_sc_tavriya_simferopol_2022_2000s,Ukraine  Brazil,82.8
Maksym Feshchuk,maksym feshchuk,SC Tavriya Simferopol (-2022),sc tavriya simferopol 2022,2000s,Attack - Centre-Forward,58008,2227,2227_sc_tavriya_simferopol_2022_2000s,Ukraine,79.8
Vyacheslav Vishnevskiy,vyacheslav vishnevskiy,SC Tavriya Simferopol (-2022),sc tavriya simferopol 2022,2000s,Attack - Right Winger,43390,2227,2227_sc_tavriya_simferopol_2022_2000s,Russia,78.9
Andriy Kornev,andriy kornev,SC Tavriya Simferopol (-2022),sc tavriya simferopol 2022,2000s,Midfield - Defensive Midfield,43330,2227,2227_sc_tavriya_simferopol_2022_2000s,Ukraine,76.7
Anton Monakhov,anton monakhov,SC Tavriya Simferopol (-2022),sc tavriya simferopol 2022,2000s,Defender - Centre-Back,60323,2227,2227_sc_tavriya_simferopol_2022_2000s,Russia  Ukraine,74.6
Vasil Gigiadze,vasil gigiadze,SC Tavriya Simferopol (-2022),sc tavriya simferopol 2022,2000s,Midfield - Attacking Midfield,57878,2227,2227_sc_tavriya_simferopol_2022_2000s,Georgia,72.6
Maksim Startsev,maksim startsev,SC Tavriya Simferopol (-2022),sc tavriya simferopol 2022,2000s,Goalkeeper,58976,2227,2227_sc_tavriya_simferopol_2022_2000s,Ukraine  Russia,71.3
Ruslan Platon,ruslan platon,SC Tavriya Simferopol (-2022),sc tavriya simferopol 2022,2000s,Attack - Centre-Forward,58103,2227,2227_sc_tavriya_simferopol_2022_2000s,Ukraine  Russia,66.3
Pawel Hajduczek,pawel hajduczek,SC Tavriya Simferopol (-2022),sc tavriya simferopol 2022,2000s,Midfield - Defensive Midfield,61196,2227,2227_sc_tavriya_simferopol_2022_2000s,Poland,65.5
Vitaliy Reva,vitaliy reva,SC Tavriya Simferopol (-2022),sc tavriya simferopol 2022,2000s,Goalkeeper,9779,2227,2227_sc_tavriya_simferopol_2022_2000s,Ukraine,64.1
Oleg Karamushka,oleg karamushka,SC Tavriya Simferopol (-2022),sc tavriya simferopol 2022,2000s,Defender - Centre-Back,27191,2227,2227_sc_tavriya_simferopol_2022_2000s,Ukraine,62.9
Oleksandr Shutov,oleksandr shutov,SC Tavriya Simferopol (-2022),sc tavriya simferopol 2022,2000s,Midfield - Right Midfield,25917,2227,2227_sc_tavriya_simferopol_2022_2000s,Ukraine,61.9
Ivan Matyazh,ivan matyazh,SC Tavriya Simferopol (-2022),sc tavriya simferopol 2022,2000s,Midfield - Central Midfield,59249,2227,2227_sc_tavriya_simferopol_2022_2000s,Ukraine,61.9
Yuriy Seleznyov,yuriy seleznyov,SC Tavriya Simferopol (-2022),sc tavriya simferopol 2022,2000s,Midfield - Central Midfield,92461,2227,2227_sc_tavriya_simferopol_2022_2000s,Ukraine,60.4
Vyacheslav Sviderskyi,vyacheslav sviderskyi,SC Tavriya Simferopol (-2022),sc tavriya simferopol 2022,2000s,Defender - Centre-Back,15681,2227,2227_sc_tavriya_simferopol_2022_2000s,Ukraine,58.6
Sasa Cilinsek,sasa cilinsek,SC Tavriya Simferopol (-2022),sc tavriya simferopol 2022,2000s,Defender - Centre-Back,28670,2227,2227_sc_tavriya_simferopol_2022_2000s,Serbia,58.6
Aleksandre Amisulashvili,aleksandre amisulashvili,SC Tavriya Simferopol (-2022),sc tavriya simferopol 2022,2000s,Defender - Centre-Back,16095,2227,2227_sc_tavriya_simferopol_2022_2000s,Georgia  Russia,51.2
Oleksiy Ivanov,oleksiy ivanov,SC Tavriya Simferopol (-2022),sc tavriya simferopol 2022,2000s,Midfield - Attacking Midfield,28924,2227,2227_sc_tavriya_simferopol_2022_2000s,Ukraine,51.2
Aleksey Osipov,aleksey osipov,SC Tavriya Simferopol (-2022),sc tavriya simferopol 2022,2000s,Midfield - Central Midfield,43349,2227,2227_sc_tavriya_simferopol_2022_2000s,Russia  Ukraine,51.2
Denys Stoyan,denys stoyan,SC Tavriya Simferopol (-2022),sc tavriya simferopol 2022,2000s,Defender - Left-Back,43377,2227,2227_sc_tavriya_simferopol_2022_2000s,Ukraine,51.2
Andriy Smalko,andriy smalko,SC Tavriya Simferopol (-2022),sc tavriya simferopol 2022,2000s,Midfield - Central Midfield,58137,2227,2227_sc_tavriya_simferopol_2022_2000s,Ukraine,51.2
Yevgeniy Shmakov,yevgeniy shmakov,SC Tavriya Simferopol (-2022),sc tavriya simferopol 2022,2000s,Midfield - Defensive Midfield,58251,2227,2227_sc_tavriya_simferopol_2022_2000s,Ukraine,51.2
Volodymyr Korobka,volodymyr korobka,SC Tavriya Simferopol (-2022),sc tavriya simferopol 2022,2000s,Attack - Right Winger,58950,2227,2227_sc_tavriya_simferopol_2022_2000s,Ukraine,51.2
Artem Stargorodskyi,artem stargorodskyi,SC Tavriya Simferopol (-2022),sc tavriya simferopol 2022,2000s,Midfield - Central Midfield,59913,2227,2227_sc_tavriya_simferopol_2022_2000s,Ukraine,51.2
Oleksandr Bandura,oleksandr bandura,SC Tavriya Simferopol (-2022),sc tavriya simferopol 2022,2000s,Goalkeeper,85969,2227,2227_sc_tavriya_simferopol_2022_2000s,Ukraine,51.2
Sergiy Grybanov,sergiy grybanov,SC Tavriya Simferopol (-2022),sc tavriya simferopol 2022,2000s,Attack - Centre-Forward,91214,2227,2227_sc_tavriya_simferopol_2022_2000s,Ukraine,51.2
Maksym Syrota,maksym syrota,SC Tavriya Simferopol (-2022),sc tavriya simferopol 2022,2000s,Midfield - Left Midfield,91730,2227,2227_sc_tavriya_simferopol_2022_2000s,Ukraine,51.2
Anatoliy Matkevych,anatoliy matkevych,SC Tavriya Simferopol (-2022),sc tavriya simferopol 2022,2000s,Defender - Centre-Back,193271,2227,2227_sc_tavriya_simferopol_2022_2000s,Ukraine,51.2
Anton Shynder,anton shynder,SC Tavriya Simferopol (-2022),sc tavriya simferopol 2022,2010s,Attack - Centre-Forward,39253,2227,2227_sc_tavriya_simferopol_2022_2010s,Ukraine,90.3
Sergiy Nazarenko,sergiy nazarenko,SC Tavriya Simferopol (-2022),sc tavriya simferopol 2022,2010s,Midfield - Attacking Midfield,24043,2227,2227_sc_tavriya_simferopol_2022_2010s,Ukraine,89.7
Lucky Idahor,lucky idahor,SC Tavriya Simferopol (-2022),sc tavriya simferopol 2022,2010s,Attack - Centre-Forward,59269,2227,2227_sc_tavriya_simferopol_2022_2010s,Nigeria,86.7
Maksym Feshchuk,maksym feshchuk,SC Tavriya Simferopol (-2022),sc tavriya simferopol 2022,2010s,Attack - Centre-Forward,58008,2227,2227_sc_tavriya_simferopol_2022_2010s,Ukraine,86.3
Ruslan Platon,ruslan platon,SC Tavriya Simferopol (-2022),sc tavriya simferopol 2022,2010s,Attack - Centre-Forward,58103,2227,2227_sc_tavriya_simferopol_2022_2010s,Ukraine  Russia,76.2
Volodymyr Korobka,volodymyr korobka,SC Tavriya Simferopol (-2022),sc tavriya simferopol 2022,2010s,Attack - Right Winger,58950,2227,2227_sc_tavriya_simferopol_2022_2010s,Ukraine,75.6
Vasil Gigiadze,vasil gigiadze,SC Tavriya Simferopol (-2022),sc tavriya simferopol 2022,2010s,Midfield - Attacking Midfield,57878,2227,2227_sc_tavriya_simferopol_2022_2010s,Georgia,73.8
Oleksandr Kovpak,oleksandr kovpak,SC Tavriya Simferopol (-2022),sc tavriya simferopol 2022,2010s,Attack - Centre-Forward,43332,2227,2227_sc_tavriya_simferopol_2022_2010s,Ukraine,73.2
Rubén Gomez,ruben gomez,SC Tavriya Simferopol (-2022),sc tavriya simferopol 2022,2010s,Midfield - Central Midfield,24008,2227,2227_sc_tavriya_simferopol_2022_2010s,Argentina,72.6
Anton Monakhov,anton monakhov,SC Tavriya Simferopol (-2022),sc tavriya simferopol 2022,2010s,Defender - Centre-Back,60323,2227,2227_sc_tavriya_simferopol_2022_2010s,Russia  Ukraine,71.1
Andriy Kornev,andriy kornev,SC Tavriya Simferopol (-2022),sc tavriya simferopol 2022,2010s,Midfield - Defensive Midfield,43330,2227,2227_sc_tavriya_simferopol_2022_2010s,Ukraine,70.7
Sergiy Sitalo,sergiy sitalo,SC Tavriya Simferopol (-2022),sc tavriya simferopol 2022,2010s,Goalkeeper,106928,2227,2227_sc_tavriya_simferopol_2022_2010s,Ukraine,66.7
Dele Adeleye,dele adeleye,SC Tavriya Simferopol (-2022),sc tavriya simferopol 2022,2010s,Defender - Centre-Back,9369,2227,2227_sc_tavriya_simferopol_2022_2010s,Nigeria,64.6
Frantisek Kubik,frantisek kubik,SC Tavriya Simferopol (-2022),sc tavriya simferopol 2022,2010s,Attack - Left Winger,90255,2227,2227_sc_tavriya_simferopol_2022_2010s,Slovakia,63.6
Eduardo Neto,eduardo neto,SC Tavriya Simferopol (-2022),sc tavriya simferopol 2022,2010s,Midfield - Defensive Midfield,73094,2227,2227_sc_tavriya_simferopol_2022_2010s,Brazil,61.9
Volodymyr Yezerskyi,volodymyr yezerskyi,SC Tavriya Simferopol (-2022),sc tavriya simferopol 2022,2010s,Defender - Right-Back,24006,2227,2227_sc_tavriya_simferopol_2022_2010s,Ukraine,58.6
Vitaliy Postranskyi,vitaliy postranskyi,SC Tavriya Simferopol (-2022),sc tavriya simferopol 2022,2010s,Goalkeeper,34670,2227,2227_sc_tavriya_simferopol_2022_2010s,Ukraine,57.1
Maksim Startsev,maksim startsev,SC Tavriya Simferopol (-2022),sc tavriya simferopol 2022,2010s,Goalkeeper,58976,2227,2227_sc_tavriya_simferopol_2022_2010s,Ukraine  Russia,57.1
Nikolay Kashevskiy,nikolay kashevskiy,SC Tavriya Simferopol (-2022),sc tavriya simferopol 2022,2010s,Defender - Centre-Back,25472,2227,2227_sc_tavriya_simferopol_2022_2010s,Belarus,51.2
David Caiado,david caiado,SC Tavriya Simferopol (-2022),sc tavriya simferopol 2022,2010s,Midfield - Attacking Midfield,37414,2227,2227_sc_tavriya_simferopol_2022_2010s,Portugal  Luxembourg,51.2
Ivan Matyazh,ivan matyazh,SC Tavriya Simferopol (-2022),sc tavriya simferopol 2022,2010s,Midfield - Central Midfield,59249,2227,2227_sc_tavriya_simferopol_2022_2010s,Ukraine,51.2
Aleksey Kurilov,aleksey kurilov,SC Tavriya Simferopol (-2022),sc tavriya simferopol 2022,2010s,Defender - Centre-Back,59423,2227,2227_sc_tavriya_simferopol_2022_2010s,Russia  Ukraine,51.2
Oleksandr Romanchuk,oleksandr romanchuk,SC Tavriya Simferopol (-2022),sc tavriya simferopol 2022,2010s,Defender - Left-Back,59893,2227,2227_sc_tavriya_simferopol_2022_2010s,Ukraine,51.2
Leandro,leandro,SC Tavriya Simferopol (-2022),sc tavriya simferopol 2022,2010s,Defender - Left-Back,76071,2227,2227_sc_tavriya_simferopol_2022_2010s,Brazil  Poland,51.2
Igor Koshman,igor koshman,SC Tavriya Simferopol (-2022),sc tavriya simferopol 2022,2010s,Midfield - Attacking Midfield,297008,2227,2227_sc_tavriya_simferopol_2022_2010s,Ukraine,51.2
Aleksey Osipov,aleksey osipov,Tavriya Simferopol,tavriya simferopol,1990s,Midfield - Central Midfield,43349,2227,2227_tavriya_simferopol_1990s,Russia  Ukraine,89.1
Oleksandr Mitrofanov,oleksandr mitrofanov,Tavriya Simferopol,tavriya simferopol,1990s,Midfield - Central Midfield,84495,2227,2227_tavriya_simferopol_1990s,Ukraine  Kazakhstan,81.1
Oleksandr Burdin,oleksandr burdin,Tavriya Simferopol,tavriya simferopol,1990s,Midfield,217090,2227,2227_tavriya_simferopol_1990s,Ukraine,77
Roman Voynarovskiy,roman voynarovskiy,Tavriya Simferopol,tavriya simferopol,1990s,Midfield - Defensive Midfield,91579,2227,2227_tavriya_simferopol_1990s,Russia  Ukraine,63.6
Denys Andrienko,denys andrienko,Tavriya Simferopol,tavriya simferopol,1990s,Defender - Left-Back,23990,2227,2227_tavriya_simferopol_1990s,Ukraine,62.9
Vsevolod Romanenko,vsevolod romanenko,Tavriya Simferopol,tavriya simferopol,1990s,Goalkeeper,27204,2227,2227_tavriya_simferopol_1990s,Ukraine,61.1
Oleksandr Shutov,oleksandr shutov,Tavriya Simferopol,tavriya simferopol,1990s,Midfield - Right Midfield,25917,2227,2227_tavriya_simferopol_1990s,Ukraine,51.2
Vasil Gigiadze,vasil gigiadze,Tavriya Simferopol,tavriya simferopol,2000s,Midfield - Attacking Midfield,57878,2227,2227_tavriya_simferopol_2000s,Georgia,92.7
Edmar Galovskyi,edmar galovskyi,Tavriya Simferopol,tavriya simferopol,2000s,Midfield - Central Midfield,43299,2227,2227_tavriya_simferopol_2000s,Ukraine  Brazil,85.2
Oleksandr Mitrofanov,oleksandr mitrofanov,Tavriya Simferopol,tavriya simferopol,2000s,Midfield - Central Midfield,84495,2227,2227_tavriya_simferopol_2000s,Ukraine  Kazakhstan,79.7
Aleksey Osipov,aleksey osipov,Tavriya Simferopol,tavriya simferopol,2000s,Midfield - Central Midfield,43349,2227,2227_tavriya_simferopol_2000s,Russia  Ukraine,78
Oleksandr Kovpak,oleksandr kovpak,Tavriya Simferopol,tavriya simferopol,2000s,Attack - Centre-Forward,43332,2227,2227_tavriya_simferopol_2000s,Ukraine,74.6
Andriy Kornev,andriy kornev,Tavriya Simferopol,tavriya simferopol,2000s,Midfield - Defensive Midfield,43330,2227,2227_tavriya_simferopol_2000s,Ukraine,71.9
Igor Bazhan,igor bazhan,Tavriya Simferopol,tavriya simferopol,2000s,Goalkeeper,27126,2227,2227_tavriya_simferopol_2000s,Ukraine,66.7
Volodymyr Gomenyuk,volodymyr gomenyuk,Tavriya Simferopol,tavriya simferopol,2000s,Attack - Centre-Forward,43309,2227,2227_tavriya_simferopol_2000s,Ukraine,65.5
Maksim Startsev,maksim startsev,Tavriya Simferopol,tavriya simferopol,2000s,Goalkeeper,58976,2227,2227_tavriya_simferopol_2000s,Ukraine  Russia,65.5
Vsevolod Romanenko,vsevolod romanenko,Tavriya Simferopol,tavriya simferopol,2000s,Goalkeeper,27204,2227,2227_tavriya_simferopol_2000s,Ukraine,62.9
Yuriy Seleznyov,yuriy seleznyov,Tavriya Simferopol,tavriya simferopol,2000s,Midfield - Central Midfield,92461,2227,2227_tavriya_simferopol_2000s,Ukraine,61.9
Artem Stargorodskyi,artem stargorodskyi,Tavriya Simferopol,tavriya simferopol,2000s,Midfield - Central Midfield,59913,2227,2227_tavriya_simferopol_2000s,Ukraine,60.4
Anton Monakhov,anton monakhov,Tavriya Simferopol,tavriya simferopol,2000s,Defender - Centre-Back,60323,2227,2227_tavriya_simferopol_2000s,Russia  Ukraine,60.4
Everton,everton,Tavriya Simferopol,tavriya simferopol,2000s,Midfield - Defensive Midfield,56096,2227,2227_tavriya_simferopol_2000s,Brazil,58.6
Andrey Stepanov,andrey stepanov,Tavriya Simferopol,tavriya simferopol,2000s,Defender - Centre-Back,91541,2227,2227_tavriya_simferopol_2000s,Russia  Ukraine,58.6
Roman Voynarovskiy,roman voynarovskiy,Tavriya Simferopol,tavriya simferopol,2000s,Midfield - Defensive Midfield,91579,2227,2227_tavriya_simferopol_2000s,Russia  Ukraine,58.6
Denys Andrienko,denys andrienko,Tavriya Simferopol,tavriya simferopol,2000s,Defender - Left-Back,23990,2227,2227_tavriya_simferopol_2000s,Ukraine,51.2
Andriy Smalko,andriy smalko,Tavriya Simferopol,tavriya simferopol,2000s,Midfield - Central Midfield,58137,2227,2227_tavriya_simferopol_2000s,Ukraine,51.2
Volodymyr Ponomarenko,volodymyr ponomarenko,Tavriya Simferopol,tavriya simferopol,2000s,Midfield - Right Midfield,92466,2227,2227_tavriya_simferopol_2000s,Ukraine,51.2
Volodymyr Mazyar,volodymyr mazyar,Tavriya Simferopol,tavriya simferopol,2000s,Attack - Centre-Forward,118430,2227,2227_tavriya_simferopol_2000s,Ukraine,51.2
Anatoliy Matkevych,anatoliy matkevych,Tavriya Simferopol,tavriya simferopol,2000s,Defender - Centre-Back,193271,2227,2227_tavriya_simferopol_2000s,Ukraine,51.2
Mohammed Rharsalla,mohammed rharsalla,Olimpik Donetsk ( - 2021),olimpik donetsk 2021,2010s,Attack - Left Winger,316280,23611,23611_olimpik_donetsk__2021_2010s,Morocco  Spain,86.7
Maksim Degtyarov,maksim degtyarov,Olimpik Donetsk ( - 2021),olimpik donetsk 2021,2010s,Attack - Centre-Forward,193323,23611,23611_olimpik_donetsk__2021_2010s,Russia  Ukraine,82.9
Anton Postupalenko,anton postupalenko,Olimpik Donetsk ( - 2021),olimpik donetsk 2021,2010s,Midfield - Attacking Midfield,59440,23611,23611_olimpik_donetsk__2021_2010s,Ukraine,79.9
Maxime Do Couto,maxime do couto,Olimpik Donetsk ( - 2021),olimpik donetsk 2021,2010s,Attack - Left Winger,315930,23611,23611_olimpik_donetsk__2021_2010s,France  Portugal,79.8
Matar Dieye,matar dieye,Olimpik Donetsk ( - 2021),olimpik donetsk 2021,2010s,Attack - Centre-Forward,427100,23611,23611_olimpik_donetsk__2021_2010s,Senegal,79.8
Volodymyr Lysenko,volodymyr lysenko,Olimpik Donetsk ( - 2021),olimpik donetsk 2021,2010s,Attack - Centre-Forward,58413,23611,23611_olimpik_donetsk__2021_2010s,Ukraine,79.7
Ivan Matyazh,ivan matyazh,Olimpik Donetsk ( - 2021),olimpik donetsk 2021,2010s,Midfield - Central Midfield,59249,23611,23611_olimpik_donetsk__2021_2010s,Ukraine,79.3
Yevgeniy Pasich,yevgeniy pasich,Olimpik Donetsk ( - 2021),olimpik donetsk 2021,2010s,Defender - Right-Back,315237,23611,23611_olimpik_donetsk__2021_2010s,Ukraine,79.1
Sergiy Politylo,sergiy politylo,Olimpik Donetsk ( - 2021),olimpik donetsk 2021,2010s,Midfield - Central Midfield,58606,23611,23611_olimpik_donetsk__2021_2010s,Ukraine,78.5
Dmytro Nemchaninov,dmytro nemchaninov,Olimpik Donetsk ( - 2021),olimpik donetsk 2021,2010s,Defender - Centre-Back,120262,23611,23611_olimpik_donetsk__2021_2010s,Ukraine,78
Gennadiy Pasich,gennadiy pasich,Olimpik Donetsk ( - 2021),olimpik donetsk 2021,2010s,Midfield - Left Midfield,315236,23611,23611_olimpik_donetsk__2021_2010s,Ukraine,77.7
Andriy Bogdanov,andriy bogdanov,Olimpik Donetsk ( - 2021),olimpik donetsk 2021,2010s,Midfield - Central Midfield,92567,23611,23611_olimpik_donetsk__2021_2010s,Ukraine,77.3
Dmytro Gryshko,dmytro gryshko,Olimpik Donetsk ( - 2021),olimpik donetsk 2021,2010s,Defender - Centre-Back,48989,23611,23611_olimpik_donetsk__2021_2010s,Ukraine,75.9
Shahab Zahedi,shahab zahedi,Olimpik Donetsk ( - 2021),olimpik donetsk 2021,2010s,Attack - Centre-Forward,350828,23611,23611_olimpik_donetsk__2021_2010s,Iran,75.6
Andriy Kravchuk,andriy kravchuk,Olimpik Donetsk ( - 2021),olimpik donetsk 2021,2010s,Midfield - Central Midfield,537859,23611,23611_olimpik_donetsk__2021_2010s,Ukraine,74.7
Yevgeniy Tsymbalyuk,yevgeniy tsymbalyuk,Olimpik Donetsk ( - 2021),olimpik donetsk 2021,2010s,Defender - Centre-Back,376226,23611,23611_olimpik_donetsk__2021_2010s,Ukraine,74.3
Anton Kravchenko,anton kravchenko,Olimpik Donetsk ( - 2021),olimpik donetsk 2021,2010s,Defender - Centre-Back,64341,23611,23611_olimpik_donetsk__2021_2010s,Ukraine,73.8
Oleksiy Gay,oleksiy gay,Olimpik Donetsk ( - 2021),olimpik donetsk 2021,2010s,Midfield - Central Midfield,44361,23611,23611_olimpik_donetsk__2021_2010s,Ukraine,71.1
Vitaliy Goshkoderya,vitaliy goshkoderya,Olimpik Donetsk ( - 2021),olimpik donetsk 2021,2010s,Midfield - Defensive Midfield,122317,23611,23611_olimpik_donetsk__2021_2010s,Ukraine,70.2
Ivan Brikner,ivan brikner,Olimpik Donetsk ( - 2021),olimpik donetsk 2021,2010s,Midfield - Central Midfield,295613,23611,23611_olimpik_donetsk__2021_2010s,Ukraine,70.2
Taras Zaviyskyi,taras zaviyskyi,Olimpik Donetsk ( - 2021),olimpik donetsk 2021,2010s,Midfield - Right Midfield,213984,23611,23611_olimpik_donetsk__2021_2010s,Ukraine,69.9
Volodymyr Tanchyk,volodymyr tanchyk,Olimpik Donetsk ( - 2021),olimpik donetsk 2021,2010s,Midfield - Right Midfield,95707,23611,23611_olimpik_donetsk__2021_2010s,Ukraine,69.6
Roman Vantukh,roman vantukh,Olimpik Donetsk ( - 2021),olimpik donetsk 2021,2010s,Defender - Left-Back,396536,23611,23611_olimpik_donetsk__2021_2010s,Ukraine,69.6
Kyrylo Petrov,kyrylo petrov,Olimpik Donetsk ( - 2021),olimpik donetsk 2021,2010s,Midfield - Defensive Midfield,58427,23611,23611_olimpik_donetsk__2021_2010s,Ukraine,69.4
Vladyslav Khomutov,vladyslav khomutov,Olimpik Donetsk ( - 2021),olimpik donetsk 2021,2010s,Midfield - Attacking Midfield,435665,23611,23611_olimpik_donetsk__2021_2010s,Ukraine,69.1
Sergiy Gryn,sergiy gryn,Olimpik Donetsk ( - 2021),olimpik donetsk 2021,2010s,Attack - Left Winger,269374,23611,23611_olimpik_donetsk__2021_2010s,Ukraine,68.6
Igor Tyshchenko,igor tyshchenko,Olimpik Donetsk ( - 2021),olimpik donetsk 2021,2010s,Defender - Right-Back,97727,23611,23611_olimpik_donetsk__2021_2010s,Ukraine  Russia,67.9
Artem Kychak,artem kychak,Olimpik Donetsk ( - 2021),olimpik donetsk 2021,2010s,Goalkeeper,88879,23611,23611_olimpik_donetsk__2021_2010s,Ukraine,67.4
Pavlo Ksyonz,pavlo ksyonz,Olimpik Donetsk ( - 2021),olimpik donetsk 2021,2010s,Defender - Right-Back,57888,23611,23611_olimpik_donetsk__2021_2010s,Ukraine,66
Anton Shynder,anton shynder,Olimpik Donetsk ( - 2021),olimpik donetsk 2021,2010s,Attack - Centre-Forward,39253,23611,23611_olimpik_donetsk__2021_2010s,Ukraine,65.5
Émerson,emerson,Olimpik Donetsk ( - 2021),olimpik donetsk 2021,2010s,Defender - Centre-Back,213429,23611,23611_olimpik_donetsk__2021_2010s,Congo  Ukraine,65
Orest Lebedenko,orest lebedenko,Olimpik Donetsk ( - 2021),olimpik donetsk 2021,2010s,Defender - Left-Back,524964,23611,23611_olimpik_donetsk__2021_2010s,Ukraine,64.6
Vitaliy Fedoriv,vitaliy fedoriv,Olimpik Donetsk ( - 2021),olimpik donetsk 2021,2010s,Defender - Centre-Back,58392,23611,23611_olimpik_donetsk__2021_2010s,Ukraine,62.9
Igor Lytovka,igor lytovka,Olimpik Donetsk ( - 2021),olimpik donetsk 2021,2010s,Goalkeeper,93105,23611,23611_olimpik_donetsk__2021_2010s,Ukraine,62.9
Pavlo Lukyanchuk,pavlo lukyanchuk,Olimpik Donetsk ( - 2021),olimpik donetsk 2021,2010s,Defender - Centre-Back,248935,23611,23611_olimpik_donetsk__2021_2010s,Ukraine,62.9
Denys Balanyuk,denys balanyuk,Olimpik Donetsk ( - 2021),olimpik donetsk 2021,2010s,Attack - Centre-Forward,308436,23611,23611_olimpik_donetsk__2021_2010s,Ukraine,61.9
Vitaliy Koltsov,vitaliy koltsov,Olimpik Donetsk ( - 2021),olimpik donetsk 2021,2010s,Midfield - Defensive Midfield,380691,23611,23611_olimpik_donetsk__2021_2010s,Ukraine,61.9
Betim Halimi,betim halimi,Olimpik Donetsk ( - 2021),olimpik donetsk 2021,2010s,Goalkeeper,497190,23611,23611_olimpik_donetsk__2021_2010s,Kosovo  Albania,61.1
Daniel Romanovskij,daniel romanovskij,Olimpik Donetsk ( - 2021),olimpik donetsk 2021,2010s,Midfield - Attacking Midfield,229320,23611,23611_olimpik_donetsk__2021_2010s,Lithuania,60.4
Mykyta Kravchenko,mykyta kravchenko,Olimpik Donetsk ( - 2021),olimpik donetsk 2021,2010s,Defender - Right-Back,370399,23611,23611_olimpik_donetsk__2021_2010s,Ukraine,60.4
Igor Snurnitsyn,igor snurnitsyn,Olimpik Donetsk ( - 2021),olimpik donetsk 2021,2010s,Defender - Centre-Back,419119,23611,23611_olimpik_donetsk__2021_2010s,Ukraine,60.4
Yaroslav Oliynyk,yaroslav oliynyk,Olimpik Donetsk ( - 2021),olimpik donetsk 2021,2010s,Defender - Right-Back,90768,23611,23611_olimpik_donetsk__2021_2010s,Ukraine,58.6
Yegor Klymenchuk,yegor klymenchuk,Olimpik Donetsk ( - 2021),olimpik donetsk 2021,2010s,Defender - Left-Back,375955,23611,23611_olimpik_donetsk__2021_2010s,Ukraine,58.6
Denys Galenkov,denys galenkov,Olimpik Donetsk ( - 2021),olimpik donetsk 2021,2010s,Midfield - Left Midfield,376227,23611,23611_olimpik_donetsk__2021_2010s,Ukraine,58.6
Kostyantyn Makhnovskyi,kostyantyn makhnovskyi,Olimpik Donetsk ( - 2021),olimpik donetsk 2021,2010s,Goalkeeper,69581,23611,23611_olimpik_donetsk__2021_2010s,Ukraine,57.1
Vladyslav Ogirya,vladyslav ogirya,Olimpik Donetsk ( - 2021),olimpik donetsk 2021,2010s,Midfield - Defensive Midfield,111072,23611,23611_olimpik_donetsk__2021_2010s,Ukraine,57.1
German Penkov,german penkov,Olimpik Donetsk ( - 2021),olimpik donetsk 2021,2010s,Goalkeeper,375659,23611,23611_olimpik_donetsk__2021_2010s,Ukraine,57.1
Oleksandr Maksymov,oleksandr maksymov,Olimpik Donetsk ( - 2021),olimpik donetsk 2021,2010s,Midfield - Central Midfield,58956,23611,23611_olimpik_donetsk__2021_2010s,Ukraine,51.2
Dmytro Yeremenko,dmytro yeremenko,Olimpik Donetsk ( - 2021),olimpik donetsk 2021,2010s,Attack - Right Winger,97835,23611,23611_olimpik_donetsk__2021_2010s,Ukraine,51.2
Josip Vukovic,josip vukovic,Olimpik Donetsk ( - 2021),olimpik donetsk 2021,2010s,Midfield - Defensive Midfield,166230,23611,23611_olimpik_donetsk__2021_2010s,Croatia,51.2
Ruslan Stepanyuk,ruslan stepanyuk,Olimpik Donetsk ( - 2021),olimpik donetsk 2021,2010s,Attack - Centre-Forward,222079,23611,23611_olimpik_donetsk__2021_2010s,Ukraine,51.2
Artem Shabanov,artem shabanov,Olimpik Donetsk ( - 2021),olimpik donetsk 2021,2010s,Defender - Centre-Back,236468,23611,23611_olimpik_donetsk__2021_2010s,Ukraine,51.2
Oleksiy Dytyatyev,oleksiy dytyatyev,Olimpik Donetsk ( - 2021),olimpik donetsk 2021,2010s,Defender - Centre-Back,242279,23611,23611_olimpik_donetsk__2021_2010s,Ukraine,51.2
Oleksandr Migunov,oleksandr migunov,Olimpik Donetsk ( - 2021),olimpik donetsk 2021,2010s,Defender - Left-Back,288856,23611,23611_olimpik_donetsk__2021_2010s,Ukraine,51.2
Ivan Zotko,ivan zotko,Olimpik Donetsk ( - 2021),olimpik donetsk 2021,2010s,Defender - Centre-Back,305423,23611,23611_olimpik_donetsk__2021_2010s,Ukraine,51.2
Temur Chogadze,temur chogadze,Olimpik Donetsk ( - 2021),olimpik donetsk 2021,2010s,Attack - Right Winger,400719,23611,23611_olimpik_donetsk__2021_2010s,Georgia,51.2
Dmytro Lytvyn,dmytro lytvyn,Olimpik Donetsk ( - 2021),olimpik donetsk 2021,2010s,Defender - Centre-Back,402874,23611,23611_olimpik_donetsk__2021_2010s,Ukraine,51.2
Nazar Yedynak,nazar yedynak,Olimpik Donetsk ( - 2021),olimpik donetsk 2021,2010s,Defender - Centre-Back,550323,23611,23611_olimpik_donetsk__2021_2010s,Ukraine,51.2
Luiz Fernando,luiz fernando,Olimpik Donetsk ( - 2021),olimpik donetsk 2021,2010s,Attack - Left Winger,571188,23611,23611_olimpik_donetsk__2021_2010s,Brazil,51.2
Andriy Chekotun,andriy chekotun,Olimpik Donetsk ( - 2021),olimpik donetsk 2021,2010s,Goalkeeper,728379,23611,23611_olimpik_donetsk__2021_2010s,Ukraine,51.2
Fabinho,fabinho,Olimpik Donetsk ( - 2021),olimpik donetsk 2021,2010s,Midfield - Central Midfield,661284,23611,23611_olimpik_donetsk__2021_2010s,Brazil,45.4
Shahab Zahedi,shahab zahedi,Olimpik Donetsk ( - 2021),olimpik donetsk 2021,2020s,Attack - Centre-Forward,350828,23611,23611_olimpik_donetsk__2021_2020s,Iran,79.3
Benito,benito,Olimpik Donetsk ( - 2021),olimpik donetsk 2021,2020s,Attack - Right Winger,491960,23611,23611_olimpik_donetsk__2021_2020s,Nigeria  Cote d'Ivoire,74.8
Maxime Do Couto,maxime do couto,Olimpik Donetsk ( - 2021),olimpik donetsk 2021,2020s,Attack - Left Winger,315930,23611,23611_olimpik_donetsk__2021_2020s,France  Portugal,73.8
Orest Lebedenko,orest lebedenko,Olimpik Donetsk ( - 2021),olimpik donetsk 2021,2020s,Defender - Left-Back,524964,23611,23611_olimpik_donetsk__2021_2020s,Ukraine,70.9
Sergiy Politylo,sergiy politylo,Olimpik Donetsk ( - 2021),olimpik donetsk 2021,2020s,Midfield - Central Midfield,58606,23611,23611_olimpik_donetsk__2021_2020s,Ukraine,69.1
Ibrahim Kargbo Jr.,ibrahim kargbo jr,Olimpik Donetsk ( - 2021),olimpik donetsk 2021,2020s,Attack - Centre-Forward,550696,23611,23611_olimpik_donetsk__2021_2020s,Belgium  Sierra Leone,69.1
Taddeus Nkeng,taddeus nkeng,Olimpik Donetsk ( - 2021),olimpik donetsk 2021,2020s,Attack - Left Winger,624831,23611,23611_olimpik_donetsk__2021_2020s,Cameroon,67.9
Daniel Romanovskij,daniel romanovskij,Olimpik Donetsk ( - 2021),olimpik donetsk 2021,2020s,Midfield - Attacking Midfield,229320,23611,23611_olimpik_donetsk__2021_2020s,Lithuania,61.9
Ivan Zotko,ivan zotko,Olimpik Donetsk ( - 2021),olimpik donetsk 2021,2020s,Defender - Centre-Back,305423,23611,23611_olimpik_donetsk__2021_2020s,Ukraine,61.9
Fabricio Alvarenga,fabricio alvarenga,Olimpik Donetsk ( - 2021),olimpik donetsk 2021,2020s,Attack - Right Winger,381430,23611,23611_olimpik_donetsk__2021_2020s,Argentina,61.9
Vladyslav Khamelyuk,vladyslav khamelyuk,Olimpik Donetsk ( - 2021),olimpik donetsk 2021,2020s,Midfield - Central Midfield,567735,23611,23611_olimpik_donetsk__2021_2020s,Ukraine,61.9
Ruslan Babenko,ruslan babenko,Olimpik Donetsk ( - 2021),olimpik donetsk 2021,2020s,Midfield - Central Midfield,94928,23611,23611_olimpik_donetsk__2021_2020s,Ukraine,60.4
Yevgeniy Pasich,yevgeniy pasich,Olimpik Donetsk ( - 2021),olimpik donetsk 2021,2020s,Defender - Right-Back,315237,23611,23611_olimpik_donetsk__2021_2020s,Ukraine,60.4
Temur Chogadze,temur chogadze,Olimpik Donetsk ( - 2021),olimpik donetsk 2021,2020s,Attack - Right Winger,400719,23611,23611_olimpik_donetsk__2021_2020s,Georgia,60.4
Artem Kychak,artem kychak,Olimpik Donetsk ( - 2021),olimpik donetsk 2021,2020s,Goalkeeper,88879,23611,23611_olimpik_donetsk__2021_2020s,Ukraine,58.6
Taras Zaviyskyi,taras zaviyskyi,Olimpik Donetsk ( - 2021),olimpik donetsk 2021,2020s,Midfield - Right Midfield,213984,23611,23611_olimpik_donetsk__2021_2020s,Ukraine,57.4
Dmytro Gryshko,dmytro gryshko,Olimpik Donetsk ( - 2021),olimpik donetsk 2021,2020s,Defender - Centre-Back,48989,23611,23611_olimpik_donetsk__2021_2020s,Ukraine,51.2
Pavlo Ksyonz,pavlo ksyonz,Olimpik Donetsk ( - 2021),olimpik donetsk 2021,2020s,Defender - Right-Back,57888,23611,23611_olimpik_donetsk__2021_2020s,Ukraine,51.2
Rizvan Ablitarov,rizvan ablitarov,Olimpik Donetsk ( - 2021),olimpik donetsk 2021,2020s,Defender - Centre-Back,58922,23611,23611_olimpik_donetsk__2021_2020s,Ukraine  Uzbekistan,51.2
Yevgen Neplyakh,yevgen neplyakh,Olimpik Donetsk ( - 2021),olimpik donetsk 2021,2020s,Defender - Left-Back,230409,23611,23611_olimpik_donetsk__2021_2020s,Ukraine,51.2
Pavlo Lukyanchuk,pavlo lukyanchuk,Olimpik Donetsk ( - 2021),olimpik donetsk 2021,2020s,Defender - Centre-Back,248935,23611,23611_olimpik_donetsk__2021_2020s,Ukraine,51.2
Denys Balanyuk,denys balanyuk,Olimpik Donetsk ( - 2021),olimpik donetsk 2021,2020s,Attack - Centre-Forward,308436,23611,23611_olimpik_donetsk__2021_2020s,Ukraine,51.2
Yevgeniy Tsymbalyuk,yevgeniy tsymbalyuk,Olimpik Donetsk ( - 2021),olimpik donetsk 2021,2020s,Defender - Centre-Back,376226,23611,23611_olimpik_donetsk__2021_2020s,Ukraine,51.2
Kirill Kirilenko,kirill kirilenko,Olimpik Donetsk ( - 2021),olimpik donetsk 2021,2020s,Attack - Left Winger,470265,23611,23611_olimpik_donetsk__2021_2020s,Belarus,51.2
Betim Halimi,betim halimi,Olimpik Donetsk ( - 2021),olimpik donetsk 2021,2020s,Goalkeeper,497190,23611,23611_olimpik_donetsk__2021_2020s,Kosovo  Albania,51.2
Yevgeniy Mogil,yevgeniy mogil,Olimpik Donetsk ( - 2021),olimpik donetsk 2021,2020s,Attack - Centre-Forward,524299,23611,23611_olimpik_donetsk__2021_2020s,Ukraine,51.2
Andriy Kravchuk,andriy kravchuk,Olimpik Donetsk ( - 2021),olimpik donetsk 2021,2020s,Midfield - Central Midfield,537859,23611,23611_olimpik_donetsk__2021_2020s,Ukraine,51.2
Andriy Chekotun,andriy chekotun,Olimpik Donetsk ( - 2021),olimpik donetsk 2021,2020s,Goalkeeper,728379,23611,23611_olimpik_donetsk__2021_2020s,Ukraine,51.2
Talles Brener,talles brener,Olimpik Donetsk ( - 2021),olimpik donetsk 2021,2020s,Midfield - Attacking Midfield,740732,23611,23611_olimpik_donetsk__2021_2020s,Brazil,51.2
Bogdan Veklyak,bogdan veklyak,Olimpik Donetsk ( - 2021),olimpik donetsk 2021,2020s,Defender - Centre-Back,752691,23611,23611_olimpik_donetsk__2021_2020s,Ukraine,51.2
Andriy Gretsaychuk,andriy gretsaychuk,Olimpik Donetsk ( - 2021),olimpik donetsk 2021,2020s,Midfield - Right Midfield,765390,23611,23611_olimpik_donetsk__2021_2020s,Ukraine,51.2
Dmytro Kasabutskyi,dmytro kasabutskyi,Olimpik Donetsk ( - 2021),olimpik donetsk 2021,2020s,Midfield - Right Midfield,768149,23611,23611_olimpik_donetsk__2021_2020s,Ukraine,51.2
Bogdan Novikov,bogdan novikov,Olimpik Donetsk ( - 2021),olimpik donetsk 2021,2020s,Midfield - Defensive Midfield,840669,23611,23611_olimpik_donetsk__2021_2020s,Ukraine,51.2
Daniil Davydenko,daniil davydenko,Olimpik Donetsk ( - 2021),olimpik donetsk 2021,2020s,Defender - Left-Back,863208,23611,23611_olimpik_donetsk__2021_2020s,Ukraine,51.2
Geo Danny Ekra,geo danny ekra,Olimpik Donetsk ( - 2021),olimpik donetsk 2021,2020s,Midfield - Defensive Midfield,647831,23611,23611_olimpik_donetsk__2021_2020s,Cote d'Ivoire,45.6
Igor Snurnitsyn,igor snurnitsyn,Olimpik Donetsk ( - 2021),olimpik donetsk 2021,2020s,Defender - Centre-Back,419119,23611,23611_olimpik_donetsk__2021_2020s,Ukraine,45.1
Issiar Dramé,issiar drame,Olimpik Donetsk ( - 2021),olimpik donetsk 2021,2020s,Defender - Centre-Back,461582,23611,23611_olimpik_donetsk__2021_2020s,Mali  France,45.1
Sergiy Kovalets,sergiy kovalets,Karpaty Lviv,karpaty lviv,1990s,Midfield - Attacking Midfield,107039,2477,2477_karpaty_lviv_1990s,Ukraine,87.6
Igor Plotko,igor plotko,Karpaty Lviv,karpaty lviv,1990s,Midfield - Central Midfield,857997,2477,2477_karpaty_lviv_1990s,Ukraine,84.1
Roman Zub,roman zub,Karpaty Lviv,karpaty lviv,1990s,Midfield - Defensive Midfield,943654,2477,2477_karpaty_lviv_1990s,Ukraine,83.3
Volodymyr Sharan,volodymyr sharan,Karpaty Lviv,karpaty lviv,1990s,Midfield - Attacking Midfield,175951,2477,2477_karpaty_lviv_1990s,Ukraine,80.7
Yuriy Mokrytskyi,yuriy mokrytskyi,Karpaty Lviv,karpaty lviv,1990s,Defender - Centre-Back,524476,2477,2477_karpaty_lviv_1990s,Ukraine,72.2
Oleg Tymchyshyn,oleg tymchyshyn,Karpaty Lviv,karpaty lviv,1990s,Defender,133461,2477,2477_karpaty_lviv_1990s,Ukraine,69.6
Sergiy Tanasyuk,sergiy tanasyuk,Karpaty Lviv,karpaty lviv,1990s,Defender,373477,2477,2477_karpaty_lviv_1990s,Ukraine,67.4
Dmytro Semochko,dmytro semochko,Karpaty Lviv,karpaty lviv,1990s,Defender - Left-Back,24053,2477,2477_karpaty_lviv_1990s,Ukraine  Russia,67.2
Taras Kabanov,taras kabanov,Karpaty Lviv,karpaty lviv,1990s,Attack - Centre-Forward,35352,2477,2477_karpaty_lviv_1990s,Ukraine,60.4
Mykola Lapko,mykola lapko,Karpaty Lviv,karpaty lviv,1990s,Defender,58058,2477,2477_karpaty_lviv_1990s,Ukraine,58.6
Pavlo Onysko,pavlo onysko,Karpaty Lviv,karpaty lviv,1990s,Attack - Centre-Forward,91474,2477,2477_karpaty_lviv_1990s,Ukraine,58.6
Volodymyr Yezerskyi,volodymyr yezerskyi,Karpaty Lviv,karpaty lviv,1990s,Defender - Right-Back,24006,2477,2477_karpaty_lviv_1990s,Ukraine,57.1
Andriy Tlumak,andriy tlumak,Karpaty Lviv,karpaty lviv,1990s,Goalkeeper,59447,2477,2477_karpaty_lviv_1990s,Ukraine,57.1
Pavlo Kotovenko,pavlo kotovenko,Karpaty Lviv,karpaty lviv,1990s,Midfield - Central Midfield,15741,2477,2477_karpaty_lviv_1990s,Ukraine  Russia,51.2
Vitaliy Postranskyi,vitaliy postranskyi,Karpaty Lviv,karpaty lviv,1990s,Goalkeeper,34670,2477,2477_karpaty_lviv_1990s,Ukraine,51.2
Marian Marushchak,marian marushchak,Karpaty Lviv,karpaty lviv,1990s,Goalkeeper,81633,2477,2477_karpaty_lviv_1990s,Ukraine,51.2
Yuriy Voytovych,yuriy voytovych,Karpaty Lviv,karpaty lviv,1990s,Midfield - Central Midfield,91542,2477,2477_karpaty_lviv_1990s,Ukraine,51.2
Mykhaylo Gurka,mykhaylo gurka,Karpaty Lviv,karpaty lviv,1990s,Defender,95210,2477,2477_karpaty_lviv_1990s,Ukraine,51.2
William Batista,william batista,Karpaty Lviv,karpaty lviv,2000s,Attack - Centre-Forward,25563,2477,2477_karpaty_lviv_2000s,Brazil,88.7
Igor Khudobyak,igor khudobyak,Karpaty Lviv,karpaty lviv,2000s,Midfield - Central Midfield,58042,2477,2477_karpaty_lviv_2000s,Ukraine,88.5
Denys Kozhanov,denys kozhanov,Karpaty Lviv,karpaty lviv,2000s,Attack - Right Winger,58403,2477,2477_karpaty_lviv_2000s,Ukraine,88.1
Taras Kabanov,taras kabanov,Karpaty Lviv,karpaty lviv,2000s,Attack - Centre-Forward,35352,2477,2477_karpaty_lviv_2000s,Ukraine,87.2
Vasyl Kobin,vasyl kobin,Karpaty Lviv,karpaty lviv,2000s,Defender - Right-Back,58046,2477,2477_karpaty_lviv_2000s,Ukraine,87.2
Leonid Kovel,leonid kovel,Karpaty Lviv,karpaty lviv,2000s,Attack - Centre-Forward,26348,2477,2477_karpaty_lviv_2000s,Belarus,82.8
Andriy Tlumak,andriy tlumak,Karpaty Lviv,karpaty lviv,2000s,Goalkeeper,59447,2477,2477_karpaty_lviv_2000s,Ukraine,81.7
Maksym Feshchuk,maksym feshchuk,Karpaty Lviv,karpaty lviv,2000s,Attack - Centre-Forward,58008,2477,2477_karpaty_lviv_2000s,Ukraine,81.6
Aleksey Suchkov,aleksey suchkov,Karpaty Lviv,karpaty lviv,2000s,Midfield - Left Midfield,58142,2477,2477_karpaty_lviv_2000s,Belarus,81.6
Maciej Nalepa,maciej nalepa,Karpaty Lviv,karpaty lviv,2000s,Goalkeeper,29731,2477,2477_karpaty_lviv_2000s,Poland,79.6
Oleg Golodyuk,oleg golodyuk,Karpaty Lviv,karpaty lviv,2000s,Midfield - Central Midfield,58016,2477,2477_karpaty_lviv_2000s,Ukraine,76
Samson Godwin,samson godwin,Karpaty Lviv,karpaty lviv,2000s,Midfield - Defensive Midfield,58020,2477,2477_karpaty_lviv_2000s,Nigeria  Ukraine,75.5
Mykhaylo Kopolovets,mykhaylo kopolovets,Karpaty Lviv,karpaty lviv,2000s,Attack - Left Winger,58051,2477,2477_karpaty_lviv_2000s,Ukraine  Hungary,73.8
Mykola Ishchenko,mykola ishchenko,Karpaty Lviv,karpaty lviv,2000s,Defender - Centre-Back,58035,2477,2477_karpaty_lviv_2000s,Ukraine,73.7
Andriy Tkachuk,andriy tkachuk,Karpaty Lviv,karpaty lviv,2000s,Midfield - Defensive Midfield,58150,2477,2477_karpaty_lviv_2000s,Ukraine,73.7
Sergiy Pshenychnykh,sergiy pshenychnykh,Karpaty Lviv,karpaty lviv,2000s,Defender - Centre-Back,25618,2477,2477_karpaty_lviv_2000s,Ukraine,73.5
Yuriy Martyshchuk,yuriy martyshchuk,Karpaty Lviv,karpaty lviv,2000s,Goalkeeper,58073,2477,2477_karpaty_lviv_2000s,Ukraine,72.4
Volodymyr Sharan,volodymyr sharan,Karpaty Lviv,karpaty lviv,2000s,Midfield - Attacking Midfield,175951,2477,2477_karpaty_lviv_2000s,Ukraine,71.9
Oleg Tymchyshyn,oleg tymchyshyn,Karpaty Lviv,karpaty lviv,2000s,Defender,133461,2477,2477_karpaty_lviv_2000s,Ukraine,71.5
Volodymyr Fedoriv,volodymyr fedoriv,Karpaty Lviv,karpaty lviv,2000s,Defender - Right-Back,58002,2477,2477_karpaty_lviv_2000s,Ukraine,70.7
Taras Petrivskyi,taras petrivskyi,Karpaty Lviv,karpaty lviv,2000s,Defender - Right-Back,58100,2477,2477_karpaty_lviv_2000s,Ukraine,70.7
Vsevolod Romanenko,vsevolod romanenko,Karpaty Lviv,karpaty lviv,2000s,Goalkeeper,27204,2477,2477_karpaty_lviv_2000s,Ukraine,66.7
Pavel Kirilchik,pavel kirilchik,Karpaty Lviv,karpaty lviv,2000s,Defender - Centre-Back,48995,2477,2477_karpaty_lviv_2000s,Belarus,66.3
Yaroslav Martynyuk,yaroslav martynyuk,Karpaty Lviv,karpaty lviv,2000s,Midfield - Central Midfield,58072,2477,2477_karpaty_lviv_2000s,Ukraine,65.5
Ruslan Platon,ruslan platon,Karpaty Lviv,karpaty lviv,2000s,Attack - Centre-Forward,58103,2477,2477_karpaty_lviv_2000s,Ukraine  Russia,65.5
Yuriy Kudinov,yuriy kudinov,Karpaty Lviv,karpaty lviv,2000s,Attack - Centre-Forward,91548,2477,2477_karpaty_lviv_2000s,Ukraine,65.5
Nemanja Tubic,nemanja tubic,Karpaty Lviv,karpaty lviv,2000s,Defender - Centre-Back,46706,2477,2477_karpaty_lviv_2000s,Serbia,64.6
Andriy Raspopov,andriy raspopov,Karpaty Lviv,karpaty lviv,2000s,Defender - Centre-Back,59886,2477,2477_karpaty_lviv_2000s,Ukraine  Belarus,64.6
Dusan Simic,dusan simic,Karpaty Lviv,karpaty lviv,2000s,Midfield - Defensive Midfield,60749,2477,2477_karpaty_lviv_2000s,Serbia,64.6
Yuriy Furta,yuriy furta,Karpaty Lviv,karpaty lviv,2000s,Attack - Centre-Forward,85972,2477,2477_karpaty_lviv_2000s,Ukraine,64.6
Oleg Zhenyukh,oleg zhenyukh,Karpaty Lviv,karpaty lviv,2000s,Midfield - Central Midfield,58170,2477,2477_karpaty_lviv_2000s,Ukraine,62.9
Andriy Dragolyuk,andriy dragolyuk,Karpaty Lviv,karpaty lviv,2000s,Attack - Second Striker,145909,2477,2477_karpaty_lviv_2000s,Ukraine,61.9
Oleksiy Ivanov,oleksiy ivanov,Karpaty Lviv,karpaty lviv,2000s,Midfield - Attacking Midfield,28924,2477,2477_karpaty_lviv_2000s,Ukraine,60.4
Alexandru Golban,alexandru golban,Karpaty Lviv,karpaty lviv,2000s,Attack - Centre-Forward,46743,2477,2477_karpaty_lviv_2000s,Moldova  Romania,58.6
Mykhaylo Gurka,mykhaylo gurka,Karpaty Lviv,karpaty lviv,2000s,Defender,95210,2477,2477_karpaty_lviv_2000s,Ukraine,58.6
Mykola Lapko,mykola lapko,Karpaty Lviv,karpaty lviv,2000s,Defender,58058,2477,2477_karpaty_lviv_2000s,Ukraine,57.1
Mladen Kascelan,mladen kascelan,Karpaty Lviv,karpaty lviv,2000s,Midfield - Defensive Midfield,2138,2477,2477_karpaty_lviv_2000s,Montenegro,51.2
Ivan Pitsan,ivan pitsan,Karpaty Lviv,karpaty lviv,2000s,Goalkeeper,58079,2477,2477_karpaty_lviv_2000s,Ukraine,51.2
Yaroslav Svorak,yaroslav svorak,Karpaty Lviv,karpaty lviv,2000s,Midfield - Right Midfield,58145,2477,2477_karpaty_lviv_2000s,Ukraine,51.2
Lucky Idahor,lucky idahor,Karpaty Lviv,karpaty lviv,2000s,Attack - Centre-Forward,59269,2477,2477_karpaty_lviv_2000s,Nigeria,51.2
Oleksandr Sytnyk,oleksandr sytnyk,Karpaty Lviv,karpaty lviv,2000s,Midfield - Right Midfield,72899,2477,2477_karpaty_lviv_2000s,Ukraine,51.2
Vadym Panas,vadym panas,Karpaty Lviv,karpaty lviv,2000s,Midfield - Attacking Midfield,82620,2477,2477_karpaty_lviv_2000s,Ukraine,51.2
Pavlo Onysko,pavlo onysko,Karpaty Lviv,karpaty lviv,2000s,Attack - Centre-Forward,91474,2477,2477_karpaty_lviv_2000s,Ukraine,51.2
Volodymyr Lakomskyi,volodymyr lakomskyi,Karpaty Lviv,karpaty lviv,2000s,Midfield,107626,2477,2477_karpaty_lviv_2000s,Ukraine,51.2
Roman Mysak,roman mysak,Karpaty Lviv,karpaty lviv,2000s,Goalkeeper,117481,2477,2477_karpaty_lviv_2000s,Ukraine,51.2
Artur Grytsenko,artur grytsenko,Karpaty Lviv,karpaty lviv,2000s,Defender - Centre-Back,121002,2477,2477_karpaty_lviv_2000s,Ukraine,51.2
Volodymyr Bobylev,volodymyr bobylev,Karpaty Lviv,karpaty lviv,2000s,Midfield,169744,2477,2477_karpaty_lviv_2000s,Ukraine,51.2
Vitaliy Sakhno,vitaliy sakhno,Karpaty Lviv,karpaty lviv,2000s,Midfield,858000,2477,2477_karpaty_lviv_2000s,Ukraine,51.2
Roman Zub,roman zub,Karpaty Lviv,karpaty lviv,2000s,Midfield - Defensive Midfield,943654,2477,2477_karpaty_lviv_2000s,Ukraine,51.2
Yevgeniy Shmakov,yevgeniy shmakov,Karpaty Lviv,karpaty lviv,2000s,Midfield - Defensive Midfield,58251,2477,2477_karpaty_lviv_2000s,Ukraine,45.1
Igor Khudobyak,igor khudobyak,Karpaty Lviv,karpaty lviv,2010s,Midfield - Central Midfield,58042,2477,2477_karpaty_lviv_2010s,Ukraine,91.7
Oleksandr Gladkyi,oleksandr gladkyi,Karpaty Lviv,karpaty lviv,2010s,Attack - Centre-Forward,53270,2477,2477_karpaty_lviv_2010s,Ukraine,90.1
Maryan Shved,maryan shved,Karpaty Lviv,karpaty lviv,2010s,Attack - Right Winger,359247,2477,2477_karpaty_lviv_2010s,Ukraine,89.3
Lucas Pérez,lucas perez,Karpaty Lviv,karpaty lviv,2010s,Attack - Centre-Forward,73185,2477,2477_karpaty_lviv_2010s,Spain,86.6
Oleksiy Gutsulyak,oleksiy gutsulyak,Karpaty Lviv,karpaty lviv,2010s,Attack - Right Winger,296366,2477,2477_karpaty_lviv_2010s,Ukraine,86.1
Oleg Golodyuk,oleg golodyuk,Karpaty Lviv,karpaty lviv,2010s,Midfield - Central Midfield,58016,2477,2477_karpaty_lviv_2010s,Ukraine,85.6
Pavlo Ksyonz,pavlo ksyonz,Karpaty Lviv,karpaty lviv,2010s,Defender - Right-Back,57888,2477,2477_karpaty_lviv_2010s,Ukraine,85.2
Denys Kozhanov,denys kozhanov,Karpaty Lviv,karpaty lviv,2010s,Attack - Right Winger,58403,2477,2477_karpaty_lviv_2010s,Ukraine,84.8
Sergiy Myakushko,sergiy myakushko,Karpaty Lviv,karpaty lviv,2010s,Attack - Left Winger,193158,2477,2477_karpaty_lviv_2010s,Ukraine,84.7
Gustavo Blanco Leschuk,gustavo blanco leschuk,Karpaty Lviv,karpaty lviv,2010s,Attack - Centre-Forward,181006,2477,2477_karpaty_lviv_2010s,Argentina  Ukraine,82
Mykhaylo Kopolovets,mykhaylo kopolovets,Karpaty Lviv,karpaty lviv,2010s,Attack - Left Winger,58051,2477,2477_karpaty_lviv_2010s,Ukraine  Hungary,80.7
Cristian Ponde,cristian ponde,Karpaty Lviv,karpaty lviv,2010s,Attack - Right Winger,198005,2477,2477_karpaty_lviv_2010s,Portugal  Romania,80.4
Ambrosiy Chachua,ambrosiy chachua,Karpaty Lviv,karpaty lviv,2010s,Midfield - Attacking Midfield,212232,2477,2477_karpaty_lviv_2010s,Ukraine  Georgia,80.4
Mladen Bartulovic,mladen bartulovic,Karpaty Lviv,karpaty lviv,2010s,Midfield - Left Midfield,28179,2477,2477_karpaty_lviv_2010s,Croatia,80.2
Jorge Carrascal,jorge carrascal,Karpaty Lviv,karpaty lviv,2010s,Midfield - Attacking Midfield,354145,2477,2477_karpaty_lviv_2010s,Colombia,80.1
Denys Miroshnichenko,denys miroshnichenko,Karpaty Lviv,karpaty lviv,2010s,Defender - Right-Back,244262,2477,2477_karpaty_lviv_2010s,Ukraine,78.5
Roman Mysak,roman mysak,Karpaty Lviv,karpaty lviv,2010s,Goalkeeper,117481,2477,2477_karpaty_lviv_2010s,Ukraine,77.7
Francisco Di Franco,francisco di franco,Karpaty Lviv,karpaty lviv,2010s,Midfield - Attacking Midfield,274058,2477,2477_karpaty_lviv_2010s,Argentina  Italy,77.7
Vadym Strashkevych,vadym strashkevych,Karpaty Lviv,karpaty lviv,2010s,Midfield - Attacking Midfield,282280,2477,2477_karpaty_lviv_2010s,Ukraine,77.3
Yaroslav Martynyuk,yaroslav martynyuk,Karpaty Lviv,karpaty lviv,2010s,Midfield - Central Midfield,58072,2477,2477_karpaty_lviv_2010s,Ukraine,77
William Batista,william batista,Karpaty Lviv,karpaty lviv,2010s,Attack - Centre-Forward,25563,2477,2477_karpaty_lviv_2010s,Brazil,76.6
Roman Pidkivka,roman pidkivka,Karpaty Lviv,karpaty lviv,2010s,Goalkeeper,278917,2477,2477_karpaty_lviv_2010s,Ukraine,76.3
Levan Kenia,levan kenia,Karpaty Lviv,karpaty lviv,2010s,Midfield - Attacking Midfield,30732,2477,2477_karpaty_lviv_2010s,Georgia,75.8
Andriy Nesterov,andriy nesterov,Karpaty Lviv,karpaty lviv,2010s,Defender - Centre-Back,109314,2477,2477_karpaty_lviv_2010s,Ukraine,74.8
Yegor Nazaryna,yegor nazaryna,Karpaty Lviv,karpaty lviv,2010s,Midfield - Central Midfield,430190,2477,2477_karpaty_lviv_2010s,Ukraine,74.3
Artur Karnoza,artur karnoza,Karpaty Lviv,karpaty lviv,2010s,Midfield - Attacking Midfield,58946,2477,2477_karpaty_lviv_2010s,Ukraine,74
Igor Plastun,igor plastun,Karpaty Lviv,karpaty lviv,2010s,Defender - Centre-Back,97335,2477,2477_karpaty_lviv_2010s,Ukraine  Bulgaria,73.5
Samson Godwin,samson godwin,Karpaty Lviv,karpaty lviv,2010s,Midfield - Defensive Midfield,58020,2477,2477_karpaty_lviv_2010s,Nigeria  Ukraine,71.1
Andriy Tkachuk,andriy tkachuk,Karpaty Lviv,karpaty lviv,2010s,Midfield - Defensive Midfield,58150,2477,2477_karpaty_lviv_2010s,Ukraine,71.1
Răzvan Cociș,razvan cocis,Karpaty Lviv,karpaty lviv,2010s,Midfield - Central Midfield,43938,2477,2477_karpaty_lviv_2010s,Romania,70.7
Vasyl Kravets,vasyl kravets,Karpaty Lviv,karpaty lviv,2010s,Defender - Left-Back,245048,2477,2477_karpaty_lviv_2010s,Ukraine,70.7
Taras Zaviyskyi,taras zaviyskyi,Karpaty Lviv,karpaty lviv,2010s,Midfield - Right Midfield,213984,2477,2477_karpaty_lviv_2010s,Ukraine,70.2
Roman Debelko,roman debelko,Karpaty Lviv,karpaty lviv,2010s,Attack - Centre-Forward,262182,2477,2477_karpaty_lviv_2010s,Ukraine,70.2
Martin Hongla,martin hongla,Karpaty Lviv,karpaty lviv,2010s,Midfield - Defensive Midfield,398808,2477,2477_karpaty_lviv_2010s,Cameroon,70.2
Danilo Avelar,danilo avelar,Karpaty Lviv,karpaty lviv,2010s,Defender - Left-Back,140748,2477,2477_karpaty_lviv_2010s,Brazil  Italy,69.6
Maksym Grysyo,maksym grysyo,Karpaty Lviv,karpaty lviv,2010s,Defender - Right-Back,448783,2477,2477_karpaty_lviv_2010s,Ukraine,69.6
Taras Puchkovskyi,taras puchkovskyi,Karpaty Lviv,karpaty lviv,2010s,Attack - Centre-Forward,176413,2477,2477_karpaty_lviv_2010s,Ukraine,68.6
Andriy Tlumak,andriy tlumak,Karpaty Lviv,karpaty lviv,2010s,Goalkeeper,59447,2477,2477_karpaty_lviv_2010s,Ukraine,68.2
Valeriy Fedorchuk,valeriy fedorchuk,Karpaty Lviv,karpaty lviv,2010s,Midfield - Central Midfield,82599,2477,2477_karpaty_lviv_2010s,Ukraine,67.6
Cristian Erbes,cristian erbes,Karpaty Lviv,karpaty lviv,2010s,Midfield - Defensive Midfield,118283,2477,2477_karpaty_lviv_2010s,Argentina,67.4
Oleksandr Ilyushchenkov,oleksandr ilyushchenkov,Karpaty Lviv,karpaty lviv,2010s,Goalkeeper,120966,2477,2477_karpaty_lviv_2010s,Ukraine,67.4
Karim Yoda,karim yoda,Karpaty Lviv,karpaty lviv,2010s,Attack - Right Winger,61464,2477,2477_karpaty_lviv_2010s,France  Cote d'Ivoire,67.2
Yevgen Borovyk,yevgen borovyk,Karpaty Lviv,karpaty lviv,2010s,Goalkeeper,59024,2477,2477_karpaty_lviv_2010s,Ukraine,66.7
Adi Mehremic,adi mehremic,Karpaty Lviv,karpaty lviv,2010s,Defender - Centre-Back,192897,2477,2477_karpaty_lviv_2010s,Bosnia-Herzegovina,66.3
Orest Lebedenko,orest lebedenko,Karpaty Lviv,karpaty lviv,2010s,Defender - Left-Back,524964,2477,2477_karpaty_lviv_2010s,Ukraine,66.3
Frane Vojkovic,frane vojkovic,Karpaty Lviv,karpaty lviv,2010s,Midfield - Defensive Midfield,226102,2477,2477_karpaty_lviv_2010s,Croatia,65.5
Maksym Kuchynskyi,maksym kuchynskyi,Karpaty Lviv,karpaty lviv,2010s,Goalkeeper,269351,2477,2477_karpaty_lviv_2010s,Ukraine,65.5
Mykola Matvienko,mykola matvienko,Karpaty Lviv,karpaty lviv,2010s,Defender - Centre-Back,289059,2477,2477_karpaty_lviv_2010s,Ukraine,65.5
Oleg Mozil,oleg mozil,Karpaty Lviv,karpaty lviv,2010s,Goalkeeper,289060,2477,2477_karpaty_lviv_2010s,Ukraine,65.5
Marvin Martins,marvin martins,Karpaty Lviv,karpaty lviv,2010s,Defender - Centre-Back,313504,2477,2477_karpaty_lviv_2010s,Luxembourg  Cape Verde,65.5
Pavlo Pashayev,pavlo pashayev,Karpaty Lviv,karpaty lviv,2010s,Defender - Right-Back,58961,2477,2477_karpaty_lviv_2010s,Azerbaijan  Ukraine,64.6
Catriel Sánchez,catriel sanchez,Karpaty Lviv,karpaty lviv,2010s,Attack - Centre-Forward,528423,2477,2477_karpaty_lviv_2010s,Argentina,64.6
Rostyslav Lyakh,rostyslav lyakh,Karpaty Lviv,karpaty lviv,2010s,Defender - Left-Back,533537,2477,2477_karpaty_lviv_2010s,Ukraine,63.6
Andriy Remenyuk,andriy remenyuk,Karpaty Lviv,karpaty lviv,2010s,Attack - Left Winger,497221,2477,2477_karpaty_lviv_2010s,Ukraine,62.9
Andriy Busko,andriy busko,Karpaty Lviv,karpaty lviv,2010s,Defender - Centre-Back,524965,2477,2477_karpaty_lviv_2010s,Ukraine,62.9
Sebastián Ribas,sebastian ribas,Karpaty Lviv,karpaty lviv,2010s,Attack - Centre-Forward,45577,2477,2477_karpaty_lviv_2010s,Uruguay  Italy,61.9
Dmytro Lyopa,dmytro lyopa,Karpaty Lviv,karpaty lviv,2010s,Midfield - Attacking Midfield,54816,2477,2477_karpaty_lviv_2010s,Ukraine,61.9
Cristóbal Márquez,cristobal marquez,Karpaty Lviv,karpaty lviv,2010s,Midfield - Central Midfield,72281,2477,2477_karpaty_lviv_2010s,Spain,61.9
Oleksiy Kovtun,oleksiy kovtun,Karpaty Lviv,karpaty lviv,2010s,Defender - Centre-Back,363063,2477,2477_karpaty_lviv_2010s,Ukraine,61.9
Artem Kozak,artem kozak,Karpaty Lviv,karpaty lviv,2010s,Midfield - Right Midfield,396530,2477,2477_karpaty_lviv_2010s,Ukraine,61.9
Matar Dieye,matar dieye,Karpaty Lviv,karpaty lviv,2010s,Attack - Centre-Forward,427100,2477,2477_karpaty_lviv_2010s,Senegal,61.9
Oleksiy Shevchenko,oleksiy shevchenko,Karpaty Lviv,karpaty lviv,2010s,Goalkeeper,136537,2477,2477_karpaty_lviv_2010s,Ukraine,61.1
Denys Vasin,denys vasin,Karpaty Lviv,karpaty lviv,2010s,Attack - Right Winger,49030,2477,2477_karpaty_lviv_2010s,Ukraine,60.4
Volodymyr Tanchyk,volodymyr tanchyk,Karpaty Lviv,karpaty lviv,2010s,Midfield - Right Midfield,95707,2477,2477_karpaty_lviv_2010s,Ukraine,60.4
Ostap Prytula,ostap prytula,Karpaty Lviv,karpaty lviv,2010s,Midfield - Attacking Midfield,620368,2477,2477_karpaty_lviv_2010s,Ukraine,60.4
Taras Petrivskyi,taras petrivskyi,Karpaty Lviv,karpaty lviv,2010s,Defender - Right-Back,58100,2477,2477_karpaty_lviv_2010s,Ukraine,58.6
Borja Gómez,borja gomez,Karpaty Lviv,karpaty lviv,2010s,Defender - Centre-Back,65060,2477,2477_karpaty_lviv_2010s,Spain,58.6
Gennadiy Pasich,gennadiy pasich,Karpaty Lviv,karpaty lviv,2010s,Midfield - Left Midfield,315236,2477,2477_karpaty_lviv_2010s,Ukraine,58.6
Oleg Kudryk,oleg kudryk,Karpaty Lviv,karpaty lviv,2010s,Goalkeeper,341485,2477,2477_karpaty_lviv_2010s,Ukraine,58.6
Petro Kharzhevskyi,petro kharzhevskyi,Karpaty Lviv,karpaty lviv,2010s,Defender - Right-Back,419117,2477,2477_karpaty_lviv_2010s,Ukraine,58.6
Roman Tolochko,roman tolochko,Karpaty Lviv,karpaty lviv,2010s,Midfield - Central Midfield,628569,2477,2477_karpaty_lviv_2010s,Ukraine,58.6
Nemanja Tubic,nemanja tubic,Karpaty Lviv,karpaty lviv,2010s,Defender - Centre-Back,46706,2477,2477_karpaty_lviv_2010s,Serbia,57.4
Mykyta Shevchenko,mykyta shevchenko,Karpaty Lviv,karpaty lviv,2010s,Goalkeeper,80312,2477,2477_karpaty_lviv_2010s,Ukraine,57.1
Kostyantyn Kravchenko,kostyantyn kravchenko,Karpaty Lviv,karpaty lviv,2010s,Midfield - Attacking Midfield,24026,2477,2477_karpaty_lviv_2010s,Ukraine,51.2
Leonid Kovel,leonid kovel,Karpaty Lviv,karpaty lviv,2010s,Attack - Centre-Forward,26348,2477,2477_karpaty_lviv_2010s,Belarus,51.2
Simon Vukcevic,simon vukcevic,Karpaty Lviv,karpaty lviv,2010s,Attack - Right Winger,27239,2477,2477_karpaty_lviv_2010s,Montenegro,51.2
Fernando Tissone,fernando tissone,Karpaty Lviv,karpaty lviv,2010s,Midfield - Defensive Midfield,35871,2477,2477_karpaty_lviv_2010s,Argentina  Italy,51.2
Oleksandr Kucher,oleksandr kucher,Karpaty Lviv,karpaty lviv,2010s,Defender - Centre-Back,44357,2477,2477_karpaty_lviv_2010s,Ukraine,51.2
Anton Kanibolotskyi,anton kanibolotskyi,Karpaty Lviv,karpaty lviv,2010s,Goalkeeper,58945,2477,2477_karpaty_lviv_2010s,Ukraine,51.2
Germán Pacheco,german pacheco,Karpaty Lviv,karpaty lviv,2010s,Midfield - Attacking Midfield,68542,2477,2477_karpaty_lviv_2010s,Argentina  Spain,51.2
Igor Tyshchenko,igor tyshchenko,Karpaty Lviv,karpaty lviv,2010s,Defender - Right-Back,97727,2477,2477_karpaty_lviv_2010s,Ukraine  Russia,51.2
Yevgen Neplyakh,yevgen neplyakh,Karpaty Lviv,karpaty lviv,2010s,Defender - Left-Back,230409,2477,2477_karpaty_lviv_2010s,Ukraine,51.2
Franjo Prce,franjo prce,Karpaty Lviv,karpaty lviv,2010s,Defender - Centre-Back,240260,2477,2477_karpaty_lviv_2010s,Croatia,51.2
Oleksandr Osman,oleksandr osman,Karpaty Lviv,karpaty lviv,2010s,Defender - Left-Back,264646,2477,2477_karpaty_lviv_2010s,Ukraine,51.2
Maksym Marusych,maksym marusych,Karpaty Lviv,karpaty lviv,2010s,Attack - Centre-Forward,325386,2477,2477_karpaty_lviv_2010s,Ukraine,51.2
Cristian Paz,cristian paz,Karpaty Lviv,karpaty lviv,2010s,Defender - Centre-Back,357338,2477,2477_karpaty_lviv_2010s,Argentina,51.2
German Penkov,german penkov,Karpaty Lviv,karpaty lviv,2010s,Goalkeeper,375659,2477,2477_karpaty_lviv_2010s,Ukraine,51.2
Ivan Siletskyi,ivan siletskyi,Karpaty Lviv,karpaty lviv,2010s,Goalkeeper,383568,2477,2477_karpaty_lviv_2010s,Ukraine,51.2
Volodymyr Yakimets,volodymyr yakimets,Karpaty Lviv,karpaty lviv,2010s,Defender - Left-Back,396402,2477,2477_karpaty_lviv_2010s,Ukraine,51.2
Danylo Sikan,danylo sikan,Karpaty Lviv,karpaty lviv,2010s,Attack - Centre-Forward,417228,2477,2477_karpaty_lviv_2010s,Ukraine,51.2
Kirill Kirilenko,kirill kirilenko,Karpaty Lviv,karpaty lviv,2010s,Attack - Left Winger,470265,2477,2477_karpaty_lviv_2010s,Belarus,51.2
Oleg Veremiyenko,oleg veremiyenko,Karpaty Lviv,karpaty lviv,2010s,Defender - Centre-Back,497222,2477,2477_karpaty_lviv_2010s,Ukraine,51.2
William de Camargo,william de camargo,Karpaty Lviv,karpaty lviv,2010s,Attack - Right Winger,583607,2477,2477_karpaty_lviv_2010s,Brazil  Spain,51.2
João Diogo,joao diogo,Karpaty Lviv,karpaty lviv,2010s,Attack - Right Winger,670000,2477,2477_karpaty_lviv_2010s,Brazil,51.2
Maksym Khlan,maksym khlan,Karpaty Lviv,karpaty lviv,2010s,Attack - Left Winger,721511,2477,2477_karpaty_lviv_2010s,Ukraine,51.2
Yuriy Tlumak,yuriy tlumak,Karpaty Lviv,karpaty lviv,2010s,Midfield - Central Midfield,748838,2477,2477_karpaty_lviv_2010s,Ukraine,51.2
Oleksiy Sych,oleksiy sych,Karpaty Lviv,karpaty lviv,2010s,Defender - Right-Back,748939,2477,2477_karpaty_lviv_2010s,Ukraine,51.2
Vasyl Runich,vasyl runich,Karpaty Lviv,karpaty lviv,2010s,Attack - Left Winger,748940,2477,2477_karpaty_lviv_2010s,Ukraine,51.2
Denys Slyusar,denys slyusar,Karpaty Lviv,karpaty lviv,2010s,Defender - Centre-Back,774552,2477,2477_karpaty_lviv_2010s,Ukraine,51.2
Yaroslav Karabin,yaroslav karabin,Karpaty Lviv,karpaty lviv,2010s,Attack - Centre-Forward,789583,2477,2477_karpaty_lviv_2010s,Ukraine,51.2
Oleksiy Khakhlyov,oleksiy khakhlyov,Karpaty Lviv,karpaty lviv,2010s,Midfield - Central Midfield,404847,2477,2477_karpaty_lviv_2010s,Ukraine,45.6
Oleksiy Dytyatyev,oleksiy dytyatyev,Karpaty Lviv,karpaty lviv,2010s,Defender - Centre-Back,242279,2477,2477_karpaty_lviv_2010s,Ukraine,45.4
Papa Gueye,papa gueye,Karpaty Lviv,karpaty lviv,2010s,Defender - Centre-Back,59414,2477,2477_karpaty_lviv_2010s,Senegal  Ukraine,45.1
Oleg Boroday,oleg boroday,Karpaty Lviv,karpaty lviv,2010s,Defender - Centre-Back,330574,2477,2477_karpaty_lviv_2010s,Ukraine,45
Ruslan Stepanyuk,ruslan stepanyuk,NK Veres Rivne,nk veres rivne,2010s,Attack - Centre-Forward,222079,26459,26459_nk_veres_rivne_2010s,Ukraine,77.7
Vasyl Kobin,vasyl kobin,NK Veres Rivne,nk veres rivne,2010s,Defender - Right-Back,58046,26459,26459_nk_veres_rivne_2010s,Ukraine,72.2
Volodymyr Adamyuk,volodymyr adamyuk,NK Veres Rivne,nk veres rivne,2010s,Defender - Right-Back,273663,26459,26459_nk_veres_rivne_2010s,Ukraine,72
Oleksandr Bandura,oleksandr bandura,NK Veres Rivne,nk veres rivne,2010s,Goalkeeper,85969,26459,26459_nk_veres_rivne_2010s,Ukraine,68.2
Valeriy Fedorchuk,valeriy fedorchuk,NK Veres Rivne,nk veres rivne,2010s,Midfield - Central Midfield,82599,26459,26459_nk_veres_rivne_2010s,Ukraine,67.9
Denys Kozhanov,denys kozhanov,NK Veres Rivne,nk veres rivne,2010s,Attack - Right Winger,58403,26459,26459_nk_veres_rivne_2010s,Ukraine,65.5
Sergiy Siminin,sergiy siminin,NK Veres Rivne,nk veres rivne,2010s,Defender - Right-Back,58252,26459,26459_nk_veres_rivne_2010s,Ukraine,64.6
Roman Karasyuk,roman karasyuk,NK Veres Rivne,nk veres rivne,2010s,Midfield - Defensive Midfield,91527,26459,26459_nk_veres_rivne_2010s,Ukraine,61.9
Gennadiy Pasich,gennadiy pasich,NK Veres Rivne,nk veres rivne,2010s,Midfield - Left Midfield,315236,26459,26459_nk_veres_rivne_2010s,Ukraine,61.9
Yevgeniy Pasich,yevgeniy pasich,NK Veres Rivne,nk veres rivne,2010s,Defender - Right-Back,315237,26459,26459_nk_veres_rivne_2010s,Ukraine,61.9
Mykola Ishchenko,mykola ishchenko,NK Veres Rivne,nk veres rivne,2010s,Defender - Centre-Back,58035,26459,26459_nk_veres_rivne_2010s,Ukraine,58.6
Bogdan Sarnavskyi,bogdan sarnavskyi,NK Veres Rivne,nk veres rivne,2010s,Goalkeeper,177276,26459,26459_nk_veres_rivne_2010s,Ukraine,57.1
Artur Zapadnya,artur zapadnya,NK Veres Rivne,nk veres rivne,2010s,Defender - Left-Back,111074,26459,26459_nk_veres_rivne_2010s,Ukraine,51.2
Pavlo Myagkov,pavlo myagkov,NK Veres Rivne,nk veres rivne,2010s,Defender - Left-Back,206054,26459,26459_nk_veres_rivne_2010s,Ukraine,51.2
Pavlo Lukyanchuk,pavlo lukyanchuk,NK Veres Rivne,nk veres rivne,2010s,Defender - Centre-Back,248935,26459,26459_nk_veres_rivne_2010s,Ukraine,51.2
Sergiy Gryn,sergiy gryn,NK Veres Rivne,nk veres rivne,2010s,Attack - Left Winger,269374,26459,26459_nk_veres_rivne_2010s,Ukraine,51.2
Edgar Caparrós,edgar caparros,NK Veres Rivne,nk veres rivne,2010s,Defender - Centre-Back,384299,26459,26459_nk_veres_rivne_2010s,Spain,51.2
Vladyslav Pryimak,vladyslav pryimak,NK Veres Rivne,nk veres rivne,2010s,Defender - Centre-Back,517081,26459,26459_nk_veres_rivne_2010s,Ukraine,51.2
Orest Kostyk,orest kostyk,NK Veres Rivne,nk veres rivne,2010s,Goalkeeper,747315,26459,26459_nk_veres_rivne_2010s,Ukraine,51.2
Andriy Bliznichenko,andriy bliznichenko,NK Veres Rivne,nk veres rivne,2020s,Attack - Right Winger,177818,26459,26459_nk_veres_rivne_2020s,Ukraine,77.3
Gennadiy Pasich,gennadiy pasich,NK Veres Rivne,nk veres rivne,2020s,Midfield - Left Midfield,315236,26459,26459_nk_veres_rivne_2020s,Ukraine,75.6
Marko Mrvaljevic,marko mrvaljevic,NK Veres Rivne,nk veres rivne,2020s,Attack - Centre-Forward,705337,26459,26459_nk_veres_rivne_2020s,Montenegro,74.9
Ruslan Stepanyuk,ruslan stepanyuk,NK Veres Rivne,nk veres rivne,2020s,Attack - Centre-Forward,222079,26459,26459_nk_veres_rivne_2020s,Ukraine,74
Yevgeniy Shevchenko,yevgeniy shevchenko,NK Veres Rivne,nk veres rivne,2020s,Defender - Left-Back,363740,26459,26459_nk_veres_rivne_2020s,Ukraine,73.5
Igor Kharatin,igor kharatin,NK Veres Rivne,nk veres rivne,2020s,Midfield - Defensive Midfield,213976,26459,26459_nk_veres_rivne_2020s,Ukraine  Hungary,72.9
Yevgeniy Pasich,yevgeniy pasich,NK Veres Rivne,nk veres rivne,2020s,Defender - Right-Back,315237,26459,26459_nk_veres_rivne_2020s,Ukraine,69.6
Maksym Smiyan,maksym smiyan,NK Veres Rivne,nk veres rivne,2020s,Defender - Left-Back,951439,26459,26459_nk_veres_rivne_2020s,Ukraine,69.1
Igor Soldat,igor soldat,NK Veres Rivne,nk veres rivne,2020s,Defender - Right-Back,227199,26459,26459_nk_veres_rivne_2020s,Ukraine,68.6
Roman Goncharenko,roman goncharenko,NK Veres Rivne,nk veres rivne,2020s,Defender - Centre-Back,382895,26459,26459_nk_veres_rivne_2020s,Ukraine,68.6
Dmytro Shastal,dmytro shastal,NK Veres Rivne,nk veres rivne,2020s,Attack - Right Winger,359796,26459,26459_nk_veres_rivne_2020s,Ukraine,67.9
Dmytro Nemchaninov,dmytro nemchaninov,NK Veres Rivne,nk veres rivne,2020s,Defender - Centre-Back,120262,26459,26459_nk_veres_rivne_2020s,Ukraine,67.2
Robert Gegedosh,robert gegedosh,NK Veres Rivne,nk veres rivne,2020s,Attack - Centre-Forward,211317,26459,26459_nk_veres_rivne_2020s,Ukraine,65.5
Sergiy Panasenko,sergiy panasenko,NK Veres Rivne,nk veres rivne,2020s,Midfield - Central Midfield,307053,26459,26459_nk_veres_rivne_2020s,Ukraine,65.5
Danyil Khondak,danyil khondak,NK Veres Rivne,nk veres rivne,2020s,Defender - Centre-Back,539437,26459,26459_nk_veres_rivne_2020s,Ukraine,64.6
Roman Gagun,roman gagun,NK Veres Rivne,nk veres rivne,2020s,Defender - Right-Back,522327,26459,26459_nk_veres_rivne_2020s,Ukraine,63.6
Maksym Marusych,maksym marusych,NK Veres Rivne,nk veres rivne,2020s,Attack - Centre-Forward,325386,26459,26459_nk_veres_rivne_2020s,Ukraine,63.3
Yevgen Past,yevgen past,NK Veres Rivne,nk veres rivne,2020s,Goalkeeper,49016,26459,26459_nk_veres_rivne_2020s,Ukraine,62.9
Denis Yanakov,denis yanakov,NK Veres Rivne,nk veres rivne,2020s,Attack - Left Winger,404851,26459,26459_nk_veres_rivne_2020s,Ukraine,61.9
Oleksandr Matkobozhyk,oleksandr matkobozhyk,NK Veres Rivne,nk veres rivne,2020s,Defender - Centre-Back,468735,26459,26459_nk_veres_rivne_2020s,Ukraine,61.9
Vitaliy Boyko,vitaliy boyko,NK Veres Rivne,nk veres rivne,2020s,Midfield - Central Midfield,521997,26459,26459_nk_veres_rivne_2020s,Ukraine,61.9
Andriy Kukharuk,andriy kukharuk,NK Veres Rivne,nk veres rivne,2020s,Midfield - Central Midfield,365195,26459,26459_nk_veres_rivne_2020s,Ukraine,60.4
Denys Ndukve,denys ndukve,NK Veres Rivne,nk veres rivne,2020s,Attack - Centre-Forward,808971,26459,26459_nk_veres_rivne_2020s,Ukraine,59.7
Oleksandr Melnyk,oleksandr melnyk,NK Veres Rivne,nk veres rivne,2020s,Defender - Centre-Back,418891,26459,26459_nk_veres_rivne_2020s,Ukraine,58.6
Mihail Ghecev,mihail ghecev,NK Veres Rivne,nk veres rivne,2020s,Midfield - Left Midfield,520517,26459,26459_nk_veres_rivne_2020s,Moldova  Romania,58.6
Artem Kychak,artem kychak,NK Veres Rivne,nk veres rivne,2020s,Goalkeeper,88879,26459,26459_nk_veres_rivne_2020s,Ukraine,57.1
Valentyn Gorokh,valentyn gorokh,NK Veres Rivne,nk veres rivne,2020s,Goalkeeper,725356,26459,26459_nk_veres_rivne_2020s,Ukraine,57.1
Yevgen Banada,yevgen banada,NK Veres Rivne,nk veres rivne,2020s,Midfield - Central Midfield,242272,26459,26459_nk_veres_rivne_2020s,Ukraine,51.2
Sergiy Petko,sergiy petko,NK Veres Rivne,nk veres rivne,2020s,Midfield - Defensive Midfield,353584,26459,26459_nk_veres_rivne_2020s,Ukraine,51.2
Konstantinos Stamoulis,konstantinos stamoulis,NK Veres Rivne,nk veres rivne,2020s,Defender - Right-Back,567505,26459,26459_nk_veres_rivne_2020s,Greece,51.2
Wesley Pomba,wesley pomba,NK Veres Rivne,nk veres rivne,2020s,Attack - Left Winger,574774,26459,26459_nk_veres_rivne_2020s,Brazil,51.2
Sergiy Sten,sergiy sten,NK Veres Rivne,nk veres rivne,2020s,Attack - Left Winger,923512,26459,26459_nk_veres_rivne_2020s,Ukraine,51.2
Sergiy Korniychuk,sergiy korniychuk,NK Veres Rivne,nk veres rivne,2020s,Defender - Left-Back,1159925,26459,26459_nk_veres_rivne_2020s,Ukraine,51.2
Oleksandr Kucherenko,oleksandr kucherenko,NK Veres Rivne,nk veres rivne,2020s,Midfield - Defensive Midfield,358956,26459,26459_nk_veres_rivne_2020s,Ukraine  Moldova,45.1
Sergiy Dolganskyi,sergiy dolganskyi,Veres Rivne,veres rivne,1990s,Goalkeeper,24004,26459,26459_veres_rivne_1990s,Ukraine,65.5
Sergiy Tanasyuk,sergiy tanasyuk,Veres Rivne,veres rivne,1990s,Defender,373477,26459,26459_veres_rivne_1990s,Ukraine,61.9
Ruslan Vasylkiv,ruslan vasylkiv,SKA Odessa,ska odessa,1990s,Defender,123760,26552,26552_ska_odessa_1990s,Ukraine,51.2
Oleg Iachtchouk,oleg iachtchouk,Nyva Ternopil,nyva ternopil,1990s,Attack - Left Winger,9596,2712,2712_nyva_ternopil_1990s,Ukraine  Belgium,80.9
Kostyantyn Lemishko,kostyantyn lemishko,Nyva Ternopil,nyva ternopil,1990s,Defender,943663,2712,2712_nyva_ternopil_1990s,Ukraine,68.6
Vitaliy Pervak,vitaliy pervak,Nyva Ternopil,nyva ternopil,1990s,Defender,858024,2712,2712_nyva_ternopil_1990s,Ukraine,67.9
Roman Litovchak,roman litovchak,Nyva Ternopil,nyva ternopil,1990s,Midfield,95691,2712,2712_nyva_ternopil_1990s,Ukraine,51.2
Sergiy Tanasyuk,sergiy tanasyuk,Nyva Ternopil,nyva ternopil,1990s,Defender,373477,2712,2712_nyva_ternopil_1990s,Ukraine,51.2
Anatoliy Balatskiy,anatoliy balatskiy,Nyva Ternopil,nyva ternopil,1990s,Defender - Right-Back,494569,2712,2712_nyva_ternopil_1990s,Ukraine,51.2
Kostyantyn Lemishko,kostyantyn lemishko,Nyva Ternopil,nyva ternopil,2000s,Defender,943663,2712,2712_nyva_ternopil_2000s,Ukraine,51.2
Andriy Zavyalov,andriy zavyalov,FC Prykarpattya Ivano-Frankivsk,fc prykarpattya ivano frankivsk,1990s,Midfield - Central Midfield,514030,27241,27241_fc_prykarpattya_ivano_frankivsk_1990s,Turkmenistan  Ukraine,79.5
Andriy Spevak,andriy spevak,FC Prykarpattya Ivano-Frankivsk,fc prykarpattya ivano frankivsk,1990s,Midfield - Central Midfield,168988,27241,27241_fc_prykarpattya_ivano_frankivsk_1990s,Ukraine,77.7
Volodymyr Tsytkin,volodymyr tsytkin,FC Prykarpattya Ivano-Frankivsk,fc prykarpattya ivano frankivsk,1990s,Goalkeeper,494527,27241,27241_fc_prykarpattya_ivano_frankivsk_1990s,Ukraine  Israel,51.2
Yuriy Mokrytskyi,yuriy mokrytskyi,FC Prykarpattya Ivano-Frankivsk,fc prykarpattya ivano frankivsk,1990s,Defender - Centre-Back,524476,27241,27241_fc_prykarpattya_ivano_frankivsk_1990s,Ukraine,51.2
Vitaliy Pervak,vitaliy pervak,FC Prykarpattya Ivano-Frankivsk,fc prykarpattya ivano frankivsk,1990s,Defender,858024,27241,27241_fc_prykarpattya_ivano_frankivsk_1990s,Ukraine,51.2
Roman Zub,roman zub,FC Prykarpattya Ivano-Frankivsk,fc prykarpattya ivano frankivsk,1990s,Midfield - Defensive Midfield,943654,27241,27241_fc_prykarpattya_ivano_frankivsk_1990s,Ukraine,51.2
Mykola Lapko,mykola lapko,FC Prykarpattya Ivano-Frankivsk,fc prykarpattya ivano frankivsk,1990s,Defender,58058,27241,27241_fc_prykarpattya_ivano_frankivsk_1990s,Ukraine,45.6
Lucky Idahor,lucky idahor,Vorskla-Naftogaz Poltava,vorskla naftogaz poltava,2000s,Attack - Centre-Forward,59269,2740,2740_vorskla_naftogaz_poltava_2000s,Nigeria,74.3
Yuriy Tselykh,yuriy tselykh,Vorskla-Naftogaz Poltava,vorskla naftogaz poltava,2000s,Attack - Centre-Forward,58255,2740,2740_vorskla_naftogaz_poltava_2000s,Ukraine,74
Oleksiy Chychykov,oleksiy chychykov,Vorskla-Naftogaz Poltava,vorskla naftogaz poltava,2000s,Attack - Right Winger,43404,2740,2740_vorskla_naftogaz_poltava_2000s,Ukraine,71.1
Sofiene Melliti,sofiene melliti,Vorskla-Naftogaz Poltava,vorskla naftogaz poltava,2000s,Midfield - Central Midfield,38067,2740,2740_vorskla_naftogaz_poltava_2000s,Tunisia,69.6
Aleksey Saveljev,aleksey saveljev,Vorskla-Naftogaz Poltava,vorskla naftogaz poltava,2000s,Midfield - Attacking Midfield,62532,2740,2740_vorskla_naftogaz_poltava_2000s,Russia,67.9
Sergiy Dolganskyi,sergiy dolganskyi,Vorskla-Naftogaz Poltava,vorskla naftogaz poltava,2000s,Goalkeeper,24004,2740,2740_vorskla_naftogaz_poltava_2000s,Ukraine,67.4
Vitaliy Postranskyi,vitaliy postranskyi,Vorskla-Naftogaz Poltava,vorskla naftogaz poltava,2000s,Goalkeeper,34670,2740,2740_vorskla_naftogaz_poltava_2000s,Ukraine,66.7
Roman Kapanistyi,roman kapanistyi,Vorskla-Naftogaz Poltava,vorskla naftogaz poltava,2000s,Attack - Centre-Forward,559384,2740,2740_vorskla_naftogaz_poltava_2000s,Ukraine,63.6
Pavlo Rebenok,pavlo rebenok,Vorskla-Naftogaz Poltava,vorskla naftogaz poltava,2000s,Midfield - Left Midfield,43359,2740,2740_vorskla_naftogaz_poltava_2000s,Ukraine,61.9
Sergiy Motuz,sergiy motuz,Vorskla-Naftogaz Poltava,vorskla naftogaz poltava,2000s,Attack - Centre-Forward,24042,2740,2740_vorskla_naftogaz_poltava_2000s,Ukraine,60.4
Denys Stoyan,denys stoyan,Vorskla-Naftogaz Poltava,vorskla naftogaz poltava,2000s,Defender - Left-Back,43377,2740,2740_vorskla_naftogaz_poltava_2000s,Ukraine,60.4
Oleksandr Shevelyukhin,oleksandr shevelyukhin,Vorskla-Naftogaz Poltava,vorskla naftogaz poltava,2000s,Defender - Centre-Back,59133,2740,2740_vorskla_naftogaz_poltava_2000s,Ukraine  Poland,60.4
Vladyslav Prudius,vladyslav prudius,Vorskla-Naftogaz Poltava,vorskla naftogaz poltava,2000s,Midfield - Attacking Midfield,430990,2740,2740_vorskla_naftogaz_poltava_2000s,Ukraine  Russia,60.4
Andriy Klymenko,andriy klymenko,Vorskla-Naftogaz Poltava,vorskla naftogaz poltava,2000s,Midfield,882875,2740,2740_vorskla_naftogaz_poltava_2000s,Ukraine,60.4
Andriy Pyatov,andriy pyatov,Vorskla-Naftogaz Poltava,vorskla naftogaz poltava,2000s,Goalkeeper,39996,2740,2740_vorskla_naftogaz_poltava_2000s,Ukraine,58.6
Sergiy Radevych,sergiy radevych,Vorskla-Naftogaz Poltava,vorskla naftogaz poltava,2000s,Defender - Left-Back,43357,2740,2740_vorskla_naftogaz_poltava_2000s,Ukraine,58.6
Oleksandr Chyzhov,oleksandr chyzhov,Vorskla-Naftogaz Poltava,vorskla naftogaz poltava,2000s,Defender - Centre-Back,43288,2740,2740_vorskla_naftogaz_poltava_2000s,Ukraine,51.2
Anton Monakhov,anton monakhov,Vorskla-Naftogaz Poltava,vorskla naftogaz poltava,2000s,Defender - Centre-Back,60323,2740,2740_vorskla_naftogaz_poltava_2000s,Russia  Ukraine,51.2
Peter Mercado,peter mercado,Vorskla-Naftogaz Poltava,vorskla naftogaz poltava,2000s,Defender - Centre-Back,64167,2740,2740_vorskla_naftogaz_poltava_2000s,Ecuador,51.2
Pavlo Onysko,pavlo onysko,Vorskla-Naftogaz Poltava,vorskla naftogaz poltava,2000s,Attack - Centre-Forward,91474,2740,2740_vorskla_naftogaz_poltava_2000s,Ukraine,51.2
Artem Shubin,artem shubin,Vorskla-Naftogaz Poltava,vorskla naftogaz poltava,2000s,Midfield - Central Midfield,559381,2740,2740_vorskla_naftogaz_poltava_2000s,Ukraine  Russia,51.2
Igor Djinovic,igor djinovic,Vorskla-Naftogaz Poltava,vorskla naftogaz poltava,2000s,Defender - Left-Back,901061,2740,2740_vorskla_naftogaz_poltava_2000s,Serbia,51.2
Fabio Pereira,fabio pereira,Vorskla-Naftogaz Poltava,vorskla naftogaz poltava,2000s,Defender,919353,2740,2740_vorskla_naftogaz_poltava_2000s,Brazil,51.2
Vitaliy Kobzar,vitaliy kobzar,Vorskla Poltava,vorskla poltava,1990s,Midfield,369492,2740,2740_vorskla_poltava_1990s,Kyrgyzstan  Ukraine,87.8
Sergiy Chuychenko,sergiy chuychenko,Vorskla Poltava,vorskla poltava,1990s,Attack - Centre-Forward,858005,2740,2740_vorskla_poltava_1990s,Ukraine,87
Volodymyr Mazyar,volodymyr mazyar,Vorskla Poltava,vorskla poltava,1990s,Attack - Centre-Forward,118430,2740,2740_vorskla_poltava_1990s,Ukraine,81.1
Oleksandr Melashchenko,oleksandr melashchenko,Vorskla Poltava,vorskla poltava,1990s,Attack - Centre-Forward,9797,2740,2740_vorskla_poltava_1990s,Ukraine,79.7
Mykola Lapko,mykola lapko,Vorskla Poltava,vorskla poltava,1990s,Defender,58058,2740,2740_vorskla_poltava_1990s,Ukraine,70.2
Mykhaylo Gurka,mykhaylo gurka,Vorskla Poltava,vorskla poltava,1990s,Defender,95210,2740,2740_vorskla_poltava_1990s,Ukraine,67.9
Yuriy Mokrytskyi,yuriy mokrytskyi,Vorskla Poltava,vorskla poltava,1990s,Defender - Centre-Back,524476,2740,2740_vorskla_poltava_1990s,Ukraine,58.6
Oleg Storozhenko,oleg storozhenko,Vorskla Poltava,vorskla poltava,1990s,Goalkeeper,780097,2740,2740_vorskla_poltava_1990s,Ukraine,51.2
Andriy Klymenko,andriy klymenko,Vorskla Poltava,vorskla poltava,1990s,Midfield,882875,2740,2740_vorskla_poltava_1990s,Ukraine,51.2
Denis Glavina,denis glavina,Vorskla Poltava,vorskla poltava,2000s,Defender - Centre-Back,27826,2740,2740_vorskla_poltava_2000s,Croatia,88.8
Jovan Markoski,jovan markoski,Vorskla Poltava,vorskla poltava,2000s,Midfield - Attacking Midfield,36149,2740,2740_vorskla_poltava_2000s,Serbia  North Macedonia,88.1
Sergiy Kravchenko,sergiy kravchenko,Vorskla Poltava,vorskla poltava,2000s,Midfield - Central Midfield,59076,2740,2740_vorskla_poltava_2000s,Ukraine,87.5
Sergiy Dolganskyi,sergiy dolganskyi,Vorskla Poltava,vorskla poltava,2000s,Goalkeeper,24004,2740,2740_vorskla_poltava_2000s,Ukraine,83.8
Ahmed Januzi,ahmed januzi,Vorskla Poltava,vorskla poltava,2000s,Attack - Centre-Forward,59150,2740,2740_vorskla_poltava_2000s,Albania  Kosovo,83.2
Denys Kulakov,denys kulakov,Vorskla Poltava,vorskla poltava,2000s,Defender - Right-Back,25734,2740,2740_vorskla_poltava_2000s,Ukraine,83.1
Miroslav Grumic,miroslav grumic,Vorskla Poltava,vorskla poltava,2000s,Midfield - Attacking Midfield,59048,2740,2740_vorskla_poltava_2000s,Serbia  Hungary,79.1
Armend Dallku,armend dallku,Vorskla Poltava,vorskla poltava,2000s,Defender - Centre-Back,35607,2740,2740_vorskla_poltava_2000s,Albania  Kosovo,78.7
Vitaliy Kobzar,vitaliy kobzar,Vorskla Poltava,vorskla poltava,2000s,Midfield,369492,2740,2740_vorskla_poltava_2000s,Kyrgyzstan  Ukraine,75.8
Andriy Pyatov,andriy pyatov,Vorskla Poltava,vorskla poltava,2000s,Goalkeeper,39996,2740,2740_vorskla_poltava_2000s,Ukraine,75.3
Oleksiy Chychykov,oleksiy chychykov,Vorskla Poltava,vorskla poltava,2000s,Attack - Right Winger,43404,2740,2740_vorskla_poltava_2000s,Ukraine,73.5
Roman Bezus,roman bezus,Vorskla Poltava,vorskla poltava,2000s,Midfield - Attacking Midfield,97567,2740,2740_vorskla_poltava_2000s,Ukraine,72.2
Vitaliy Postranskyi,vitaliy postranskyi,Vorskla Poltava,vorskla poltava,2000s,Goalkeeper,34670,2740,2740_vorskla_poltava_2000s,Ukraine,69.9
Oleksandr Chyzhov,oleksandr chyzhov,Vorskla Poltava,vorskla poltava,2000s,Defender - Centre-Back,43288,2740,2740_vorskla_poltava_2000s,Ukraine,69.6
Oleksandr Melashchenko,oleksandr melashchenko,Vorskla Poltava,vorskla poltava,2000s,Attack - Centre-Forward,9797,2740,2740_vorskla_poltava_2000s,Ukraine,68.6
Volodymyr Chesnakov,volodymyr chesnakov,Vorskla Poltava,vorskla poltava,2000s,Defender - Centre-Back,58930,2740,2740_vorskla_poltava_2000s,Ukraine,68.6
Oleksandr Matveyev,oleksandr matveyev,Vorskla Poltava,vorskla poltava,2000s,Defender - Centre-Back,58958,2740,2740_vorskla_poltava_2000s,Ukraine,67.4
Oleg Krasnopyorov,oleg krasnopyorov,Vorskla Poltava,vorskla poltava,2000s,Midfield - Defensive Midfield,68915,2740,2740_vorskla_poltava_2000s,Ukraine,67
Sofiene Melliti,sofiene melliti,Vorskla Poltava,vorskla poltava,2000s,Midfield - Central Midfield,38067,2740,2740_vorskla_poltava_2000s,Tunisia,64.1
Sergiy Radevych,sergiy radevych,Vorskla Poltava,vorskla poltava,2000s,Defender - Left-Back,43357,2740,2740_vorskla_poltava_2000s,Ukraine,63.6
Sergiy Pshenychnykh,sergiy pshenychnykh,Vorskla Poltava,vorskla poltava,2000s,Defender - Centre-Back,25618,2740,2740_vorskla_poltava_2000s,Ukraine,62.9
Denys Sokolovskyi,denys sokolovskyi,Vorskla Poltava,vorskla poltava,2000s,Midfield - Attacking Midfield,20918,2740,2740_vorskla_poltava_2000s,Ukraine,61.9
Peter Mercado,peter mercado,Vorskla Poltava,vorskla poltava,2000s,Defender - Centre-Back,64167,2740,2740_vorskla_poltava_2000s,Ecuador,60.4
Artem Gromov,artem gromov,Vorskla Poltava,vorskla poltava,2000s,Attack - Left Winger,122088,2740,2740_vorskla_poltava_2000s,Ukraine,60.4
Pavlo Rebenok,pavlo rebenok,Vorskla Poltava,vorskla poltava,2000s,Midfield - Left Midfield,43359,2740,2740_vorskla_poltava_2000s,Ukraine,58.6
Denys Stoyan,denys stoyan,Vorskla Poltava,vorskla poltava,2000s,Defender - Left-Back,43377,2740,2740_vorskla_poltava_2000s,Ukraine,58.6
Yevgen Peskov,yevgen peskov,Vorskla Poltava,vorskla poltava,2000s,Defender - Centre-Back,58954,2740,2740_vorskla_poltava_2000s,Ukraine,58.6
Roman Kunev,roman kunev,Vorskla Poltava,vorskla poltava,2000s,Midfield - Right Midfield,97576,2740,2740_vorskla_poltava_2000s,Ukraine,58.6
Oleg Chuvaev,oleg chuvaev,Vorskla Poltava,vorskla poltava,2000s,Goalkeeper,43290,2740,2740_vorskla_poltava_2000s,Ukraine  Russia,51.2
Yuriy Tselykh,yuriy tselykh,Vorskla Poltava,vorskla poltava,2000s,Attack - Centre-Forward,58255,2740,2740_vorskla_poltava_2000s,Ukraine,51.2
Sergiy Vovkodav,sergiy vovkodav,Vorskla Poltava,vorskla poltava,2000s,Defender - Right-Back,58977,2740,2740_vorskla_poltava_2000s,Ukraine,51.2
Mykhaylo Gurka,mykhaylo gurka,Vorskla Poltava,vorskla poltava,2000s,Defender,95210,2740,2740_vorskla_poltava_2000s,Ukraine,51.2
Volodymyr Mazyar,volodymyr mazyar,Vorskla Poltava,vorskla poltava,2000s,Attack - Centre-Forward,118430,2740,2740_vorskla_poltava_2000s,Ukraine,51.2
Kostyantyn Lemishko,kostyantyn lemishko,Vorskla Poltava,vorskla poltava,2000s,Defender,943663,2740,2740_vorskla_poltava_2000s,Ukraine,51.2
Pavlo Rebenok,pavlo rebenok,Vorskla Poltava,vorskla poltava,2010s,Midfield - Left Midfield,43359,2740,2740_vorskla_poltava_2010s,Ukraine,92
Artem Gromov,artem gromov,Vorskla Poltava,vorskla poltava,2010s,Attack - Left Winger,122088,2740,2740_vorskla_poltava_2010s,Ukraine,91.1
Ahmed Januzi,ahmed januzi,Vorskla Poltava,vorskla poltava,2010s,Attack - Centre-Forward,59150,2740,2740_vorskla_poltava_2010s,Albania  Kosovo,89.6
Roman Bezus,roman bezus,Vorskla Poltava,vorskla poltava,2010s,Midfield - Attacking Midfield,97567,2740,2740_vorskla_poltava_2010s,Ukraine,88.7
Volodymyr Chesnakov,volodymyr chesnakov,Vorskla Poltava,vorskla poltava,2010s,Defender - Centre-Back,58930,2740,2740_vorskla_poltava_2010s,Ukraine,85.7
Vyacheslav Sharpar,vyacheslav sharpar,Vorskla Poltava,vorskla poltava,2010s,Midfield - Central Midfield,57901,2740,2740_vorskla_poltava_2010s,Ukraine,85.3
Igor Perduta,igor perduta,Vorskla Poltava,vorskla poltava,2010s,Defender - Right-Back,201671,2740,2740_vorskla_poltava_2010s,Ukraine,84.9
Sanzhar Tursunov,sanzhar tursunov,Vorskla Poltava,vorskla poltava,2010s,Midfield - Attacking Midfield,106632,2740,2740_vorskla_poltava_2010s,Uzbekistan  Russia,84.2
Jovan Markoski,jovan markoski,Vorskla Poltava,vorskla poltava,2010s,Midfield - Attacking Midfield,36149,2740,2740_vorskla_poltava_2010s,Serbia  North Macedonia,83.5
Vladyslav Kulach,vladyslav kulach,Vorskla Poltava,vorskla poltava,2010s,Attack - Centre-Forward,167556,2740,2740_vorskla_poltava_2010s,Ukraine,83.5
Anton Shynder,anton shynder,Vorskla Poltava,vorskla poltava,2010s,Attack - Centre-Forward,39253,2740,2740_vorskla_poltava_2010s,Ukraine,82.6
Armend Dallku,armend dallku,Vorskla Poltava,vorskla poltava,2010s,Defender - Centre-Back,35607,2740,2740_vorskla_poltava_2010s,Albania  Kosovo,82.3
Oleksandr Kovpak,oleksandr kovpak,Vorskla Poltava,vorskla poltava,2010s,Attack - Centre-Forward,43332,2740,2740_vorskla_poltava_2010s,Ukraine,81.6
Oleg Barannik,oleg barannik,Vorskla Poltava,vorskla poltava,2010s,Attack - Centre-Forward,59083,2740,2740_vorskla_poltava_2010s,Ukraine,80.5
Oleg Mishchenko,oleg mishchenko,Vorskla Poltava,vorskla poltava,2010s,Attack - Right Winger,91450,2740,2740_vorskla_poltava_2010s,Ukraine,80.1
Denys Vasin,denys vasin,Vorskla Poltava,vorskla poltava,2010s,Attack - Right Winger,49030,2740,2740_vorskla_poltava_2010s,Ukraine,79.7
Ivan Kryvosheenko,ivan kryvosheenko,Vorskla Poltava,vorskla poltava,2010s,Midfield - Right Midfield,86502,2740,2740_vorskla_poltava_2010s,Ukraine,79.7
Vadym Sapay,vadym sapay,Vorskla Poltava,vorskla poltava,2010s,Defender - Left-Back,59129,2740,2740_vorskla_poltava_2010s,Ukraine,79.5
Yevgen Selin,yevgen selin,Vorskla Poltava,vorskla poltava,2010s,Defender - Centre-Back,59442,2740,2740_vorskla_poltava_2010s,Ukraine,79.3
Yevgen Budnik,yevgen budnik,Vorskla Poltava,vorskla poltava,2010s,Attack - Centre-Forward,120144,2740,2740_vorskla_poltava_2010s,Ukraine,79.1
Oleksandr Sklyar,oleksandr sklyar,Vorskla Poltava,vorskla poltava,2010s,Midfield - Central Midfield,91801,2740,2740_vorskla_poltava_2010s,Ukraine,78.5
Aleksandre Kobakhidze,aleksandre kobakhidze,Vorskla Poltava,vorskla poltava,2010s,Midfield - Right Midfield,56698,2740,2740_vorskla_poltava_2010s,Georgia,77.7
Adis Jahovic,adis jahovic,Vorskla Poltava,vorskla poltava,2010s,Attack - Centre-Forward,98536,2740,2740_vorskla_poltava_2010s,North Macedonia  Bosnia-Herzegovina,77.7
Volodymyr Odaryuk,volodymyr odaryuk,Vorskla Poltava,vorskla poltava,2010s,Attack - Right Winger,395069,2740,2740_vorskla_poltava_2010s,Ukraine,77
Sergiy Dolganskyi,sergiy dolganskyi,Vorskla Poltava,vorskla poltava,2010s,Goalkeeper,24004,2740,2740_vorskla_poltava_2010s,Ukraine,76.3
Denys Kulakov,denys kulakov,Vorskla Poltava,vorskla poltava,2010s,Defender - Right-Back,25734,2740,2740_vorskla_poltava_2010s,Ukraine,76.2
Dmitriy Nepogodov,dmitriy nepogodov,Vorskla Poltava,vorskla poltava,2010s,Goalkeeper,77847,2740,2740_vorskla_poltava_2010s,Kazakhstan  Ukraine,76
Denys Dedechko,denys dedechko,Vorskla Poltava,vorskla poltava,2010s,Midfield - Defensive Midfield,57869,2740,2740_vorskla_poltava_2010s,Ukraine,75.7
Oleg Krasnopyorov,oleg krasnopyorov,Vorskla Poltava,vorskla poltava,2010s,Midfield - Defensive Midfield,68915,2740,2740_vorskla_poltava_2010s,Ukraine,75.3
Andriy Tkachuk,andriy tkachuk,Vorskla Poltava,vorskla poltava,2010s,Midfield - Defensive Midfield,58150,2740,2740_vorskla_poltava_2010s,Ukraine,75.1
Oleksandr Tkachenko,oleksandr tkachenko,Vorskla Poltava,vorskla poltava,2010s,Goalkeeper,174213,2740,2740_vorskla_poltava_2010s,Ukraine,74.2
Mladen Bartulovic,mladen bartulovic,Vorskla Poltava,vorskla poltava,2010s,Midfield - Left Midfield,28179,2740,2740_vorskla_poltava_2010s,Croatia,73.7
Stanislav Bogush,stanislav bogush,Vorskla Poltava,vorskla poltava,2010s,Goalkeeper,59933,2740,2740_vorskla_poltava_2010s,Ukraine,73.4
Yevgeniy Tkachuk,yevgeniy tkachuk,Vorskla Poltava,vorskla poltava,2010s,Defender - Centre-Back,86466,2740,2740_vorskla_poltava_2010s,Ukraine,72.6
Oleksiy Dytyatyev,oleksiy dytyatyev,Vorskla Poltava,vorskla poltava,2010s,Defender - Centre-Back,242279,2740,2740_vorskla_poltava_2010s,Ukraine,72.6
Dmytro Kravchenko,dmytro kravchenko,Vorskla Poltava,vorskla poltava,2010s,Midfield - Defensive Midfield,255638,2740,2740_vorskla_poltava_2010s,Ukraine,72.6
Aleksey Kurilov,aleksey kurilov,Vorskla Poltava,vorskla poltava,2010s,Defender - Centre-Back,59423,2740,2740_vorskla_poltava_2010s,Russia  Ukraine,72
Artem Gabelok,artem gabelok,Vorskla Poltava,vorskla poltava,2010s,Midfield - Central Midfield,213974,2740,2740_vorskla_poltava_2010s,Ukraine,71.9
Ruslan Stepanyuk,ruslan stepanyuk,Vorskla Poltava,vorskla poltava,2010s,Attack - Centre-Forward,222079,2740,2740_vorskla_poltava_2010s,Ukraine,71.5
Oleksandr Chyzhov,oleksandr chyzhov,Vorskla Poltava,vorskla poltava,2010s,Defender - Centre-Back,43288,2740,2740_vorskla_poltava_2010s,Ukraine,71.1
Sergiy Myakushko,sergiy myakushko,Vorskla Poltava,vorskla poltava,2010s,Attack - Left Winger,193158,2740,2740_vorskla_poltava_2010s,Ukraine,70.2
Oleksiy Chychykov,oleksiy chychykov,Vorskla Poltava,vorskla poltava,2010s,Attack - Right Winger,43404,2740,2740_vorskla_poltava_2010s,Ukraine,69.1
Artur,artur,Vorskla Poltava,vorskla poltava,2010s,Defender - Left-Back,296903,2740,2740_vorskla_poltava_2010s,Brazil,69.1
Sergiy Siminin,sergiy siminin,Vorskla Poltava,vorskla poltava,2010s,Defender - Right-Back,58252,2740,2740_vorskla_poltava_2010s,Ukraine,68.6
Edin Sehic,edin sehic,Vorskla Poltava,vorskla poltava,2010s,Defender - Right-Back,285296,2740,2740_vorskla_poltava_2010s,Bosnia-Herzegovina  Croatia,67.9
Najeeb Yakubu,najeeb yakubu,Vorskla Poltava,vorskla poltava,2010s,Attack - Right Winger,543493,2740,2740_vorskla_poltava_2010s,Niger  Ghana,67.9
Ibrahim Kane,ibrahim kane,Vorskla Poltava,vorskla poltava,2010s,Midfield - Right Midfield,543380,2740,2740_vorskla_poltava_2010s,Mali,67
Nicolas Careca,nicolas careca,Vorskla Poltava,vorskla poltava,2010s,Attack - Centre-Forward,345401,2740,2740_vorskla_poltava_2010s,Brazil,66.3
Dmytro Yeremenko,dmytro yeremenko,Vorskla Poltava,vorskla poltava,2010s,Attack - Right Winger,97835,2740,2740_vorskla_poltava_2010s,Ukraine,65.5
Taras Sakiv,taras sakiv,Vorskla Poltava,vorskla poltava,2010s,Defender - Left-Back,498899,2740,2740_vorskla_poltava_2010s,Ukraine,65.5
Dmytro Riznyk,dmytro riznyk,Vorskla Poltava,vorskla poltava,2010s,Goalkeeper,597880,2740,2740_vorskla_poltava_2010s,Ukraine,65.5
Artem Chelyadin,artem chelyadin,Vorskla Poltava,vorskla poltava,2010s,Midfield - Defensive Midfield,511909,2740,2740_vorskla_poltava_2010s,Ukraine,64.6
Oleksandr Matveyev,oleksandr matveyev,Vorskla Poltava,vorskla poltava,2010s,Defender - Centre-Back,58958,2740,2740_vorskla_poltava_2010s,Ukraine,63.6
Sergiy Vovkodav,sergiy vovkodav,Vorskla Poltava,vorskla poltava,2010s,Defender - Right-Back,58977,2740,2740_vorskla_poltava_2010s,Ukraine,62.9
Oleksiy Kazakov,oleksiy kazakov,Vorskla Poltava,vorskla poltava,2010s,Goalkeeper,217760,2740,2740_vorskla_poltava_2010s,Ukraine,62.9
Ivan Lietava,ivan lietava,Vorskla Poltava,vorskla poltava,2010s,Attack - Centre-Forward,55763,2740,2740_vorskla_poltava_2010s,Slovakia,61.9
Danylo Kravchuk,danylo kravchuk,Vorskla Poltava,vorskla poltava,2010s,Attack - Centre-Forward,751363,2740,2740_vorskla_poltava_2010s,Ukraine,61.9
Yevgen Pavlyuk,yevgen pavlyuk,Vorskla Poltava,vorskla poltava,2010s,Defender - Centre-Back,771914,2740,2740_vorskla_poltava_2010s,Ukraine,61.9
Bogdan Sarnavskyi,bogdan sarnavskyi,Vorskla Poltava,vorskla poltava,2010s,Goalkeeper,177276,2740,2740_vorskla_poltava_2010s,Ukraine,61.1
Oleg Golodyuk,oleg golodyuk,Vorskla Poltava,vorskla poltava,2010s,Midfield - Central Midfield,58016,2740,2740_vorskla_poltava_2010s,Ukraine,60.4
Yevgen Peskov,yevgen peskov,Vorskla Poltava,vorskla poltava,2010s,Defender - Centre-Back,58954,2740,2740_vorskla_poltava_2010s,Ukraine,60.4
David Puclin,david puclin,Vorskla Poltava,vorskla poltava,2010s,Midfield - Defensive Midfield,197078,2740,2740_vorskla_poltava_2010s,Croatia,60.4
Luizão,luizao,Vorskla Poltava,vorskla poltava,2010s,Midfield - Defensive Midfield,518723,2740,2740_vorskla_poltava_2010s,Brazil,60.4
Ilya Gadzhuk,ilya gadzhuk,Vorskla Poltava,vorskla poltava,2010s,Midfield - Central Midfield,771911,2740,2740_vorskla_poltava_2010s,Ukraine,60.4
Panagiotis Lagos,panagiotis lagos,Vorskla Poltava,vorskla poltava,2010s,Midfield - Left Midfield,17228,2740,2740_vorskla_poltava_2010s,Greece,58.6
Sergiy Silyuk,sergiy silyuk,Vorskla Poltava,vorskla poltava,2010s,Attack - Centre-Forward,41885,2740,2740_vorskla_poltava_2010s,Ukraine,58.6
Oleksandr Romanchuk,oleksandr romanchuk,Vorskla Poltava,vorskla poltava,2010s,Defender - Left-Back,59893,2740,2740_vorskla_poltava_2010s,Ukraine,58.6
Roman Kunev,roman kunev,Vorskla Poltava,vorskla poltava,2010s,Midfield - Right Midfield,97576,2740,2740_vorskla_poltava_2010s,Ukraine,58.6
Maksym Lavrenyuk,maksym lavrenyuk,Vorskla Poltava,vorskla poltava,2010s,Goalkeeper,107368,2740,2740_vorskla_poltava_2010s,Ukraine,58.6
Artur Zapadnya,artur zapadnya,Vorskla Poltava,vorskla poltava,2010s,Defender - Left-Back,111074,2740,2740_vorskla_poltava_2010s,Ukraine,58.6
Sergiy Chenbay,sergiy chenbay,Vorskla Poltava,vorskla poltava,2010s,Defender - Centre-Back,226014,2740,2740_vorskla_poltava_2010s,Ukraine,58.6
Sergiy Kosovskyi,sergiy kosovskyi,Vorskla Poltava,vorskla poltava,2010s,Midfield - Defensive Midfield,343316,2740,2740_vorskla_poltava_2010s,Ukraine,58.6
Bogdan Melnyk,bogdan melnyk,Vorskla Poltava,vorskla poltava,2010s,Defender - Right-Back,429099,2740,2740_vorskla_poltava_2010s,Ukraine,58.6
Yan Vichnyi,yan vichnyi,Vorskla Poltava,vorskla poltava,2010s,Goalkeeper,395068,2740,2740_vorskla_poltava_2010s,Ukraine,57.1
Yevgen Martynenko,yevgen martynenko,Vorskla Poltava,vorskla poltava,2010s,Defender - Centre-Back,292570,2740,2740_vorskla_poltava_2010s,Ukraine,56.7
Oleg Chuvaev,oleg chuvaev,Vorskla Poltava,vorskla poltava,2010s,Goalkeeper,43290,2740,2740_vorskla_poltava_2010s,Ukraine  Russia,51.2
Vadym Milko,vadym milko,Vorskla Poltava,vorskla poltava,2010s,Midfield - Central Midfield,58418,2740,2740_vorskla_poltava_2010s,Ukraine,51.2
Yevgen Opanasenko,yevgen opanasenko,Vorskla Poltava,vorskla poltava,2010s,Defender - Right-Back,86931,2740,2740_vorskla_poltava_2010s,Ukraine,51.2
Yevgen Pichkur,yevgen pichkur,Vorskla Poltava,vorskla poltava,2010s,Midfield - Left Midfield,89427,2740,2740_vorskla_poltava_2010s,Ukraine,51.2
Valeriy Kutsenko,valeriy kutsenko,Vorskla Poltava,vorskla poltava,2010s,Midfield - Attacking Midfield,91549,2740,2740_vorskla_poltava_2010s,Ukraine,51.2
Sergiy Loginov,sergiy loginov,Vorskla Poltava,vorskla poltava,2010s,Defender - Centre-Back,110688,2740,2740_vorskla_poltava_2010s,Ukraine,51.2
Danylo Kanevtsev,danylo kanevtsev,Vorskla Poltava,vorskla poltava,2010s,Goalkeeper,248930,2740,2740_vorskla_poltava_2010s,Ukraine,51.2
Valeriy Kurelekh,valeriy kurelekh,Vorskla Poltava,vorskla poltava,2010s,Defender - Centre-Back,252778,2740,2740_vorskla_poltava_2010s,Ukraine,51.2
Yuriy Glushchuk,yuriy glushchuk,Vorskla Poltava,vorskla poltava,2010s,Midfield - Central Midfield,272816,2740,2740_vorskla_poltava_2010s,Ukraine,51.2
Mykola Matvienko,mykola matvienko,Vorskla Poltava,vorskla poltava,2010s,Defender - Centre-Back,289059,2740,2740_vorskla_poltava_2010s,Ukraine,51.2
Maryan Mysyk,maryan mysyk,Vorskla Poltava,vorskla poltava,2010s,Midfield - Left Midfield,316945,2740,2740_vorskla_poltava_2010s,Ukraine,51.2
Dzhemal Kyzylatesh,dzhemal kyzylatesh,Vorskla Poltava,vorskla poltava,2010s,Midfield - Defensive Midfield,318361,2740,2740_vorskla_poltava_2010s,Ukraine  Türkiye,51.2
Maksym Marusych,maksym marusych,Vorskla Poltava,vorskla poltava,2010s,Attack - Centre-Forward,325386,2740,2740_vorskla_poltava_2010s,Ukraine,51.2
Bogdan Sichkaruk,bogdan sichkaruk,Vorskla Poltava,vorskla poltava,2010s,Attack - Centre-Forward,335192,2740,2740_vorskla_poltava_2010s,Ukraine,51.2
Tymur Pogranichnyi,tymur pogranichnyi,Vorskla Poltava,vorskla poltava,2010s,Midfield - Left Midfield,335193,2740,2740_vorskla_poltava_2010s,Ukraine,51.2
Yuriy Kozyrenko,yuriy kozyrenko,Vorskla Poltava,vorskla poltava,2010s,Attack - Right Winger,429157,2740,2740_vorskla_poltava_2010s,Ukraine,51.2
Pape-Alioune Ndiaye,pape alioune ndiaye,Vorskla Poltava,vorskla poltava,2010s,Defender - Centre-Back,433219,2740,2740_vorskla_poltava_2010s,France  Senegal,51.2
Taras Dmytruk,taras dmytruk,Vorskla Poltava,vorskla poltava,2010s,Defender - Right-Back,461654,2740,2740_vorskla_poltava_2010s,Ukraine,51.2
Maksym Melnychuk,maksym melnychuk,Vorskla Poltava,vorskla poltava,2010s,Defender - Left-Back,461666,2740,2740_vorskla_poltava_2010s,Ukraine,51.2
Andriy Stryzhak,andriy stryzhak,Vorskla Poltava,vorskla poltava,2010s,Midfield - Defensive Midfield,537853,2740,2740_vorskla_poltava_2010s,Ukraine,51.2
Bogdan Chuev,bogdan chuev,Vorskla Poltava,vorskla poltava,2010s,Defender - Centre-Back,539435,2740,2740_vorskla_poltava_2010s,Ukraine,51.2
Vadym Chervak,vadym chervak,Vorskla Poltava,vorskla poltava,2010s,Defender - Centre-Back,570537,2740,2740_vorskla_poltava_2010s,Ukraine,51.2
Vladyslav Sydorenko,vladyslav sydorenko,Vorskla Poltava,vorskla poltava,2010s,Defender - Right-Back,583354,2740,2740_vorskla_poltava_2010s,Ukraine,51.2
Artem Bilyi,artem bilyi,Vorskla Poltava,vorskla poltava,2010s,Midfield - Central Midfield,629531,2740,2740_vorskla_poltava_2010s,Ukraine,51.2
Pavlo Isenko,pavlo isenko,Vorskla Poltava,vorskla poltava,2010s,Goalkeeper,726033,2740,2740_vorskla_poltava_2010s,Ukraine,51.2
Artem Kulakovskyi,artem kulakovskyi,Vorskla Poltava,vorskla poltava,2010s,Midfield - Central Midfield,745252,2740,2740_vorskla_poltava_2010s,Ukraine,51.2
Kiril Fesyun,kiril fesyun,Vorskla Poltava,vorskla poltava,2010s,Goalkeeper,751977,2740,2740_vorskla_poltava_2010s,Ukraine,51.2
Valeriy Dubko,valeriy dubko,Vorskla Poltava,vorskla poltava,2010s,Defender - Centre-Back,787776,2740,2740_vorskla_poltava_2010s,Ukraine,51.2
Oleg Vlasov,oleg vlasov,Vorskla Poltava,vorskla poltava,2010s,Attack - Left Winger,789587,2740,2740_vorskla_poltava_2010s,Ukraine,51.2
Daniyil Semilet,daniyil semilet,Vorskla Poltava,vorskla poltava,2010s,Defender - Right-Back,791140,2740,2740_vorskla_poltava_2010s,Ukraine,51.2
Yan Kostenko,yan kostenko,Vorskla Poltava,vorskla poltava,2010s,Midfield - Left Midfield,794617,2740,2740_vorskla_poltava_2010s,Ukraine,51.2
Oleksandr Rykun,oleksandr rykun,Vorskla Poltava,vorskla poltava,2010s,Midfield - Attacking Midfield,24047,2740,2740_vorskla_poltava_2010s,Ukraine,45.6
Ruslan Stepanyuk,ruslan stepanyuk,Vorskla Poltava,vorskla poltava,2020s,Attack - Centre-Forward,222079,2740,2740_vorskla_poltava_2020s,Ukraine,93.1
Oleksandr Sklyar,oleksandr sklyar,Vorskla Poltava,vorskla poltava,2020s,Midfield - Central Midfield,91801,2740,2740_vorskla_poltava_2020s,Ukraine,89.2
Ibrahim Kane,ibrahim kane,Vorskla Poltava,vorskla poltava,2020s,Midfield - Right Midfield,543380,2740,2740_vorskla_poltava_2020s,Mali,87.8
Vladyslav Kulach,vladyslav kulach,Vorskla Poltava,vorskla poltava,2020s,Attack - Centre-Forward,167556,2740,2740_vorskla_poltava_2020s,Ukraine,83.9
Olivier Thill,olivier thill,Vorskla Poltava,vorskla poltava,2020s,Midfield - Attacking Midfield,287015,2740,2740_vorskla_poltava_2020s,Luxembourg,83.8
Artem Chelyadin,artem chelyadin,Vorskla Poltava,vorskla poltava,2020s,Midfield - Defensive Midfield,511909,2740,2740_vorskla_poltava_2020s,Ukraine,82.9
Taulant Seferi,taulant seferi,Vorskla Poltava,vorskla poltava,2020s,Attack - Centre-Forward,254985,2740,2740_vorskla_poltava_2020s,Albania  North Macedonia,82
Igor Perduta,igor perduta,Vorskla Poltava,vorskla poltava,2020s,Defender - Right-Back,201671,2740,2740_vorskla_poltava_2020s,Ukraine,81.4
Pavlo Isenko,pavlo isenko,Vorskla Poltava,vorskla poltava,2020s,Goalkeeper,726033,2740,2740_vorskla_poltava_2020s,Ukraine,78.5
Andriy Batsula,andriy batsula,Vorskla Poltava,vorskla poltava,2020s,Defender - Left-Back,310782,2740,2740_vorskla_poltava_2020s,Ukraine,76.7
Ivan Nesterenko,ivan nesterenko,Vorskla Poltava,vorskla poltava,2020s,Midfield - Attacking Midfield,887142,2740,2740_vorskla_poltava_2020s,Ukraine,76
Sergiy Myakushko,sergiy myakushko,Vorskla Poltava,vorskla poltava,2020s,Attack - Left Winger,193158,2740,2740_vorskla_poltava_2020s,Ukraine,75.8
Dmytro Riznyk,dmytro riznyk,Vorskla Poltava,vorskla poltava,2020s,Goalkeeper,597880,2740,2740_vorskla_poltava_2020s,Ukraine,75.3
Ilya Krupskyi,ilya krupskyi,Vorskla Poltava,vorskla poltava,2020s,Defender - Right-Back,889438,2740,2740_vorskla_poltava_2020s,Ukraine,74.9
Denys Ndukve,denys ndukve,Vorskla Poltava,vorskla poltava,2020s,Attack - Centre-Forward,808971,2740,2740_vorskla_poltava_2020s,Ukraine,74
Volodymyr Chesnakov,volodymyr chesnakov,Vorskla Poltava,vorskla poltava,2020s,Defender - Centre-Back,58930,2740,2740_vorskla_poltava_2020s,Ukraine,73.8
Felipe Rodrigues,felipe rodrigues,Vorskla Poltava,vorskla poltava,2020s,Defender - Right-Back,436833,2740,2740_vorskla_poltava_2020s,Brazil,73.8
Denys Oliynyk,denys oliynyk,Vorskla Poltava,vorskla poltava,2020s,Attack - Left Winger,57895,2740,2740_vorskla_poltava_2020s,Ukraine,73.5
David Puclin,david puclin,Vorskla Poltava,vorskla poltava,2020s,Midfield - Defensive Midfield,197078,2740,2740_vorskla_poltava_2020s,Croatia,73.5
Vasyl Kravets,vasyl kravets,Vorskla Poltava,vorskla poltava,2020s,Defender - Left-Back,245048,2740,2740_vorskla_poltava_2020s,Ukraine,73.2
Rangel,rangel,Vorskla Poltava,vorskla poltava,2020s,Attack - Centre-Forward,442784,2740,2740_vorskla_poltava_2020s,Brazil,72.9
Samson Iyede,samson iyede,Vorskla Poltava,vorskla poltava,2020s,Attack - Centre-Forward,421636,2740,2740_vorskla_poltava_2020s,Nigeria,72.6
Vladlen Yurchenko,vladlen yurchenko,Vorskla Poltava,vorskla poltava,2020s,Midfield - Attacking Midfield,157373,2740,2740_vorskla_poltava_2020s,Ukraine,72.2
Yevgen Pavlyuk,yevgen pavlyuk,Vorskla Poltava,vorskla poltava,2020s,Defender - Centre-Back,771914,2740,2740_vorskla_poltava_2020s,Ukraine,70.7
Viktor Korniyenko,viktor korniyenko,Vorskla Poltava,vorskla poltava,2020s,Defender - Left-Back,467243,2740,2740_vorskla_poltava_2020s,Ukraine,70.2
Danylo Kravchuk,danylo kravchuk,Vorskla Poltava,vorskla poltava,2020s,Attack - Centre-Forward,751363,2740,2740_vorskla_poltava_2020s,Ukraine,68.6
Ivan Pesic,ivan pesic,Vorskla Poltava,vorskla poltava,2020s,Attack - Left Winger,115133,2740,2740_vorskla_poltava_2020s,Croatia,67.4
Sergiy Yavorskyi,sergiy yavorskyi,Vorskla Poltava,vorskla poltava,2020s,Defender - Centre-Back,91479,2740,2740_vorskla_poltava_2020s,Ukraine,66
Dmytro Shcherbak,dmytro shcherbak,Vorskla Poltava,vorskla poltava,2020s,Midfield - Attacking Midfield,436379,2740,2740_vorskla_poltava_2020s,Ukraine,65.5
Andriy Kravchuk,andriy kravchuk,Vorskla Poltava,vorskla poltava,2020s,Midfield - Central Midfield,537859,2740,2740_vorskla_poltava_2020s,Ukraine,65.5
Daniil Khrypchuk,daniil khrypchuk,Vorskla Poltava,vorskla poltava,2020s,Defender - Centre-Back,884849,2740,2740_vorskla_poltava_2020s,Ukraine,65.5
Najeeb Yakubu,najeeb yakubu,Vorskla Poltava,vorskla poltava,2020s,Attack - Right Winger,543493,2740,2740_vorskla_poltava_2020s,Niger  Ghana,64.6
Amilcar Djau Codjovi,amilcar djau codjovi,Vorskla Poltava,vorskla poltava,2020s,Attack - Left Winger,624883,2740,2740_vorskla_poltava_2020s,Spain  England,64.6
Luizão,luizao,Vorskla Poltava,vorskla poltava,2020s,Midfield - Defensive Midfield,518723,2740,2740_vorskla_poltava_2020s,Brazil,63.6
Artem Kulakovskyi,artem kulakovskyi,Vorskla Poltava,vorskla poltava,2020s,Midfield - Central Midfield,745252,2740,2740_vorskla_poltava_2020s,Ukraine,62.9
Stanislav Prus,stanislav prus,Vorskla Poltava,vorskla poltava,2020s,Attack - Right Winger,965816,2740,2740_vorskla_poltava_2020s,Ukraine,62.9
Dmytro Chernysh,dmytro chernysh,Vorskla Poltava,vorskla poltava,2020s,Midfield - Central Midfield,1035982,2740,2740_vorskla_poltava_2020s,Ukraine,62.9
Joonas Tamm,joonas tamm,Vorskla Poltava,vorskla poltava,2020s,Defender - Centre-Back,111556,2740,2740_vorskla_poltava_2020s,Estonia,61.9
Giorgi Tsitaishvili,giorgi tsitaishvili,Vorskla Poltava,vorskla poltava,2020s,Attack - Right Winger,419067,2740,2740_vorskla_poltava_2020s,Georgia  Ukraine,61.9
Anton Glushchenko,anton glushchenko,Vorskla Poltava,vorskla poltava,2020s,Attack - Left Winger,717392,2740,2740_vorskla_poltava_2020s,Ukraine,61.9
Oleksandr Tkachenko,oleksandr tkachenko,Vorskla Poltava,vorskla poltava,2020s,Goalkeeper,174213,2740,2740_vorskla_poltava_2020s,Ukraine,61.1
Denys Vasin,denys vasin,Vorskla Poltava,vorskla poltava,2020s,Attack - Right Winger,49030,2740,2740_vorskla_poltava_2020s,Ukraine,60.4
Daniil Yermolov,daniil yermolov,Vorskla Poltava,vorskla poltava,2020s,Goalkeeper,572163,2740,2740_vorskla_poltava_2020s,Ukraine,58.6
Anton Salabay,anton salabay,Vorskla Poltava,vorskla poltava,2020s,Attack - Centre-Forward,892025,2740,2740_vorskla_poltava_2020s,Ukraine,57.5
Vladyslav Ostrovskyi,vladyslav ostrovskyi,Vorskla Poltava,vorskla poltava,2020s,Attack - Centre-Forward,965929,2740,2740_vorskla_poltava_2020s,Ukraine,57.4
Vadym Sapay,vadym sapay,Vorskla Poltava,vorskla poltava,2020s,Defender - Left-Back,59129,2740,2740_vorskla_poltava_2020s,Ukraine,51.2
Yevgen Opanasenko,yevgen opanasenko,Vorskla Poltava,vorskla poltava,2020s,Defender - Right-Back,86931,2740,2740_vorskla_poltava_2020s,Ukraine,51.2
Aderinsola Habib Eseola,aderinsola habib eseola,Vorskla Poltava,vorskla poltava,2020s,Attack - Centre-Forward,122361,2740,2740_vorskla_poltava_2020s,Ukraine  Nigeria,51.2
Oleksandr Chornomorets,oleksandr chornomorets,Vorskla Poltava,vorskla poltava,2020s,Defender - Left-Back,167555,2740,2740_vorskla_poltava_2020s,Ukraine,51.2
Bradley de Nooijer,bradley de nooijer,Vorskla Poltava,vorskla poltava,2020s,Defender - Left-Back,313741,2740,2740_vorskla_poltava_2020s,Netherlands  Suriname,51.2
Yevgeniy Pasich,yevgeniy pasich,Vorskla Poltava,vorskla poltava,2020s,Defender - Right-Back,315237,2740,2740_vorskla_poltava_2020s,Ukraine,51.2
Mykyta Tatarkov,mykyta tatarkov,Vorskla Poltava,vorskla poltava,2020s,Midfield - Attacking Midfield,321417,2740,2740_vorskla_poltava_2020s,Ukraine,51.2
Ennur Totre,ennur totre,Vorskla Poltava,vorskla poltava,2020s,Midfield - Central Midfield,345183,2740,2740_vorskla_poltava_2020s,North Macedonia  Albania,51.2
Valeriy Bondarenko,valeriy bondarenko,Vorskla Poltava,vorskla poltava,2020s,Defender - Centre-Back,365540,2740,2740_vorskla_poltava_2020s,Ukraine,51.2
Luka Gucek,luka gucek,Vorskla Poltava,vorskla poltava,2020s,Defender - Centre-Back,365779,2740,2740_vorskla_poltava_2020s,Slovenia,51.2
Ricardo Lopes,ricardo lopes,Vorskla Poltava,vorskla poltava,2020s,Attack - Left Winger,375226,2740,2740_vorskla_poltava_2020s,Brazil,51.2
Fernán Faerron,fernan faerron,Vorskla Poltava,vorskla poltava,2020s,Defender - Centre-Back,378520,2740,2740_vorskla_poltava_2020s,Costa Rica  United States,51.2
Bogdan Kushnirenko,bogdan kushnirenko,Vorskla Poltava,vorskla poltava,2020s,Midfield - Defensive Midfield,428603,2740,2740_vorskla_poltava_2020s,Ukraine,51.2
Yuriy Kozyrenko,yuriy kozyrenko,Vorskla Poltava,vorskla poltava,2020s,Attack - Right Winger,429157,2740,2740_vorskla_poltava_2020s,Ukraine,51.2
Maksym Melnychuk,maksym melnychuk,Vorskla Poltava,vorskla poltava,2020s,Defender - Left-Back,461666,2740,2740_vorskla_poltava_2020s,Ukraine,51.2
Rodel Richards,rodel richards,Vorskla Poltava,vorskla poltava,2020s,Attack - Centre-Forward,510432,2740,2740_vorskla_poltava_2020s,England,51.2
Sambou Sissoko,sambou sissoko,Vorskla Poltava,vorskla poltava,2020s,Midfield - Defensive Midfield,522791,2740,2740_vorskla_poltava_2020s,France  Mali,51.2
Vladyslav Vakula,vladyslav vakula,Vorskla Poltava,vorskla poltava,2020s,Attack - Left Winger,526578,2740,2740_vorskla_poltava_2020s,Ukraine,51.2
Oleksandr Kozhevnikov,oleksandr kozhevnikov,Vorskla Poltava,vorskla poltava,2020s,Attack - Right Winger,574215,2740,2740_vorskla_poltava_2020s,Ukraine,51.2
Milot Avdyli,milot avdyli,Vorskla Poltava,vorskla poltava,2020s,Midfield - Right Midfield,636756,2740,2740_vorskla_poltava_2020s,Kosovo,51.2
Ilya Gadzhuk,ilya gadzhuk,Vorskla Poltava,vorskla poltava,2020s,Midfield - Central Midfield,771911,2740,2740_vorskla_poltava_2020s,Ukraine,51.2
Valeriy Dubko,valeriy dubko,Vorskla Poltava,vorskla poltava,2020s,Defender - Centre-Back,787776,2740,2740_vorskla_poltava_2020s,Ukraine,51.2
Oleg Vlasov,oleg vlasov,Vorskla Poltava,vorskla poltava,2020s,Attack - Left Winger,789587,2740,2740_vorskla_poltava_2020s,Ukraine,51.2
Daniyil Semilet,daniyil semilet,Vorskla Poltava,vorskla poltava,2020s,Defender - Right-Back,791140,2740,2740_vorskla_poltava_2020s,Ukraine,51.2
Artur Ulyanytskyi,artur ulyanytskyi,Vorskla Poltava,vorskla poltava,2020s,Midfield - Defensive Midfield,892044,2740,2740_vorskla_poltava_2020s,Ukraine,51.2
Thiago Cunha,thiago cunha,Vorskla Poltava,vorskla poltava,2020s,Attack - Left Winger,973704,2740,2740_vorskla_poltava_2020s,Brazil,51.2
Pavlo Rebenok,pavlo rebenok,Vorskla Poltava,vorskla poltava,2020s,Midfield - Left Midfield,43359,2740,2740_vorskla_poltava_2020s,Ukraine,45.6
Pape-Alioune Ndiaye,pape alioune ndiaye,Vorskla Poltava,vorskla poltava,2020s,Defender - Centre-Back,433219,2740,2740_vorskla_poltava_2020s,France  Senegal,45.6
Vyacheslav Tereshchenko,vyacheslav tereshchenko,Obolon Kyiv (-2012),obolon kyiv 2012,2000s,Attack - Centre-Forward,27215,2742,2742_obolon_kyiv_2012_2000s,Ukraine,88.5
Oleg Mazurenko,oleg mazurenko,Obolon Kyiv (-2012),obolon kyiv 2012,2000s,Midfield - Right Midfield,27182,2742,2742_obolon_kyiv_2012_2000s,Ukraine,85
Igor Prodan,igor prodan,Obolon Kyiv (-2012),obolon kyiv 2012,2000s,Attack - Centre-Forward,167028,2742,2742_obolon_kyiv_2012_2000s,Ukraine,83.3
Valeriy Kutsenko,valeriy kutsenko,Obolon Kyiv (-2012),obolon kyiv 2012,2000s,Midfield - Attacking Midfield,91549,2742,2742_obolon_kyiv_2012_2000s,Ukraine,79.3
Vitaliy Kobzar,vitaliy kobzar,Obolon Kyiv (-2012),obolon kyiv 2012,2000s,Midfield,369492,2742,2742_obolon_kyiv_2012_2000s,Kyrgyzstan  Ukraine,76.5
Pavlo Kutas,pavlo kutas,Obolon Kyiv (-2012),obolon kyiv 2012,2000s,Defender - Right-Back,27172,2742,2742_obolon_kyiv_2012_2000s,Ukraine,76.2
Dmytro Karyaka,dmytro karyaka,Obolon Kyiv (-2012),obolon kyiv 2012,2000s,Midfield,855951,2742,2742_obolon_kyiv_2012_2000s,Ukraine,75.8
Vsevolod Romanenko,vsevolod romanenko,Obolon Kyiv (-2012),obolon kyiv 2012,2000s,Goalkeeper,27204,2742,2742_obolon_kyiv_2012_2000s,Ukraine,75.7
Sergiy Kovalets,sergiy kovalets,Obolon Kyiv (-2012),obolon kyiv 2012,2000s,Midfield - Attacking Midfield,107039,2742,2742_obolon_kyiv_2012_2000s,Ukraine,74.9
Vyacheslav Nivinskyi,vyacheslav nivinskyi,Obolon Kyiv (-2012),obolon kyiv 2012,2000s,Defender - Centre-Back,91550,2742,2742_obolon_kyiv_2012_2000s,Ukraine,73.2
Roman Oliynyk,roman oliynyk,Obolon Kyiv (-2012),obolon kyiv 2012,2000s,Defender,855963,2742,2742_obolon_kyiv_2012_2000s,Ukraine,72.2
Oleksandr Grebenozhko,oleksandr grebenozhko,Obolon Kyiv (-2012),obolon kyiv 2012,2000s,Attack,126621,2742,2742_obolon_kyiv_2012_2000s,Ukraine,69.6
Andriy Dragolyuk,andriy dragolyuk,Obolon Kyiv (-2012),obolon kyiv 2012,2000s,Attack - Second Striker,145909,2742,2742_obolon_kyiv_2012_2000s,Ukraine,69.1
Sergiy Konyushenko,sergiy konyushenko,Obolon Kyiv (-2012),obolon kyiv 2012,2000s,Defender - Right-Back,27160,2742,2742_obolon_kyiv_2012_2000s,Ukraine,68.6
Andriy Tovt,andriy tovt,Obolon Kyiv (-2012),obolon kyiv 2012,2000s,Goalkeeper,27216,2742,2742_obolon_kyiv_2012_2000s,Ukraine,68.2
Volodymyr Chernikov,volodymyr chernikov,Obolon Kyiv (-2012),obolon kyiv 2012,2000s,Midfield - Defensive Midfield,27192,2742,2742_obolon_kyiv_2012_2000s,Ukraine,67.4
Dmytro Gololobov,dmytro gololobov,Obolon Kyiv (-2012),obolon kyiv 2012,2000s,Defender - Centre-Back,91352,2742,2742_obolon_kyiv_2012_2000s,Ukraine,67.4
Yevgen Sukhyna,yevgen sukhyna,Obolon Kyiv (-2012),obolon kyiv 2012,2000s,Goalkeeper,855965,2742,2742_obolon_kyiv_2012_2000s,Ukraine,66.7
Sergiy Yavorskyi,sergiy yavorskyi,Obolon Kyiv (-2012),obolon kyiv 2012,2000s,Defender - Centre-Back,91479,2742,2742_obolon_kyiv_2012_2000s,Ukraine,66.3
Igor Skoba,igor skoba,Obolon Kyiv (-2012),obolon kyiv 2012,2000s,Midfield - Central Midfield,12064,2742,2742_obolon_kyiv_2012_2000s,Ukraine  Russia,65.5
Pavlo Onysko,pavlo onysko,Obolon Kyiv (-2012),obolon kyiv 2012,2000s,Attack - Centre-Forward,91474,2742,2742_obolon_kyiv_2012_2000s,Ukraine,64.6
Denys Boyko,denys boyko,Obolon Kyiv (-2012),obolon kyiv 2012,2000s,Goalkeeper,91931,2742,2742_obolon_kyiv_2012_2000s,Ukraine,64.1
Roman Litovchak,roman litovchak,Obolon Kyiv (-2012),obolon kyiv 2012,2000s,Midfield,95691,2742,2742_obolon_kyiv_2012_2000s,Ukraine,63.6
Volodymyr Krokhmal,volodymyr krokhmal,Obolon Kyiv (-2012),obolon kyiv 2012,2000s,Defender - Right-Back,27169,2742,2742_obolon_kyiv_2012_2000s,Ukraine,62.9
Vladyslav Korobkin,vladyslav korobkin,Obolon Kyiv (-2012),obolon kyiv 2012,2000s,Attack - Centre-Forward,156025,2742,2742_obolon_kyiv_2012_2000s,Ukraine,62.9
Mykhaylo Slobodyan,mykhaylo slobodyan,Obolon Kyiv (-2012),obolon kyiv 2012,2000s,Attack,855983,2742,2742_obolon_kyiv_2012_2000s,Ukraine,62.9
Sergiy Motuz,sergiy motuz,Obolon Kyiv (-2012),obolon kyiv 2012,2000s,Attack - Centre-Forward,24042,2742,2742_obolon_kyiv_2012_2000s,Ukraine,61.9
Ivan Kotenko,ivan kotenko,Obolon Kyiv (-2012),obolon kyiv 2012,2000s,Midfield - Left Midfield,25861,2742,2742_obolon_kyiv_2012_2000s,Ukraine,61.9
Mykola Morozyuk,mykola morozyuk,Obolon Kyiv (-2012),obolon kyiv 2012,2000s,Defender - Right-Back,59389,2742,2742_obolon_kyiv_2012_2000s,Ukraine,60.4
Sergiy Ditkovskyi,sergiy ditkovskyi,Obolon Kyiv (-2012),obolon kyiv 2012,2000s,Attack - Centre-Forward,86343,2742,2742_obolon_kyiv_2012_2000s,Ukraine,60.4
Oleksiy Oleshko,oleksiy oleshko,Obolon Kyiv (-2012),obolon kyiv 2012,2000s,Midfield,855982,2742,2742_obolon_kyiv_2012_2000s,Ukraine,60.4
Volodymyr Tsytkin,volodymyr tsytkin,Obolon Kyiv (-2012),obolon kyiv 2012,2000s,Goalkeeper,494527,2742,2742_obolon_kyiv_2012_2000s,Ukraine  Israel,58.6
Roman Kozerenko,roman kozerenko,Obolon Kyiv (-2012),obolon kyiv 2012,2000s,Midfield,894515,2742,2742_obolon_kyiv_2012_2000s,Ukraine,58.6
Oleksandr Rybka,oleksandr rybka,Obolon Kyiv (-2012),obolon kyiv 2012,2000s,Goalkeeper,19619,2742,2742_obolon_kyiv_2012_2000s,Ukraine,57.1
Denys Sokolovskyi,denys sokolovskyi,Obolon Kyiv (-2012),obolon kyiv 2012,2000s,Midfield - Attacking Midfield,20918,2742,2742_obolon_kyiv_2012_2000s,Ukraine,51.2
Oleg Karamushka,oleg karamushka,Obolon Kyiv (-2012),obolon kyiv 2012,2000s,Defender - Centre-Back,27191,2742,2742_obolon_kyiv_2012_2000s,Ukraine,51.2
Andriy Kornev,andriy kornev,Obolon Kyiv (-2012),obolon kyiv 2012,2000s,Midfield - Defensive Midfield,43330,2742,2742_obolon_kyiv_2012_2000s,Ukraine,51.2
Yuriy Tselykh,yuriy tselykh,Obolon Kyiv (-2012),obolon kyiv 2012,2000s,Attack - Centre-Forward,58255,2742,2742_obolon_kyiv_2012_2000s,Ukraine,51.2
Marian Marushchak,marian marushchak,Obolon Kyiv (-2012),obolon kyiv 2012,2000s,Goalkeeper,81633,2742,2742_obolon_kyiv_2012_2000s,Ukraine,51.2
Yuriy Sak,yuriy sak,Obolon Kyiv (-2012),obolon kyiv 2012,2000s,Midfield - Defensive Midfield,86933,2742,2742_obolon_kyiv_2012_2000s,Ukraine,51.2
Ruslan Yermolenko,ruslan yermolenko,Obolon Kyiv (-2012),obolon kyiv 2012,2000s,Midfield - Central Midfield,91245,2742,2742_obolon_kyiv_2012_2000s,Ukraine,51.2
Igor Plastun,igor plastun,Obolon Kyiv (-2012),obolon kyiv 2012,2000s,Defender - Centre-Back,97335,2742,2742_obolon_kyiv_2012_2000s,Ukraine  Bulgaria,51.2
Ruslan Vasylkiv,ruslan vasylkiv,Obolon Kyiv (-2012),obolon kyiv 2012,2000s,Defender,123760,2742,2742_obolon_kyiv_2012_2000s,Ukraine,51.2
Sergiy Zuevych,sergiy zuevych,Obolon Kyiv (-2012),obolon kyiv 2012,2000s,Midfield - Central Midfield,130908,2742,2742_obolon_kyiv_2012_2000s,Ukraine,51.2
Oleg Tymchyshyn,oleg tymchyshyn,Obolon Kyiv (-2012),obolon kyiv 2012,2000s,Defender,133461,2742,2742_obolon_kyiv_2012_2000s,Ukraine,51.2
Oleksandr Burdin,oleksandr burdin,Obolon Kyiv (-2012),obolon kyiv 2012,2000s,Midfield,217090,2742,2742_obolon_kyiv_2012_2000s,Ukraine,51.2
Andriy Boryachynskyi,andriy boryachynskyi,Obolon Kyiv (-2012),obolon kyiv 2012,2000s,Goalkeeper,855956,2742,2742_obolon_kyiv_2012_2000s,Ukraine,51.2
Oleksandr Sobkovych,oleksandr sobkovych,Obolon Kyiv (-2012),obolon kyiv 2012,2000s,Midfield - Central Midfield,855964,2742,2742_obolon_kyiv_2012_2000s,Ukraine,51.2
Yevgen Yastrebinskyi,yevgen yastrebinskyi,Obolon Kyiv (-2012),obolon kyiv 2012,2000s,Midfield - Attacking Midfield,855970,2742,2742_obolon_kyiv_2012_2000s,Ukraine,51.2
Yuriy Shevchuk,yuriy shevchuk,Obolon Kyiv (-2012),obolon kyiv 2012,2000s,Midfield,858258,2742,2742_obolon_kyiv_2012_2000s,Ukraine,51.2
Vadym Panas,vadym panas,Obolon Kyiv (-2012),obolon kyiv 2012,2010s,Midfield - Attacking Midfield,82620,2742,2742_obolon_kyiv_2012_2010s,Ukraine,73.2
Ivan Kotenko,ivan kotenko,Obolon Kyiv (-2012),obolon kyiv 2012,2010s,Midfield - Left Midfield,25861,2742,2742_obolon_kyiv_2012_2010s,Ukraine,70.2
Igor Plastun,igor plastun,Obolon Kyiv (-2012),obolon kyiv 2012,2010s,Defender - Centre-Back,97335,2742,2742_obolon_kyiv_2012_2010s,Ukraine  Bulgaria,67.9
Igor Berezovskyi,igor berezovskyi,Obolon Kyiv (-2012),obolon kyiv 2012,2010s,Goalkeeper,181763,2742,2742_obolon_kyiv_2012_2010s,Ukraine,66.7
Valentyn Slyusar,valentyn slyusar,Obolon Kyiv (-2012),obolon kyiv 2012,2010s,Midfield - Defensive Midfield,42660,2742,2742_obolon_kyiv_2012_2010s,Ukraine,66
Oleksandr Rybka,oleksandr rybka,Obolon Kyiv (-2012),obolon kyiv 2012,2010s,Goalkeeper,19619,2742,2742_obolon_kyiv_2012_2010s,Ukraine,65.5
Pavlo Kutas,pavlo kutas,Obolon Kyiv (-2012),obolon kyiv 2012,2010s,Defender - Right-Back,27172,2742,2742_obolon_kyiv_2012_2010s,Ukraine,65.5
Kostyantyn Makhnovskyi,kostyantyn makhnovskyi,Obolon Kyiv (-2012),obolon kyiv 2012,2010s,Goalkeeper,69581,2742,2742_obolon_kyiv_2012_2010s,Ukraine,65.5
Vadym Sapay,vadym sapay,Obolon Kyiv (-2012),obolon kyiv 2012,2010s,Defender - Left-Back,59129,2742,2742_obolon_kyiv_2012_2010s,Ukraine,64.6
Vitaliy Reva,vitaliy reva,Obolon Kyiv (-2012),obolon kyiv 2012,2010s,Goalkeeper,9779,2742,2742_obolon_kyiv_2012_2010s,Ukraine,58.6
Yuriy Yakovenko,yuriy yakovenko,Obolon Kyiv (-2012),obolon kyiv 2012,2010s,Attack - Centre-Forward,136054,2742,2742_obolon_kyiv_2012_2010s,Ukraine,58.6
Andriy Kornev,andriy kornev,Obolon Kyiv (-2012),obolon kyiv 2012,2010s,Midfield - Defensive Midfield,43330,2742,2742_obolon_kyiv_2012_2010s,Ukraine,56.7
William Batista,william batista,Obolon Kyiv (-2012),obolon kyiv 2012,2010s,Attack - Centre-Forward,25563,2742,2742_obolon_kyiv_2012_2010s,Brazil,51.2
Oleg Mazurenko,oleg mazurenko,Obolon Kyiv (-2012),obolon kyiv 2012,2010s,Midfield - Right Midfield,27182,2742,2742_obolon_kyiv_2012_2010s,Ukraine,51.2
Oleg Karamushka,oleg karamushka,Obolon Kyiv (-2012),obolon kyiv 2012,2010s,Defender - Centre-Back,27191,2742,2742_obolon_kyiv_2012_2010s,Ukraine,51.2
Vyacheslav Turchanov,vyacheslav turchanov,Obolon Kyiv (-2012),obolon kyiv 2012,2010s,Midfield - Defensive Midfield,58980,2742,2742_obolon_kyiv_2012_2010s,Ukraine,51.2
Sergiy Barilko,sergiy barilko,Obolon Kyiv (-2012),obolon kyiv 2012,2010s,Midfield - Right Midfield,59407,2742,2742_obolon_kyiv_2012_2010s,Ukraine,51.2
Yaroslav Zakharevych,yaroslav zakharevych,Obolon Kyiv (-2012),obolon kyiv 2012,2010s,Midfield - Left Midfield,59924,2742,2742_obolon_kyiv_2012_2010s,Ukraine,51.2
Anton Shendrik,anton shendrik,Obolon Kyiv (-2012),obolon kyiv 2012,2010s,Defender - Centre-Back,91312,2742,2742_obolon_kyiv_2012_2010s,Russia  Ukraine,51.2
Kyrylo Kovalets,kyrylo kovalets,Obolon Kyiv (-2012),obolon kyiv 2012,2010s,Midfield - Attacking Midfield,140676,2742,2742_obolon_kyiv_2012_2010s,Ukraine,51.2
Sergiy Myakushko,sergiy myakushko,Obolon Kyiv (-2012),obolon kyiv 2012,2010s,Attack - Left Winger,193158,2742,2742_obolon_kyiv_2012_2010s,Ukraine,51.2
Ruslan Kostyshyn,ruslan kostyshyn,CSKA Kyiv,cska kyiv,1990s,Midfield - Attacking Midfield,24025,2744,2744_cska_kyiv_1990s,Ukraine,82.8
Vitaliy Reva,vitaliy reva,CSKA Kyiv,cska kyiv,1990s,Goalkeeper,9779,2744,2744_cska_kyiv_1990s,Ukraine,80.9
Oleksiy Oliynyk,oleksiy oliynyk,CSKA Kyiv,cska kyiv,1990s,Midfield - Left Midfield,42656,2744,2744_cska_kyiv_1990s,Ukraine,80.7
Yakiv Kripak,yakiv kripak,CSKA Kyiv,cska kyiv,1990s,Attack - Centre-Forward,418361,2744,2744_cska_kyiv_1990s,Ukraine,77.7
Andrey Karyaka,andrey karyaka,CSKA Kyiv,cska kyiv,1990s,Attack - Left Winger,15907,2744,2744_cska_kyiv_1990s,Russia  Ukraine,74.6
Anatoliy Balatskiy,anatoliy balatskiy,CSKA Kyiv,cska kyiv,1990s,Defender - Right-Back,494569,2744,2744_cska_kyiv_1990s,Ukraine,67
Oleksandr Goryainov,oleksandr goryainov,CSKA Kyiv,cska kyiv,1990s,Goalkeeper,42631,2744,2744_cska_kyiv_1990s,Ukraine,58.6
Sergiy Dolganskyi,sergiy dolganskyi,CSKA Kyiv,cska kyiv,1990s,Goalkeeper,24004,2744,2744_cska_kyiv_1990s,Ukraine,51.2
Volodymyr Ovsienko,volodymyr ovsienko,CSKA Kyiv,cska kyiv,1990s,Goalkeeper,91475,2744,2744_cska_kyiv_1990s,Ukraine,51.2
Oleksandr Sobkovych,oleksandr sobkovych,CSKA Kyiv,cska kyiv,1990s,Midfield - Central Midfield,855964,2744,2744_cska_kyiv_1990s,Ukraine,51.2
Ruslan Kostyshyn,ruslan kostyshyn,CSKA Kyiv,cska kyiv,2000s,Midfield - Attacking Midfield,24025,2744,2744_cska_kyiv_2000s,Ukraine,75.8
Vitaliy Reva,vitaliy reva,CSKA Kyiv,cska kyiv,2000s,Goalkeeper,9779,2744,2744_cska_kyiv_2000s,Ukraine,68.2
Vyacheslav Kernozenko,vyacheslav kernozenko,CSKA Kyiv,cska kyiv,2000s,Goalkeeper,24022,2744,2744_cska_kyiv_2000s,Ukraine,61.1
Sergiy Dolganskyi,sergiy dolganskyi,CSKA Kyiv,cska kyiv,2000s,Goalkeeper,24004,2744,2744_cska_kyiv_2000s,Ukraine,51.2
Sergiy Ditkovskyi,sergiy ditkovskyi,CSKA Kyiv,cska kyiv,2000s,Attack - Centre-Forward,86343,2744,2744_cska_kyiv_2000s,Ukraine,51.2
Sergiy Dranov,sergiy dranov,Metalurg Donetsk (- 2015),metalurg donetsk 2015,1990s,Attack - Centre-Forward,92464,2783,2783_metalurg_donetsk__2015_1990s,Ukraine,75.6
Yuriy Virt,yuriy virt,Metalurg Donetsk (- 2015),metalurg donetsk 2015,1990s,Goalkeeper,24063,2783,2783_metalurg_donetsk__2015_1990s,Ukraine,74.9
Andriy Zavyalov,andriy zavyalov,Metalurg Donetsk (- 2015),metalurg donetsk 2015,1990s,Midfield - Central Midfield,514030,2783,2783_metalurg_donetsk__2015_1990s,Turkmenistan  Ukraine,74.6
Oleg Shelayev,oleg shelayev,Metalurg Donetsk (- 2015),metalurg donetsk 2015,1990s,Midfield - Defensive Midfield,24054,2783,2783_metalurg_donetsk__2015_1990s,Ukraine,73.8
Andriy Spevak,andriy spevak,Metalurg Donetsk (- 2015),metalurg donetsk 2015,1990s,Midfield - Central Midfield,168988,2783,2783_metalurg_donetsk__2015_1990s,Ukraine,72.9
Valentyn Slyusar,valentyn slyusar,Metalurg Donetsk (- 2015),metalurg donetsk 2015,1990s,Midfield - Defensive Midfield,42660,2783,2783_metalurg_donetsk__2015_1990s,Ukraine,72.2
Denys Sokolovskyi,denys sokolovskyi,Metalurg Donetsk (- 2015),metalurg donetsk 2015,1990s,Midfield - Attacking Midfield,20918,2783,2783_metalurg_donetsk__2015_1990s,Ukraine,70.2
Yakiv Kripak,yakiv kripak,Metalurg Donetsk (- 2015),metalurg donetsk 2015,1990s,Attack - Centre-Forward,418361,2783,2783_metalurg_donetsk__2015_1990s,Ukraine,61.9
Yuriy Danchenko,yuriy danchenko,Metalurg Donetsk (- 2015),metalurg donetsk 2015,1990s,Defender - Left-Back,91704,2783,2783_metalurg_donetsk__2015_1990s,Ukraine,60.4
Roman Oliynyk,roman oliynyk,Metalurg Donetsk (- 2015),metalurg donetsk 2015,1990s,Defender,855963,2783,2783_metalurg_donetsk__2015_1990s,Ukraine,58.6
Andriy Klymenko,andriy klymenko,Metalurg Donetsk (- 2015),metalurg donetsk 2015,1990s,Midfield,882875,2783,2783_metalurg_donetsk__2015_1990s,Ukraine,51.2
Andrés Mendoza,andres mendoza,Metalurg Donetsk (- 2015),metalurg donetsk 2015,2000s,Attack - Centre-Forward,9650,2783,2783_metalurg_donetsk__2015_2000s,Peru  Belgium,87.7
Ricardo Fernandes,ricardo fernandes,Metalurg Donetsk (- 2015),metalurg donetsk 2015,2000s,Midfield - Attacking Midfield,9833,2783,2783_metalurg_donetsk__2015_2000s,Portugal,84.5
Henrikh Mkhitaryan,henrikh mkhitaryan,Metalurg Donetsk (- 2015),metalurg donetsk 2015,2000s,Midfield - Central Midfield,55735,2783,2783_metalurg_donetsk__2015_2000s,Armenia,82.4
Sergiy Dranov,sergiy dranov,Metalurg Donetsk (- 2015),metalurg donetsk 2015,2000s,Attack - Centre-Forward,92464,2783,2783_metalurg_donetsk__2015_2000s,Ukraine,82.4
Mário Sérgio,mario sergio,Metalurg Donetsk (- 2015),metalurg donetsk 2015,2000s,Defender - Right-Back,14513,2783,2783_metalurg_donetsk__2015_2000s,Portugal,80.9
Bratislav Ristic,bratislav ristic,Metalurg Donetsk (- 2015),metalurg donetsk 2015,2000s,Attack - Right Winger,24048,2783,2783_metalurg_donetsk__2015_2000s,Serbia  Belgium,80.8
Yuriy Virt,yuriy virt,Metalurg Donetsk (- 2015),metalurg donetsk 2015,2000s,Goalkeeper,24063,2783,2783_metalurg_donetsk__2015_2000s,Ukraine,80
Yaya Touré,yaya toure,Metalurg Donetsk (- 2015),metalurg donetsk 2015,2000s,Midfield - Central Midfield,13091,2783,2783_metalurg_donetsk__2015_2000s,Cote d'Ivoire  England,74.9
Zézéto,zezeto,Metalurg Donetsk (- 2015),metalurg donetsk 2015,2000s,Attack - Right Winger,13758,2783,2783_metalurg_donetsk__2015_2000s,Cote d'Ivoire,74.2
Igor Gjuzelov,igor gjuzelov,Metalurg Donetsk (- 2015),metalurg donetsk 2015,2000s,Defender - Centre-Back,24013,2783,2783_metalurg_donetsk__2015_2000s,North Macedonia  Belgium,74
Rubén Gomez,ruben gomez,Metalurg Donetsk (- 2015),metalurg donetsk 2015,2000s,Midfield - Central Midfield,24008,2783,2783_metalurg_donetsk__2015_2000s,Argentina,73.5
Volodymyr Ponomarenko,volodymyr ponomarenko,Metalurg Donetsk (- 2015),metalurg donetsk 2015,2000s,Midfield - Right Midfield,92466,2783,2783_metalurg_donetsk__2015_2000s,Ukraine,72.6
Yevgen Kotov,yevgen kotov,Metalurg Donetsk (- 2015),metalurg donetsk 2015,2000s,Defender - Centre-Back,98479,2783,2783_metalurg_donetsk__2015_2000s,Ukraine,71.5
Yuriy Seleznyov,yuriy seleznyov,Metalurg Donetsk (- 2015),metalurg donetsk 2015,2000s,Midfield - Central Midfield,92461,2783,2783_metalurg_donetsk__2015_2000s,Ukraine,70.7
Sergio Pacheco,sergio pacheco,Metalurg Donetsk (- 2015),metalurg donetsk 2015,2000s,Midfield - Attacking Midfield,3953,2783,2783_metalurg_donetsk__2015_2000s,Brazil,70.2
Oleksiy Polyanskyi,oleksiy polyanskyi,Metalurg Donetsk (- 2015),metalurg donetsk 2015,2000s,Defender - Centre-Back,49018,2783,2783_metalurg_donetsk__2015_2000s,Ukraine,69.1
Haruna Babangida,haruna babangida,Metalurg Donetsk (- 2015),metalurg donetsk 2015,2000s,Attack - Right Winger,8139,2783,2783_metalurg_donetsk__2015_2000s,Nigeria  Spain,67.9
Marian Aliuta,marian aliuta,Metalurg Donetsk (- 2015),metalurg donetsk 2015,2000s,Midfield - Attacking Midfield,28532,2783,2783_metalurg_donetsk__2015_2000s,Romania,66.3
Oleksandr Kucher,oleksandr kucher,Metalurg Donetsk (- 2015),metalurg donetsk 2015,2000s,Defender - Centre-Back,44357,2783,2783_metalurg_donetsk__2015_2000s,Ukraine,66.3
Sergiy Dolganskyi,sergiy dolganskyi,Metalurg Donetsk (- 2015),metalurg donetsk 2015,2000s,Goalkeeper,24004,2783,2783_metalurg_donetsk__2015_2000s,Ukraine,65.5
Paulo Ramos Vogt,paulo ramos vogt,Metalurg Donetsk (- 2015),metalurg donetsk 2015,2000s,Attack - Centre-Forward,19728,2783,2783_metalurg_donetsk__2015_2000s,Brazil  Portugal,64.6
Fabinho,fabinho,Metalurg Donetsk (- 2015),metalurg donetsk 2015,2000s,Midfield - Central Midfield,53232,2783,2783_metalurg_donetsk__2015_2000s,Brazil,64.6
Marcinho Guerreiro,marcinho guerreiro,Metalurg Donetsk (- 2015),metalurg donetsk 2015,2000s,Midfield - Defensive Midfield,15651,2783,2783_metalurg_donetsk__2015_2000s,Brazil  Italy,63.6
Dani Fernández,dani fernandez,Metalurg Donetsk (- 2015),metalurg donetsk 2015,2000s,Defender - Right-Back,10183,2783,2783_metalurg_donetsk__2015_2000s,Spain,62.9
Anthony Alegbe,anthony alegbe,Metalurg Donetsk (- 2015),metalurg donetsk 2015,2000s,Defender - Centre-Back,32627,2783,2783_metalurg_donetsk__2015_2000s,Nigeria,62.9
Aílton,ailton,Metalurg Donetsk (- 2015),metalurg donetsk 2015,2000s,Attack - Centre-Forward,516,2783,2783_metalurg_donetsk__2015_2000s,Brazil,61.9
Andriy Zavyalov,andriy zavyalov,Metalurg Donetsk (- 2015),metalurg donetsk 2015,2000s,Midfield - Central Midfield,514030,2783,2783_metalurg_donetsk__2015_2000s,Turkmenistan  Ukraine,61.9
Andriy Berezovchuk,andriy berezovchuk,Metalurg Donetsk (- 2015),metalurg donetsk 2015,2000s,Defender - Centre-Back,57971,2783,2783_metalurg_donetsk__2015_2000s,Ukraine,60.4
Yuriy Danchenko,yuriy danchenko,Metalurg Donetsk (- 2015),metalurg donetsk 2015,2000s,Defender - Left-Back,91704,2783,2783_metalurg_donetsk__2015_2000s,Ukraine,60.4
Denys Andrienko,denys andrienko,Metalurg Donetsk (- 2015),metalurg donetsk 2015,2000s,Defender - Left-Back,23990,2783,2783_metalurg_donetsk__2015_2000s,Ukraine,58.6
Giorgi Gakhokidze,giorgi gakhokidze,Metalurg Donetsk (- 2015),metalurg donetsk 2015,2000s,Attack - Left Winger,4356,2783,2783_metalurg_donetsk__2015_2000s,Georgia,51.2
Igor Lolo,igor lolo,Metalurg Donetsk (- 2015),metalurg donetsk 2015,2000s,Defender - Right-Back,15796,2783,2783_metalurg_donetsk__2015_2000s,Cote d'Ivoire,51.2
Chavdar Yankov,chavdar yankov,Metalurg Donetsk (- 2015),metalurg donetsk 2015,2000s,Midfield - Central Midfield,16566,2783,2783_metalurg_donetsk__2015_2000s,Bulgaria,51.2
Vyacheslav Shevchuk,vyacheslav shevchuk,Metalurg Donetsk (- 2015),metalurg donetsk 2015,2000s,Defender - Left-Back,25820,2783,2783_metalurg_donetsk__2015_2000s,Ukraine,51.2
Volodymyr Romanenko,volodymyr romanenko,Metalurg Donetsk (- 2015),metalurg donetsk 2015,2000s,Midfield - Defensive Midfield,25869,2783,2783_metalurg_donetsk__2015_2000s,Ukraine,51.2
Sergiy Dmytriev,sergiy dmytriev,Metalurg Donetsk (- 2015),metalurg donetsk 2015,2000s,Attack - Left Winger,57997,2783,2783_metalurg_donetsk__2015_2000s,Ukraine  Russia,51.2
Vitaliy Gavrysh,vitaliy gavrysh,Metalurg Donetsk (- 2015),metalurg donetsk 2015,2000s,Defender - Centre-Back,59038,2783,2783_metalurg_donetsk__2015_2000s,Ukraine,51.2
Vadym Sapay,vadym sapay,Metalurg Donetsk (- 2015),metalurg donetsk 2015,2000s,Defender - Left-Back,59129,2783,2783_metalurg_donetsk__2015_2000s,Ukraine,51.2
Dmitriy Nepogodov,dmitriy nepogodov,Metalurg Donetsk (- 2015),metalurg donetsk 2015,2000s,Goalkeeper,77847,2783,2783_metalurg_donetsk__2015_2000s,Kazakhstan  Ukraine,51.2
Ivan Kryvosheenko,ivan kryvosheenko,Metalurg Donetsk (- 2015),metalurg donetsk 2015,2000s,Midfield - Right Midfield,86502,2783,2783_metalurg_donetsk__2015_2000s,Ukraine,51.2
Anton Izvekov,anton izvekov,Metalurg Donetsk (- 2015),metalurg donetsk 2015,2000s,Midfield,91354,2783,2783_metalurg_donetsk__2015_2000s,Ukraine,51.2
Oleg Mishchenko,oleg mishchenko,Metalurg Donetsk (- 2015),metalurg donetsk 2015,2000s,Attack - Right Winger,91450,2783,2783_metalurg_donetsk__2015_2000s,Ukraine,51.2
Vitaliy Abramov,vitaliy abramov,Metalurg Donetsk (- 2015),metalurg donetsk 2015,2000s,Midfield - Attacking Midfield,109647,2783,2783_metalurg_donetsk__2015_2000s,Kazakhstan  Russia,51.2
Andriy Skarlosh,andriy skarlosh,Metalurg Donetsk (- 2015),metalurg donetsk 2015,2000s,Midfield - Attacking Midfield,183706,2783,2783_metalurg_donetsk__2015_2000s,Ukraine,51.2
Yakiv Kripak,yakiv kripak,Metalurg Donetsk (- 2015),metalurg donetsk 2015,2000s,Attack - Centre-Forward,418361,2783,2783_metalurg_donetsk__2015_2000s,Ukraine,51.2
Andriy Gavryushov,andriy gavryushov,Metalurg Donetsk (- 2015),metalurg donetsk 2015,2000s,Defender - Right-Back,59039,2783,2783_metalurg_donetsk__2015_2000s,Ukraine,45.6
Júnior Moraes,junior moraes,Metalurg Donetsk (- 2015),metalurg donetsk 2015,2010s,Attack - Centre-Forward,52915,2783,2783_metalurg_donetsk__2015_2010s,Ukraine  Brazil,92.5
Mykola Morozyuk,mykola morozyuk,Metalurg Donetsk (- 2015),metalurg donetsk 2015,2010s,Defender - Right-Back,59389,2783,2783_metalurg_donetsk__2015_2010s,Ukraine,87.8
Gregory Nelson,gregory nelson,Metalurg Donetsk (- 2015),metalurg donetsk 2015,2010s,Attack - Right Winger,60324,2783,2783_metalurg_donetsk__2015_2010s,Netherlands  Suriname,81.2
Oleksandr Bandura,oleksandr bandura,Metalurg Donetsk (- 2015),metalurg donetsk 2015,2010s,Goalkeeper,85969,2783,2783_metalurg_donetsk__2015_2010s,Ukraine,80
Gevorg Ghazaryan,gevorg ghazaryan,Metalurg Donetsk (- 2015),metalurg donetsk 2015,2010s,Attack - Left Winger,55734,2783,2783_metalurg_donetsk__2015_2010s,Armenia,78.3
Ricardo Fernandes,ricardo fernandes,Metalurg Donetsk (- 2015),metalurg donetsk 2015,2010s,Midfield - Attacking Midfield,9833,2783,2783_metalurg_donetsk__2015_2010s,Portugal,77.9
Danilo,danilo,Metalurg Donetsk (- 2015),metalurg donetsk 2015,2010s,Midfield - Attacking Midfield,51232,2783,2783_metalurg_donetsk__2015_2010s,Belgium  Brazil,76
Sergiy Bolbat,sergiy bolbat,Metalurg Donetsk (- 2015),metalurg donetsk 2015,2010s,Attack - Right Winger,264063,2783,2783_metalurg_donetsk__2015_2010s,Ukraine,75.6
Mário Sérgio,mario sergio,Metalurg Donetsk (- 2015),metalurg donetsk 2015,2010s,Defender - Right-Back,14513,2783,2783_metalurg_donetsk__2015_2010s,Portugal,74.3
Henrikh Mkhitaryan,henrikh mkhitaryan,Metalurg Donetsk (- 2015),metalurg donetsk 2015,2010s,Midfield - Central Midfield,55735,2783,2783_metalurg_donetsk__2015_2010s,Armenia,71.1
Dele Adeleye,dele adeleye,Metalurg Donetsk (- 2015),metalurg donetsk 2015,2010s,Defender - Centre-Back,9369,2783,2783_metalurg_donetsk__2015_2010s,Nigeria,70.7
Anton Postupalenko,anton postupalenko,Metalurg Donetsk (- 2015),metalurg donetsk 2015,2010s,Midfield - Attacking Midfield,59440,2783,2783_metalurg_donetsk__2015_2010s,Ukraine,66.3
Maksim Degtyarov,maksim degtyarov,Metalurg Donetsk (- 2015),metalurg donetsk 2015,2010s,Attack - Centre-Forward,193323,2783,2783_metalurg_donetsk__2015_2010s,Russia  Ukraine,66.3
Dmitriy Nepogodov,dmitriy nepogodov,Metalurg Donetsk (- 2015),metalurg donetsk 2015,2010s,Goalkeeper,77847,2783,2783_metalurg_donetsk__2015_2010s,Kazakhstan  Ukraine,64.1
Eduard Sobol,eduard sobol,Metalurg Donetsk (- 2015),metalurg donetsk 2015,2010s,Defender - Left-Back,206717,2783,2783_metalurg_donetsk__2015_2010s,Ukraine,63.6
Daniel de Oliveira,daniel de oliveira,Metalurg Donetsk (- 2015),metalurg donetsk 2015,2010s,Attack - Centre-Forward,51948,2783,2783_metalurg_donetsk__2015_2010s,Brazil,61.9
Gabriel Araújo,gabriel araujo,Metalurg Donetsk (- 2015),metalurg donetsk 2015,2010s,Defender - Left-Back,183943,2783,2783_metalurg_donetsk__2015_2010s,Brazil,60.4
Chavdar Yankov,chavdar yankov,Metalurg Donetsk (- 2015),metalurg donetsk 2015,2010s,Midfield - Central Midfield,16566,2783,2783_metalurg_donetsk__2015_2010s,Bulgaria,58.6
Oleg Mishchenko,oleg mishchenko,Metalurg Donetsk (- 2015),metalurg donetsk 2015,2010s,Attack - Right Winger,91450,2783,2783_metalurg_donetsk__2015_2010s,Ukraine,58.6
Filipe Teixeira,filipe teixeira,Metalurg Donetsk (- 2015),metalurg donetsk 2015,2010s,Attack - Right Winger,5568,2783,2783_metalurg_donetsk__2015_2010s,Portugal  France,51.2
Vyacheslav Sharpar,vyacheslav sharpar,Metalurg Donetsk (- 2015),metalurg donetsk 2015,2010s,Midfield - Central Midfield,57901,2783,2783_metalurg_donetsk__2015_2010s,Ukraine,51.2
Rustam Khudzhamov,rustam khudzhamov,Metalurg Donetsk (- 2015),metalurg donetsk 2015,2010s,Goalkeeper,58043,2783,2783_metalurg_donetsk__2015_2010s,Ukraine,51.2
Anton Savin,anton savin,Metalurg Donetsk (- 2015),metalurg donetsk 2015,2010s,Attack - Left Winger,59290,2783,2783_metalurg_donetsk__2015_2010s,Ukraine,51.2
Oleksandr Akymenko,oleksandr akymenko,Metalurg Donetsk (- 2015),metalurg donetsk 2015,2010s,Attack - Centre-Forward,91366,2783,2783_metalurg_donetsk__2015_2010s,Ukraine,51.2
Lorenzo Ebecilio,lorenzo ebecilio,Metalurg Donetsk (- 2015),metalurg donetsk 2015,2010s,Midfield - Attacking Midfield,124870,2783,2783_metalurg_donetsk__2015_2010s,Netherlands  Suriname,51.2
Gaetano Monachello,gaetano monachello,Metalurg Donetsk (- 2015),metalurg donetsk 2015,2010s,Attack - Centre-Forward,162952,2783,2783_metalurg_donetsk__2015_2010s,Italy,51.2
Oleksandr Musienko,oleksandr musienko,Metalurg Donetsk (- 2015),metalurg donetsk 2015,2010s,Goalkeeper,164561,2783,2783_metalurg_donetsk__2015_2010s,Ukraine,51.2
Igor Koshman,igor koshman,Metalurg Donetsk (- 2015),metalurg donetsk 2015,2010s,Midfield - Attacking Midfield,297008,2783,2783_metalurg_donetsk__2015_2010s,Ukraine,51.2
Maryan Mysyk,maryan mysyk,Metalurg Donetsk (- 2015),metalurg donetsk 2015,2010s,Midfield - Left Midfield,316945,2783,2783_metalurg_donetsk__2015_2010s,Ukraine,51.2
Bogdan Myshenko,bogdan myshenko,Metalurg Donetsk (- 2015),metalurg donetsk 2015,2010s,Midfield - Left Midfield,325420,2783,2783_metalurg_donetsk__2015_2010s,Ukraine,51.2
Maksym Zaderaka,maksym zaderaka,Metalurg Donetsk (- 2015),metalurg donetsk 2015,2010s,Attack - Right Winger,325429,2783,2783_metalurg_donetsk__2015_2010s,Ukraine,51.2
Oleksandr Kozak,oleksandr kozak,Metalurg Donetsk (- 2015),metalurg donetsk 2015,2010s,Attack - Left Winger,375180,2783,2783_metalurg_donetsk__2015_2010s,Ukraine,51.2
German Penkov,german penkov,Metalurg Donetsk (- 2015),metalurg donetsk 2015,2010s,Goalkeeper,375659,2783,2783_metalurg_donetsk__2015_2010s,Ukraine,51.2
Artem Putivtsev,artem putivtsev,Metalurg Donetsk (- 2015),metalurg donetsk 2015,2010s,Defender - Centre-Back,59434,2783,2783_metalurg_donetsk__2015_2010s,Ukraine  Poland,45.4
Vitaliy Reva,vitaliy reva,CSKA-Borysfen Kyiv,cska borysfen kyiv,1990s,Goalkeeper,9779,32131,32131_cska_borysfen_kyiv_1990s,Ukraine,71.9
Vladyslav Prudius,vladyslav prudius,CSKA-Borysfen Kyiv,cska borysfen kyiv,1990s,Midfield - Attacking Midfield,430990,32131,32131_cska_borysfen_kyiv_1990s,Ukraine  Russia,61.9
Volodymyr Savchenko,volodymyr savchenko,CSKA-Borysfen Kyiv,cska borysfen kyiv,1990s,Goalkeeper,24164,32131,32131_cska_borysfen_kyiv_1990s,Ukraine  Russia,57.1
Oleksandr Goryainov,oleksandr goryainov,CSKA-Borysfen Kyiv,cska borysfen kyiv,1990s,Goalkeeper,42631,32131,32131_cska_borysfen_kyiv_1990s,Ukraine,57.1
Andriy Shevchenko,andriy shevchenko,Dynamo Kyiv,dynamo kyiv,1990s,Attack - Centre-Forward,3522,338,338_dynamo_kyiv_1990s,Ukraine,96.3
Dmytro Mykhaylenko,dmytro mykhaylenko,Dynamo Kyiv,dynamo kyiv,1990s,Midfield - Central Midfield,24039,338,338_dynamo_kyiv_1990s,Ukraine,90.6
Maksim Shatskikh,maksim shatskikh,Dynamo Kyiv,dynamo kyiv,1990s,Attack - Centre-Forward,9798,338,338_dynamo_kyiv_1990s,Uzbekistan  Ukraine,88.5
Sergiy Kovalets,sergiy kovalets,Dynamo Kyiv,dynamo kyiv,1990s,Midfield - Attacking Midfield,107039,338,338_dynamo_kyiv_1990s,Ukraine,84.4
Volodymyr Sharan,volodymyr sharan,Dynamo Kyiv,dynamo kyiv,1990s,Midfield - Attacking Midfield,175951,338,338_dynamo_kyiv_1990s,Ukraine,82.6
Kakhaber Kaladze,kakhaber kaladze,Dynamo Kyiv,dynamo kyiv,1990s,Defender - Centre-Back,3430,338,338_dynamo_kyiv_1990s,Georgia,79.3
Sergiy Serebrennikov,sergiy serebrennikov,Dynamo Kyiv,dynamo kyiv,1990s,Midfield - Central Midfield,9631,338,338_dynamo_kyiv_1990s,Ukraine  Russia,78.9
Vyacheslav Kernozenko,vyacheslav kernozenko,Dynamo Kyiv,dynamo kyiv,1990s,Goalkeeper,24022,338,338_dynamo_kyiv_1990s,Ukraine,75.3
Andriy Zavyalov,andriy zavyalov,Dynamo Kyiv,dynamo kyiv,1990s,Midfield - Central Midfield,514030,338,338_dynamo_kyiv_1990s,Turkmenistan  Ukraine,70.7
Oleksandr Radchenko,oleksandr radchenko,Dynamo Kyiv,dynamo kyiv,1990s,Defender - Left-Back,24046,338,338_dynamo_kyiv_1990s,Ukraine,67
Vladyslav Prudius,vladyslav prudius,Dynamo Kyiv,dynamo kyiv,1990s,Midfield - Attacking Midfield,430990,338,338_dynamo_kyiv_1990s,Ukraine  Russia,64.6
Volodymyr Yezerskyi,volodymyr yezerskyi,Dynamo Kyiv,dynamo kyiv,1990s,Defender - Right-Back,24006,338,338_dynamo_kyiv_1990s,Ukraine,58.6
Vsevolod Romanenko,vsevolod romanenko,Dynamo Kyiv,dynamo kyiv,1990s,Goalkeeper,27204,338,338_dynamo_kyiv_1990s,Ukraine,58.6
Valeriy Esipov,valeriy esipov,Dynamo Kyiv,dynamo kyiv,1990s,Attack - Right Winger,15389,338,338_dynamo_kyiv_1990s,Russia,51.2
Taras Lutsenko,taras lutsenko,Dynamo Kyiv,dynamo kyiv,1990s,Goalkeeper,35142,338,338_dynamo_kyiv_1990s,Ukraine,51.2
Yuriy Tselykh,yuriy tselykh,Dynamo Kyiv,dynamo kyiv,1990s,Attack - Centre-Forward,58255,338,338_dynamo_kyiv_1990s,Ukraine,51.2
Marian Marushchak,marian marushchak,Dynamo Kyiv,dynamo kyiv,1990s,Goalkeeper,81633,338,338_dynamo_kyiv_1990s,Ukraine,51.2
Maksim Shatskikh,maksim shatskikh,Dynamo Kyiv,dynamo kyiv,2000s,Attack - Centre-Forward,9798,338,338_dynamo_kyiv_2000s,Uzbekistan  Ukraine,98.5
Artem Milevskyi,artem milevskyi,Dynamo Kyiv,dynamo kyiv,2000s,Attack - Centre-Forward,9800,338,338_dynamo_kyiv_2000s,Ukraine  Belarus,96.5
Kléber,kleber,Dynamo Kyiv,dynamo kyiv,2000s,Attack - Centre-Forward,15880,338,338_dynamo_kyiv_2000s,Brazil,92.8
Goran Gavrancic,goran gavrancic,Dynamo Kyiv,dynamo kyiv,2000s,Defender - Centre-Back,9791,338,338_dynamo_kyiv_2000s,Serbia,89.7
Oleksandr Melashchenko,oleksandr melashchenko,Dynamo Kyiv,dynamo kyiv,2000s,Attack - Centre-Forward,9797,338,338_dynamo_kyiv_2000s,Ukraine,88.9
Milos Ninkovic,milos ninkovic,Dynamo Kyiv,dynamo kyiv,2000s,Midfield - Attacking Midfield,48740,338,338_dynamo_kyiv_2000s,Serbia  Australia,88.3
Corrêa,correa,Dynamo Kyiv,dynamo kyiv,2000s,Midfield - Defensive Midfield,43818,338,338_dynamo_kyiv_2000s,Brazil,88.2
Ayila Yussuf,ayila yussuf,Dynamo Kyiv,dynamo kyiv,2000s,Defender - Centre-Back,25780,338,338_dynamo_kyiv_2000s,Nigeria,83.6
Ruslan Rotan,ruslan rotan,Dynamo Kyiv,dynamo kyiv,2000s,Midfield - Central Midfield,24049,338,338_dynamo_kyiv_2000s,Ukraine,83.2
Artem Kravets,artem kravets,Dynamo Kyiv,dynamo kyiv,2000s,Attack - Centre-Forward,58405,338,338_dynamo_kyiv_2000s,Ukraine,82.4
Andriy Yarmolenko,andriy yarmolenko,Dynamo Kyiv,dynamo kyiv,2000s,Attack - Right Winger,69015,338,338_dynamo_kyiv_2000s,Ukraine,81.8
Andriy Shevchenko,andriy shevchenko,Dynamo Kyiv,dynamo kyiv,2000s,Attack - Centre-Forward,3522,338,338_dynamo_kyiv_2000s,Ukraine,80.5
Vitaliy Reva,vitaliy reva,Dynamo Kyiv,dynamo kyiv,2000s,Goalkeeper,9779,338,338_dynamo_kyiv_2000s,Ukraine,80.4
Roman Eremenko,roman eremenko,Dynamo Kyiv,dynamo kyiv,2000s,Midfield - Attacking Midfield,44367,338,338_dynamo_kyiv_2000s,Finland  Russia,79.5
Lucky Idahor,lucky idahor,Dynamo Kyiv,dynamo kyiv,2000s,Attack - Centre-Forward,59269,338,338_dynamo_kyiv_2000s,Nigeria,79.3
Roman Zozulya,roman zozulya,Dynamo Kyiv,dynamo kyiv,2000s,Attack - Centre-Forward,70767,338,338_dynamo_kyiv_2000s,Ukraine,75.3
Michael,michael,Dynamo Kyiv,dynamo kyiv,2000s,Midfield - Left Midfield,52276,338,338_dynamo_kyiv_2000s,Brazil,74.8
László Bodnár,laszlo bodnar,Dynamo Kyiv,dynamo kyiv,2000s,Defender - Right-Back,9783,338,338_dynamo_kyiv_2000s,Hungary,74.3
Gerson Magrão,gerson magrao,Dynamo Kyiv,dynamo kyiv,2000s,Midfield - Left Midfield,27303,338,338_dynamo_kyiv_2000s,Brazil,73.8
Stanislav Bogush,stanislav bogush,Dynamo Kyiv,dynamo kyiv,2000s,Goalkeeper,59933,338,338_dynamo_kyiv_2000s,Ukraine,73.4
Vitaliy Lysytskyi,vitaliy lysytskyi,Dynamo Kyiv,dynamo kyiv,2000s,Defender - Centre-Back,24032,338,338_dynamo_kyiv_2000s,Ukraine,71.5
Sergiy Kravchenko,sergiy kravchenko,Dynamo Kyiv,dynamo kyiv,2000s,Midfield - Central Midfield,59076,338,338_dynamo_kyiv_2000s,Ukraine,70.2
Oleksandr Rybka,oleksandr rybka,Dynamo Kyiv,dynamo kyiv,2000s,Goalkeeper,19619,338,338_dynamo_kyiv_2000s,Ukraine,69.9
Marjan Markovic,marjan markovic,Dynamo Kyiv,dynamo kyiv,2000s,Midfield - Right Midfield,14539,338,338_dynamo_kyiv_2000s,Serbia,69.6
Taras Lutsenko,taras lutsenko,Dynamo Kyiv,dynamo kyiv,2000s,Goalkeeper,35142,338,338_dynamo_kyiv_2000s,Ukraine,69.1
Andrey Eshchenko,andrey eshchenko,Dynamo Kyiv,dynamo kyiv,2000s,Defender - Right-Back,48987,338,338_dynamo_kyiv_2000s,Russia,67.4
Denys Oliynyk,denys oliynyk,Dynamo Kyiv,dynamo kyiv,2000s,Attack - Left Winger,57895,338,338_dynamo_kyiv_2000s,Ukraine,67.4
Vitaliy Fedoriv,vitaliy fedoriv,Dynamo Kyiv,dynamo kyiv,2000s,Defender - Centre-Back,58392,338,338_dynamo_kyiv_2000s,Ukraine,67.4
Sergey Kornilenko,sergey kornilenko,Dynamo Kyiv,dynamo kyiv,2000s,Attack - Centre-Forward,15881,338,338_dynamo_kyiv_2000s,Belarus  Russia,66.3
Vladimir Kuzmichev,vladimir kuzmichev,Dynamo Kyiv,dynamo kyiv,2000s,Attack - Left Winger,53823,338,338_dynamo_kyiv_2000s,Russia,66.3
Leandro Machado,leandro machado,Dynamo Kyiv,dynamo kyiv,2000s,Attack - Centre-Forward,67907,338,338_dynamo_kyiv_2000s,Brazil,66.3
Kakhaber Kaladze,kakhaber kaladze,Dynamo Kyiv,dynamo kyiv,2000s,Defender - Centre-Back,3430,338,338_dynamo_kyiv_2000s,Georgia,64.6
Sergiy Serebrennikov,sergiy serebrennikov,Dynamo Kyiv,dynamo kyiv,2000s,Midfield - Central Midfield,9631,338,338_dynamo_kyiv_2000s,Ukraine  Russia,64.6
Betão,betao,Dynamo Kyiv,dynamo kyiv,2000s,Defender - Centre-Back,18445,338,338_dynamo_kyiv_2000s,Brazil  Italy,63.6
Rustam Khudzhamov,rustam khudzhamov,Dynamo Kyiv,dynamo kyiv,2000s,Goalkeeper,58043,338,338_dynamo_kyiv_2000s,Ukraine,62.9
Mykola Morozyuk,mykola morozyuk,Dynamo Kyiv,dynamo kyiv,2000s,Defender - Right-Back,59389,338,338_dynamo_kyiv_2000s,Ukraine,62.9
Aleksandr Filimonov,aleksandr filimonov,Dynamo Kyiv,dynamo kyiv,2000s,Goalkeeper,25651,338,338_dynamo_kyiv_2000s,Russia,61.1
Oleg Dopilka,oleg dopilka,Dynamo Kyiv,dynamo kyiv,2000s,Defender - Centre-Back,58389,338,338_dynamo_kyiv_2000s,Ukraine,61.1
Denys Garmash,denys garmash,Dynamo Kyiv,dynamo kyiv,2000s,Midfield - Attacking Midfield,70754,338,338_dynamo_kyiv_2000s,Ukraine,60.4
Vladyslav Kalitvintsev,vladyslav kalitvintsev,Dynamo Kyiv,dynamo kyiv,2000s,Midfield - Right Midfield,108710,338,338_dynamo_kyiv_2000s,Ukraine  Russia,60.4
Ruslan Bidnenko,ruslan bidnenko,Dynamo Kyiv,dynamo kyiv,2000s,Midfield - Defensive Midfield,15878,338,338_dynamo_kyiv_2000s,Ukraine,58.6
Oleksandr Radchenko,oleksandr radchenko,Dynamo Kyiv,dynamo kyiv,2000s,Defender - Left-Back,24046,338,338_dynamo_kyiv_2000s,Ukraine,58.6
Denys Dedechko,denys dedechko,Dynamo Kyiv,dynamo kyiv,2000s,Midfield - Defensive Midfield,57869,338,338_dynamo_kyiv_2000s,Ukraine,58.6
Volodymyr Lysenko,volodymyr lysenko,Dynamo Kyiv,dynamo kyiv,2000s,Attack - Centre-Forward,58413,338,338_dynamo_kyiv_2000s,Ukraine,58.6
Vadym Milko,vadym milko,Dynamo Kyiv,dynamo kyiv,2000s,Midfield - Central Midfield,58418,338,338_dynamo_kyiv_2000s,Ukraine,58.6
Oleksandr Romanchuk,oleksandr romanchuk,Dynamo Kyiv,dynamo kyiv,2000s,Defender - Left-Back,59893,338,338_dynamo_kyiv_2000s,Ukraine,58.6
Vyacheslav Kernozenko,vyacheslav kernozenko,Dynamo Kyiv,dynamo kyiv,2000s,Goalkeeper,24022,338,338_dynamo_kyiv_2000s,Ukraine,57.1
Denys Boyko,denys boyko,Dynamo Kyiv,dynamo kyiv,2000s,Goalkeeper,91931,338,338_dynamo_kyiv_2000s,Ukraine,57.1
Perica Ognjenovic,perica ognjenovic,Dynamo Kyiv,dynamo kyiv,2000s,Attack - Right Winger,1470,338,338_dynamo_kyiv_2000s,Serbia,51.2
Igor Skoba,igor skoba,Dynamo Kyiv,dynamo kyiv,2000s,Midfield - Central Midfield,12064,338,338_dynamo_kyiv_2000s,Ukraine  Russia,51.2
Demba Touré,demba toure,Dynamo Kyiv,dynamo kyiv,2000s,Attack - Second Striker,20044,338,338_dynamo_kyiv_2000s,Senegal  France,51.2
Volodymyr Yezerskyi,volodymyr yezerskyi,Dynamo Kyiv,dynamo kyiv,2000s,Defender - Right-Back,24006,338,338_dynamo_kyiv_2000s,Ukraine,51.2
Dmytro Mykhaylenko,dmytro mykhaylenko,Dynamo Kyiv,dynamo kyiv,2000s,Midfield - Central Midfield,24039,338,338_dynamo_kyiv_2000s,Ukraine,51.2
Kakhaber Aladashvili,kakhaber aladashvili,Dynamo Kyiv,dynamo kyiv,2000s,Defender - Right-Back,25739,338,338_dynamo_kyiv_2000s,Georgia,51.2
David Imedashvili,david imedashvili,Dynamo Kyiv,dynamo kyiv,2000s,Midfield - Defensive Midfield,44305,338,338_dynamo_kyiv_2000s,Georgia,51.2
Kyrylo Petrov,kyrylo petrov,Dynamo Kyiv,dynamo kyiv,2000s,Midfield - Defensive Midfield,58427,338,338_dynamo_kyiv_2000s,Ukraine,51.2
Oleg Gerasymyuk,oleg gerasymyuk,Dynamo Kyiv,dynamo kyiv,2000s,Midfield - Central Midfield,59826,338,338_dynamo_kyiv_2000s,Ukraine,51.2
Marian Marushchak,marian marushchak,Dynamo Kyiv,dynamo kyiv,2000s,Goalkeeper,81633,338,338_dynamo_kyiv_2000s,Ukraine,51.2
Artem Kychak,artem kychak,Dynamo Kyiv,dynamo kyiv,2000s,Goalkeeper,88879,338,338_dynamo_kyiv_2000s,Ukraine,51.2
Leandro Almeida,leandro almeida,Dynamo Kyiv,dynamo kyiv,2000s,Defender - Centre-Back,52960,338,338_dynamo_kyiv_2000s,Brazil,45.4
Andriy Yarmolenko,andriy yarmolenko,Dynamo Kyiv,dynamo kyiv,2010s,Attack - Right Winger,69015,338,338_dynamo_kyiv_2010s,Ukraine,99
Denys Garmash,denys garmash,Dynamo Kyiv,dynamo kyiv,2010s,Midfield - Attacking Midfield,70754,338,338_dynamo_kyiv_2010s,Ukraine,94
Brown Ideye,brown ideye,Dynamo Kyiv,dynamo kyiv,2010s,Attack - Centre-Forward,64308,338,338_dynamo_kyiv_2010s,Nigeria,92.4
Dieumerci Mbokani,dieumerci mbokani,Dynamo Kyiv,dynamo kyiv,2010s,Attack - Centre-Forward,44624,338,338_dynamo_kyiv_2010s,DR Congo,91.1
Artem Kravets,artem kravets,Dynamo Kyiv,dynamo kyiv,2010s,Attack - Centre-Forward,58405,338,338_dynamo_kyiv_2010s,Ukraine,90.4
Artem Milevskyi,artem milevskyi,Dynamo Kyiv,dynamo kyiv,2010s,Attack - Centre-Forward,9800,338,338_dynamo_kyiv_2010s,Ukraine  Belarus,89.6
Benjamin Verbic,benjamin verbic,Dynamo Kyiv,dynamo kyiv,2010s,Attack - Left Winger,188180,338,338_dynamo_kyiv_2010s,Slovenia,89.1
Júnior Moraes,junior moraes,Dynamo Kyiv,dynamo kyiv,2010s,Attack - Centre-Forward,52915,338,338_dynamo_kyiv_2010s,Ukraine  Brazil,88.8
Sergiy Sydorchuk,sergiy sydorchuk,Dynamo Kyiv,dynamo kyiv,2010s,Midfield - Defensive Midfield,124182,338,338_dynamo_kyiv_2010s,Ukraine,87.6
Jeremain Lens,jeremain lens,Dynamo Kyiv,dynamo kyiv,2010s,Attack - Right Winger,38497,338,338_dynamo_kyiv_2010s,Netherlands  Suriname,86.7
Andriy Shevchenko,andriy shevchenko,Dynamo Kyiv,dynamo kyiv,2010s,Attack - Centre-Forward,3522,338,338_dynamo_kyiv_2010s,Ukraine,86.1
Mykola Morozyuk,mykola morozyuk,Dynamo Kyiv,dynamo kyiv,2010s,Defender - Right-Back,59389,338,338_dynamo_kyiv_2010s,Ukraine,86.1
Miguel Veloso,miguel veloso,Dynamo Kyiv,dynamo kyiv,2010s,Midfield - Defensive Midfield,43848,338,338_dynamo_kyiv_2010s,Portugal,84.8
Domagoj Vida,domagoj vida,Dynamo Kyiv,dynamo kyiv,2010s,Defender - Centre-Back,46083,338,338_dynamo_kyiv_2010s,Croatia,84.1
Carlos de Pena,carlos de pena,Dynamo Kyiv,dynamo kyiv,2010s,Attack - Left Winger,257740,338,338_dynamo_kyiv_2010s,Uruguay  Italy,83.3
Maksym Koval,maksym koval,Dynamo Kyiv,dynamo kyiv,2010s,Goalkeeper,120211,338,338_dynamo_kyiv_2010s,Ukraine,83.1
Lukasz Teodorczyk,lukasz teodorczyk,Dynamo Kyiv,dynamo kyiv,2010s,Attack - Centre-Forward,157849,338,338_dynamo_kyiv_2010s,Poland,80.9
Vitaliy Mykolenko,vitaliy mykolenko,Dynamo Kyiv,dynamo kyiv,2010s,Defender - Left-Back,404842,338,338_dynamo_kyiv_2010s,Ukraine,80.9
Roman Eremenko,roman eremenko,Dynamo Kyiv,dynamo kyiv,2010s,Midfield - Attacking Midfield,44367,338,338_dynamo_kyiv_2010s,Finland  Russia,80.4
Denys Boyko,denys boyko,Dynamo Kyiv,dynamo kyiv,2010s,Goalkeeper,91931,338,338_dynamo_kyiv_2010s,Ukraine,80.4
Nazariy Rusyn,nazariy rusyn,Dynamo Kyiv,dynamo kyiv,2010s,Attack - Centre-Forward,366729,338,338_dynamo_kyiv_2010s,Ukraine,80.1
Mykyta Burda,mykyta burda,Dynamo Kyiv,dynamo kyiv,2010s,Defender - Centre-Back,213865,338,338_dynamo_kyiv_2010s,Ukraine,77.9
Yevgen Makarenko,yevgen makarenko,Dynamo Kyiv,dynamo kyiv,2010s,Midfield - Defensive Midfield,96455,338,338_dynamo_kyiv_2010s,Ukraine,75.5
Dudu,dudu,Dynamo Kyiv,dynamo kyiv,2010s,Attack - Left Winger,114937,338,338_dynamo_kyiv_2010s,Brazil,75.1
Roman Bezus,roman bezus,Dynamo Kyiv,dynamo kyiv,2010s,Midfield - Attacking Midfield,97567,338,338_dynamo_kyiv_2010s,Ukraine,74.6
Antunes,antunes,Dynamo Kyiv,dynamo kyiv,2010s,Defender - Left-Back,44699,338,338_dynamo_kyiv_2010s,Portugal,74.3
Vladyslav Kalitvintsev,vladyslav kalitvintsev,Dynamo Kyiv,dynamo kyiv,2010s,Midfield - Right Midfield,108710,338,338_dynamo_kyiv_2010s,Ukraine  Russia,74.3
Niko Kranjcar,niko kranjcar,Dynamo Kyiv,dynamo kyiv,2010s,Midfield - Attacking Midfield,16746,338,338_dynamo_kyiv_2010s,Croatia,74
Sergiy Rybalka,sergiy rybalka,Dynamo Kyiv,dynamo kyiv,2010s,Midfield - Defensive Midfield,81649,338,338_dynamo_kyiv_2010s,Ukraine,73.8
Artur Rudko,artur rudko,Dynamo Kyiv,dynamo kyiv,2010s,Goalkeeper,129646,338,338_dynamo_kyiv_2010s,Ukraine,73.7
Goran Popov,goran popov,Dynamo Kyiv,dynamo kyiv,2010s,Defender - Left-Back,19721,338,338_dynamo_kyiv_2010s,North Macedonia,72.9
Oleksandr Rybka,oleksandr rybka,Dynamo Kyiv,dynamo kyiv,2010s,Goalkeeper,19619,338,338_dynamo_kyiv_2010s,Ukraine,72.4
Milos Ninkovic,milos ninkovic,Dynamo Kyiv,dynamo kyiv,2010s,Midfield - Attacking Midfield,48740,338,338_dynamo_kyiv_2010s,Serbia  Australia,71.9
Leandro Almeida,leandro almeida,Dynamo Kyiv,dynamo kyiv,2010s,Defender - Centre-Back,52960,338,338_dynamo_kyiv_2010s,Brazil,71.9
Tamás Kádár,tamas kadar,Dynamo Kyiv,dynamo kyiv,2010s,Defender - Centre-Back,64313,338,338_dynamo_kyiv_2010s,Hungary,71.1
Fran Sol,fran sol,Dynamo Kyiv,dynamo kyiv,2010s,Attack - Centre-Forward,164292,338,338_dynamo_kyiv_2010s,Spain,70.2
Admir Mehmedi,admir mehmedi,Dynamo Kyiv,dynamo kyiv,2010s,Attack - Second Striker,66058,338,338_dynamo_kyiv_2010s,Switzerland  North Macedonia,69.6
Sidcley,sidcley,Dynamo Kyiv,dynamo kyiv,2010s,Defender - Left-Back,330060,338,338_dynamo_kyiv_2010s,Brazil,69.6
Artem Shabanov,artem shabanov,Dynamo Kyiv,dynamo kyiv,2010s,Defender - Centre-Back,236468,338,338_dynamo_kyiv_2010s,Ukraine,69.4
Betão,betao,Dynamo Kyiv,dynamo kyiv,2010s,Defender - Centre-Back,18445,338,338_dynamo_kyiv_2010s,Brazil  Italy,67.9
Raffael,raffael,Dynamo Kyiv,dynamo kyiv,2010s,Attack - Second Striker,19819,338,338_dynamo_kyiv_2010s,Brazil  Germany,67.9
Josip Pivaric,josip pivaric,Dynamo Kyiv,dynamo kyiv,2010s,Defender - Left-Back,45826,338,338_dynamo_kyiv_2010s,Croatia,67.6
Roman Zozulya,roman zozulya,Dynamo Kyiv,dynamo kyiv,2010s,Attack - Centre-Forward,70767,338,338_dynamo_kyiv_2010s,Ukraine,67.4
Artem Gromov,artem gromov,Dynamo Kyiv,dynamo kyiv,2010s,Attack - Left Winger,122088,338,338_dynamo_kyiv_2010s,Ukraine,67.4
Pavlo Orikhovskyi,pavlo orikhovskyi,Dynamo Kyiv,dynamo kyiv,2010s,Midfield - Central Midfield,248936,338,338_dynamo_kyiv_2010s,Ukraine,67.4
Corrêa,correa,Dynamo Kyiv,dynamo kyiv,2010s,Midfield - Defensive Midfield,43818,338,338_dynamo_kyiv_2010s,Brazil,66.3
Andriy Tsurikov,andriy tsurikov,Dynamo Kyiv,dynamo kyiv,2010s,Defender - Left-Back,155964,338,338_dynamo_kyiv_2010s,Ukraine,66.3
Gerson Rodrigues,gerson rodrigues,Dynamo Kyiv,dynamo kyiv,2010s,Attack - Centre-Forward,282734,338,338_dynamo_kyiv_2010s,Luxembourg  Portugal,66.3
Giorgi Tsitaishvili,giorgi tsitaishvili,Dynamo Kyiv,dynamo kyiv,2010s,Attack - Right Winger,419067,338,338_dynamo_kyiv_2010s,Georgia  Ukraine,66.3
Marco Ruben,marco ruben,Dynamo Kyiv,dynamo kyiv,2010s,Attack - Centre-Forward,30825,338,338_dynamo_kyiv_2010s,Argentina  Spain,65.5
Valeriy Fedorchuk,valeriy fedorchuk,Dynamo Kyiv,dynamo kyiv,2010s,Midfield - Central Midfield,82599,338,338_dynamo_kyiv_2010s,Ukraine,64.6
Aleksandar Pantic,aleksandar pantic,Dynamo Kyiv,dynamo kyiv,2010s,Defender - Centre-Back,167093,338,338_dynamo_kyiv_2010s,Serbia,63.6
Sergiy Myakushko,sergiy myakushko,Dynamo Kyiv,dynamo kyiv,2010s,Attack - Left Winger,193158,338,338_dynamo_kyiv_2010s,Ukraine,63.6
Ayila Yussuf,ayila yussuf,Dynamo Kyiv,dynamo kyiv,2010s,Defender - Centre-Back,25780,338,338_dynamo_kyiv_2010s,Nigeria,62.9
Yevgen Selin,yevgen selin,Dynamo Kyiv,dynamo kyiv,2010s,Defender - Centre-Back,59442,338,338_dynamo_kyiv_2010s,Ukraine,62.9
Akhmed Alibekov,akhmed alibekov,Dynamo Kyiv,dynamo kyiv,2010s,Midfield - Defensive Midfield,343175,338,338_dynamo_kyiv_2010s,Ukraine,62.9
Radosav Petrovic,radosav petrovic,Dynamo Kyiv,dynamo kyiv,2010s,Defender - Centre-Back,75296,338,338_dynamo_kyiv_2010s,Serbia,61.9
Gerson Magrão,gerson magrao,Dynamo Kyiv,dynamo kyiv,2010s,Midfield - Left Midfield,27303,338,338_dynamo_kyiv_2010s,Brazil,60.4
Oleksandr Yakovenko,oleksandr yakovenko,Dynamo Kyiv,dynamo kyiv,2010s,Attack - Left Winger,31776,338,338_dynamo_kyiv_2010s,Ukraine  Belgium,60.4
Facundo Bertoglio,facundo bertoglio,Dynamo Kyiv,dynamo kyiv,2010s,Midfield - Attacking Midfield,107525,338,338_dynamo_kyiv_2010s,Argentina  Italy,60.4
Vladyslav Supryaga,vladyslav supryaga,Dynamo Kyiv,dynamo kyiv,2010s,Attack - Centre-Forward,419061,338,338_dynamo_kyiv_2010s,Ukraine,60.4
Artem Kychak,artem kychak,Dynamo Kyiv,dynamo kyiv,2010s,Goalkeeper,88879,338,338_dynamo_kyiv_2010s,Ukraine,58.6
Bogdan Mykhaylichenko,bogdan mykhaylichenko,Dynamo Kyiv,dynamo kyiv,2010s,Defender - Left-Back,294730,338,338_dynamo_kyiv_2010s,Ukraine,58.6
Mykyta Kravchenko,mykyta kravchenko,Dynamo Kyiv,dynamo kyiv,2010s,Defender - Right-Back,370399,338,338_dynamo_kyiv_2010s,Ukraine,58.6
Yevgeniy Smyrnyi,yevgeniy smyrnyi,Dynamo Kyiv,dynamo kyiv,2010s,Midfield - Central Midfield,396532,338,338_dynamo_kyiv_2010s,Ukraine,58.6
Oleksandr Gladkyi,oleksandr gladkyi,Dynamo Kyiv,dynamo kyiv,2010s,Attack - Centre-Forward,53270,338,338_dynamo_kyiv_2010s,Ukraine,51.2
Stanislav Bogush,stanislav bogush,Dynamo Kyiv,dynamo kyiv,2010s,Goalkeeper,59933,338,338_dynamo_kyiv_2010s,Ukraine,51.2
André Felipe,andre felipe,Dynamo Kyiv,dynamo kyiv,2010s,Attack - Centre-Forward,104509,338,338_dynamo_kyiv_2010s,Brazil,51.2
Igor Kharatin,igor kharatin,Dynamo Kyiv,dynamo kyiv,2010s,Midfield - Defensive Midfield,213976,338,338_dynamo_kyiv_2010s,Ukraine  Hungary,51.2
Roman Yaremchuk,roman yaremchuk,Dynamo Kyiv,dynamo kyiv,2010s,Attack - Centre-Forward,221958,338,338_dynamo_kyiv_2010s,Ukraine,51.2
Pavlo Lukyanchuk,pavlo lukyanchuk,Dynamo Kyiv,dynamo kyiv,2010s,Defender - Centre-Back,248935,338,338_dynamo_kyiv_2010s,Ukraine,51.2
Volodymyr Makhankov,volodymyr makhankov,Dynamo Kyiv,dynamo kyiv,2010s,Goalkeeper,294723,338,338_dynamo_kyiv_2010s,Ukraine,51.2
Tchê Tchê,tche tche,Dynamo Kyiv,dynamo kyiv,2010s,Midfield - Central Midfield,364261,338,338_dynamo_kyiv_2010s,Brazil,51.2
Vitor Bueno,vitor bueno,Dynamo Kyiv,dynamo kyiv,2010s,Midfield - Attacking Midfield,390368,338,338_dynamo_kyiv_2010s,Brazil  Italy,51.2
Roman Vantukh,roman vantukh,Dynamo Kyiv,dynamo kyiv,2010s,Defender - Left-Back,396536,338,338_dynamo_kyiv_2010s,Ukraine,51.2
Vladyslav Kucheruk,vladyslav kucheruk,Dynamo Kyiv,dynamo kyiv,2010s,Goalkeeper,404838,338,338_dynamo_kyiv_2010s,Ukraine,51.2
Sergiy Buletsa,sergiy buletsa,Dynamo Kyiv,dynamo kyiv,2010s,Midfield - Attacking Midfield,404846,338,338_dynamo_kyiv_2010s,Ukraine,51.2
Mohammed Kadiri,mohammed kadiri,Dynamo Kyiv,dynamo kyiv,2010s,Midfield - Defensive Midfield,442942,338,338_dynamo_kyiv_2010s,Ghana,51.2
Bogdan Biloshevskyi,bogdan biloshevskyi,Dynamo Kyiv,dynamo kyiv,2010s,Midfield - Defensive Midfield,461670,338,338_dynamo_kyiv_2010s,Ukraine,51.2
Benito,benito,Dynamo Kyiv,dynamo kyiv,2010s,Attack - Right Winger,491960,338,338_dynamo_kyiv_2010s,Nigeria  Cote d'Ivoire,51.2
Yevgeniy Isaenko,yevgeniy isaenko,Dynamo Kyiv,dynamo kyiv,2010s,Attack - Centre-Forward,539441,338,338_dynamo_kyiv_2010s,Ukraine,51.2
Ilya Zabarnyi,ilya zabarnyi,Dynamo Kyiv,dynamo kyiv,2010s,Defender - Centre-Back,659089,338,338_dynamo_kyiv_2010s,Ukraine,51.2
Andriy Bogdanov,andriy bogdanov,Dynamo Kyiv,dynamo kyiv,2010s,Midfield - Central Midfield,92567,338,338_dynamo_kyiv_2010s,Ukraine,45.6
Ruslan Rotan,ruslan rotan,Dynamo Kyiv,dynamo kyiv,2010s,Midfield - Central Midfield,24049,338,338_dynamo_kyiv_2010s,Ukraine,45.4
Ibrahim Kargbo Jr.,ibrahim kargbo jr,Dynamo Kyiv,dynamo kyiv,2010s,Attack - Centre-Forward,550696,338,338_dynamo_kyiv_2010s,Belgium  Sierra Leone,45.1
Vladyslav Vanat,vladyslav vanat,Dynamo Kyiv,dynamo kyiv,2020s,Attack - Centre-Forward,631821,338,338_dynamo_kyiv_2020s,Ukraine,95.4
Andriy Yarmolenko,andriy yarmolenko,Dynamo Kyiv,dynamo kyiv,2020s,Attack - Right Winger,69015,338,338_dynamo_kyiv_2020s,Ukraine,86.4
Denys Garmash,denys garmash,Dynamo Kyiv,dynamo kyiv,2020s,Midfield - Attacking Midfield,70754,338,338_dynamo_kyiv_2020s,Ukraine,84.1
Vladyslav Kabaev,vladyslav kabaev,Dynamo Kyiv,dynamo kyiv,2020s,Attack - Left Winger,210689,338,338_dynamo_kyiv_2020s,Ukraine,83.7
Volodymyr Brazhko,volodymyr brazhko,Dynamo Kyiv,dynamo kyiv,2020s,Midfield - Defensive Midfield,669306,338,338_dynamo_kyiv_2020s,Ukraine,83.6
Carlos de Pena,carlos de pena,Dynamo Kyiv,dynamo kyiv,2020s,Attack - Left Winger,257740,338,338_dynamo_kyiv_2020s,Uruguay  Italy,82.3
Sergiy Sydorchuk,sergiy sydorchuk,Dynamo Kyiv,dynamo kyiv,2020s,Midfield - Defensive Midfield,124182,338,338_dynamo_kyiv_2020s,Ukraine,80.2
Vladyslav Supryaga,vladyslav supryaga,Dynamo Kyiv,dynamo kyiv,2020s,Attack - Centre-Forward,419061,338,338_dynamo_kyiv_2020s,Ukraine,77.3
Vitaliy Mykolenko,vitaliy mykolenko,Dynamo Kyiv,dynamo kyiv,2020s,Defender - Left-Back,404842,338,338_dynamo_kyiv_2020s,Ukraine,76.2
Benjamin Verbic,benjamin verbic,Dynamo Kyiv,dynamo kyiv,2020s,Attack - Left Winger,188180,338,338_dynamo_kyiv_2020s,Slovenia,76
Gerson Rodrigues,gerson rodrigues,Dynamo Kyiv,dynamo kyiv,2020s,Attack - Centre-Forward,282734,338,338_dynamo_kyiv_2020s,Luxembourg  Portugal,74.8
Oleksandr Pikhalyonok,oleksandr pikhalyonok,Dynamo Kyiv,dynamo kyiv,2020s,Midfield - Central Midfield,294780,338,338_dynamo_kyiv_2020s,Ukraine,74.6
Benito,benito,Dynamo Kyiv,dynamo kyiv,2020s,Attack - Right Winger,491960,338,338_dynamo_kyiv_2020s,Nigeria  Cote d'Ivoire,74.6
Mykola Mykhaylenko,mykola mykhaylenko,Dynamo Kyiv,dynamo kyiv,2020s,Midfield - Defensive Midfield,626475,338,338_dynamo_kyiv_2020s,Ukraine,73.5
Eduardo Guerrero,eduardo guerrero,Dynamo Kyiv,dynamo kyiv,2020s,Attack - Centre-Forward,502842,338,338_dynamo_kyiv_2020s,Panama,71.9
Ilya Shkurin,ilya shkurin,Dynamo Kyiv,dynamo kyiv,2020s,Attack - Centre-Forward,523315,338,338_dynamo_kyiv_2020s,Belarus,71.5
Denys Boyko,denys boyko,Dynamo Kyiv,dynamo kyiv,2020s,Goalkeeper,91931,338,338_dynamo_kyiv_2020s,Ukraine,70.7
Maksym Bragaru,maksym bragaru,Dynamo Kyiv,dynamo kyiv,2020s,Attack - Left Winger,695310,338,338_dynamo_kyiv_2020s,Ukraine,70.2
Ilya Zabarnyi,ilya zabarnyi,Dynamo Kyiv,dynamo kyiv,2020s,Defender - Centre-Back,659089,338,338_dynamo_kyiv_2020s,Ukraine,69.6
Valentyn Rubchynskyi,valentyn rubchynskyi,Dynamo Kyiv,dynamo kyiv,2020s,Midfield - Central Midfield,666943,338,338_dynamo_kyiv_2020s,Ukraine,69.1
Vitinho,vitinho,Dynamo Kyiv,dynamo kyiv,2020s,Attack - Left Winger,670965,338,338_dynamo_kyiv_2020s,Brazil,69.1
Bogdan Lednev,bogdan lednev,Dynamo Kyiv,dynamo kyiv,2020s,Midfield - Attacking Midfield,423606,338,338_dynamo_kyiv_2020s,Ukraine,68.6
Taras Mykhavko,taras mykhavko,Dynamo Kyiv,dynamo kyiv,2020s,Defender - Centre-Back,1067225,338,338_dynamo_kyiv_2020s,Ukraine,68.6
Sidcley,sidcley,Dynamo Kyiv,dynamo kyiv,2020s,Defender - Left-Back,330060,338,338_dynamo_kyiv_2020s,Brazil,67.9
Justin Lonwijk,justin lonwijk,Dynamo Kyiv,dynamo kyiv,2020s,Midfield - Central Midfield,357917,338,338_dynamo_kyiv_2020s,Suriname  Netherlands,67.4
Vladyslav Kulach,vladyslav kulach,Dynamo Kyiv,dynamo kyiv,2020s,Attack - Centre-Forward,167556,338,338_dynamo_kyiv_2020s,Ukraine,64.6
Kristian Bilovar,kristian bilovar,Dynamo Kyiv,dynamo kyiv,2020s,Defender - Centre-Back,539436,338,338_dynamo_kyiv_2020s,Ukraine  Hungary,62.9
Brayan Ceballos,brayan ceballos,Dynamo Kyiv,dynamo kyiv,2020s,Defender - Centre-Back,650863,338,338_dynamo_kyiv_2020s,Colombia,61.9
Clayton,clayton,Dynamo Kyiv,dynamo kyiv,2020s,Attack - Centre-Forward,250007,338,338_dynamo_kyiv_2020s,Brazil,60.4
Artem Shabanov,artem shabanov,Dynamo Kyiv,dynamo kyiv,2020s,Defender - Centre-Back,236468,338,338_dynamo_kyiv_2020s,Ukraine,58.6
Ángel Torres,angel torres,Dynamo Kyiv,dynamo kyiv,2020s,Attack - Right Winger,599224,338,338_dynamo_kyiv_2020s,Colombia,58.6
Anton Bol,anton bol,Dynamo Kyiv,dynamo kyiv,2020s,Defender - Centre-Back,838384,338,338_dynamo_kyiv_2020s,Ukraine,58.6
Oleksiy Gusev,oleksiy gusev,Dynamo Kyiv,dynamo kyiv,2020s,Defender - Right-Back,955349,338,338_dynamo_kyiv_2020s,Ukraine,58.6
Artem Kravets,artem kravets,Dynamo Kyiv,dynamo kyiv,2020s,Attack - Centre-Forward,58405,338,338_dynamo_kyiv_2020s,Ukraine,51.2
Fran Sol,fran sol,Dynamo Kyiv,dynamo kyiv,2020s,Attack - Centre-Forward,164292,338,338_dynamo_kyiv_2020s,Spain,51.2
Mykyta Burda,mykyta burda,Dynamo Kyiv,dynamo kyiv,2020s,Defender - Centre-Back,213865,338,338_dynamo_kyiv_2020s,Ukraine,51.2
Valeriy Luchkevych,valeriy luchkevych,Dynamo Kyiv,dynamo kyiv,2020s,Defender - Right-Back,248934,338,338_dynamo_kyiv_2020s,Ukraine,51.2
Akhmed Alibekov,akhmed alibekov,Dynamo Kyiv,dynamo kyiv,2020s,Midfield - Defensive Midfield,343175,338,338_dynamo_kyiv_2020s,Ukraine,51.2
Nazariy Rusyn,nazariy rusyn,Dynamo Kyiv,dynamo kyiv,2020s,Attack - Centre-Forward,366729,338,338_dynamo_kyiv_2020s,Ukraine,51.2
Mykyta Kravchenko,mykyta kravchenko,Dynamo Kyiv,dynamo kyiv,2020s,Defender - Right-Back,370399,338,338_dynamo_kyiv_2020s,Ukraine,51.2
Denys Antyukh,denys antyukh,Dynamo Kyiv,dynamo kyiv,2020s,Attack - Right Winger,383325,338,338_dynamo_kyiv_2020s,Ukraine,51.2
Sergiy Buletsa,sergiy buletsa,Dynamo Kyiv,dynamo kyiv,2020s,Midfield - Attacking Midfield,404846,338,338_dynamo_kyiv_2020s,Ukraine,51.2
Giorgi Tsitaishvili,giorgi tsitaishvili,Dynamo Kyiv,dynamo kyiv,2020s,Attack - Right Winger,419067,338,338_dynamo_kyiv_2020s,Georgia  Ukraine,51.2
Danil Skorko,danil skorko,Dynamo Kyiv,dynamo kyiv,2020s,Defender - Right-Back,631819,338,338_dynamo_kyiv_2020s,Ukraine,51.2
Vladyslav Gerych,vladyslav gerych,Dynamo Kyiv,dynamo kyiv,2020s,Attack - Centre-Forward,1141487,338,338_dynamo_kyiv_2020s,Ukraine,51.2
Volodymyr Sharan,volodymyr sharan,Dnipro Dnipropetrovsk,dnipro dnipropetrovsk,1990s,Midfield - Attacking Midfield,175951,339,339_dnipro_dnipropetrovsk_1990s,Ukraine,87.1
Dmytro Mykhaylenko,dmytro mykhaylenko,Dnipro Dnipropetrovsk,dnipro dnipropetrovsk,1990s,Midfield - Central Midfield,24039,339,339_dnipro_dnipropetrovsk_1990s,Ukraine,81.8
Sergiy Kovalets,sergiy kovalets,Dnipro Dnipropetrovsk,dnipro dnipropetrovsk,1990s,Midfield - Attacking Midfield,107039,339,339_dnipro_dnipropetrovsk_1990s,Ukraine,78.9
Emerson,emerson,Dnipro Dnipropetrovsk,dnipro dnipropetrovsk,1990s,Attack - Centre-Forward,1969,339,339_dnipro_dnipropetrovsk_1990s,Brazil  Germany,78
Sergiy Valyaev,sergiy valyaev,Dnipro Dnipropetrovsk,dnipro dnipropetrovsk,1990s,Midfield - Central Midfield,24061,339,339_dnipro_dnipropetrovsk_1990s,Ukraine,76.5
Sergiy Matyukhin,sergiy matyukhin,Dnipro Dnipropetrovsk,dnipro dnipropetrovsk,1990s,Defender - Centre-Back,24036,339,339_dnipro_dnipropetrovsk_1990s,Ukraine,74.8
Sergiy Zadorozhnyi,sergiy zadorozhnyi,Dnipro Dnipropetrovsk,dnipro dnipropetrovsk,1990s,Defender - Left-Back,96879,339,339_dnipro_dnipropetrovsk_1990s,Ukraine,74.3
Oleg Shelayev,oleg shelayev,Dnipro Dnipropetrovsk,dnipro dnipropetrovsk,1990s,Midfield - Defensive Midfield,24054,339,339_dnipro_dnipropetrovsk_1990s,Ukraine,73.5
Sergiy Nazarenko,sergiy nazarenko,Dnipro Dnipropetrovsk,dnipro dnipropetrovsk,1990s,Midfield - Attacking Midfield,24043,339,339_dnipro_dnipropetrovsk_1990s,Ukraine,71.5
Oleksandr Rykun,oleksandr rykun,Dnipro Dnipropetrovsk,dnipro dnipropetrovsk,1990s,Midfield - Attacking Midfield,24047,339,339_dnipro_dnipropetrovsk_1990s,Ukraine,67.4
Ruslan Rotan,ruslan rotan,Dnipro Dnipropetrovsk,dnipro dnipropetrovsk,1990s,Midfield - Central Midfield,24049,339,339_dnipro_dnipropetrovsk_1990s,Ukraine,67.4
Maksim Startsev,maksim startsev,Dnipro Dnipropetrovsk,dnipro dnipropetrovsk,1990s,Goalkeeper,58976,339,339_dnipro_dnipropetrovsk_1990s,Ukraine  Russia,66.7
Sergiy Dranov,sergiy dranov,Dnipro Dnipropetrovsk,dnipro dnipropetrovsk,1990s,Attack - Centre-Forward,92464,339,339_dnipro_dnipropetrovsk_1990s,Ukraine,65.5
Artem Kusliy,artem kusliy,Dnipro Dnipropetrovsk,dnipro dnipropetrovsk,1990s,Goalkeeper,24028,339,339_dnipro_dnipropetrovsk_1990s,Ukraine,64.1
Bogdan Shershun,bogdan shershun,Dnipro Dnipropetrovsk,dnipro dnipropetrovsk,1990s,Defender - Centre-Back,15596,339,339_dnipro_dnipropetrovsk_1990s,Ukraine,62.9
Igor Plotko,igor plotko,Dnipro Dnipropetrovsk,dnipro dnipropetrovsk,1990s,Midfield - Central Midfield,857997,339,339_dnipro_dnipropetrovsk_1990s,Ukraine,61.9
Sergiy Chuychenko,sergiy chuychenko,Dnipro Dnipropetrovsk,dnipro dnipropetrovsk,1990s,Attack - Centre-Forward,858005,339,339_dnipro_dnipropetrovsk_1990s,Ukraine,60.4
Oleksandr Babych,oleksandr babych,Dnipro Dnipropetrovsk,dnipro dnipropetrovsk,1990s,Defender - Centre-Back,59406,339,339_dnipro_dnipropetrovsk_1990s,Ukraine,58.6
Oleksandr Gumenyuk,oleksandr gumenyuk,Dnipro Dnipropetrovsk,dnipro dnipropetrovsk,1990s,Goalkeeper,97319,339,339_dnipro_dnipropetrovsk_1990s,Ukraine,58.6
Oleksandr Grytsay,oleksandr grytsay,Dnipro Dnipropetrovsk,dnipro dnipropetrovsk,1990s,Midfield - Defensive Midfield,24010,339,339_dnipro_dnipropetrovsk_1990s,Ukraine,51.2
Roman Pasichnychenko,roman pasichnychenko,Dnipro Dnipropetrovsk,dnipro dnipropetrovsk,1990s,Defender - Right-Back,70610,339,339_dnipro_dnipropetrovsk_1990s,Ukraine,51.2
Anatoliy Matkevych,anatoliy matkevych,Dnipro Dnipropetrovsk,dnipro dnipropetrovsk,1990s,Defender - Centre-Back,193271,339,339_dnipro_dnipropetrovsk_1990s,Ukraine,51.2
Yuriy Shevchuk,yuriy shevchuk,Dnipro Dnipropetrovsk,dnipro dnipropetrovsk,1990s,Midfield,858258,339,339_dnipro_dnipropetrovsk_1990s,Ukraine,51.2
Ruslan Rotan,ruslan rotan,Dnipro Dnipropetrovsk,dnipro dnipropetrovsk,2000s,Midfield - Central Midfield,24049,339,339_dnipro_dnipropetrovsk_2000s,Ukraine,89.8
Oleg Shelayev,oleg shelayev,Dnipro Dnipropetrovsk,dnipro dnipropetrovsk,2000s,Midfield - Defensive Midfield,24054,339,339_dnipro_dnipropetrovsk_2000s,Ukraine,88.6
Sergiy Nazarenko,sergiy nazarenko,Dnipro Dnipropetrovsk,dnipro dnipropetrovsk,2000s,Midfield - Attacking Midfield,24043,339,339_dnipro_dnipropetrovsk_2000s,Ukraine,88
Ruslan Kostyshyn,ruslan kostyshyn,Dnipro Dnipropetrovsk,dnipro dnipropetrovsk,2000s,Midfield - Attacking Midfield,24025,339,339_dnipro_dnipropetrovsk_2000s,Ukraine,85
Sergiy Valyaev,sergiy valyaev,Dnipro Dnipropetrovsk,dnipro dnipropetrovsk,2000s,Midfield - Central Midfield,24061,339,339_dnipro_dnipropetrovsk_2000s,Ukraine,83.6
Oleksandr Rykun,oleksandr rykun,Dnipro Dnipropetrovsk,dnipro dnipropetrovsk,2000s,Midfield - Attacking Midfield,24047,339,339_dnipro_dnipropetrovsk_2000s,Ukraine,82.9
Volodymyr Yezerskyi,volodymyr yezerskyi,Dnipro Dnipropetrovsk,dnipro dnipropetrovsk,2000s,Defender - Right-Back,24006,339,339_dnipro_dnipropetrovsk_2000s,Ukraine,81.7
Oleksandr Melashchenko,oleksandr melashchenko,Dnipro Dnipropetrovsk,dnipro dnipropetrovsk,2000s,Attack - Centre-Forward,9797,339,339_dnipro_dnipropetrovsk_2000s,Ukraine,79.8
Sergiy Matyukhin,sergiy matyukhin,Dnipro Dnipropetrovsk,dnipro dnipropetrovsk,2000s,Defender - Centre-Back,24036,339,339_dnipro_dnipropetrovsk_2000s,Ukraine,79.1
Dmytro Mykhaylenko,dmytro mykhaylenko,Dnipro Dnipropetrovsk,dnipro dnipropetrovsk,2000s,Midfield - Central Midfield,24039,339,339_dnipro_dnipropetrovsk_2000s,Ukraine,77.7
Volodymyr Mazyar,volodymyr mazyar,Dnipro Dnipropetrovsk,dnipro dnipropetrovsk,2000s,Attack - Centre-Forward,118430,339,339_dnipro_dnipropetrovsk_2000s,Ukraine,77
Sergey Kornilenko,sergey kornilenko,Dnipro Dnipropetrovsk,dnipro dnipropetrovsk,2000s,Attack - Centre-Forward,15881,339,339_dnipro_dnipropetrovsk_2000s,Belarus  Russia,76.7
Andriy Spevak,andriy spevak,Dnipro Dnipropetrovsk,dnipro dnipropetrovsk,2000s,Midfield - Central Midfield,168988,339,339_dnipro_dnipropetrovsk_2000s,Ukraine,76.6
Oleksandr Radchenko,oleksandr radchenko,Dnipro Dnipropetrovsk,dnipro dnipropetrovsk,2000s,Defender - Left-Back,24046,339,339_dnipro_dnipropetrovsk_2000s,Ukraine,75.3
Oleksandr Grytsay,oleksandr grytsay,Dnipro Dnipropetrovsk,dnipro dnipropetrovsk,2000s,Midfield - Defensive Midfield,24010,339,339_dnipro_dnipropetrovsk_2000s,Ukraine,74.8
Sergiy Zadorozhnyi,sergiy zadorozhnyi,Dnipro Dnipropetrovsk,dnipro dnipropetrovsk,2000s,Defender - Left-Back,96879,339,339_dnipro_dnipropetrovsk_2000s,Ukraine,73.5
Vyacheslav Kernozenko,vyacheslav kernozenko,Dnipro Dnipropetrovsk,dnipro dnipropetrovsk,2000s,Goalkeeper,24022,339,339_dnipro_dnipropetrovsk_2000s,Ukraine,72.4
Artem Kusliy,artem kusliy,Dnipro Dnipropetrovsk,dnipro dnipropetrovsk,2000s,Goalkeeper,24028,339,339_dnipro_dnipropetrovsk_2000s,Ukraine,71.3
Alexandru Popovici,alexandru popovici,Dnipro Dnipropetrovsk,dnipro dnipropetrovsk,2000s,Attack - Centre-Forward,58246,339,339_dnipro_dnipropetrovsk_2000s,Moldova  Russia,69.6
Vyacheslav Shevchuk,vyacheslav shevchuk,Dnipro Dnipropetrovsk,dnipro dnipropetrovsk,2000s,Defender - Left-Back,25820,339,339_dnipro_dnipropetrovsk_2000s,Ukraine,67.9
Dmytro Semochko,dmytro semochko,Dnipro Dnipropetrovsk,dnipro dnipropetrovsk,2000s,Defender - Left-Back,24053,339,339_dnipro_dnipropetrovsk_2000s,Ukraine  Russia,66.7
Andriy Rusol,andriy rusol,Dnipro Dnipropetrovsk,dnipro dnipropetrovsk,2000s,Defender - Centre-Back,24050,339,339_dnipro_dnipropetrovsk_2000s,Ukraine,66.3
Maksim Startsev,maksim startsev,Dnipro Dnipropetrovsk,dnipro dnipropetrovsk,2000s,Goalkeeper,58976,339,339_dnipro_dnipropetrovsk_2000s,Ukraine  Russia,65.5
Kostyantyn Kravchenko,kostyantyn kravchenko,Dnipro Dnipropetrovsk,dnipro dnipropetrovsk,2000s,Midfield - Attacking Midfield,24026,339,339_dnipro_dnipropetrovsk_2000s,Ukraine,64.6
Vitaliy Lysytskyi,vitaliy lysytskyi,Dnipro Dnipropetrovsk,dnipro dnipropetrovsk,2000s,Defender - Centre-Back,24032,339,339_dnipro_dnipropetrovsk_2000s,Ukraine,64.6
Kostyantyn Balabanov,kostyantyn balabanov,Dnipro Dnipropetrovsk,dnipro dnipropetrovsk,2000s,Attack - Centre-Forward,34766,339,339_dnipro_dnipropetrovsk_2000s,Ukraine,61.9
Bogdan Shershun,bogdan shershun,Dnipro Dnipropetrovsk,dnipro dnipropetrovsk,2000s,Defender - Centre-Back,15596,339,339_dnipro_dnipropetrovsk_2000s,Ukraine,58.6
Sergiy Motuz,sergiy motuz,Dnipro Dnipropetrovsk,dnipro dnipropetrovsk,2000s,Attack - Centre-Forward,24042,339,339_dnipro_dnipropetrovsk_2000s,Ukraine,58.6
Ruslan Bidnenko,ruslan bidnenko,Dnipro Dnipropetrovsk,dnipro dnipropetrovsk,2000s,Midfield - Defensive Midfield,15878,339,339_dnipro_dnipropetrovsk_2000s,Ukraine,51.2
Ivan Kotenko,ivan kotenko,Dnipro Dnipropetrovsk,dnipro dnipropetrovsk,2000s,Midfield - Left Midfield,25861,339,339_dnipro_dnipropetrovsk_2000s,Ukraine,51.2
Anatoliy Matkevych,anatoliy matkevych,Dnipro Dnipropetrovsk,dnipro dnipropetrovsk,2000s,Defender - Centre-Back,193271,339,339_dnipro_dnipropetrovsk_2000s,Ukraine,51.2
Yakiv Kripak,yakiv kripak,Dnipro Dnipropetrovsk,dnipro dnipropetrovsk,2000s,Attack - Centre-Forward,418361,339,339_dnipro_dnipropetrovsk_2000s,Ukraine,51.2
Denys Andrienko,denys andrienko,Dnipro Dnipropetrovsk,dnipro dnipropetrovsk,2000s,Defender - Left-Back,23990,339,339_dnipro_dnipropetrovsk_2000s,Ukraine,45.6
Roman Pasichnychenko,roman pasichnychenko,Dnipro Dnipropetrovsk,dnipro dnipropetrovsk,2000s,Defender - Right-Back,70610,339,339_dnipro_dnipropetrovsk_2000s,Ukraine,45.1
Sergiy Nazarenko,sergiy nazarenko,Dnipro Dnipropetrovsk (- 2020),dnipro dnipropetrovsk 2020,2000s,Midfield - Attacking Midfield,24043,339,339_dnipro_dnipropetrovsk__2020_2000s,Ukraine,95
Sergey Samodin,sergey samodin,Dnipro Dnipropetrovsk (- 2020),dnipro dnipropetrovsk 2020,2000s,Attack - Centre-Forward,15593,339,339_dnipro_dnipropetrovsk__2020_2000s,Russia,86
Sergey Kornilenko,sergey kornilenko,Dnipro Dnipropetrovsk (- 2020),dnipro dnipropetrovsk 2020,2000s,Attack - Centre-Forward,15881,339,339_dnipro_dnipropetrovsk__2020_2000s,Belarus  Russia,85.3
Ruslan Rotan,ruslan rotan,Dnipro Dnipropetrovsk (- 2020),dnipro dnipropetrovsk 2020,2000s,Midfield - Central Midfield,24049,339,339_dnipro_dnipropetrovsk__2020_2000s,Ukraine,84.3
Yevgen Seleznyov,yevgen seleznyov,Dnipro Dnipropetrovsk (- 2020),dnipro dnipropetrovsk 2020,2000s,Attack - Centre-Forward,59908,339,339_dnipro_dnipropetrovsk__2020_2000s,Ukraine,84
Andriy Vorobey,andriy vorobey,Dnipro Dnipropetrovsk (- 2020),dnipro dnipropetrovsk 2020,2000s,Attack - Centre-Forward,14945,339,339_dnipro_dnipropetrovsk__2020_2000s,Ukraine,82.8
Osmar Ferreyra,osmar ferreyra,Dnipro Dnipropetrovsk (- 2020),dnipro dnipropetrovsk 2020,2000s,Midfield - Attacking Midfield,16682,339,339_dnipro_dnipropetrovsk__2020_2000s,Argentina,82.6
Oleg Shelayev,oleg shelayev,Dnipro Dnipropetrovsk (- 2020),dnipro dnipropetrovsk 2020,2000s,Midfield - Defensive Midfield,24054,339,339_dnipro_dnipropetrovsk__2020_2000s,Ukraine,82.6
Vyacheslav Kernozenko,vyacheslav kernozenko,Dnipro Dnipropetrovsk (- 2020),dnipro dnipropetrovsk 2020,2000s,Goalkeeper,24022,339,339_dnipro_dnipropetrovsk__2020_2000s,Ukraine,81.9
Andriy Rusol,andriy rusol,Dnipro Dnipropetrovsk (- 2020),dnipro dnipropetrovsk 2020,2000s,Defender - Centre-Back,24050,339,339_dnipro_dnipropetrovsk__2020_2000s,Ukraine,81.5
Volodymyr Gomenyuk,volodymyr gomenyuk,Dnipro Dnipropetrovsk (- 2020),dnipro dnipropetrovsk 2020,2000s,Attack - Centre-Forward,43309,339,339_dnipro_dnipropetrovsk__2020_2000s,Ukraine,81.4
Kostyantyn Kravchenko,kostyantyn kravchenko,Dnipro Dnipropetrovsk (- 2020),dnipro dnipropetrovsk 2020,2000s,Midfield - Attacking Midfield,24026,339,339_dnipro_dnipropetrovsk__2020_2000s,Ukraine,78.4
Vitaliy Denisov,vitaliy denisov,Dnipro Dnipropetrovsk (- 2020),dnipro dnipropetrovsk 2020,2000s,Defender - Left-Back,25823,339,339_dnipro_dnipropetrovsk__2020_2000s,Uzbekistan  Russia,75.6
Yevgen Konoplyanka,yevgen konoplyanka,Dnipro Dnipropetrovsk (- 2020),dnipro dnipropetrovsk 2020,2000s,Attack - Left Winger,58949,339,339_dnipro_dnipropetrovsk__2020_2000s,Ukraine,75.6
Dmytro Lyopa,dmytro lyopa,Dnipro Dnipropetrovsk (- 2020),dnipro dnipropetrovsk 2020,2000s,Midfield - Attacking Midfield,54816,339,339_dnipro_dnipropetrovsk__2020_2000s,Ukraine,74.6
Jaba Kankava,jaba kankava,Dnipro Dnipropetrovsk (- 2020),dnipro dnipropetrovsk 2020,2000s,Midfield - Defensive Midfield,25758,339,339_dnipro_dnipropetrovsk__2020_2000s,Georgia,74.5
Bogdan Shershun,bogdan shershun,Dnipro Dnipropetrovsk (- 2020),dnipro dnipropetrovsk 2020,2000s,Defender - Centre-Back,15596,339,339_dnipro_dnipropetrovsk__2020_2000s,Ukraine,74.3
Oleksandr Melashchenko,oleksandr melashchenko,Dnipro Dnipropetrovsk (- 2020),dnipro dnipropetrovsk 2020,2000s,Attack - Centre-Forward,9797,339,339_dnipro_dnipropetrovsk__2020_2000s,Ukraine,74
Vitaliy Lysytskyi,vitaliy lysytskyi,Dnipro Dnipropetrovsk (- 2020),dnipro dnipropetrovsk 2020,2000s,Defender - Centre-Back,24032,339,339_dnipro_dnipropetrovsk__2020_2000s,Ukraine,74
Volodymyr Yezerskyi,volodymyr yezerskyi,Dnipro Dnipropetrovsk (- 2020),dnipro dnipropetrovsk 2020,2000s,Defender - Right-Back,24006,339,339_dnipro_dnipropetrovsk__2020_2000s,Ukraine,73.8
Kostyantyn Balabanov,kostyantyn balabanov,Dnipro Dnipropetrovsk (- 2020),dnipro dnipropetrovsk 2020,2000s,Attack - Centre-Forward,34766,339,339_dnipro_dnipropetrovsk__2020_2000s,Ukraine,73.2
Maksim Startsev,maksim startsev,Dnipro Dnipropetrovsk (- 2020),dnipro dnipropetrovsk 2020,2000s,Goalkeeper,58976,339,339_dnipro_dnipropetrovsk__2020_2000s,Ukraine  Russia,72.9
Mladen Bartulovic,mladen bartulovic,Dnipro Dnipropetrovsk (- 2020),dnipro dnipropetrovsk 2020,2000s,Midfield - Left Midfield,28179,339,339_dnipro_dnipropetrovsk__2020_2000s,Croatia,71.9
Denys Andrienko,denys andrienko,Dnipro Dnipropetrovsk (- 2020),dnipro dnipropetrovsk 2020,2000s,Defender - Left-Back,23990,339,339_dnipro_dnipropetrovsk__2020_2000s,Ukraine,71.5
Oleksandr Radchenko,oleksandr radchenko,Dnipro Dnipropetrovsk (- 2020),dnipro dnipropetrovsk 2020,2000s,Defender - Left-Back,24046,339,339_dnipro_dnipropetrovsk__2020_2000s,Ukraine,71.5
Oleksandr Grytsay,oleksandr grytsay,Dnipro Dnipropetrovsk (- 2020),dnipro dnipropetrovsk 2020,2000s,Midfield - Defensive Midfield,24010,339,339_dnipro_dnipropetrovsk__2020_2000s,Ukraine,70.7
Artem Kusliy,artem kusliy,Dnipro Dnipropetrovsk (- 2020),dnipro dnipropetrovsk 2020,2000s,Goalkeeper,24028,339,339_dnipro_dnipropetrovsk__2020_2000s,Ukraine,70.7
Yevgen Borovyk,yevgen borovyk,Dnipro Dnipropetrovsk (- 2020),dnipro dnipropetrovsk 2020,2000s,Goalkeeper,59024,339,339_dnipro_dnipropetrovsk__2020_2000s,Ukraine,70.7
Rolan Gusev,rolan gusev,Dnipro Dnipropetrovsk (- 2020),dnipro dnipropetrovsk 2020,2000s,Midfield - Right Midfield,15365,339,339_dnipro_dnipropetrovsk__2020_2000s,Russia,69.1
Mario Holek,mario holek,Dnipro Dnipropetrovsk (- 2020),dnipro dnipropetrovsk 2020,2000s,Defender - Centre-Back,36410,339,339_dnipro_dnipropetrovsk__2020_2000s,Czech Republic,69.1
Yevgen Shakhov,yevgen shakhov,Dnipro Dnipropetrovsk (- 2020),dnipro dnipropetrovsk 2020,2000s,Midfield - Central Midfield,58970,339,339_dnipro_dnipropetrovsk__2020_2000s,Ukraine,68.6
Ionuț Mazilu,ionut mazilu,Dnipro Dnipropetrovsk (- 2020),dnipro dnipropetrovsk 2020,2000s,Attack - Centre-Forward,43934,339,339_dnipro_dnipropetrovsk__2020_2000s,Romania,67.4
Dmytro Semochko,dmytro semochko,Dnipro Dnipropetrovsk (- 2020),dnipro dnipropetrovsk 2020,2000s,Defender - Left-Back,24053,339,339_dnipro_dnipropetrovsk__2020_2000s,Ukraine  Russia,65.5
Ivan Kotenko,ivan kotenko,Dnipro Dnipropetrovsk (- 2020),dnipro dnipropetrovsk 2020,2000s,Midfield - Left Midfield,25861,339,339_dnipro_dnipropetrovsk__2020_2000s,Ukraine,65.5
Alcides,alcides,Dnipro Dnipropetrovsk (- 2020),dnipro dnipropetrovsk 2020,2000s,Defender - Centre-Back,3835,339,339_dnipro_dnipropetrovsk__2020_2000s,Brazil  Portugal,63.6
Davidson Morais,davidson morais,Dnipro Dnipropetrovsk (- 2020),dnipro dnipropetrovsk 2020,2000s,Defender - Right-Back,24858,339,339_dnipro_dnipropetrovsk__2020_2000s,Brazil,63.6
Andrey Eshchenko,andrey eshchenko,Dnipro Dnipropetrovsk (- 2020),dnipro dnipropetrovsk 2020,2000s,Defender - Right-Back,48987,339,339_dnipro_dnipropetrovsk__2020_2000s,Russia,63.6
Ruslan Kostyshyn,ruslan kostyshyn,Dnipro Dnipropetrovsk (- 2020),dnipro dnipropetrovsk 2020,2000s,Midfield - Attacking Midfield,24025,339,339_dnipro_dnipropetrovsk__2020_2000s,Ukraine,63.3
Sergiy Matyukhin,sergiy matyukhin,Dnipro Dnipropetrovsk (- 2020),dnipro dnipropetrovsk 2020,2000s,Defender - Centre-Back,24036,339,339_dnipro_dnipropetrovsk__2020_2000s,Ukraine,62.9
Vyacheslav Serdyuk,vyacheslav serdyuk,Dnipro Dnipropetrovsk (- 2020),dnipro dnipropetrovsk 2020,2000s,Defender - Centre-Back,57900,339,339_dnipro_dnipropetrovsk__2020_2000s,Ukraine,62.9
Dmytro Mykhaylenko,dmytro mykhaylenko,Dnipro Dnipropetrovsk (- 2020),dnipro dnipropetrovsk 2020,2000s,Midfield - Central Midfield,24039,339,339_dnipro_dnipropetrovsk__2020_2000s,Ukraine,61.9
Sergiy Kravchenko,sergiy kravchenko,Dnipro Dnipropetrovsk (- 2020),dnipro dnipropetrovsk 2020,2000s,Midfield - Central Midfield,59076,339,339_dnipro_dnipropetrovsk__2020_2000s,Ukraine,61.9
Oleksandr Rykun,oleksandr rykun,Dnipro Dnipropetrovsk (- 2020),dnipro dnipropetrovsk 2020,2000s,Midfield - Attacking Midfield,24047,339,339_dnipro_dnipropetrovsk__2020_2000s,Ukraine,60.4
Maksym Pashayev,maksym pashayev,Dnipro Dnipropetrovsk (- 2020),dnipro dnipropetrovsk 2020,2000s,Defender - Left-Back,59114,339,339_dnipro_dnipropetrovsk__2020_2000s,Ukraine,60.4
Pavlo Pashayev,pavlo pashayev,Dnipro Dnipropetrovsk (- 2020),dnipro dnipropetrovsk 2020,2000s,Defender - Right-Back,58961,339,339_dnipro_dnipropetrovsk__2020_2000s,Azerbaijan  Ukraine,59.7
Ruslan Bidnenko,ruslan bidnenko,Dnipro Dnipropetrovsk (- 2020),dnipro dnipropetrovsk 2020,2000s,Midfield - Defensive Midfield,15878,339,339_dnipro_dnipropetrovsk__2020_2000s,Ukraine,58.6
Sergiy Motuz,sergiy motuz,Dnipro Dnipropetrovsk (- 2020),dnipro dnipropetrovsk 2020,2000s,Attack - Centre-Forward,24042,339,339_dnipro_dnipropetrovsk__2020_2000s,Ukraine,58.6
Aleksandre Kobakhidze,aleksandre kobakhidze,Dnipro Dnipropetrovsk (- 2020),dnipro dnipropetrovsk 2020,2000s,Midfield - Right Midfield,56698,339,339_dnipro_dnipropetrovsk__2020_2000s,Georgia,58.6
Linas Klimavičius,linas klimavicius,Dnipro Dnipropetrovsk (- 2020),dnipro dnipropetrovsk 2020,2000s,Defender - Centre-Back,57418,339,339_dnipro_dnipropetrovsk__2020_2000s,Lithuania,58.6
Anton Kanibolotskyi,anton kanibolotskyi,Dnipro Dnipropetrovsk (- 2020),dnipro dnipropetrovsk 2020,2000s,Goalkeeper,58945,339,339_dnipro_dnipropetrovsk__2020_2000s,Ukraine,58.6
Artur Karnoza,artur karnoza,Dnipro Dnipropetrovsk (- 2020),dnipro dnipropetrovsk 2020,2000s,Midfield - Attacking Midfield,58946,339,339_dnipro_dnipropetrovsk__2020_2000s,Ukraine,58.6
Vyacheslav Sviderskyi,vyacheslav sviderskyi,Dnipro Dnipropetrovsk (- 2020),dnipro dnipropetrovsk 2020,2000s,Defender - Centre-Back,15681,339,339_dnipro_dnipropetrovsk__2020_2000s,Ukraine,51.2
Kakhaber Aladashvili,kakhaber aladashvili,Dnipro Dnipropetrovsk (- 2020),dnipro dnipropetrovsk 2020,2000s,Defender - Right-Back,25739,339,339_dnipro_dnipropetrovsk__2020_2000s,Georgia,51.2
Denis Glavina,denis glavina,Dnipro Dnipropetrovsk (- 2020),dnipro dnipropetrovsk 2020,2000s,Defender - Centre-Back,27826,339,339_dnipro_dnipropetrovsk__2020_2000s,Croatia,51.2
Oleksiy Chychykov,oleksiy chychykov,Dnipro Dnipropetrovsk (- 2020),dnipro dnipropetrovsk 2020,2000s,Attack - Right Winger,43404,339,339_dnipro_dnipropetrovsk__2020_2000s,Ukraine,51.2
Revaz Barabadze,revaz barabadze,Dnipro Dnipropetrovsk (- 2020),dnipro dnipropetrovsk 2020,2000s,Attack - Centre-Forward,52759,339,339_dnipro_dnipropetrovsk__2020_2000s,Georgia,51.2
Oleksandr Maksymov,oleksandr maksymov,Dnipro Dnipropetrovsk (- 2020),dnipro dnipropetrovsk 2020,2000s,Midfield - Central Midfield,58956,339,339_dnipro_dnipropetrovsk__2020_2000s,Ukraine,51.2
Oleksandr Romanchuk,oleksandr romanchuk,Dnipro Dnipropetrovsk (- 2020),dnipro dnipropetrovsk 2020,2000s,Defender - Left-Back,59893,339,339_dnipro_dnipropetrovsk__2020_2000s,Ukraine,51.2
Valeriy Kutsenko,valeriy kutsenko,Dnipro Dnipropetrovsk (- 2020),dnipro dnipropetrovsk 2020,2000s,Midfield - Attacking Midfield,91549,339,339_dnipro_dnipropetrovsk__2020_2000s,Ukraine,51.2
Igor Lolo,igor lolo,Dnipro Dnipropetrovsk (- 2020),dnipro dnipropetrovsk 2020,2000s,Defender - Right-Back,15796,339,339_dnipro_dnipropetrovsk__2020_2000s,Cote d'Ivoire,45.1
Yevgen Seleznyov,yevgen seleznyov,Dnipro Dnipropetrovsk (- 2020),dnipro dnipropetrovsk 2020,2010s,Attack - Centre-Forward,59908,339,339_dnipro_dnipropetrovsk__2020_2010s,Ukraine,95.8
Yevgen Konoplyanka,yevgen konoplyanka,Dnipro Dnipropetrovsk (- 2020),dnipro dnipropetrovsk 2020,2010s,Attack - Left Winger,58949,339,339_dnipro_dnipropetrovsk__2020_2010s,Ukraine,94.6
Nikola Kalinić,nikola kalinic,Dnipro Dnipropetrovsk (- 2020),dnipro dnipropetrovsk 2020,2010s,Attack - Centre-Forward,36371,339,339_dnipro_dnipropetrovsk__2020_2010s,Croatia,92.9
Roman Zozulya,roman zozulya,Dnipro Dnipropetrovsk (- 2020),dnipro dnipropetrovsk 2020,2010s,Attack - Centre-Forward,70767,339,339_dnipro_dnipropetrovsk__2020_2010s,Ukraine,92.3
Ruslan Rotan,ruslan rotan,Dnipro Dnipropetrovsk (- 2020),dnipro dnipropetrovsk 2020,2010s,Midfield - Central Midfield,24049,339,339_dnipro_dnipropetrovsk__2020_2010s,Ukraine,90.8
Giuliano,giuliano,Dnipro Dnipropetrovsk (- 2020),dnipro dnipropetrovsk 2020,2010s,Midfield - Attacking Midfield,54375,339,339_dnipro_dnipropetrovsk__2020_2010s,Brazil,89.2
Yevgen Shakhov,yevgen shakhov,Dnipro Dnipropetrovsk (- 2020),dnipro dnipropetrovsk 2020,2010s,Midfield - Central Midfield,58970,339,339_dnipro_dnipropetrovsk__2020_2010s,Ukraine,87
Bruno Gama,bruno gama,Dnipro Dnipropetrovsk (- 2020),dnipro dnipropetrovsk 2020,2010s,Attack - Left Winger,15568,339,339_dnipro_dnipropetrovsk__2020_2010s,Portugal,85.6
Sergiy Kravchenko,sergiy kravchenko,Dnipro Dnipropetrovsk (- 2020),dnipro dnipropetrovsk 2020,2010s,Midfield - Central Midfield,59076,339,339_dnipro_dnipropetrovsk__2020_2010s,Ukraine,85.1
Denys Oliynyk,denys oliynyk,Dnipro Dnipropetrovsk (- 2020),dnipro dnipropetrovsk 2020,2010s,Attack - Left Winger,57895,339,339_dnipro_dnipropetrovsk__2020_2010s,Ukraine,82.3
Sergiy Nazarenko,sergiy nazarenko,Dnipro Dnipropetrovsk (- 2020),dnipro dnipropetrovsk 2020,2010s,Midfield - Attacking Midfield,24043,339,339_dnipro_dnipropetrovsk__2020_2010s,Ukraine,81.4
Andriy Bliznichenko,andriy bliznichenko,Dnipro Dnipropetrovsk (- 2020),dnipro dnipropetrovsk 2020,2010s,Attack - Right Winger,177818,339,339_dnipro_dnipropetrovsk__2020_2010s,Ukraine,80.9
Denys Boyko,denys boyko,Dnipro Dnipropetrovsk (- 2020),dnipro dnipropetrovsk 2020,2010s,Goalkeeper,91931,339,339_dnipro_dnipropetrovsk__2020_2010s,Ukraine,79.3
Oleksandr Gladkyi,oleksandr gladkyi,Dnipro Dnipropetrovsk (- 2020),dnipro dnipropetrovsk 2020,2010s,Attack - Centre-Forward,53270,339,339_dnipro_dnipropetrovsk__2020_2010s,Ukraine,78.5
Roman Bezus,roman bezus,Dnipro Dnipropetrovsk (- 2020),dnipro dnipropetrovsk 2020,2010s,Midfield - Attacking Midfield,97567,339,339_dnipro_dnipropetrovsk__2020_2010s,Ukraine,78.3
Valeriy Luchkevych,valeriy luchkevych,Dnipro Dnipropetrovsk (- 2020),dnipro dnipropetrovsk 2020,2010s,Defender - Right-Back,248934,339,339_dnipro_dnipropetrovsk__2020_2010s,Ukraine,78
Denys Kulakov,denys kulakov,Dnipro Dnipropetrovsk (- 2020),dnipro dnipropetrovsk 2020,2010s,Defender - Right-Back,25734,339,339_dnipro_dnipropetrovsk__2020_2010s,Ukraine,76.5
Vladyslav Kochergin,vladyslav kochergin,Dnipro Dnipropetrovsk (- 2020),dnipro dnipropetrovsk 2020,2010s,Midfield - Defensive Midfield,248932,339,339_dnipro_dnipropetrovsk__2020_2010s,Ukraine,75.6
Denys Balanyuk,denys balanyuk,Dnipro Dnipropetrovsk (- 2020),dnipro dnipropetrovsk 2020,2010s,Attack - Centre-Forward,308436,339,339_dnipro_dnipropetrovsk__2020_2010s,Ukraine,74.6
Artem Dovbyk,artem dovbyk,Dnipro Dnipropetrovsk (- 2020),dnipro dnipropetrovsk 2020,2010s,Attack - Centre-Forward,343537,339,339_dnipro_dnipropetrovsk__2020_2010s,Ukraine,74.6
Oleksiy Antonov,oleksiy antonov,Dnipro Dnipropetrovsk (- 2020),dnipro dnipropetrovsk 2020,2010s,Attack - Centre-Forward,25845,339,339_dnipro_dnipropetrovsk__2020_2010s,Ukraine,72.9
Volodymyr Gomenyuk,volodymyr gomenyuk,Dnipro Dnipropetrovsk (- 2020),dnipro dnipropetrovsk 2020,2010s,Attack - Centre-Forward,43309,339,339_dnipro_dnipropetrovsk__2020_2010s,Ukraine,72.9
Osmar Ferreyra,osmar ferreyra,Dnipro Dnipropetrovsk (- 2020),dnipro dnipropetrovsk 2020,2010s,Midfield - Attacking Midfield,16682,339,339_dnipro_dnipropetrovsk__2020_2010s,Argentina,71.9
Jaba Kankava,jaba kankava,Dnipro Dnipropetrovsk (- 2020),dnipro dnipropetrovsk 2020,2010s,Midfield - Defensive Midfield,25758,339,339_dnipro_dnipropetrovsk__2020_2010s,Georgia,71.9
Yevgen Cheberko,yevgen cheberko,Dnipro Dnipropetrovsk (- 2020),dnipro dnipropetrovsk 2020,2010s,Defender - Centre-Back,343153,339,339_dnipro_dnipropetrovsk__2020_2010s,Ukraine,70.7
Anderson Pico,anderson pico,Dnipro Dnipropetrovsk (- 2020),dnipro dnipropetrovsk 2020,2010s,Defender - Left-Back,54031,339,339_dnipro_dnipropetrovsk__2020_2010s,Brazil,70.2
Sergiy Politylo,sergiy politylo,Dnipro Dnipropetrovsk (- 2020),dnipro dnipropetrovsk 2020,2010s,Midfield - Central Midfield,58606,339,339_dnipro_dnipropetrovsk__2020_2010s,Ukraine,70.2
Anton Kanibolotskyi,anton kanibolotskyi,Dnipro Dnipropetrovsk (- 2020),dnipro dnipropetrovsk 2020,2010s,Goalkeeper,58945,339,339_dnipro_dnipropetrovsk__2020_2010s,Ukraine,69.9
Yuriy Vakulko,yuriy vakulko,Dnipro Dnipropetrovsk (- 2020),dnipro dnipropetrovsk 2020,2010s,Midfield - Central Midfield,369155,339,339_dnipro_dnipropetrovsk__2020_2010s,Ukraine,69.6
Valeriy Fedorchuk,valeriy fedorchuk,Dnipro Dnipropetrovsk (- 2020),dnipro dnipropetrovsk 2020,2010s,Midfield - Central Midfield,82599,339,339_dnipro_dnipropetrovsk__2020_2010s,Ukraine,69.1
Pavlo Ksyonz,pavlo ksyonz,Dnipro Dnipropetrovsk (- 2020),dnipro dnipropetrovsk 2020,2010s,Defender - Right-Back,57888,339,339_dnipro_dnipropetrovsk__2020_2010s,Ukraine,67.9
Andriy Rusol,andriy rusol,Dnipro Dnipropetrovsk (- 2020),dnipro dnipropetrovsk 2020,2010s,Defender - Centre-Back,24050,339,339_dnipro_dnipropetrovsk__2020_2010s,Ukraine,67.4
Dmytro Chygrynskyi,dmytro chygrynskyi,Dnipro Dnipropetrovsk (- 2020),dnipro dnipropetrovsk 2020,2010s,Defender - Centre-Back,25732,339,339_dnipro_dnipropetrovsk__2020_2010s,Ukraine,67.4
Derek Boateng,derek boateng,Dnipro Dnipropetrovsk (- 2020),dnipro dnipropetrovsk 2020,2010s,Midfield - Defensive Midfield,18091,339,339_dnipro_dnipropetrovsk__2020_2010s,Ghana,67.2
Aleksandre Kobakhidze,aleksandre kobakhidze,Dnipro Dnipropetrovsk (- 2020),dnipro dnipropetrovsk 2020,2010s,Midfield - Right Midfield,56698,339,339_dnipro_dnipropetrovsk__2020_2010s,Georgia,67
Volodymyr Adamyuk,volodymyr adamyuk,Dnipro Dnipropetrovsk (- 2020),dnipro dnipropetrovsk 2020,2010s,Defender - Right-Back,273663,339,339_dnipro_dnipropetrovsk__2020_2010s,Ukraine,67
Igor Vartsaba,igor vartsaba,Dnipro Dnipropetrovsk (- 2020),dnipro dnipropetrovsk 2020,2010s,Goalkeeper,64344,339,339_dnipro_dnipropetrovsk__2020_2010s,Ukraine,66.7
Andriy Lunin,andriy lunin,Dnipro Dnipropetrovsk (- 2020),dnipro dnipropetrovsk 2020,2010s,Goalkeeper,404839,339,339_dnipro_dnipropetrovsk__2020_2010s,Ukraine,66.7
Igor Kogut,igor kogut,Dnipro Dnipropetrovsk (- 2020),dnipro dnipropetrovsk 2020,2010s,Midfield - Central Midfield,448868,339,339_dnipro_dnipropetrovsk__2020_2010s,Ukraine,66.3
Vitaliy Denisov,vitaliy denisov,Dnipro Dnipropetrovsk (- 2020),dnipro dnipropetrovsk 2020,2010s,Defender - Left-Back,25823,339,339_dnipro_dnipropetrovsk__2020_2010s,Uzbekistan  Russia,66
Michael Odibe,michael odibe,Dnipro Dnipropetrovsk (- 2020),dnipro dnipropetrovsk 2020,2010s,Defender - Centre-Back,140561,339,339_dnipro_dnipropetrovsk__2020_2010s,Nigeria,65.5
Oleksandr Svatok,oleksandr svatok,Dnipro Dnipropetrovsk (- 2020),dnipro dnipropetrovsk 2020,2010s,Defender - Centre-Back,244271,339,339_dnipro_dnipropetrovsk__2020_2010s,Ukraine,64.6
Dmytro Lyopa,dmytro lyopa,Dnipro Dnipropetrovsk (- 2020),dnipro dnipropetrovsk 2020,2010s,Midfield - Attacking Midfield,54816,339,339_dnipro_dnipropetrovsk__2020_2010s,Ukraine,63.6
Douglas,douglas,Dnipro Dnipropetrovsk (- 2020),dnipro dnipropetrovsk 2020,2010s,Defender - Centre-Back,101304,339,339_dnipro_dnipropetrovsk__2020_2010s,Brazil,63.6
Ondrej Mazuch,ondrej mazuch,Dnipro Dnipropetrovsk (- 2020),dnipro dnipropetrovsk 2020,2010s,Defender - Centre-Back,23443,339,339_dnipro_dnipropetrovsk__2020_2010s,Czech Republic,63.3
Ruslan Babenko,ruslan babenko,Dnipro Dnipropetrovsk (- 2020),dnipro dnipropetrovsk 2020,2010s,Midfield - Central Midfield,94928,339,339_dnipro_dnipropetrovsk__2020_2010s,Ukraine,62.9
Oleg Kozhushko,oleg kozhushko,Dnipro Dnipropetrovsk (- 2020),dnipro dnipropetrovsk 2020,2010s,Attack - Centre-Forward,343492,339,339_dnipro_dnipropetrovsk__2020_2010s,Ukraine,62.5
Edmar Galovskyi,edmar galovskyi,Dnipro Dnipropetrovsk (- 2020),dnipro dnipropetrovsk 2020,2010s,Midfield - Central Midfield,43299,339,339_dnipro_dnipropetrovsk__2020_2010s,Ukraine  Brazil,61.9
Dmitriy Nagiyev,dmitriy nagiyev,Dnipro Dnipropetrovsk (- 2020),dnipro dnipropetrovsk 2020,2010s,Defender - Right-Back,288857,339,339_dnipro_dnipropetrovsk__2020_2010s,Azerbaijan  Ukraine,61.9
Ivan Tomecak,ivan tomecak,Dnipro Dnipropetrovsk (- 2020),dnipro dnipropetrovsk 2020,2010s,Defender - Right-Back,49985,339,339_dnipro_dnipropetrovsk__2020_2010s,Croatia,60.4
Oleksandr Migunov,oleksandr migunov,Dnipro Dnipropetrovsk (- 2020),dnipro dnipropetrovsk 2020,2010s,Defender - Left-Back,288856,339,339_dnipro_dnipropetrovsk__2020_2010s,Ukraine,60.4
Maksym Lunyov,maksym lunyov,Dnipro Dnipropetrovsk (- 2020),dnipro dnipropetrovsk 2020,2010s,Attack - Left Winger,401822,339,339_dnipro_dnipropetrovsk__2020_2010s,Ukraine,60.4
Alcides,alcides,Dnipro Dnipropetrovsk (- 2020),dnipro dnipropetrovsk 2020,2010s,Defender - Centre-Back,3835,339,339_dnipro_dnipropetrovsk__2020_2010s,Brazil  Portugal,58.6
Mario Holek,mario holek,Dnipro Dnipropetrovsk (- 2020),dnipro dnipropetrovsk 2020,2010s,Defender - Centre-Back,36410,339,339_dnipro_dnipropetrovsk__2020_2010s,Czech Republic,58.6
Pavlo Pashayev,pavlo pashayev,Dnipro Dnipropetrovsk (- 2020),dnipro dnipropetrovsk 2020,2010s,Defender - Right-Back,58961,339,339_dnipro_dnipropetrovsk__2020_2010s,Azerbaijan  Ukraine,58.6
Papa Gueye,papa gueye,Dnipro Dnipropetrovsk (- 2020),dnipro dnipropetrovsk 2020,2010s,Defender - Centre-Back,59414,339,339_dnipro_dnipropetrovsk__2020_2010s,Senegal  Ukraine,58.6
Oleksandr Vasyliev,oleksandr vasyliev,Dnipro Dnipropetrovsk (- 2020),dnipro dnipropetrovsk 2020,2010s,Midfield - Defensive Midfield,173079,339,339_dnipro_dnipropetrovsk__2020_2010s,Ukraine,58.6
Danylo Kucher,danylo kucher,Dnipro Dnipropetrovsk (- 2020),dnipro dnipropetrovsk 2020,2010s,Goalkeeper,427341,339,339_dnipro_dnipropetrovsk__2020_2010s,Ukraine,58.6
Danilo,danilo,Dnipro Dnipropetrovsk (- 2020),dnipro dnipropetrovsk 2020,2010s,Midfield - Attacking Midfield,51232,339,339_dnipro_dnipropetrovsk__2020_2010s,Belgium  Brazil,51.2
Egídio,egidio,Dnipro Dnipropetrovsk (- 2020),dnipro dnipropetrovsk 2020,2010s,Defender - Left-Back,54419,339,339_dnipro_dnipropetrovsk__2020_2010s,Brazil,51.2
Artur Karnoza,artur karnoza,Dnipro Dnipropetrovsk (- 2020),dnipro dnipropetrovsk 2020,2010s,Midfield - Attacking Midfield,58946,339,339_dnipro_dnipropetrovsk__2020_2010s,Ukraine,51.2
Anton Kravchenko,anton kravchenko,Dnipro Dnipropetrovsk (- 2020),dnipro dnipropetrovsk 2020,2010s,Defender - Centre-Back,64341,339,339_dnipro_dnipropetrovsk__2020_2010s,Ukraine,51.2
Denys Maznyi,denys maznyi,Dnipro Dnipropetrovsk (- 2020),dnipro dnipropetrovsk 2020,2010s,Midfield - Left Midfield,141168,339,339_dnipro_dnipropetrovsk__2020_2010s,Ukraine,51.2
Maksym Tretyakov,maksym tretyakov,Dnipro Dnipropetrovsk (- 2020),dnipro dnipropetrovsk 2020,2010s,Attack - Left Winger,248938,339,339_dnipro_dnipropetrovsk__2020_2010s,Ukraine,51.2
Sergiy Gorbunov,sergiy gorbunov,Dnipro Dnipropetrovsk (- 2020),dnipro dnipropetrovsk 2020,2010s,Midfield - Left Midfield,288853,339,339_dnipro_dnipropetrovsk__2020_2010s,Ukraine,51.2
Denys Kostyshyn,denys kostyshyn,Dnipro Dnipropetrovsk (- 2020),dnipro dnipropetrovsk 2020,2010s,Midfield - Attacking Midfield,366446,339,339_dnipro_dnipropetrovsk__2020_2010s,Ukraine,51.2
Vladyslav Supryaga,vladyslav supryaga,Dnipro Dnipropetrovsk (- 2020),dnipro dnipropetrovsk 2020,2010s,Attack - Centre-Forward,419061,339,339_dnipro_dnipropetrovsk__2020_2010s,Ukraine,51.2
Yegor Nazaryna,yegor nazaryna,Dnipro Dnipropetrovsk (- 2020),dnipro dnipropetrovsk 2020,2010s,Midfield - Central Midfield,430190,339,339_dnipro_dnipropetrovsk__2020_2010s,Ukraine,51.2
Maksym Lopyryonok,maksym lopyryonok,Dnipro Dnipropetrovsk (- 2020),dnipro dnipropetrovsk 2020,2010s,Defender - Centre-Back,448867,339,339_dnipro_dnipropetrovsk__2020_2010s,Ukraine,51.2
Oleksandr Safronov,oleksandr safronov,Dnipro Dnipropetrovsk (- 2020),dnipro dnipropetrovsk 2020,2010s,Defender - Centre-Back,467241,339,339_dnipro_dnipropetrovsk__2020_2010s,Ukraine,51.2
Mladen Bartulovic,mladen bartulovic,Dnipro Dnipropetrovsk (- 2020),dnipro dnipropetrovsk 2020,2010s,Midfield - Left Midfield,28179,339,339_dnipro_dnipropetrovsk__2020_2010s,Croatia,45.4
Volodymyr Ponomarenko,volodymyr ponomarenko,Kryvbas Kryvyi Rig,kryvbas kryvyi rig,1990s,Midfield - Right Midfield,92466,3592,3592_kryvbas_kryvyi_rig_1990s,Ukraine,85.8
Igor Plotko,igor plotko,Kryvbas Kryvyi Rig,kryvbas kryvyi rig,1990s,Midfield - Central Midfield,857997,3592,3592_kryvbas_kryvyi_rig_1990s,Ukraine,68.6
Volodymyr Yezerskyi,volodymyr yezerskyi,Kryvbas Kryvyi Rig,kryvbas kryvyi rig,1990s,Defender - Right-Back,24006,3592,3592_kryvbas_kryvyi_rig_1990s,Ukraine,60.4
Sergiy Dolganskyi,sergiy dolganskyi,Kryvbas Kryvyi Rig,kryvbas kryvyi rig,1990s,Goalkeeper,24004,3592,3592_kryvbas_kryvyi_rig_1990s,Ukraine,58.6
Yuriy Shevchuk,yuriy shevchuk,Kryvbas Kryvyi Rig,kryvbas kryvyi rig,1990s,Midfield,858258,3592,3592_kryvbas_kryvyi_rig_1990s,Ukraine,58.6
Andriy Rusol,andriy rusol,Kryvbas Kryvyi Rig,kryvbas kryvyi rig,1990s,Defender - Centre-Back,24050,3592,3592_kryvbas_kryvyi_rig_1990s,Ukraine,51.2
Anton Monakhov,anton monakhov,Kryvbas Kryvyi Rig,kryvbas kryvyi rig,1990s,Defender - Centre-Back,60323,3592,3592_kryvbas_kryvyi_rig_1990s,Russia  Ukraine,45.6
Vasil Gigiadze,vasil gigiadze,Kryvbas Kryvyi Rig,kryvbas kryvyi rig,2000s,Midfield - Attacking Midfield,57878,3592,3592_kryvbas_kryvyi_rig_2000s,Georgia,87.9
Mladen Bartulovic,mladen bartulovic,Kryvbas Kryvyi Rig,kryvbas kryvyi rig,2000s,Midfield - Left Midfield,28179,3592,3592_kryvbas_kryvyi_rig_2000s,Croatia,85
Sergiy Motuz,sergiy motuz,Kryvbas Kryvyi Rig,kryvbas kryvyi rig,2000s,Attack - Centre-Forward,24042,3592,3592_kryvbas_kryvyi_rig_2000s,Ukraine,83.5
Alexandru Popovici,alexandru popovici,Kryvbas Kryvyi Rig,kryvbas kryvyi rig,2000s,Attack - Centre-Forward,58246,3592,3592_kryvbas_kryvyi_rig_2000s,Moldova  Russia,82.8
Yuriy Kudinov,yuriy kudinov,Kryvbas Kryvyi Rig,kryvbas kryvyi rig,2000s,Attack - Centre-Forward,91548,3592,3592_kryvbas_kryvyi_rig_2000s,Ukraine,82.6
Nikolay Kashevskiy,nikolay kashevskiy,Kryvbas Kryvyi Rig,kryvbas kryvyi rig,2000s,Defender - Centre-Back,25472,3592,3592_kryvbas_kryvyi_rig_2000s,Belarus,82.4
Taras Kabanov,taras kabanov,Kryvbas Kryvyi Rig,kryvbas kryvyi rig,2000s,Attack - Centre-Forward,35352,3592,3592_kryvbas_kryvyi_rig_2000s,Ukraine,80.1
Ruslan Kostyshyn,ruslan kostyshyn,Kryvbas Kryvyi Rig,kryvbas kryvyi rig,2000s,Midfield - Attacking Midfield,24025,3592,3592_kryvbas_kryvyi_rig_2000s,Ukraine,79.5
Volodymyr Ponomarenko,volodymyr ponomarenko,Kryvbas Kryvyi Rig,kryvbas kryvyi rig,2000s,Midfield - Right Midfield,92466,3592,3592_kryvbas_kryvyi_rig_2000s,Ukraine,79.4
Magomed Adiev,magomed adiev,Kryvbas Kryvyi Rig,kryvbas kryvyi rig,2000s,Attack - Centre-Forward,24117,3592,3592_kryvbas_kryvyi_rig_2000s,Russia,78.5
Sergiy Dranov,sergiy dranov,Kryvbas Kryvyi Rig,kryvbas kryvyi rig,2000s,Attack - Centre-Forward,92464,3592,3592_kryvbas_kryvyi_rig_2000s,Ukraine,76.2
Oleksandr Goryainov,oleksandr goryainov,Kryvbas Kryvyi Rig,kryvbas kryvyi rig,2000s,Goalkeeper,42631,3592,3592_kryvbas_kryvyi_rig_2000s,Ukraine,75.3
Sead Salahovic,sead salahovic,Kryvbas Kryvyi Rig,kryvbas kryvyi rig,2000s,Attack - Centre-Forward,139973,3592,3592_kryvbas_kryvyi_rig_2000s,Serbia,75.3
Oleksandr Maksymov,oleksandr maksymov,Kryvbas Kryvyi Rig,kryvbas kryvyi rig,2000s,Midfield - Central Midfield,58956,3592,3592_kryvbas_kryvyi_rig_2000s,Ukraine,75.1
Denys Andrienko,denys andrienko,Kryvbas Kryvyi Rig,kryvbas kryvyi rig,2000s,Defender - Left-Back,23990,3592,3592_kryvbas_kryvyi_rig_2000s,Ukraine,74.8
Darko Dunjic,darko dunjic,Kryvbas Kryvyi Rig,kryvbas kryvyi rig,2000s,Defender - Right-Back,58230,3592,3592_kryvbas_kryvyi_rig_2000s,Serbia,74.8
Oleksandr Melashchenko,oleksandr melashchenko,Kryvbas Kryvyi Rig,kryvbas kryvyi rig,2000s,Attack - Centre-Forward,9797,3592,3592_kryvbas_kryvyi_rig_2000s,Ukraine,74.6
Andrey Morozov,andrey morozov,Kryvbas Kryvyi Rig,kryvbas kryvyi rig,2000s,Midfield - Right Midfield,172350,3592,3592_kryvbas_kryvyi_rig_2000s,Belarus  Russia,74.6
Oleksandr Shevelyukhin,oleksandr shevelyukhin,Kryvbas Kryvyi Rig,kryvbas kryvyi rig,2000s,Defender - Centre-Back,59133,3592,3592_kryvbas_kryvyi_rig_2000s,Ukraine  Poland,74.5
Aleksandar Trisovic,aleksandar trisovic,Kryvbas Kryvyi Rig,kryvbas kryvyi rig,2000s,Midfield - Left Midfield,17206,3592,3592_kryvbas_kryvyi_rig_2000s,Serbia,74
Vitaliy Lysytskyi,vitaliy lysytskyi,Kryvbas Kryvyi Rig,kryvbas kryvyi rig,2000s,Defender - Centre-Back,24032,3592,3592_kryvbas_kryvyi_rig_2000s,Ukraine,74
Dmytro Lyopa,dmytro lyopa,Kryvbas Kryvyi Rig,kryvbas kryvyi rig,2000s,Midfield - Attacking Midfield,54816,3592,3592_kryvbas_kryvyi_rig_2000s,Ukraine,72.6
Maksim Startsev,maksim startsev,Kryvbas Kryvyi Rig,kryvbas kryvyi rig,2000s,Goalkeeper,58976,3592,3592_kryvbas_kryvyi_rig_2000s,Ukraine  Russia,72.4
Yevgen Borovyk,yevgen borovyk,Kryvbas Kryvyi Rig,kryvbas kryvyi rig,2000s,Goalkeeper,59024,3592,3592_kryvbas_kryvyi_rig_2000s,Ukraine,71.9
Anthony Alegbe,anthony alegbe,Kryvbas Kryvyi Rig,kryvbas kryvyi rig,2000s,Defender - Centre-Back,32627,3592,3592_kryvbas_kryvyi_rig_2000s,Nigeria,71.5
Sergey Nikitenko,sergey nikitenko,Kryvbas Kryvyi Rig,kryvbas kryvyi rig,2000s,Midfield - Defensive Midfield,169789,3592,3592_kryvbas_kryvyi_rig_2000s,Belarus,68.9
Pavel Kirilchik,pavel kirilchik,Kryvbas Kryvyi Rig,kryvbas kryvyi rig,2000s,Defender - Centre-Back,48995,3592,3592_kryvbas_kryvyi_rig_2000s,Belarus,68.6
Mykola Morozyuk,mykola morozyuk,Kryvbas Kryvyi Rig,kryvbas kryvyi rig,2000s,Defender - Right-Back,59389,3592,3592_kryvbas_kryvyi_rig_2000s,Ukraine,68.6
Yevgen Kotov,yevgen kotov,Kryvbas Kryvyi Rig,kryvbas kryvyi rig,2000s,Defender - Centre-Back,98479,3592,3592_kryvbas_kryvyi_rig_2000s,Ukraine,68.6
Andriy Zavyalov,andriy zavyalov,Kryvbas Kryvyi Rig,kryvbas kryvyi rig,2000s,Midfield - Central Midfield,514030,3592,3592_kryvbas_kryvyi_rig_2000s,Turkmenistan  Ukraine,68.6
Igor Bazhan,igor bazhan,Kryvbas Kryvyi Rig,kryvbas kryvyi rig,2000s,Goalkeeper,27126,3592,3592_kryvbas_kryvyi_rig_2000s,Ukraine,67.4
Yuriy Seleznyov,yuriy seleznyov,Kryvbas Kryvyi Rig,kryvbas kryvyi rig,2000s,Midfield - Central Midfield,92461,3592,3592_kryvbas_kryvyi_rig_2000s,Ukraine,67.4
Oleksandr Radchenko,oleksandr radchenko,Kryvbas Kryvyi Rig,kryvbas kryvyi rig,2000s,Defender - Left-Back,24046,3592,3592_kryvbas_kryvyi_rig_2000s,Ukraine,67
Vasyl Grytsuk,vasyl grytsuk,Kryvbas Kryvyi Rig,kryvbas kryvyi rig,2000s,Midfield - Attacking Midfield,59047,3592,3592_kryvbas_kryvyi_rig_2000s,Ukraine,66.3
Maksym Pashayev,maksym pashayev,Kryvbas Kryvyi Rig,kryvbas kryvyi rig,2000s,Defender - Left-Back,59114,3592,3592_kryvbas_kryvyi_rig_2000s,Ukraine,65.5
Jafar Irismetov,jafar irismetov,Kryvbas Kryvyi Rig,kryvbas kryvyi rig,2000s,Attack - Centre-Forward,84500,3592,3592_kryvbas_kryvyi_rig_2000s,Uzbekistan,65.5
Anatoliy Matkevych,anatoliy matkevych,Kryvbas Kryvyi Rig,kryvbas kryvyi rig,2000s,Defender - Centre-Back,193271,3592,3592_kryvbas_kryvyi_rig_2000s,Ukraine,65.5
Aleksandre Kobakhidze,aleksandre kobakhidze,Kryvbas Kryvyi Rig,kryvbas kryvyi rig,2000s,Midfield - Right Midfield,56698,3592,3592_kryvbas_kryvyi_rig_2000s,Georgia,64.6
Sergiy Shcheglov,sergiy shcheglov,Kryvbas Kryvyi Rig,kryvbas kryvyi rig,2000s,Attack - Left Winger,49624,3592,3592_kryvbas_kryvyi_rig_2000s,Russia  Ukraine,63.6
Sergiy Zadorozhnyi,sergiy zadorozhnyi,Kryvbas Kryvyi Rig,kryvbas kryvyi rig,2000s,Defender - Left-Back,96879,3592,3592_kryvbas_kryvyi_rig_2000s,Ukraine,63.6
Vitaliy Postranskyi,vitaliy postranskyi,Kryvbas Kryvyi Rig,kryvbas kryvyi rig,2000s,Goalkeeper,34670,3592,3592_kryvbas_kryvyi_rig_2000s,Ukraine,62.9
Sergiy Dmytriev,sergiy dmytriev,Kryvbas Kryvyi Rig,kryvbas kryvyi rig,2000s,Attack - Left Winger,57997,3592,3592_kryvbas_kryvyi_rig_2000s,Ukraine  Russia,62.9
Anton Kanibolotskyi,anton kanibolotskyi,Kryvbas Kryvyi Rig,kryvbas kryvyi rig,2000s,Goalkeeper,58945,3592,3592_kryvbas_kryvyi_rig_2000s,Ukraine,62.9
Ivan Kucherenko,ivan kucherenko,Kryvbas Kryvyi Rig,kryvbas kryvyi rig,2000s,Midfield - Defensive Midfield,59078,3592,3592_kryvbas_kryvyi_rig_2000s,Ukraine,62.9
Sergiy Matyukhin,sergiy matyukhin,Kryvbas Kryvyi Rig,kryvbas kryvyi rig,2000s,Defender - Centre-Back,24036,3592,3592_kryvbas_kryvyi_rig_2000s,Ukraine,61.9
Andriy Rusol,andriy rusol,Kryvbas Kryvyi Rig,kryvbas kryvyi rig,2000s,Defender - Centre-Back,24050,3592,3592_kryvbas_kryvyi_rig_2000s,Ukraine,61.9
Valeriy Fedorchuk,valeriy fedorchuk,Kryvbas Kryvyi Rig,kryvbas kryvyi rig,2000s,Midfield - Central Midfield,82599,3592,3592_kryvbas_kryvyi_rig_2000s,Ukraine,61.9
Andriy Spevak,andriy spevak,Kryvbas Kryvyi Rig,kryvbas kryvyi rig,2000s,Midfield - Central Midfield,168988,3592,3592_kryvbas_kryvyi_rig_2000s,Ukraine,61.9
Artem Shubin,artem shubin,Kryvbas Kryvyi Rig,kryvbas kryvyi rig,2000s,Midfield - Central Midfield,559381,3592,3592_kryvbas_kryvyi_rig_2000s,Ukraine  Russia,61.9
Rade Todorovic,rade todorovic,Kryvbas Kryvyi Rig,kryvbas kryvyi rig,2000s,Attack - Right Winger,1666,3592,3592_kryvbas_kryvyi_rig_2000s,Serbia,60.4
Oleg Shelayev,oleg shelayev,Kryvbas Kryvyi Rig,kryvbas kryvyi rig,2000s,Midfield - Defensive Midfield,24054,3592,3592_kryvbas_kryvyi_rig_2000s,Ukraine,60.4
Ivan Kotenko,ivan kotenko,Kryvbas Kryvyi Rig,kryvbas kryvyi rig,2000s,Midfield - Left Midfield,25861,3592,3592_kryvbas_kryvyi_rig_2000s,Ukraine,60.4
Roman Trepachkin,roman trepachkin,Kryvbas Kryvyi Rig,kryvbas kryvyi rig,2000s,Midfield - Right Midfield,172517,3592,3592_kryvbas_kryvyi_rig_2000s,Belarus,60.4
Kostyantyn Balabanov,kostyantyn balabanov,Kryvbas Kryvyi Rig,kryvbas kryvyi rig,2000s,Attack - Centre-Forward,34766,3592,3592_kryvbas_kryvyi_rig_2000s,Ukraine,58.6
Vyacheslav Serdyuk,vyacheslav serdyuk,Kryvbas Kryvyi Rig,kryvbas kryvyi rig,2000s,Defender - Centre-Back,57900,3592,3592_kryvbas_kryvyi_rig_2000s,Ukraine,58.6
Oleg Dopilka,oleg dopilka,Kryvbas Kryvyi Rig,kryvbas kryvyi rig,2000s,Defender - Centre-Back,58389,3592,3592_kryvbas_kryvyi_rig_2000s,Ukraine,58.6
Vitaliy Pavlov,vitaliy pavlov,Kryvbas Kryvyi Rig,kryvbas kryvyi rig,2000s,Defender - Centre-Back,59115,3592,3592_kryvbas_kryvyi_rig_2000s,Ukraine,58.6
Anton Monakhov,anton monakhov,Kryvbas Kryvyi Rig,kryvbas kryvyi rig,2000s,Defender - Centre-Back,60323,3592,3592_kryvbas_kryvyi_rig_2000s,Russia  Ukraine,58.6
Yuriy Danchenko,yuriy danchenko,Kryvbas Kryvyi Rig,kryvbas kryvyi rig,2000s,Defender - Left-Back,91704,3592,3592_kryvbas_kryvyi_rig_2000s,Ukraine,58.6
Volodymyr Mazyar,volodymyr mazyar,Kryvbas Kryvyi Rig,kryvbas kryvyi rig,2000s,Attack - Centre-Forward,118430,3592,3592_kryvbas_kryvyi_rig_2000s,Ukraine,58.6
Murad Ramazanov,murad ramazanov,Kryvbas Kryvyi Rig,kryvbas kryvyi rig,2000s,Midfield - Central Midfield,51267,3592,3592_kryvbas_kryvyi_rig_2000s,Azerbaijan  Russia,57.4
Vyacheslav Kernozenko,vyacheslav kernozenko,Kryvbas Kryvyi Rig,kryvbas kryvyi rig,2000s,Goalkeeper,24022,3592,3592_kryvbas_kryvyi_rig_2000s,Ukraine,57.1
Igor Dimitrijevic,igor dimitrijevic,Kryvbas Kryvyi Rig,kryvbas kryvyi rig,2000s,Goalkeeper,66601,3592,3592_kryvbas_kryvyi_rig_2000s,Serbia,57.1
Milan Zagorac,milan zagorac,Kryvbas Kryvyi Rig,kryvbas kryvyi rig,2000s,Defender - Centre-Back,1514,3592,3592_kryvbas_kryvyi_rig_2000s,Serbia,51.2
Denys Sokolovskyi,denys sokolovskyi,Kryvbas Kryvyi Rig,kryvbas kryvyi rig,2000s,Midfield - Attacking Midfield,20918,3592,3592_kryvbas_kryvyi_rig_2000s,Ukraine,51.2
Artem Kusliy,artem kusliy,Kryvbas Kryvyi Rig,kryvbas kryvyi rig,2000s,Goalkeeper,24028,3592,3592_kryvbas_kryvyi_rig_2000s,Ukraine,51.2
Sergiy Valyaev,sergiy valyaev,Kryvbas Kryvyi Rig,kryvbas kryvyi rig,2000s,Midfield - Central Midfield,24061,3592,3592_kryvbas_kryvyi_rig_2000s,Ukraine,51.2
Ronald Siklic,ronald siklic,Kryvbas Kryvyi Rig,kryvbas kryvyi rig,2000s,Defender - Left-Back,29823,3592,3592_kryvbas_kryvyi_rig_2000s,Croatia,51.2
Piotr Cetnarowicz,piotr cetnarowicz,Kryvbas Kryvyi Rig,kryvbas kryvyi rig,2000s,Attack - Centre-Forward,37146,3592,3592_kryvbas_kryvyi_rig_2000s,Poland,51.2
Pavlo Pashayev,pavlo pashayev,Kryvbas Kryvyi Rig,kryvbas kryvyi rig,2000s,Defender - Right-Back,58961,3592,3592_kryvbas_kryvyi_rig_2000s,Azerbaijan  Ukraine,51.2
Marian Marushchak,marian marushchak,Kryvbas Kryvyi Rig,kryvbas kryvyi rig,2000s,Goalkeeper,81633,3592,3592_kryvbas_kryvyi_rig_2000s,Ukraine,51.2
Oleksandr Zhdanov,oleksandr zhdanov,Kryvbas Kryvyi Rig,kryvbas kryvyi rig,2000s,Defender - Centre-Back,82636,3592,3592_kryvbas_kryvyi_rig_2000s,Ukraine  Israel,51.2
Yuriy Bulychev,yuriy bulychev,Kryvbas Kryvyi Rig,kryvbas kryvyi rig,2000s,Defender - Right-Back,91447,3592,3592_kryvbas_kryvyi_rig_2000s,Ukraine,51.2
Vyacheslav Nivinskyi,vyacheslav nivinskyi,Kryvbas Kryvyi Rig,kryvbas kryvyi rig,2000s,Defender - Centre-Back,91550,3592,3592_kryvbas_kryvyi_rig_2000s,Ukraine,51.2
Dmytro Suspitsyn,dmytro suspitsyn,Kryvbas Kryvyi Rig,kryvbas kryvyi rig,2000s,Midfield,104014,3592,3592_kryvbas_kryvyi_rig_2000s,Ukraine,51.2
Vyacheslav Ryabov,vyacheslav ryabov,Kryvbas Kryvyi Rig,kryvbas kryvyi rig,2000s,Defender - Centre-Back,112364,3592,3592_kryvbas_kryvyi_rig_2000s,Ukraine,51.2
Vyacheslav Gorbanenko,vyacheslav gorbanenko,Kryvbas Kryvyi Rig,kryvbas kryvyi rig,2000s,Midfield - Right Midfield,140405,3592,3592_kryvbas_kryvyi_rig_2000s,Ukraine,51.2
Artur Matveychik,artur matveychik,Kryvbas Kryvyi Rig,kryvbas kryvyi rig,2000s,Midfield - Right Midfield,217101,3592,3592_kryvbas_kryvyi_rig_2000s,Belarus,51.2
Andriy Gerasymenko,andriy gerasymenko,Kryvbas Kryvyi Rig,kryvbas kryvyi rig,2000s,Attack - Centre-Forward,445405,3592,3592_kryvbas_kryvyi_rig_2000s,Ukraine,51.2
Andriy Klymenko,andriy klymenko,Kryvbas Kryvyi Rig,kryvbas kryvyi rig,2000s,Midfield,882875,3592,3592_kryvbas_kryvyi_rig_2000s,Ukraine,51.2
Igor Djinovic,igor djinovic,Kryvbas Kryvyi Rig,kryvbas kryvyi rig,2000s,Defender - Left-Back,901061,3592,3592_kryvbas_kryvyi_rig_2000s,Serbia,51.2
Oleksandr Grytsay,oleksandr grytsay,Kryvbas Kryvyi Rig,kryvbas kryvyi rig,2000s,Midfield - Defensive Midfield,24010,3592,3592_kryvbas_kryvyi_rig_2000s,Ukraine,45.6
Vitaliy Vernydub,vitaliy vernydub,Kryvbas Kryvyi Rig,kryvbas kryvyi rig,2000s,Defender - Centre-Back,59973,3592,3592_kryvbas_kryvyi_rig_2000s,Ukraine,45.4
Sergey Samodin,sergey samodin,Kryvbas Kryvyi Rig,kryvbas kryvyi rig,2010s,Attack - Centre-Forward,15593,3592,3592_kryvbas_kryvyi_rig_2010s,Russia,84.7
Mladen Bartulovic,mladen bartulovic,Kryvbas Kryvyi Rig,kryvbas kryvyi rig,2010s,Midfield - Left Midfield,28179,3592,3592_kryvbas_kryvyi_rig_2010s,Croatia,82.7
Oleksiy Antonov,oleksiy antonov,Kryvbas Kryvyi Rig,kryvbas kryvyi rig,2010s,Attack - Centre-Forward,25845,3592,3592_kryvbas_kryvyi_rig_2010s,Ukraine,82.6
Ruslan Kostyshyn,ruslan kostyshyn,Kryvbas Kryvyi Rig,kryvbas kryvyi rig,2010s,Midfield - Attacking Midfield,24025,3592,3592_kryvbas_kryvyi_rig_2010s,Ukraine,77.3
Oleksandr Maksymov,oleksandr maksymov,Kryvbas Kryvyi Rig,kryvbas kryvyi rig,2010s,Midfield - Central Midfield,58956,3592,3592_kryvbas_kryvyi_rig_2010s,Ukraine,73.2
Valeriy Fedorchuk,valeriy fedorchuk,Kryvbas Kryvyi Rig,kryvbas kryvyi rig,2010s,Midfield - Central Midfield,82599,3592,3592_kryvbas_kryvyi_rig_2010s,Ukraine,73.2
Jaba Kankava,jaba kankava,Kryvbas Kryvyi Rig,kryvbas kryvyi rig,2010s,Midfield - Defensive Midfield,25758,3592,3592_kryvbas_kryvyi_rig_2010s,Georgia,72.9
Dmytro Lyopa,dmytro lyopa,Kryvbas Kryvyi Rig,kryvbas kryvyi rig,2010s,Midfield - Attacking Midfield,54816,3592,3592_kryvbas_kryvyi_rig_2010s,Ukraine,72.4
Yevgen Borovyk,yevgen borovyk,Kryvbas Kryvyi Rig,kryvbas kryvyi rig,2010s,Goalkeeper,59024,3592,3592_kryvbas_kryvyi_rig_2010s,Ukraine,69.6
Valeriy Kutsenko,valeriy kutsenko,Kryvbas Kryvyi Rig,kryvbas kryvyi rig,2010s,Midfield - Attacking Midfield,91549,3592,3592_kryvbas_kryvyi_rig_2010s,Ukraine,69.1
Denys Dedechko,denys dedechko,Kryvbas Kryvyi Rig,kryvbas kryvyi rig,2010s,Midfield - Defensive Midfield,57869,3592,3592_kryvbas_kryvyi_rig_2010s,Ukraine,67.9
Dmytro Khomchenovskyi,dmytro khomchenovskyi,Kryvbas Kryvyi Rig,kryvbas kryvyi rig,2010s,Midfield - Left Midfield,59896,3592,3592_kryvbas_kryvyi_rig_2010s,Ukraine,67.9
Vitaliy Lysytskyi,vitaliy lysytskyi,Kryvbas Kryvyi Rig,kryvbas kryvyi rig,2010s,Defender - Centre-Back,24032,3592,3592_kryvbas_kryvyi_rig_2010s,Ukraine,67.4
Pavlo Pashayev,pavlo pashayev,Kryvbas Kryvyi Rig,kryvbas kryvyi rig,2010s,Defender - Right-Back,58961,3592,3592_kryvbas_kryvyi_rig_2010s,Azerbaijan  Ukraine,67.4
Denys Boyko,denys boyko,Kryvbas Kryvyi Rig,kryvbas kryvyi rig,2010s,Goalkeeper,91931,3592,3592_kryvbas_kryvyi_rig_2010s,Ukraine,66.7
Vyacheslav Serdyuk,vyacheslav serdyuk,Kryvbas Kryvyi Rig,kryvbas kryvyi rig,2010s,Defender - Centre-Back,57900,3592,3592_kryvbas_kryvyi_rig_2010s,Ukraine,66.3
Volodymyr Lysenko,volodymyr lysenko,Kryvbas Kryvyi Rig,kryvbas kryvyi rig,2010s,Attack - Centre-Forward,58413,3592,3592_kryvbas_kryvyi_rig_2010s,Ukraine,65.5
Bogdan Shershun,bogdan shershun,Kryvbas Kryvyi Rig,kryvbas kryvyi rig,2010s,Defender - Centre-Back,15596,3592,3592_kryvbas_kryvyi_rig_2010s,Ukraine,61.9
Vitaliy Reva,vitaliy reva,Kryvbas Kryvyi Rig,kryvbas kryvyi rig,2010s,Goalkeeper,9779,3592,3592_kryvbas_kryvyi_rig_2010s,Ukraine,58.6
Vitaliy Fedoriv,vitaliy fedoriv,Kryvbas Kryvyi Rig,kryvbas kryvyi rig,2010s,Defender - Centre-Back,58392,3592,3592_kryvbas_kryvyi_rig_2010s,Ukraine,58.6
Oleksandr Zhdanov,oleksandr zhdanov,Kryvbas Kryvyi Rig,kryvbas kryvyi rig,2010s,Defender - Centre-Back,82636,3592,3592_kryvbas_kryvyi_rig_2010s,Ukraine  Israel,58.6
Kyrylo Petrov,kyrylo petrov,Kryvbas Kryvyi Rig,kryvbas kryvyi rig,2010s,Midfield - Defensive Midfield,58427,3592,3592_kryvbas_kryvyi_rig_2010s,Ukraine,57.4
Sasa Balic,sasa balic,Kryvbas Kryvyi Rig,kryvbas kryvyi rig,2010s,Defender - Centre-Back,64104,3592,3592_kryvbas_kryvyi_rig_2010s,Montenegro  Croatia,57.4
Sergiy Motuz,sergiy motuz,Kryvbas Kryvyi Rig,kryvbas kryvyi rig,2010s,Attack - Centre-Forward,24042,3592,3592_kryvbas_kryvyi_rig_2010s,Ukraine,51.2
Aleksandre Kobakhidze,aleksandre kobakhidze,Kryvbas Kryvyi Rig,kryvbas kryvyi rig,2010s,Midfield - Right Midfield,56698,3592,3592_kryvbas_kryvyi_rig_2010s,Georgia,51.2
Linas Klimavičius,linas klimavicius,Kryvbas Kryvyi Rig,kryvbas kryvyi rig,2010s,Defender - Centre-Back,57418,3592,3592_kryvbas_kryvyi_rig_2010s,Lithuania,51.2
Yaroslav Zakharevych,yaroslav zakharevych,Kryvbas Kryvyi Rig,kryvbas kryvyi rig,2010s,Midfield - Left Midfield,59924,3592,3592_kryvbas_kryvyi_rig_2010s,Ukraine,51.2
Vitaliy Goshkoderya,vitaliy goshkoderya,Kryvbas Kryvyi Rig,kryvbas kryvyi rig,2010s,Midfield - Defensive Midfield,122317,3592,3592_kryvbas_kryvyi_rig_2010s,Ukraine,51.2
Denys Miroshnichenko,denys miroshnichenko,Kryvbas Kryvyi Rig,kryvbas kryvyi rig,2010s,Defender - Right-Back,244262,3592,3592_kryvbas_kryvyi_rig_2010s,Ukraine,51.2
Denys Andrienko,denys andrienko,Kryvbas Kryvyi Rig,kryvbas kryvyi rig,2010s,Defender - Left-Back,23990,3592,3592_kryvbas_kryvyi_rig_2010s,Ukraine,45.4
Maksym Zaderaka,maksym zaderaka,Kryvbas Kryvyi Rig,kryvbas kryvyi rig,2020s,Attack - Right Winger,325429,3592,3592_kryvbas_kryvyi_rig_2020s,Ukraine,86.8
Yegor Tverdokhlib,yegor tverdokhlib,Kryvbas Kryvyi Rig,kryvbas kryvyi rig,2020s,Midfield - Attacking Midfield,758845,3592,3592_kryvbas_kryvyi_rig_2020s,Ukraine,86.8
Denys Kuzyk,denys kuzyk,Kryvbas Kryvyi Rig,kryvbas kryvyi rig,2020s,Midfield - Right Midfield,723621,3592,3592_kryvbas_kryvyi_rig_2020s,Ukraine,82.6
Oleg Kozhushko,oleg kozhushko,Kryvbas Kryvyi Rig,kryvbas kryvyi rig,2020s,Attack - Centre-Forward,343492,3592,3592_kryvbas_kryvyi_rig_2020s,Ukraine,82.1
Daniel Sosah,daniel sosah,Kryvbas Kryvyi Rig,kryvbas kryvyi rig,2020s,Attack - Centre-Forward,909138,3592,3592_kryvbas_kryvyi_rig_2020s,Niger  Ghana,81.9
Hrvoje Ilic,hrvoje ilic,Kryvbas Kryvyi Rig,kryvbas kryvyi rig,2020s,Midfield - Attacking Midfield,357776,3592,3592_kryvbas_kryvyi_rig_2020s,Croatia,81.1
Artur Mykytyshyn,artur mykytyshyn,Kryvbas Kryvyi Rig,kryvbas kryvyi rig,2020s,Attack - Left Winger,726036,3592,3592_kryvbas_kryvyi_rig_2020s,Ukraine,80.9
Yvan Dibango,yvan dibango,Kryvbas Kryvyi Rig,kryvbas kryvyi rig,2020s,Defender - Left-Back,863919,3592,3592_kryvbas_kryvyi_rig_2020s,Cameroon,80.4
Tymur Stetskov,tymur stetskov,Kryvbas Kryvyi Rig,kryvbas kryvyi rig,2020s,Defender - Centre-Back,549960,3592,3592_kryvbas_kryvyi_rig_2020s,Ukraine,78.9
Andriy Klishchuk,andriy klishchuk,Kryvbas Kryvyi Rig,kryvbas kryvyi rig,2020s,Goalkeeper,190190,3592,3592_kryvbas_kryvyi_rig_2020s,Ukraine,78.5
Andriy Ponedelnik,andriy ponedelnik,Kryvbas Kryvyi Rig,kryvbas kryvyi rig,2020s,Defender - Right-Back,522833,3592,3592_kryvbas_kryvyi_rig_2020s,Ukraine,77.4
Dmytro Khomchenovskyi,dmytro khomchenovskyi,Kryvbas Kryvyi Rig,kryvbas kryvyi rig,2020s,Midfield - Left Midfield,59896,3592,3592_kryvbas_kryvyi_rig_2020s,Ukraine,76.9
Rifet Kapic,rifet kapic,Kryvbas Kryvyi Rig,kryvbas kryvyi rig,2020s,Midfield - Attacking Midfield,251676,3592,3592_kryvbas_kryvyi_rig_2020s,Bosnia-Herzegovina,76.5
Maksym Lunyov,maksym lunyov,Kryvbas Kryvyi Rig,kryvbas kryvyi rig,2020s,Attack - Left Winger,401822,3592,3592_kryvbas_kryvyi_rig_2020s,Ukraine,75.8
Roman Debelko,roman debelko,Kryvbas Kryvyi Rig,kryvbas kryvyi rig,2020s,Attack - Centre-Forward,262182,3592,3592_kryvbas_kryvyi_rig_2020s,Ukraine,75.6
Bandeira,bandeira,Kryvbas Kryvyi Rig,kryvbas kryvyi rig,2020s,Defender - Right-Back,525576,3592,3592_kryvbas_kryvyi_rig_2020s,Portugal,74.6
Mykyta Tatarkov,mykyta tatarkov,Kryvbas Kryvyi Rig,kryvbas kryvyi rig,2020s,Midfield - Attacking Midfield,321417,3592,3592_kryvbas_kryvyi_rig_2020s,Ukraine,73.2
Klim Prykhodko,klim prykhodko,Kryvbas Kryvyi Rig,kryvbas kryvyi rig,2020s,Midfield - Defensive Midfield,419062,3592,3592_kryvbas_kryvyi_rig_2020s,Ukraine,71.9
Prince Kwabena Adu,prince kwabena adu,Kryvbas Kryvyi Rig,kryvbas kryvyi rig,2020s,Attack - Centre-Forward,734799,3592,3592_kryvbas_kryvyi_rig_2020s,Ghana,70.7
Djihad Bizimana,djihad bizimana,Kryvbas Kryvyi Rig,kryvbas kryvyi rig,2020s,Midfield - Defensive Midfield,418173,3592,3592_kryvbas_kryvyi_rig_2020s,Rwanda,70.2
Danylo Beskorovaynyi,danylo beskorovaynyi,Kryvbas Kryvyi Rig,kryvbas kryvyi rig,2020s,Defender - Centre-Back,523907,3592,3592_kryvbas_kryvyi_rig_2020s,Ukraine,69.9
Volodymyr Makhankov,volodymyr makhankov,Kryvbas Kryvyi Rig,kryvbas kryvyi rig,2020s,Goalkeeper,294723,3592,3592_kryvbas_kryvyi_rig_2020s,Ukraine,67.4
Yuriy Vakulko,yuriy vakulko,Kryvbas Kryvyi Rig,kryvbas kryvyi rig,2020s,Midfield - Central Midfield,369155,3592,3592_kryvbas_kryvyi_rig_2020s,Ukraine,66.3
Bogdan Khoma,bogdan khoma,Kryvbas Kryvyi Rig,kryvbas kryvyi rig,2020s,Goalkeeper,978659,3592,3592_kryvbas_kryvyi_rig_2020s,Ukraine,65.5
Volodymyr Vilivald,volodymyr vilivald,Kryvbas Kryvyi Rig,kryvbas kryvyi rig,2020s,Defender - Centre-Back,1140013,3592,3592_kryvbas_kryvyi_rig_2020s,Ukraine,65.5
Jean-Morel Poé,jean morel poe,Kryvbas Kryvyi Rig,kryvbas kryvyi rig,2020s,Attack - Right Winger,569056,3592,3592_kryvbas_kryvyi_rig_2020s,Cote d'Ivoire,64.6
Oleksandr Kamenskyi,oleksandr kamenskyi,Kryvbas Kryvyi Rig,kryvbas kryvyi rig,2020s,Midfield - Left Midfield,1293294,3592,3592_kryvbas_kryvyi_rig_2020s,Ukraine,64.6
Bogdan Sarnavskyi,bogdan sarnavskyi,Kryvbas Kryvyi Rig,kryvbas kryvyi rig,2020s,Goalkeeper,177276,3592,3592_kryvbas_kryvyi_rig_2020s,Ukraine,64.1
Oleksandr Romanchuk,oleksandr romanchuk,Kryvbas Kryvyi Rig,kryvbas kryvyi rig,2020s,Defender - Centre-Back,553772,3592,3592_kryvbas_kryvyi_rig_2020s,Ukraine,64.1
Denys Ustymenko,denys ustymenko,Kryvbas Kryvyi Rig,kryvbas kryvyi rig,2020s,Attack - Centre-Forward,622410,3592,3592_kryvbas_kryvyi_rig_2020s,Ukraine,62.9
Yaroslav Shevchenko,yaroslav shevchenko,Kryvbas Kryvyi Rig,kryvbas kryvyi rig,2020s,Midfield - Central Midfield,1266282,3592,3592_kryvbas_kryvyi_rig_2020s,Ukraine,62.9
Vitaliy Vernydub,vitaliy vernydub,Kryvbas Kryvyi Rig,kryvbas kryvyi rig,2020s,Defender - Centre-Back,59973,3592,3592_kryvbas_kryvyi_rig_2020s,Ukraine,61.9
Oleksiy Khoblenko,oleksiy khoblenko,Kryvbas Kryvyi Rig,kryvbas kryvyi rig,2020s,Attack - Centre-Forward,176412,3592,3592_kryvbas_kryvyi_rig_2020s,Ukraine,61.9
Oleksandr Drambayev,oleksandr drambayev,Kryvbas Kryvyi Rig,kryvbas kryvyi rig,2020s,Defender - Left-Back,623319,3592,3592_kryvbas_kryvyi_rig_2020s,Ukraine,61.9
Viktor Bliznichenko,viktor bliznichenko,Kryvbas Kryvyi Rig,kryvbas kryvyi rig,2020s,Attack - Left Winger,669305,3592,3592_kryvbas_kryvyi_rig_2020s,Ukraine,61.9
Tymur Korablin,tymur korablin,Kryvbas Kryvyi Rig,kryvbas kryvyi rig,2020s,Midfield - Central Midfield,795280,3592,3592_kryvbas_kryvyi_rig_2020s,Ukraine,61.9
Yevgen Banada,yevgen banada,Kryvbas Kryvyi Rig,kryvbas kryvyi rig,2020s,Midfield - Central Midfield,242272,3592,3592_kryvbas_kryvyi_rig_2020s,Ukraine,60.4
Volodymyr Yakimets,volodymyr yakimets,Kryvbas Kryvyi Rig,kryvbas kryvyi rig,2020s,Defender - Left-Back,396402,3592,3592_kryvbas_kryvyi_rig_2020s,Ukraine,60.4
Vyacheslav Ryabov,vyacheslav ryabov,Kryvbas Kryvyi Rig,kryvbas kryvyi rig,2020s,Defender - Centre-Back,112364,3592,3592_kryvbas_kryvyi_rig_2020s,Ukraine,58.6
Noha Ndombasi,noha ndombasi,Kryvbas Kryvyi Rig,kryvbas kryvyi rig,2020s,Attack - Centre-Forward,484995,3592,3592_kryvbas_kryvyi_rig_2020s,France  DR Congo,58.6
Bakary Konaté,bakary konate,Kryvbas Kryvyi Rig,kryvbas kryvyi rig,2020s,Defender - Centre-Back,1060543,3592,3592_kryvbas_kryvyi_rig_2020s,Mali,58.6
Igor Omelchenko,igor omelchenko,Kryvbas Kryvyi Rig,kryvbas kryvyi rig,2020s,Goalkeeper,1257617,3592,3592_kryvbas_kryvyi_rig_2020s,Ukraine,58.6
Vladyslav Semotyuk,vladyslav semotyuk,Kryvbas Kryvyi Rig,kryvbas kryvyi rig,2020s,Midfield - Central Midfield,625144,3592,3592_kryvbas_kryvyi_rig_2020s,Ukraine,57.1
Oleksandr Kemkin,oleksandr kemkin,Kryvbas Kryvyi Rig,kryvbas kryvyi rig,2020s,Goalkeeper,729638,3592,3592_kryvbas_kryvyi_rig_2020s,Ukraine,57.1
Yevgen Opanasenko,yevgen opanasenko,Kryvbas Kryvyi Rig,kryvbas kryvyi rig,2020s,Defender - Right-Back,86931,3592,3592_kryvbas_kryvyi_rig_2020s,Ukraine,51.2
Ivan Zotko,ivan zotko,Kryvbas Kryvyi Rig,kryvbas kryvyi rig,2020s,Defender - Centre-Back,305423,3592,3592_kryvbas_kryvyi_rig_2020s,Ukraine,51.2
Igor Snurnitsyn,igor snurnitsyn,Kryvbas Kryvyi Rig,kryvbas kryvyi rig,2020s,Defender - Centre-Back,419119,3592,3592_kryvbas_kryvyi_rig_2020s,Ukraine,51.2
Dmytro Semenov,dmytro semenov,Kryvbas Kryvyi Rig,kryvbas kryvyi rig,2020s,Defender - Centre-Back,495918,3592,3592_kryvbas_kryvyi_rig_2020s,Ukraine,51.2
Konadu Yiadom,konadu yiadom,Kryvbas Kryvyi Rig,kryvbas kryvyi rig,2020s,Defender - Centre-Back,579261,3592,3592_kryvbas_kryvyi_rig_2020s,Ghana,51.2
Nathanaël Saintini,nathanael saintini,Kryvbas Kryvyi Rig,kryvbas kryvyi rig,2020s,Defender - Centre-Back,585950,3592,3592_kryvbas_kryvyi_rig_2020s,Guadeloupe  France,51.2
Danylo Goncharuk,danylo goncharuk,Kryvbas Kryvyi Rig,kryvbas kryvyi rig,2020s,Attack - Centre-Forward,669310,3592,3592_kryvbas_kryvyi_rig_2020s,Ukraine,51.2
Matteo Amoroso,matteo amoroso,Kryvbas Kryvyi Rig,kryvbas kryvyi rig,2020s,Midfield - Attacking Midfield,705058,3592,3592_kryvbas_kryvyi_rig_2020s,Brazil  Italy,51.2
Oche Ochowechi,oche ochowechi,Kryvbas Kryvyi Rig,kryvbas kryvyi rig,2020s,Attack - Centre-Forward,743028,3592,3592_kryvbas_kryvyi_rig_2020s,Nigeria,51.2
Ilya Ukhan,ilya ukhan,Kryvbas Kryvyi Rig,kryvbas kryvyi rig,2020s,Defender - Right-Back,882224,3592,3592_kryvbas_kryvyi_rig_2020s,Ukraine,51.2
Zakhar Karpus,zakhar karpus,Kryvbas Kryvyi Rig,kryvbas kryvyi rig,2020s,Midfield - Right Midfield,1115271,3592,3592_kryvbas_kryvyi_rig_2020s,Ukraine,51.2
Tymur Butenko,tymur butenko,Kryvbas Kryvyi Rig,kryvbas kryvyi rig,2020s,Attack - Right Winger,1268326,3592,3592_kryvbas_kryvyi_rig_2020s,Ukraine,51.2
Oleg Karamushka,oleg karamushka,Borysfen Boryspil (- 2007),borysfen boryspil 2007,2000s,Defender - Centre-Back,27191,3593,3593_borysfen_boryspil__2007_2000s,Ukraine,71.5
Andriy Khomyn,andriy khomyn,Borysfen Boryspil (- 2007),borysfen boryspil 2007,2000s,Defender - Right-Back,42641,3593,3593_borysfen_boryspil__2007_2000s,Ukraine,70.2
Ruslan Bidnenko,ruslan bidnenko,Borysfen Boryspil (- 2007),borysfen boryspil 2007,2000s,Midfield - Defensive Midfield,15878,3593,3593_borysfen_boryspil__2007_2000s,Ukraine,68.6
Roman Litovchak,roman litovchak,Borysfen Boryspil (- 2007),borysfen boryspil 2007,2000s,Midfield,95691,3593,3593_borysfen_boryspil__2007_2000s,Ukraine,68.6
Yuriy Virt,yuriy virt,Borysfen Boryspil (- 2007),borysfen boryspil 2007,2000s,Goalkeeper,24063,3593,3593_borysfen_boryspil__2007_2000s,Ukraine,65.5
Andriy Smalko,andriy smalko,Borysfen Boryspil (- 2007),borysfen boryspil 2007,2000s,Midfield - Central Midfield,58137,3593,3593_borysfen_boryspil__2007_2000s,Ukraine,64.6
Sergiy Kovalets,sergiy kovalets,Borysfen Boryspil (- 2007),borysfen boryspil 2007,2000s,Midfield - Attacking Midfield,107039,3593,3593_borysfen_boryspil__2007_2000s,Ukraine,60.4
Andriy Zaporozhan,andriy zaporozhan,Borysfen Boryspil (- 2007),borysfen boryspil 2007,2000s,Midfield - Defensive Midfield,91465,3593,3593_borysfen_boryspil__2007_2000s,Ukraine,58.6
Sergiy Pshenychnykh,sergiy pshenychnykh,Borysfen Boryspil (- 2007),borysfen boryspil 2007,2000s,Defender - Centre-Back,25618,3593,3593_borysfen_boryspil__2007_2000s,Ukraine,51.2
Vadym Sapay,vadym sapay,Borysfen Boryspil (- 2007),borysfen boryspil 2007,2000s,Defender - Left-Back,59129,3593,3593_borysfen_boryspil__2007_2000s,Ukraine,51.2
Denys Stoyan,denys stoyan,Borysfen Boryspil (- 2007),borysfen boryspil 2007,2000s,Defender - Left-Back,43377,3593,3593_borysfen_boryspil__2007_2000s,Ukraine,45.4
Ruslan Chernenko,ruslan chernenko,Obolon Kyiv,obolon kyiv,2020s,Midfield - Central Midfield,59877,39097,39097_obolon_kyiv_2020s,Ukraine,78.9
Rostyslav Taranukha,rostyslav taranukha,Obolon Kyiv,obolon kyiv,2020s,Attack - Centre-Forward,224164,39097,39097_obolon_kyiv_2020s,Ukraine,78.5
Sergiy Sukhanov,sergiy sukhanov,Obolon Kyiv,obolon kyiv,2020s,Attack - Centre-Forward,491264,39097,39097_obolon_kyiv_2020s,Ukraine,77.9
Igor Krasnopir,igor krasnopir,Obolon Kyiv,obolon kyiv,2020s,Attack - Centre-Forward,1045187,39097,39097_obolon_kyiv_2020s,Ukraine,75.6
Oleg Slobodyan,oleg slobodyan,Obolon Kyiv,obolon kyiv,2020s,Midfield - Attacking Midfield,320248,39097,39097_obolon_kyiv_2020s,Ukraine,72.9
Vitaliy Grusha,vitaliy grusha,Obolon Kyiv,obolon kyiv,2020s,Midfield - Attacking Midfield,522328,39097,39097_obolon_kyiv_2020s,Ukraine,72.9
Denys Ustymenko,denys ustymenko,Obolon Kyiv,obolon kyiv,2020s,Attack - Centre-Forward,622410,39097,39097_obolon_kyiv_2020s,Ukraine,71.9
Denys Marchenko,denys marchenko,Obolon Kyiv,obolon kyiv,2020s,Goalkeeper,1159511,39097,39097_obolon_kyiv_2020s,Ukraine,71.3
Valeriy Dubko,valeriy dubko,Obolon Kyiv,obolon kyiv,2020s,Defender - Centre-Back,787776,39097,39097_obolon_kyiv_2020s,Ukraine,70.7
Danylo Karas,danylo karas,Obolon Kyiv,obolon kyiv,2020s,Defender - Centre-Back,606248,39097,39097_obolon_kyiv_2020s,Ukraine,70.2
Viktor Bliznichenko,viktor bliznichenko,Obolon Kyiv,obolon kyiv,2020s,Attack - Left Winger,669305,39097,39097_obolon_kyiv_2020s,Ukraine,70.2
Kostyantyn Bychek,kostyantyn bychek,Obolon Kyiv,obolon kyiv,2020s,Attack - Left Winger,913115,39097,39097_obolon_kyiv_2020s,Ukraine,70.2
Nazariy Fedorivskyi,nazariy fedorivskyi,Obolon Kyiv,obolon kyiv,2020s,Goalkeeper,305418,39097,39097_obolon_kyiv_2020s,Ukraine,69.9
Vladyslav Pryimak,vladyslav pryimak,Obolon Kyiv,obolon kyiv,2020s,Defender - Centre-Back,517081,39097,39097_obolon_kyiv_2020s,Ukraine,67.9
Igor Medynskyi,igor medynskyi,Obolon Kyiv,obolon kyiv,2020s,Attack - Right Winger,168830,39097,39097_obolon_kyiv_2020s,Ukraine,66.3
Oleksandr Rybka,oleksandr rybka,Obolon Kyiv,obolon kyiv,2020s,Goalkeeper,19619,39097,39097_obolon_kyiv_2020s,Ukraine,65.5
Artem Kychak,artem kychak,Obolon Kyiv,obolon kyiv,2020s,Goalkeeper,88879,39097,39097_obolon_kyiv_2020s,Ukraine,65.5
Petro Stasyuk,petro stasyuk,Obolon Kyiv,obolon kyiv,2020s,Defender - Left-Back,343622,39097,39097_obolon_kyiv_2020s,Ukraine,65.5
Oleg Ilyin,oleg ilyin,Obolon Kyiv,obolon kyiv,2020s,Midfield - Right Midfield,495923,39097,39097_obolon_kyiv_2020s,Ukraine,65.5
Maksym Grysyo,maksym grysyo,Obolon Kyiv,obolon kyiv,2020s,Defender - Right-Back,448783,39097,39097_obolon_kyiv_2020s,Ukraine,65
Pavlo Lukyanchuk,pavlo lukyanchuk,Obolon Kyiv,obolon kyiv,2020s,Defender - Centre-Back,248935,39097,39097_obolon_kyiv_2020s,Ukraine,63.6
Oleksandr Osman,oleksandr osman,Obolon Kyiv,obolon kyiv,2020s,Defender - Left-Back,264646,39097,39097_obolon_kyiv_2020s,Ukraine,63.6
Yegor Prokopenko,yegor prokopenko,Obolon Kyiv,obolon kyiv,2020s,Defender - Left-Back,537538,39097,39097_obolon_kyiv_2020s,Ukraine,62.9
Kirill Korkh,kirill korkh,Obolon Kyiv,obolon kyiv,2020s,Midfield - Central Midfield,1187436,39097,39097_obolon_kyiv_2020s,Ukraine,62.9
Rostyslav Lyashchuk,rostyslav lyashchuk,Obolon Kyiv,obolon kyiv,2020s,Defender - Right-Back,1263950,39097,39097_obolon_kyiv_2020s,Ukraine,62.9
Artem Chornyi,artem chornyi,Obolon Kyiv,obolon kyiv,2020s,Midfield - Attacking Midfield,1263951,39097,39097_obolon_kyiv_2020s,Ukraine,62.9
Dmitriy Nagiyev,dmitriy nagiyev,Obolon Kyiv,obolon kyiv,2020s,Defender - Right-Back,288857,39097,39097_obolon_kyiv_2020s,Azerbaijan  Ukraine,60.4
Yevgeniy Pasich,yevgeniy pasich,Obolon Kyiv,obolon kyiv,2020s,Defender - Right-Back,315237,39097,39097_obolon_kyiv_2020s,Ukraine,60.4
Sergiy Kosovskyi,sergiy kosovskyi,Obolon Kyiv,obolon kyiv,2020s,Midfield - Defensive Midfield,343316,39097,39097_obolon_kyiv_2020s,Ukraine,60.4
Oleg Vyshnevskyi,oleg vyshnevskyi,Obolon Kyiv,obolon kyiv,2020s,Attack - Centre-Forward,562484,39097,39097_obolon_kyiv_2020s,Ukraine,60.4
Oleksandr Chernov,oleksandr chernov,Obolon Kyiv,obolon kyiv,2020s,Defender - Right-Back,899884,39097,39097_obolon_kyiv_2020s,Ukraine,58.6
Andriy Lomnytskyi,andriy lomnytskyi,Obolon Kyiv,obolon kyiv,2020s,Defender - Centre-Back,1061435,39097,39097_obolon_kyiv_2020s,Ukraine,58.6
Oleksandr Kozlov,oleksandr kozlov,Obolon Kyiv,obolon kyiv,2020s,Midfield - Attacking Midfield,1159512,39097,39097_obolon_kyiv_2020s,Ukraine,58.6
Taras Lyakh,taras lyakh,Obolon Kyiv,obolon kyiv,2020s,Attack - Centre-Forward,1187437,39097,39097_obolon_kyiv_2020s,Ukraine,58.6
Taras Moroz,taras moroz,Obolon Kyiv,obolon kyiv,2020s,Midfield - Defensive Midfield,522832,39097,39097_obolon_kyiv_2020s,Ukraine,56.8
Dmytro Fateev,dmytro fateev,Obolon Kyiv,obolon kyiv,2020s,Defender - Right-Back,271635,39097,39097_obolon_kyiv_2020s,Ukraine,51.2
Yevgeniy Shevchenko,yevgeniy shevchenko,Obolon Kyiv,obolon kyiv,2020s,Defender - Left-Back,363740,39097,39097_obolon_kyiv_2020s,Ukraine,51.2
Yevgen Zaporozhets,yevgen zaporozhets,Obolon Kyiv,obolon kyiv,2020s,Midfield - Central Midfield,380554,39097,39097_obolon_kyiv_2020s,Ukraine,51.2
Maksym Chekh,maksym chekh,Obolon Kyiv,obolon kyiv,2020s,Midfield - Defensive Midfield,396401,39097,39097_obolon_kyiv_2020s,Ukraine,51.2
Dmytro Semenov,dmytro semenov,Obolon Kyiv,obolon kyiv,2020s,Defender - Centre-Back,495918,39097,39097_obolon_kyiv_2020s,Ukraine,51.2
Maksym Yermolenko,maksym yermolenko,Obolon Kyiv,obolon kyiv,2020s,Attack - Centre-Forward,571189,39097,39097_obolon_kyiv_2020s,Ukraine,51.2
Vadym Vitenchuk,vadym vitenchuk,Obolon Kyiv,obolon kyiv,2020s,Midfield - Defensive Midfield,641426,39097,39097_obolon_kyiv_2020s,Ukraine,51.2
Artem Kulakovskyi,artem kulakovskyi,Obolon Kyiv,obolon kyiv,2020s,Midfield - Central Midfield,745252,39097,39097_obolon_kyiv_2020s,Ukraine,51.2
Ivan Nesterenko,ivan nesterenko,Obolon Kyiv,obolon kyiv,2020s,Midfield - Attacking Midfield,887142,39097,39097_obolon_kyiv_2020s,Ukraine,51.2
Vladyslav Mukhamatgaleyev,vladyslav mukhamatgaleyev,Obolon Kyiv,obolon kyiv,2020s,Midfield - Left Midfield,1113197,39097,39097_obolon_kyiv_2020s,Ukraine,51.2
Yevgeniy Danylenko,yevgeniy danylenko,Obolon Kyiv,obolon kyiv,2020s,Defender - Centre-Back,1175889,39097,39097_obolon_kyiv_2020s,Ukraine,51.2
Mykhaylo Klyatskyi,mykhaylo klyatskyi,Obolon Kyiv,obolon kyiv,2020s,Attack - Centre-Forward,1196093,39097,39097_obolon_kyiv_2020s,Ukraine,51.2
Artem Vovkun,artem vovkun,Obolon Kyiv,obolon kyiv,2020s,Defender - Centre-Back,746397,39097,39097_obolon_kyiv_2020s,Ukraine,45
Roman Zub,roman zub,Volyn Lutsk,volyn lutsk,1990s,Midfield - Defensive Midfield,943654,4482,4482_volyn_lutsk_1990s,Ukraine,71.7
Igor Plotko,igor plotko,Volyn Lutsk,volyn lutsk,1990s,Midfield - Central Midfield,857997,4482,4482_volyn_lutsk_1990s,Ukraine,69.1
Volodymyr Gapon,volodymyr gapon,Volyn Lutsk,volyn lutsk,1990s,Midfield - Defensive Midfield,96897,4482,4482_volyn_lutsk_1990s,Ukraine,58.6
Samir Aliyev,samir aliyev,Volyn Lutsk,volyn lutsk,2000s,Attack - Centre-Forward,60975,4482,4482_volyn_lutsk_2000s,Azerbaijan,82.2
Aleksandar Trisovic,aleksandar trisovic,Volyn Lutsk,volyn lutsk,2000s,Midfield - Left Midfield,17206,4482,4482_volyn_lutsk_2000s,Serbia,80
Marko Devic,marko devic,Volyn Lutsk,volyn lutsk,2000s,Attack - Centre-Forward,59411,4482,4482_volyn_lutsk_2000s,Ukraine  Serbia,73.2
Oleg Gerasymyuk,oleg gerasymyuk,Volyn Lutsk,volyn lutsk,2000s,Midfield - Central Midfield,59826,4482,4482_volyn_lutsk_2000s,Ukraine,72.9
Oleksandr Gumenyuk,oleksandr gumenyuk,Volyn Lutsk,volyn lutsk,2000s,Goalkeeper,97319,4482,4482_volyn_lutsk_2000s,Ukraine,71.9
Oleksandr Grebenozhko,oleksandr grebenozhko,Volyn Lutsk,volyn lutsk,2000s,Attack,126621,4482,4482_volyn_lutsk_2000s,Ukraine,71.5
Yuriy Petrov,yuriy petrov,Volyn Lutsk,volyn lutsk,2000s,Attack - Centre-Forward,4602,4482,4482_volyn_lutsk_2000s,Russia  Ukraine,65.5
Sergiy Kovalets,sergiy kovalets,Volyn Lutsk,volyn lutsk,2000s,Midfield - Attacking Midfield,107039,4482,4482_volyn_lutsk_2000s,Ukraine,65.5
Vitaliy Postranskyi,vitaliy postranskyi,Volyn Lutsk,volyn lutsk,2000s,Goalkeeper,34670,4482,4482_volyn_lutsk_2000s,Ukraine,64.1
Seweryn Gancarczyk,seweryn gancarczyk,Volyn Lutsk,volyn lutsk,2000s,Defender - Left-Back,33176,4482,4482_volyn_lutsk_2000s,Poland,63.6
Eddy Dombraye,eddy dombraye,Volyn Lutsk,volyn lutsk,2000s,Midfield - Attacking Midfield,57870,4482,4482_volyn_lutsk_2000s,Nigeria,63.6
Vsevolod Romanenko,vsevolod romanenko,Volyn Lutsk,volyn lutsk,2000s,Goalkeeper,27204,4482,4482_volyn_lutsk_2000s,Ukraine,62.9
Vitaliy Lanko,vitaliy lanko,Volyn Lutsk,volyn lutsk,2000s,Attack - Centre-Forward,44321,4482,4482_volyn_lutsk_2000s,Belarus,61.9
Vadym Panas,vadym panas,Volyn Lutsk,volyn lutsk,2000s,Midfield - Attacking Midfield,82620,4482,4482_volyn_lutsk_2000s,Ukraine,61.9
Oleksandr Mitrofanov,oleksandr mitrofanov,Volyn Lutsk,volyn lutsk,2000s,Midfield - Central Midfield,84495,4482,4482_volyn_lutsk_2000s,Ukraine  Kazakhstan,61.9
Papa Gueye,papa gueye,Volyn Lutsk,volyn lutsk,2000s,Defender - Centre-Back,59414,4482,4482_volyn_lutsk_2000s,Senegal  Ukraine,58.6
Marcin Nowak,marcin nowak,Volyn Lutsk,volyn lutsk,2000s,Defender - Centre-Back,35066,4482,4482_volyn_lutsk_2000s,Poland,51.2
Andrey Stepanov,andrey stepanov,Volyn Lutsk,volyn lutsk,2000s,Defender - Centre-Back,91541,4482,4482_volyn_lutsk_2000s,Russia  Ukraine,51.2
Roman Zub,roman zub,Volyn Lutsk,volyn lutsk,2000s,Midfield - Defensive Midfield,943654,4482,4482_volyn_lutsk_2000s,Ukraine,51.2
Erik Bicfalvi,erik bicfalvi,Volyn Lutsk,volyn lutsk,2010s,Attack - Centre-Forward,46504,4482,4482_volyn_lutsk_2010s,Romania,91.4
Florentin Matei,florentin matei,Volyn Lutsk,volyn lutsk,2010s,Midfield - Attacking Midfield,147998,4482,4482_volyn_lutsk_2010s,Romania,83.2
Aleksandre Kobakhidze,aleksandre kobakhidze,Volyn Lutsk,volyn lutsk,2010s,Midfield - Right Midfield,56698,4482,4482_volyn_lutsk_2010s,Georgia,83
Oleg Gerasymyuk,oleg gerasymyuk,Volyn Lutsk,volyn lutsk,2010s,Midfield - Central Midfield,59826,4482,4482_volyn_lutsk_2010s,Ukraine,80.4
Vyacheslav Sharpar,vyacheslav sharpar,Volyn Lutsk,volyn lutsk,2010s,Midfield - Central Midfield,57901,4482,4482_volyn_lutsk_2010s,Ukraine,78.9
Schumacher,schumacher,Volyn Lutsk,volyn lutsk,2010s,Attack - Centre-Forward,44662,4482,4482_volyn_lutsk_2010s,Brazil  Italy,77.3
Yevgen Pichkur,yevgen pichkur,Volyn Lutsk,volyn lutsk,2010s,Midfield - Left Midfield,89427,4482,4482_volyn_lutsk_2010s,Ukraine,77
Igor Skoba,igor skoba,Volyn Lutsk,volyn lutsk,2010s,Midfield - Central Midfield,12064,4482,4482_volyn_lutsk_2010s,Ukraine  Russia,76.6
Sergiy Petrov,sergiy petrov,Volyn Lutsk,volyn lutsk,2010s,Attack - Centre-Forward,343769,4482,4482_volyn_lutsk_2010s,Ukraine,76.5
Sergiy Pylypchuk,sergiy pylypchuk,Volyn Lutsk,volyn lutsk,2010s,Attack - Left Winger,43495,4482,4482_volyn_lutsk_2010s,Ukraine  Russia,75.6
Artem Dudik,artem dudik,Volyn Lutsk,volyn lutsk,2010s,Attack - Right Winger,425707,4482,4482_volyn_lutsk_2010s,Ukraine,74.8
Alessandro Padovani Celin,alessandro padovani celin,Volyn Lutsk,volyn lutsk,2010s,Attack - Centre-Forward,210109,4482,4482_volyn_lutsk_2010s,Brazil  Italy,73.8
Artem Kychak,artem kychak,Volyn Lutsk,volyn lutsk,2010s,Goalkeeper,88879,4482,4482_volyn_lutsk_2010s,Ukraine,73.7
Bogdan Butko,bogdan butko,Volyn Lutsk,volyn lutsk,2010s,Defender - Right-Back,94922,4482,4482_volyn_lutsk_2010s,Ukraine,72.6
Volodymyr Arzhanov,volodymyr arzhanov,Volyn Lutsk,volyn lutsk,2010s,Attack - Right Winger,59982,4482,4482_volyn_lutsk_2010s,Ukraine,72.2
Sergiy Siminin,sergiy siminin,Volyn Lutsk,volyn lutsk,2010s,Defender - Right-Back,58252,4482,4482_volyn_lutsk_2010s,Ukraine,71.3
Sergiy Politylo,sergiy politylo,Volyn Lutsk,volyn lutsk,2010s,Midfield - Central Midfield,58606,4482,4482_volyn_lutsk_2010s,Ukraine,69.6
Vitaliy Goshkoderya,vitaliy goshkoderya,Volyn Lutsk,volyn lutsk,2010s,Midfield - Defensive Midfield,122317,4482,4482_volyn_lutsk_2010s,Ukraine,67.4
Artem Shabanov,artem shabanov,Volyn Lutsk,volyn lutsk,2010s,Defender - Centre-Back,236468,4482,4482_volyn_lutsk_2010s,Ukraine,67.4
Andriy Bogdanov,andriy bogdanov,Volyn Lutsk,volyn lutsk,2010s,Midfield - Central Midfield,92567,4482,4482_volyn_lutsk_2010s,Ukraine,67
Vladyslav Shapoval,vladyslav shapoval,Volyn Lutsk,volyn lutsk,2010s,Defender - Left-Back,375657,4482,4482_volyn_lutsk_2010s,Ukraine,67
Sergiy Kravchenko,sergiy kravchenko,Volyn Lutsk,volyn lutsk,2010s,Midfield - Central Midfield,59076,4482,4482_volyn_lutsk_2010s,Ukraine,65.5
Roman Nykytyuk,roman nykytyuk,Volyn Lutsk,volyn lutsk,2010s,Defender - Centre-Back,322952,4482,4482_volyn_lutsk_2010s,Ukraine,65.5
Valeriy Fedorchuk,valeriy fedorchuk,Volyn Lutsk,volyn lutsk,2010s,Midfield - Central Midfield,82599,4482,4482_volyn_lutsk_2010s,Ukraine,64.6
Ruslan Babenko,ruslan babenko,Volyn Lutsk,volyn lutsk,2010s,Midfield - Central Midfield,94928,4482,4482_volyn_lutsk_2010s,Ukraine,64.6
Dmytro Nemchaninov,dmytro nemchaninov,Volyn Lutsk,volyn lutsk,2010s,Defender - Centre-Back,120262,4482,4482_volyn_lutsk_2010s,Ukraine,64.6
Maksim Startsev,maksim startsev,Volyn Lutsk,volyn lutsk,2010s,Goalkeeper,58976,4482,4482_volyn_lutsk_2010s,Ukraine  Russia,62.9
Roman Karasyuk,roman karasyuk,Volyn Lutsk,volyn lutsk,2010s,Midfield - Defensive Midfield,91527,4482,4482_volyn_lutsk_2010s,Ukraine,62.9
Vsevolod Romanenko,vsevolod romanenko,Volyn Lutsk,volyn lutsk,2010s,Goalkeeper,27204,4482,4482_volyn_lutsk_2010s,Ukraine,61.1
Yuriy Romanyuk,yuriy romanyuk,Volyn Lutsk,volyn lutsk,2010s,Defender - Right-Back,428380,4482,4482_volyn_lutsk_2010s,Ukraine,61.1
Bogdan Shershun,bogdan shershun,Volyn Lutsk,volyn lutsk,2010s,Defender - Centre-Back,15596,4482,4482_volyn_lutsk_2010s,Ukraine,60.4
Andriy Lyashenko,andriy lyashenko,Volyn Lutsk,volyn lutsk,2010s,Midfield - Right Midfield,448869,4482,4482_volyn_lutsk_2010s,Ukraine,60.4
Leandro,leandro,Volyn Lutsk,volyn lutsk,2010s,Defender - Left-Back,76071,4482,4482_volyn_lutsk_2010s,Brazil  Poland,58.6
Ivan Rogac,ivan rogac,Volyn Lutsk,volyn lutsk,2010s,Defender - Centre-Back,132999,4482,4482_volyn_lutsk_2010s,Serbia  Montenegro,58.6
Oleksandr Chepelyuk,oleksandr chepelyuk,Volyn Lutsk,volyn lutsk,2010s,Midfield - Defensive Midfield,410213,4482,4482_volyn_lutsk_2010s,Ukraine,58.6
Sergiy Loginov,sergiy loginov,Volyn Lutsk,volyn lutsk,2010s,Defender - Centre-Back,110688,4482,4482_volyn_lutsk_2010s,Ukraine,57.4
Roman Zhmurko,roman zhmurko,Volyn Lutsk,volyn lutsk,2010s,Goalkeeper,524021,4482,4482_volyn_lutsk_2010s,Ukraine,57.1
Dmytro Semochko,dmytro semochko,Volyn Lutsk,volyn lutsk,2010s,Defender - Left-Back,24053,4482,4482_volyn_lutsk_2010s,Ukraine  Russia,51.2
Adrian Neaga,adrian neaga,Volyn Lutsk,volyn lutsk,2010s,Attack - Centre-Forward,26499,4482,4482_volyn_lutsk_2010s,Romania,51.2
Dalibor Stevanovic,dalibor stevanovic,Volyn Lutsk,volyn lutsk,2010s,Midfield - Central Midfield,34643,4482,4482_volyn_lutsk_2010s,Slovenia,51.2
Vitaliy Postranskyi,vitaliy postranskyi,Volyn Lutsk,volyn lutsk,2010s,Goalkeeper,34670,4482,4482_volyn_lutsk_2010s,Ukraine,51.2
Samson Godwin,samson godwin,Volyn Lutsk,volyn lutsk,2010s,Midfield - Defensive Midfield,58020,4482,4482_volyn_lutsk_2010s,Nigeria  Ukraine,51.2
Oleg Zhenyukh,oleg zhenyukh,Volyn Lutsk,volyn lutsk,2010s,Midfield - Central Midfield,58170,4482,4482_volyn_lutsk_2010s,Ukraine,51.2
Volodymyr Lysenko,volodymyr lysenko,Volyn Lutsk,volyn lutsk,2010s,Attack - Centre-Forward,58413,4482,4482_volyn_lutsk_2010s,Ukraine,51.2
Oleksandr Romanchuk,oleksandr romanchuk,Volyn Lutsk,volyn lutsk,2010s,Defender - Left-Back,59893,4482,4482_volyn_lutsk_2010s,Ukraine,51.2
Anton Kravchenko,anton kravchenko,Volyn Lutsk,volyn lutsk,2010s,Defender - Centre-Back,64341,4482,4482_volyn_lutsk_2010s,Ukraine,51.2
Yevgen Novak,yevgen novak,Volyn Lutsk,volyn lutsk,2010s,Defender - Centre-Back,91358,4482,4482_volyn_lutsk_2010s,Ukraine,51.2
Oleksandr Svatok,oleksandr svatok,Volyn Lutsk,volyn lutsk,2010s,Defender - Centre-Back,244271,4482,4482_volyn_lutsk_2010s,Ukraine,51.2
Dmytro Bulyga,dmytro bulyga,Volyn Lutsk,volyn lutsk,2010s,Midfield - Right Midfield,375656,4482,4482_volyn_lutsk_2010s,Ukraine,51.2
Vladyslav Dmytrenko,vladyslav dmytrenko,Volyn Lutsk,volyn lutsk,2010s,Attack - Left Winger,464619,4482,4482_volyn_lutsk_2010s,Ukraine,51.2
Volodymyr Lysenko,volodymyr lysenko,Kolos Kovalivka,kolos kovalivka,2010s,Attack - Centre-Forward,58413,48332,48332_kolos_kovalivka_2010s,Ukraine,76.5
Árni Vilhjálmsson,arni vilhjalmsson,Kolos Kovalivka,kolos kovalivka,2010s,Attack - Centre-Forward,160109,48332,48332_kolos_kovalivka_2010s,Iceland,74.3
Yevgeniy Smyrnyi,yevgeniy smyrnyi,Kolos Kovalivka,kolos kovalivka,2010s,Midfield - Central Midfield,396532,48332,48332_kolos_kovalivka_2010s,Ukraine,74
Denys Antyukh,denys antyukh,Kolos Kovalivka,kolos kovalivka,2010s,Attack - Right Winger,383325,48332,48332_kolos_kovalivka_2010s,Ukraine,72.6
Pavlo Orikhovskyi,pavlo orikhovskyi,Kolos Kovalivka,kolos kovalivka,2010s,Midfield - Central Midfield,248936,48332,48332_kolos_kovalivka_2010s,Ukraine,72.2
Oleg Ilyin,oleg ilyin,Kolos Kovalivka,kolos kovalivka,2010s,Midfield - Right Midfield,495923,48332,48332_kolos_kovalivka_2010s,Ukraine,72.2
Denys Kostyshyn,denys kostyshyn,Kolos Kovalivka,kolos kovalivka,2010s,Midfield - Attacking Midfield,366446,48332,48332_kolos_kovalivka_2010s,Ukraine,71.1
Vitaliy Gavrysh,vitaliy gavrysh,Kolos Kovalivka,kolos kovalivka,2010s,Defender - Centre-Back,59038,48332,48332_kolos_kovalivka_2010s,Ukraine,68.6
Vladyslav Nekhtiy,vladyslav nekhtiy,Kolos Kovalivka,kolos kovalivka,2010s,Attack - Centre-Forward,259869,48332,48332_kolos_kovalivka_2010s,Ukraine  Kazakhstan,67.4
Vadym Milko,vadym milko,Kolos Kovalivka,kolos kovalivka,2010s,Midfield - Central Midfield,58418,48332,48332_kolos_kovalivka_2010s,Ukraine,65.5
Oleg Kozhushko,oleg kozhushko,Kolos Kovalivka,kolos kovalivka,2010s,Attack - Centre-Forward,343492,48332,48332_kolos_kovalivka_2010s,Ukraine,64.6
Vladyslav Yemets,vladyslav yemets,Kolos Kovalivka,kolos kovalivka,2010s,Defender - Left-Back,576022,48332,48332_kolos_kovalivka_2010s,Ukraine,64.6
Yevgen Volynets,yevgen volynets,Kolos Kovalivka,kolos kovalivka,2010s,Goalkeeper,166581,48332,48332_kolos_kovalivka_2010s,Ukraine,64.1
Vadym Paramonov,vadym paramonov,Kolos Kovalivka,kolos kovalivka,2010s,Defender - Centre-Back,312799,48332,48332_kolos_kovalivka_2010s,Ukraine,61.9
Stanislav Sorokin,stanislav sorokin,Kolos Kovalivka,kolos kovalivka,2010s,Midfield - Central Midfield,418896,48332,48332_kolos_kovalivka_2010s,Ukraine,61.9
Kyrylo Petrov,kyrylo petrov,Kolos Kovalivka,kolos kovalivka,2010s,Midfield - Defensive Midfield,58427,48332,48332_kolos_kovalivka_2010s,Ukraine,60.4
Yevgen Zadoya,yevgen zadoya,Kolos Kovalivka,kolos kovalivka,2010s,Midfield - Defensive Midfield,59978,48332,48332_kolos_kovalivka_2010s,Ukraine,57.5
Andriy Bogdanov,andriy bogdanov,Kolos Kovalivka,kolos kovalivka,2010s,Midfield - Central Midfield,92567,48332,48332_kolos_kovalivka_2010s,Ukraine,51.2
Vyacheslav Ryabov,vyacheslav ryabov,Kolos Kovalivka,kolos kovalivka,2010s,Defender - Centre-Back,112364,48332,48332_kolos_kovalivka_2010s,Ukraine,51.2
Oleksandr Chornomorets,oleksandr chornomorets,Kolos Kovalivka,kolos kovalivka,2010s,Defender - Left-Back,167555,48332,48332_kolos_kovalivka_2010s,Ukraine,51.2
Oleksiy Zozulya,oleksiy zozulya,Kolos Kovalivka,kolos kovalivka,2010s,Defender - Right-Back,269365,48332,48332_kolos_kovalivka_2010s,Ukraine,51.2
Oleksandr Migunov,oleksandr migunov,Kolos Kovalivka,kolos kovalivka,2010s,Defender - Left-Back,288856,48332,48332_kolos_kovalivka_2010s,Ukraine,51.2
Dzhemal Kyzylatesh,dzhemal kyzylatesh,Kolos Kovalivka,kolos kovalivka,2010s,Midfield - Defensive Midfield,318361,48332,48332_kolos_kovalivka_2010s,Ukraine  Türkiye,51.2
Yegor Demchenko,yegor demchenko,Kolos Kovalivka,kolos kovalivka,2010s,Midfield - Central Midfield,387198,48332,48332_kolos_kovalivka_2010s,Ukraine,51.2
Yevgeniy Kucherenko,yevgeniy kucherenko,Kolos Kovalivka,kolos kovalivka,2010s,Goalkeeper,537841,48332,48332_kolos_kovalivka_2010s,Ukraine,51.2
Mamadou Danfa,mamadou danfa,Kolos Kovalivka,kolos kovalivka,2010s,Attack - Right Winger,649029,48332,48332_kolos_kovalivka_2010s,Senegal,51.2
Stanislav Morarenko,stanislav morarenko,Kolos Kovalivka,kolos kovalivka,2010s,Midfield - Central Midfield,775905,48332,48332_kolos_kovalivka_2010s,Ukraine,51.2
Maksym Maksymenko,maksym maksymenko,Kolos Kovalivka,kolos kovalivka,2010s,Defender - Centre-Back,114398,48332,48332_kolos_kovalivka_2010s,Ukraine,45
Pavlo Orikhovskyi,pavlo orikhovskyi,Kolos Kovalivka,kolos kovalivka,2020s,Midfield - Central Midfield,248936,48332,48332_kolos_kovalivka_2020s,Ukraine,86.6
Vladyslav Veleten,vladyslav veleten,Kolos Kovalivka,kolos kovalivka,2020s,Attack - Right Winger,729781,48332,48332_kolos_kovalivka_2020s,Ukraine,83.6
Vadym Milko,vadym milko,Kolos Kovalivka,kolos kovalivka,2020s,Midfield - Central Midfield,58418,48332,48332_kolos_kovalivka_2020s,Ukraine,82.8
Oleg Ilyin,oleg ilyin,Kolos Kovalivka,kolos kovalivka,2020s,Midfield - Right Midfield,495923,48332,48332_kolos_kovalivka_2020s,Ukraine,82.1
Andriy Tsurikov,andriy tsurikov,Kolos Kovalivka,kolos kovalivka,2020s,Defender - Left-Back,155964,48332,48332_kolos_kovalivka_2020s,Ukraine,81.2
Yevgen Volynets,yevgen volynets,Kolos Kovalivka,kolos kovalivka,2020s,Goalkeeper,166581,48332,48332_kolos_kovalivka_2020s,Ukraine,80.7
Volodymyr Lysenko,volodymyr lysenko,Kolos Kovalivka,kolos kovalivka,2020s,Attack - Centre-Forward,58413,48332,48332_kolos_kovalivka_2020s,Ukraine,80.1
Andriy Bogdanov,andriy bogdanov,Kolos Kovalivka,kolos kovalivka,2020s,Midfield - Central Midfield,92567,48332,48332_kolos_kovalivka_2020s,Ukraine,78.5
Denys Bezborodko,denys bezborodko,Kolos Kovalivka,kolos kovalivka,2020s,Attack - Centre-Forward,269371,48332,48332_kolos_kovalivka_2020s,Ukraine,77.7
Vyacheslav Churko,vyacheslav churko,Kolos Kovalivka,kolos kovalivka,2020s,Midfield - Attacking Midfield,131553,48332,48332_kolos_kovalivka_2020s,Ukraine  Hungary,76.7
Denys Kostyshyn,denys kostyshyn,Kolos Kovalivka,kolos kovalivka,2020s,Midfield - Attacking Midfield,366446,48332,48332_kolos_kovalivka_2020s,Ukraine,75.8
Yevgen Seleznyov,yevgen seleznyov,Kolos Kovalivka,kolos kovalivka,2020s,Attack - Centre-Forward,59908,48332,48332_kolos_kovalivka_2020s,Ukraine,74.3
Oleksandr Chornomorets,oleksandr chornomorets,Kolos Kovalivka,kolos kovalivka,2020s,Defender - Left-Back,167555,48332,48332_kolos_kovalivka_2020s,Ukraine,74.3
Maksym Tretyakov,maksym tretyakov,Kolos Kovalivka,kolos kovalivka,2020s,Attack - Left Winger,248938,48332,48332_kolos_kovalivka_2020s,Ukraine,74.3
Ivan Pakholyuk,ivan pakholyuk,Kolos Kovalivka,kolos kovalivka,2020s,Goalkeeper,1083190,48332,48332_kolos_kovalivka_2020s,Ukraine,74.2
Jovanny Bolívar,jovanny bolivar,Kolos Kovalivka,kolos kovalivka,2020s,Attack - Centre-Forward,648076,48332,48332_kolos_kovalivka_2020s,Venezuela,73.8
Anton Salabay,anton salabay,Kolos Kovalivka,kolos kovalivka,2020s,Attack - Centre-Forward,892025,48332,48332_kolos_kovalivka_2020s,Ukraine,73.5
Kiril Fesyun,kiril fesyun,Kolos Kovalivka,kolos kovalivka,2020s,Goalkeeper,751977,48332,48332_kolos_kovalivka_2020s,Ukraine,73.4
Mykyta Burda,mykyta burda,Kolos Kovalivka,kolos kovalivka,2020s,Defender - Centre-Back,213865,48332,48332_kolos_kovalivka_2020s,Ukraine,73.2
Nika Gagnidze,nika gagnidze,Kolos Kovalivka,kolos kovalivka,2020s,Midfield - Central Midfield,658060,48332,48332_kolos_kovalivka_2020s,Georgia,73.2
Sergiy Myakushko,sergiy myakushko,Kolos Kovalivka,kolos kovalivka,2020s,Attack - Left Winger,193158,48332,48332_kolos_kovalivka_2020s,Ukraine,72.9
Sergiy Bolbat,sergiy bolbat,Kolos Kovalivka,kolos kovalivka,2020s,Attack - Right Winger,264063,48332,48332_kolos_kovalivka_2020s,Ukraine,71.5
Danyil Alefirenko,danyil alefirenko,Kolos Kovalivka,kolos kovalivka,2020s,Attack - Left Winger,755174,48332,48332_kolos_kovalivka_2020s,Ukraine,71.5
Kyrylo Petrov,kyrylo petrov,Kolos Kovalivka,kolos kovalivka,2020s,Midfield - Defensive Midfield,58427,48332,48332_kolos_kovalivka_2020s,Ukraine,70.2
Yevgeniy Smyrnyi,yevgeniy smyrnyi,Kolos Kovalivka,kolos kovalivka,2020s,Midfield - Central Midfield,396532,48332,48332_kolos_kovalivka_2020s,Ukraine,70.2
Yevgen Novak,yevgen novak,Kolos Kovalivka,kolos kovalivka,2020s,Defender - Centre-Back,91358,48332,48332_kolos_kovalivka_2020s,Ukraine,69.6
Nikolay Zolotov,nikolay zolotov,Kolos Kovalivka,kolos kovalivka,2020s,Defender - Left-Back,297752,48332,48332_kolos_kovalivka_2020s,Belarus,69.4
Diego Carioca,diego carioca,Kolos Kovalivka,kolos kovalivka,2020s,Attack - Left Winger,687881,48332,48332_kolos_kovalivka_2020s,Brazil,68.9
Artem Gusol,artem gusol,Kolos Kovalivka,kolos kovalivka,2020s,Attack - Right Winger,1134218,48332,48332_kolos_kovalivka_2020s,Ukraine,68.6
Nika Sichinava,nika sichinava,Kolos Kovalivka,kolos kovalivka,2020s,Attack - Centre-Forward,241700,48332,48332_kolos_kovalivka_2020s,Georgia,67.9
Sergiy Chobotenko,sergiy chobotenko,Kolos Kovalivka,kolos kovalivka,2020s,Defender - Centre-Back,245021,48332,48332_kolos_kovalivka_2020s,Ukraine,67.9
Valeriy Luchkevych,valeriy luchkevych,Kolos Kovalivka,kolos kovalivka,2020s,Defender - Right-Back,248934,48332,48332_kolos_kovalivka_2020s,Ukraine,67.9
Denys Antyukh,denys antyukh,Kolos Kovalivka,kolos kovalivka,2020s,Attack - Right Winger,383325,48332,48332_kolos_kovalivka_2020s,Ukraine,67.9
Yevgeniy Isaenko,yevgeniy isaenko,Kolos Kovalivka,kolos kovalivka,2020s,Attack - Centre-Forward,539441,48332,48332_kolos_kovalivka_2020s,Ukraine,66.7
Oleksandr Demchenko,oleksandr demchenko,Kolos Kovalivka,kolos kovalivka,2020s,Midfield - Defensive Midfield,463845,48332,48332_kolos_kovalivka_2020s,Ukraine,66.3
Yuriy Klymchuk,yuriy klymchuk,Kolos Kovalivka,kolos kovalivka,2020s,Attack - Centre-Forward,501612,48332,48332_kolos_kovalivka_2020s,Ukraine,66.3
Oleksiy Sydorov,oleksiy sydorov,Kolos Kovalivka,kolos kovalivka,2020s,Attack - Centre-Forward,692997,48332,48332_kolos_kovalivka_2020s,Ukraine,66.3
Valeriy Bondarenko,valeriy bondarenko,Kolos Kovalivka,kolos kovalivka,2020s,Defender - Centre-Back,365540,48332,48332_kolos_kovalivka_2020s,Ukraine,65.5
Mykyta Kravchenko,mykyta kravchenko,Kolos Kovalivka,kolos kovalivka,2020s,Defender - Right-Back,370399,48332,48332_kolos_kovalivka_2020s,Ukraine,65.5
Renan Oliveira,renan oliveira,Kolos Kovalivka,kolos kovalivka,2020s,Attack - Centre-Forward,522091,48332,48332_kolos_kovalivka_2020s,Brazil,65.5
Anatoliy Nuriyev,anatoliy nuriyev,Kolos Kovalivka,kolos kovalivka,2020s,Midfield - Attacking Midfield,570743,48332,48332_kolos_kovalivka_2020s,Azerbaijan  Ukraine,65.5
Oleg Kryvoruchko,oleg kryvoruchko,Kolos Kovalivka,kolos kovalivka,2020s,Midfield - Central Midfield,964036,48332,48332_kolos_kovalivka_2020s,Ukraine,65.5
Vitaliy Gavrysh,vitaliy gavrysh,Kolos Kovalivka,kolos kovalivka,2020s,Defender - Centre-Back,59038,48332,48332_kolos_kovalivka_2020s,Ukraine,64.6
Andriy Totovytskyi,andriy totovytskyi,Kolos Kovalivka,kolos kovalivka,2020s,Midfield - Attacking Midfield,277777,48332,48332_kolos_kovalivka_2020s,Ukraine,64.6
Roman Goncharenko,roman goncharenko,Kolos Kovalivka,kolos kovalivka,2020s,Defender - Centre-Back,382895,48332,48332_kolos_kovalivka_2020s,Ukraine,64.6
Mamadou Danfa,mamadou danfa,Kolos Kovalivka,kolos kovalivka,2020s,Attack - Right Winger,649029,48332,48332_kolos_kovalivka_2020s,Senegal,64.6
Eduard Kozik,eduard kozik,Kolos Kovalivka,kolos kovalivka,2020s,Defender - Centre-Back,708240,48332,48332_kolos_kovalivka_2020s,Ukraine,63.6
Yevgen Zadoya,yevgen zadoya,Kolos Kovalivka,kolos kovalivka,2020s,Midfield - Defensive Midfield,59978,48332,48332_kolos_kovalivka_2020s,Ukraine,62.9
Vladyslav Yemets,vladyslav yemets,Kolos Kovalivka,kolos kovalivka,2020s,Defender - Left-Back,576022,48332,48332_kolos_kovalivka_2020s,Ukraine,62.9
Kiril Popov,kiril popov,Kolos Kovalivka,kolos kovalivka,2020s,Attack - Centre-Forward,726035,48332,48332_kolos_kovalivka_2020s,Ukraine,62.5
Rangel,rangel,Kolos Kovalivka,kolos kovalivka,2020s,Attack - Centre-Forward,442784,48332,48332_kolos_kovalivka_2020s,Brazil,61.9
Valentyn Gorokh,valentyn gorokh,Kolos Kovalivka,kolos kovalivka,2020s,Goalkeeper,725356,48332,48332_kolos_kovalivka_2020s,Ukraine,61.1
Roman Mysak,roman mysak,Kolos Kovalivka,kolos kovalivka,2020s,Goalkeeper,117481,48332,48332_kolos_kovalivka_2020s,Ukraine,58.6
Oleksiy Zozulya,oleksiy zozulya,Kolos Kovalivka,kolos kovalivka,2020s,Defender - Right-Back,269365,48332,48332_kolos_kovalivka_2020s,Ukraine,58.6
Alvaro Ngamba,alvaro ngamba,Kolos Kovalivka,kolos kovalivka,2020s,Midfield - Central Midfield,290571,48332,48332_kolos_kovalivka_2020s,Cameroon  France,58.6
Volodymyr Makhankov,volodymyr makhankov,Kolos Kovalivka,kolos kovalivka,2020s,Goalkeeper,294723,48332,48332_kolos_kovalivka_2020s,Ukraine,58.6
Dmytro Topalov,dmytro topalov,Kolos Kovalivka,kolos kovalivka,2020s,Attack - Left Winger,365692,48332,48332_kolos_kovalivka_2020s,Ukraine,58.6
Stanislav Sorokin,stanislav sorokin,Kolos Kovalivka,kolos kovalivka,2020s,Midfield - Central Midfield,418896,48332,48332_kolos_kovalivka_2020s,Ukraine,58.6
Matija Rom,matija rom,Kolos Kovalivka,kolos kovalivka,2020s,Defender - Right-Back,320861,48332,48332_kolos_kovalivka_2020s,Slovenia,57.4
Vladyslav Kucheruk,vladyslav kucheruk,Kolos Kovalivka,kolos kovalivka,2020s,Goalkeeper,404838,48332,48332_kolos_kovalivka_2020s,Ukraine,57.1
Igor Kharatin,igor kharatin,Kolos Kovalivka,kolos kovalivka,2020s,Midfield - Defensive Midfield,213976,48332,48332_kolos_kovalivka_2020s,Ukraine  Hungary,51.2
Aleksandr Pavlovets,aleksandr pavlovets,Kolos Kovalivka,kolos kovalivka,2020s,Defender - Centre-Back,249747,48332,48332_kolos_kovalivka_2020s,Belarus,51.2
Tymofiy Sukhar,tymofiy sukhar,Kolos Kovalivka,kolos kovalivka,2020s,Defender - Left-Back,404844,48332,48332_kolos_kovalivka_2020s,Ukraine,51.2
Taras Sakiv,taras sakiv,Kolos Kovalivka,kolos kovalivka,2020s,Defender - Left-Back,498899,48332,48332_kolos_kovalivka_2020s,Ukraine,51.2
Andriy Ponedelnik,andriy ponedelnik,Kolos Kovalivka,kolos kovalivka,2020s,Defender - Right-Back,522833,48332,48332_kolos_kovalivka_2020s,Ukraine,51.2
Yevgeniy Kucherenko,yevgeniy kucherenko,Kolos Kovalivka,kolos kovalivka,2020s,Goalkeeper,537841,48332,48332_kolos_kovalivka_2020s,Ukraine,51.2
Ibrahim Kane,ibrahim kane,Kolos Kovalivka,kolos kovalivka,2020s,Midfield - Right Midfield,543380,48332,48332_kolos_kovalivka_2020s,Mali,51.2
Mathias Oyewusi,mathias oyewusi,Kolos Kovalivka,kolos kovalivka,2020s,Attack - Centre-Forward,607249,48332,48332_kolos_kovalivka_2020s,Nigeria,51.2
Denys Kuzyk,denys kuzyk,Kolos Kovalivka,kolos kovalivka,2020s,Midfield - Right Midfield,723621,48332,48332_kolos_kovalivka_2020s,Ukraine,51.2
Stanislav Koval,stanislav koval,Kolos Kovalivka,kolos kovalivka,2020s,Attack - Centre-Forward,737740,48332,48332_kolos_kovalivka_2020s,Ukraine,51.2
Tymur Puzankov,tymur puzankov,Kolos Kovalivka,kolos kovalivka,2020s,Goalkeeper,752862,48332,48332_kolos_kovalivka_2020s,Ukraine,51.2
Dmytro Matsapura,dmytro matsapura,Kolos Kovalivka,kolos kovalivka,2020s,Goalkeeper,775832,48332,48332_kolos_kovalivka_2020s,Ukraine,51.2
Stanislav Morarenko,stanislav morarenko,Kolos Kovalivka,kolos kovalivka,2020s,Midfield - Central Midfield,775905,48332,48332_kolos_kovalivka_2020s,Ukraine,51.2
Yevgen Danylyuk,yevgen danylyuk,Kolos Kovalivka,kolos kovalivka,2020s,Midfield - Right Midfield,964037,48332,48332_kolos_kovalivka_2020s,Ukraine,51.2
Andriy Solovyov,andriy solovyov,Kolos Kovalivka,kolos kovalivka,2020s,Midfield - Central Midfield,967602,48332,48332_kolos_kovalivka_2020s,Ukraine,51.2
Vyacheslav Stavnychyi,vyacheslav stavnychyi,Kolos Kovalivka,kolos kovalivka,2020s,Defender - Centre-Back,1050248,48332,48332_kolos_kovalivka_2020s,Ukraine,51.2
Timur Tuterov,timur tuterov,Kolos Kovalivka,kolos kovalivka,2020s,Attack - Left Winger,1079078,48332,48332_kolos_kovalivka_2020s,Ukraine,51.2
Andriy Boyko,andriy boyko,Kolos Kovalivka,kolos kovalivka,2020s,Defender - Right-Back,1200856,48332,48332_kolos_kovalivka_2020s,Ukraine,51.2
Maksym Maksymenko,maksym maksymenko,Kolos Kovalivka,kolos kovalivka,2020s,Defender - Centre-Back,114398,48332,48332_kolos_kovalivka_2020s,Ukraine,45.4
Yuriy Klymchuk,yuriy klymchuk,Rukh Lviv,rukh lviv,2020s,Attack - Centre-Forward,501612,48726,48726_rukh_lviv_2020s,Ukraine,90.7
Ilya Kvasnytsya,ilya kvasnytsya,Rukh Lviv,rukh lviv,2020s,Attack - Right Winger,936825,48726,48726_rukh_lviv_2020s,Ukraine,87.2
Talles Brener,talles brener,Rukh Lviv,rukh lviv,2020s,Midfield - Attacking Midfield,740732,48726,48726_rukh_lviv_2020s,Brazil,86
Yaroslav Karabin,yaroslav karabin,Rukh Lviv,rukh lviv,2020s,Attack - Centre-Forward,789583,48726,48726_rukh_lviv_2020s,Ukraine,85.9
Ostap Prytula,ostap prytula,Rukh Lviv,rukh lviv,2020s,Midfield - Attacking Midfield,620368,48726,48726_rukh_lviv_2020s,Ukraine,81.4
Vasyl Runich,vasyl runich,Rukh Lviv,rukh lviv,2020s,Attack - Left Winger,748940,48726,48726_rukh_lviv_2020s,Ukraine,81.2
Bogdan Boychuk,bogdan boychuk,Rukh Lviv,rukh lviv,2020s,Attack - Right Winger,337198,48726,48726_rukh_lviv_2020s,Ukraine,77.4
Andriy Boryachuk,andriy boryachuk,Rukh Lviv,rukh lviv,2020s,Attack - Centre-Forward,203854,48726,48726_rukh_lviv_2020s,Ukraine,77.3
Oleksiy Sych,oleksiy sych,Rukh Lviv,rukh lviv,2020s,Defender - Right-Back,748939,48726,48726_rukh_lviv_2020s,Ukraine,77.3
Valeriy Fedorchuk,valeriy fedorchuk,Rukh Lviv,rukh lviv,2020s,Midfield - Central Midfield,82599,48726,48726_rukh_lviv_2020s,Ukraine,75.8
Maryan Mysyk,maryan mysyk,Rukh Lviv,rukh lviv,2020s,Midfield - Left Midfield,316945,48726,48726_rukh_lviv_2020s,Ukraine,75.3
Daniil Kondrakov,daniil kondrakov,Rukh Lviv,rukh lviv,2020s,Attack - Centre-Forward,540186,48726,48726_rukh_lviv_2020s,Russia  Ukraine,75.3
Marko Sapuga,marko sapuga,Rukh Lviv,rukh lviv,2020s,Midfield - Defensive Midfield,892049,48726,48726_rukh_lviv_2020s,Ukraine,74.8
Ange-Freddy Plumain,ange freddy plumain,Rukh Lviv,rukh lviv,2020s,Attack - Left Winger,182912,48726,48726_rukh_lviv_2020s,Guadeloupe  France,74.6
Bogdan Slyubyk,bogdan slyubyk,Rukh Lviv,rukh lviv,2020s,Defender - Centre-Back,717199,48726,48726_rukh_lviv_2020s,Ukraine,74.6
Igor Krasnopir,igor krasnopir,Rukh Lviv,rukh lviv,2020s,Attack - Centre-Forward,1045187,48726,48726_rukh_lviv_2020s,Ukraine,74.6
Rostyslav Lyakh,rostyslav lyakh,Rukh Lviv,rukh lviv,2020s,Defender - Left-Back,533537,48726,48726_rukh_lviv_2020s,Ukraine,73.8
Viv Solomon-Otabor,viv solomon otabor,Rukh Lviv,rukh lviv,2020s,Attack - Right Winger,391127,48726,48726_rukh_lviv_2020s,Nigeria  England,73.2
Denys Slyusar,denys slyusar,Rukh Lviv,rukh lviv,2020s,Defender - Centre-Back,774552,48726,48726_rukh_lviv_2020s,Ukraine,71.1
Oleg Fedor,oleg fedor,Rukh Lviv,rukh lviv,2020s,Midfield - Central Midfield,773961,48726,48726_rukh_lviv_2020s,Ukraine,70.7
Rostyslav Rusyn,rostyslav rusyn,Rukh Lviv,rukh lviv,2020s,Attack - Right Winger,289487,48726,48726_rukh_lviv_2020s,Ukraine,70.2
Edson Fernando,edson fernando,Rukh Lviv,rukh lviv,2020s,Midfield - Defensive Midfield,686332,48726,48726_rukh_lviv_2020s,Brazil,69.6
Oleksandr Bandura,oleksandr bandura,Rukh Lviv,rukh lviv,2020s,Goalkeeper,85969,48726,48726_rukh_lviv_2020s,Ukraine,69.1
Yuriy-Volodymyr Gereta,yuriy volodymyr gereta,Rukh Lviv,rukh lviv,2020s,Goalkeeper,717394,48726,48726_rukh_lviv_2020s,Ukraine,69.1
Roman Karasyuk,roman karasyuk,Rukh Lviv,rukh lviv,2020s,Midfield - Defensive Midfield,91527,48726,48726_rukh_lviv_2020s,Ukraine,67
Fabricio Alvarenga,fabricio alvarenga,Rukh Lviv,rukh lviv,2020s,Attack - Right Winger,381430,48726,48726_rukh_lviv_2020s,Argentina,67
Maksym Bilyi,maksym bilyi,Rukh Lviv,rukh lviv,2020s,Defender - Centre-Back,107803,48726,48726_rukh_lviv_2020s,Ukraine,66.3
Mykola Kukharevych,mykola kukharevych,Rukh Lviv,rukh lviv,2020s,Attack - Centre-Forward,730126,48726,48726_rukh_lviv_2020s,Ukraine,66.3
Klayver,klayver,Rukh Lviv,rukh lviv,2020s,Attack - Left Winger,1041334,48726,48726_rukh_lviv_2020s,Brazil,66.3
Andriy Kukharuk,andriy kukharuk,Rukh Lviv,rukh lviv,2020s,Midfield - Central Midfield,365195,48726,48726_rukh_lviv_2020s,Ukraine,64.6
Yaroslav Martynyuk,yaroslav martynyuk,Rukh Lviv,rukh lviv,2020s,Midfield - Central Midfield,58072,48726,48726_rukh_lviv_2020s,Ukraine,63.6
Yuriy Kopyna,yuriy kopyna,Rukh Lviv,rukh lviv,2020s,Defender - Right-Back,432658,48726,48726_rukh_lviv_2020s,Ukraine,63.6
Igor Boychuk,igor boychuk,Rukh Lviv,rukh lviv,2020s,Defender - Left-Back,427668,48726,48726_rukh_lviv_2020s,Ukraine,61.9
Oleg Gorin,oleg gorin,Rukh Lviv,rukh lviv,2020s,Defender - Centre-Back,539738,48726,48726_rukh_lviv_2020s,Ukraine,61.9
Artur Ryabov,artur ryabov,Rukh Lviv,rukh lviv,2020s,Midfield - Central Midfield,633850,48726,48726_rukh_lviv_2020s,Ukraine,61.9
Roman Mysak,roman mysak,Rukh Lviv,rukh lviv,2020s,Goalkeeper,117481,48726,48726_rukh_lviv_2020s,Ukraine,60.4
Pavlo Orikhovskyi,pavlo orikhovskyi,Rukh Lviv,rukh lviv,2020s,Midfield - Central Midfield,248936,48726,48726_rukh_lviv_2020s,Ukraine,60.4
Orest Kuzyk,orest kuzyk,Rukh Lviv,rukh lviv,2020s,Attack - Left Winger,353252,48726,48726_rukh_lviv_2020s,Ukraine,60.4
Milos Stamenkovic,milos stamenkovic,Rukh Lviv,rukh lviv,2020s,Defender - Centre-Back,146725,48726,48726_rukh_lviv_2020s,Serbia,58.6
Oleg Veremiyenko,oleg veremiyenko,Rukh Lviv,rukh lviv,2020s,Defender - Centre-Back,497222,48726,48726_rukh_lviv_2020s,Ukraine,58.6
Kostyantyn Kvas,kostyantyn kvas,Rukh Lviv,rukh lviv,2020s,Midfield - Attacking Midfield,1059634,48726,48726_rukh_lviv_2020s,Ukraine,58.6
Roman Gagun,roman gagun,Rukh Lviv,rukh lviv,2020s,Defender - Right-Back,522327,48726,48726_rukh_lviv_2020s,Ukraine,57.1
Ragnar Sigurdsson,ragnar sigurdsson,Rukh Lviv,rukh lviv,2020s,Defender - Centre-Back,46478,48726,48726_rukh_lviv_2020s,Iceland,51.2
Volodymyr Zastavnyi,volodymyr zastavnyi,Rukh Lviv,rukh lviv,2020s,Defender - Right-Back,162783,48726,48726_rukh_lviv_2020s,Ukraine,51.2
Igor Duts,igor duts,Rukh Lviv,rukh lviv,2020s,Defender - Centre-Back,176409,48726,48726_rukh_lviv_2020s,Ukraine,51.2
Svyatoslav Kozlovskyi,svyatoslav kozlovskyi,Rukh Lviv,rukh lviv,2020s,Attack - Right Winger,206889,48726,48726_rukh_lviv_2020s,Ukraine,51.2
Erik Gliha,erik gliha,Rukh Lviv,rukh lviv,2020s,Defender - Left-Back,284608,48726,48726_rukh_lviv_2020s,Slovenia,51.2
Ivan Brikner,ivan brikner,Rukh Lviv,rukh lviv,2020s,Midfield - Central Midfield,295613,48726,48726_rukh_lviv_2020s,Ukraine,51.2
Ivan Kalyuzhnyi,ivan kalyuzhnyi,Rukh Lviv,rukh lviv,2020s,Midfield - Central Midfield,343151,48726,48726_rukh_lviv_2020s,Ukraine,51.2
Bright Enobakhare,bright enobakhare,Rukh Lviv,rukh lviv,2020s,Attack - Centre-Forward,345772,48726,48726_rukh_lviv_2020s,Nigeria  England,51.2
Oleg Synytsya,oleg synytsya,Rukh Lviv,rukh lviv,2020s,Attack - Right Winger,349107,48726,48726_rukh_lviv_2020s,Ukraine,51.2
Ernest Antwi,ernest antwi,Rukh Lviv,rukh lviv,2020s,Attack - Left Winger,359678,48726,48726_rukh_lviv_2020s,Ghana,51.2
Viktor Babichyn,viktor babichyn,Rukh Lviv,rukh lviv,2020s,Goalkeeper,418887,48726,48726_rukh_lviv_2020s,Ukraine,51.2
Petro Kharzhevskyi,petro kharzhevskyi,Rukh Lviv,rukh lviv,2020s,Defender - Right-Back,419117,48726,48726_rukh_lviv_2020s,Ukraine,51.2
Bobur Abdikholikov,bobur abdikholikov,Rukh Lviv,rukh lviv,2020s,Attack - Centre-Forward,431912,48726,48726_rukh_lviv_2020s,Uzbekistan,51.2
David Zec,david zec,Rukh Lviv,rukh lviv,2020s,Defender - Centre-Back,469709,48726,48726_rukh_lviv_2020s,Slovenia,51.2
Volodymyr Rudyuk,volodymyr rudyuk,Rukh Lviv,rukh lviv,2020s,Midfield - Central Midfield,470832,48726,48726_rukh_lviv_2020s,Ukraine,51.2
Taras Sakiv,taras sakiv,Rukh Lviv,rukh lviv,2020s,Defender - Left-Back,498899,48726,48726_rukh_lviv_2020s,Ukraine,51.2
Bogdan Orynchak,bogdan orynchak,Rukh Lviv,rukh lviv,2020s,Attack - Right Winger,522577,48726,48726_rukh_lviv_2020s,Ukraine,51.2
Ivan Lytvynenko,ivan lytvynenko,Rukh Lviv,rukh lviv,2020s,Midfield - Defensive Midfield,606743,48726,48726_rukh_lviv_2020s,Ukraine,51.2
Vladyslav Semotyuk,vladyslav semotyuk,Rukh Lviv,rukh lviv,2020s,Midfield - Central Midfield,625144,48726,48726_rukh_lviv_2020s,Ukraine,51.2
Osaze De Rosario,osaze de rosario,Rukh Lviv,rukh lviv,2020s,Attack - Centre-Forward,657324,48726,48726_rukh_lviv_2020s,Guyana  Canada,51.2
Vladyslav Pogorilyi,vladyslav pogorilyi,Rukh Lviv,rukh lviv,2020s,Attack - Centre-Forward,718409,48726,48726_rukh_lviv_2020s,Ukraine,51.2
Glib Savchuk,glib savchuk,Rukh Lviv,rukh lviv,2020s,Defender - Right-Back,726013,48726,48726_rukh_lviv_2020s,Ukraine,51.2
Yuriy Tlumak,yuriy tlumak,Rukh Lviv,rukh lviv,2020s,Midfield - Central Midfield,748838,48726,48726_rukh_lviv_2020s,Ukraine,51.2
Ivan Varfolomeev,ivan varfolomeev,Rukh Lviv,rukh lviv,2020s,Midfield - Defensive Midfield,779244,48726,48726_rukh_lviv_2020s,Ukraine,51.2
Artur Remenyak,artur remenyak,Rukh Lviv,rukh lviv,2020s,Attack - Right Winger,821535,48726,48726_rukh_lviv_2020s,Ukraine,51.2
Vadym Paramonov,vadym paramonov,Rukh Lviv,rukh lviv,2020s,Defender - Centre-Back,312799,48726,48726_rukh_lviv_2020s,Ukraine,45.4
Oleksandr Kozak,oleksandr kozak,Ingulets Petrove,ingulets petrove,2020s,Attack - Left Winger,375180,49364,49364_ingulets_petrove_2020s,Ukraine,81.8
Mladen Bartulovic,mladen bartulovic,Ingulets Petrove,ingulets petrove,2020s,Midfield - Left Midfield,28179,49364,49364_ingulets_petrove_2020s,Croatia,78
Nika Sichinava,nika sichinava,Ingulets Petrove,ingulets petrove,2020s,Attack - Centre-Forward,241700,49364,49364_ingulets_petrove_2020s,Georgia,77.7
Artem Sitalo,artem sitalo,Ingulets Petrove,ingulets petrove,2020s,Attack - Centre-Forward,320247,49364,49364_ingulets_petrove_2020s,Ukraine,75.8
Maksym Kovalyov,maksym kovalyov,Ingulets Petrove,ingulets petrove,2020s,Defender - Centre-Back,58402,49364,49364_ingulets_petrove_2020s,Ukraine,74.6
Oleksiy Palamarchuk,oleksiy palamarchuk,Ingulets Petrove,ingulets petrove,2020s,Goalkeeper,58939,49364,49364_ingulets_petrove_2020s,Ukraine  Moldova,73.8
Yevgen Zaporozhets,yevgen zaporozhets,Ingulets Petrove,ingulets petrove,2020s,Midfield - Central Midfield,380554,49364,49364_ingulets_petrove_2020s,Ukraine,73.8
Vladyslav Klymenko,vladyslav klymenko,Ingulets Petrove,ingulets petrove,2020s,Midfield - Central Midfield,321146,49364,49364_ingulets_petrove_2020s,Ukraine,71.9
Artem Smolyakov,artem smolyakov,Ingulets Petrove,ingulets petrove,2020s,Defender - Left-Back,962090,49364,49364_ingulets_petrove_2020s,Ukraine,71.3
Mykhaylo Plokhotnyuk,mykhaylo plokhotnyuk,Ingulets Petrove,ingulets petrove,2020s,Attack - Centre-Forward,515669,49364,49364_ingulets_petrove_2020s,Ukraine,69.6
Volodymyr Odaryuk,volodymyr odaryuk,Ingulets Petrove,ingulets petrove,2020s,Attack - Right Winger,395069,49364,49364_ingulets_petrove_2020s,Ukraine,69.1
Denis Yanakov,denis yanakov,Ingulets Petrove,ingulets petrove,2020s,Attack - Left Winger,404851,49364,49364_ingulets_petrove_2020s,Ukraine,69.1
Volodymyr Vilivald,volodymyr vilivald,Ingulets Petrove,ingulets petrove,2020s,Defender - Centre-Back,1140013,49364,49364_ingulets_petrove_2020s,Ukraine,68.6
Pavlo Polegenko,pavlo polegenko,Ingulets Petrove,ingulets petrove,2020s,Defender - Right-Back,216579,49364,49364_ingulets_petrove_2020s,Ukraine,67.9
Maksym Melnychuk,maksym melnychuk,Ingulets Petrove,ingulets petrove,2020s,Defender - Left-Back,461666,49364,49364_ingulets_petrove_2020s,Ukraine,67.9
Volodymyr Bilotserkovets,volodymyr bilotserkovets,Ingulets Petrove,ingulets petrove,2020s,Attack - Right Winger,755175,49364,49364_ingulets_petrove_2020s,Ukraine,67.9
Dmytro Pospelov,dmytro pospelov,Ingulets Petrove,ingulets petrove,2020s,Defender - Centre-Back,108866,49364,49364_ingulets_petrove_2020s,Ukraine,67.4
Maksym Marusych,maksym marusych,Ingulets Petrove,ingulets petrove,2020s,Attack - Centre-Forward,325386,49364,49364_ingulets_petrove_2020s,Ukraine,66.3
Ilya Shevtsov,ilya shevtsov,Ingulets Petrove,ingulets petrove,2020s,Attack - Centre-Forward,383198,49364,49364_ingulets_petrove_2020s,Ukraine,66.3
Artem Malysh,artem malysh,Ingulets Petrove,ingulets petrove,2020s,Goalkeeper,461653,49364,49364_ingulets_petrove_2020s,Ukraine,64.1
Yevgen Opanasenko,yevgen opanasenko,Ingulets Petrove,ingulets petrove,2020s,Defender - Right-Back,86931,49364,49364_ingulets_petrove_2020s,Ukraine,63.6
Oleksandr Kucherenko,oleksandr kucherenko,Ingulets Petrove,ingulets petrove,2020s,Midfield - Defensive Midfield,358956,49364,49364_ingulets_petrove_2020s,Ukraine  Moldova,63.6
Yuriy Kozyrenko,yuriy kozyrenko,Ingulets Petrove,ingulets petrove,2020s,Attack - Right Winger,429157,49364,49364_ingulets_petrove_2020s,Ukraine,63.6
Ivan Golovkin,ivan golovkin,Ingulets Petrove,ingulets petrove,2020s,Midfield - Attacking Midfield,581405,49364,49364_ingulets_petrove_2020s,Ukraine,63.6
Vladyslav Sydorenko,vladyslav sydorenko,Ingulets Petrove,ingulets petrove,2020s,Defender - Right-Back,583354,49364,49364_ingulets_petrove_2020s,Ukraine,63.6
Andriy Korobenko,andriy korobenko,Ingulets Petrove,ingulets petrove,2020s,Midfield - Defensive Midfield,347804,49364,49364_ingulets_petrove_2020s,Ukraine,62.9
Danylo Kravchuk,danylo kravchuk,Ingulets Petrove,ingulets petrove,2020s,Attack - Centre-Forward,751363,49364,49364_ingulets_petrove_2020s,Ukraine,61.9
Denys Vasin,denys vasin,Ingulets Petrove,ingulets petrove,2020s,Attack - Right Winger,49030,49364,49364_ingulets_petrove_2020s,Ukraine,60.4
Yaroslav Bogunov,yaroslav bogunov,Ingulets Petrove,ingulets petrove,2020s,Attack - Left Winger,214448,49364,49364_ingulets_petrove_2020s,Ukraine,60.4
Dmytro Fateev,dmytro fateev,Ingulets Petrove,ingulets petrove,2020s,Defender - Right-Back,271635,49364,49364_ingulets_petrove_2020s,Ukraine,60.4
Taras Sakiv,taras sakiv,Ingulets Petrove,ingulets petrove,2020s,Defender - Left-Back,498899,49364,49364_ingulets_petrove_2020s,Ukraine,60.4
Viktor Bliznichenko,viktor bliznichenko,Ingulets Petrove,ingulets petrove,2020s,Attack - Left Winger,669305,49364,49364_ingulets_petrove_2020s,Ukraine,60.4
Yevgen Galchuk,yevgen galchuk,Ingulets Petrove,ingulets petrove,2020s,Goalkeeper,59022,49364,49364_ingulets_petrove_2020s,Ukraine,58.6
Oleg Bilyk,oleg bilyk,Ingulets Petrove,ingulets petrove,2020s,Goalkeeper,449084,49364,49364_ingulets_petrove_2020s,Ukraine,58.6
Denys Rezepov,denys rezepov,Ingulets Petrove,ingulets petrove,2020s,Attack - Centre-Forward,808973,49364,49364_ingulets_petrove_2020s,Ukraine,58.6
Vitaliy Pavlov,vitaliy pavlov,Ingulets Petrove,ingulets petrove,2020s,Defender - Centre-Back,59115,49364,49364_ingulets_petrove_2020s,Ukraine,57.5
Dmitriy Nagiyev,dmitriy nagiyev,Ingulets Petrove,ingulets petrove,2020s,Defender - Right-Back,288857,49364,49364_ingulets_petrove_2020s,Azerbaijan  Ukraine,57.5
Roman Pidkivka,roman pidkivka,Ingulets Petrove,ingulets petrove,2020s,Goalkeeper,278917,49364,49364_ingulets_petrove_2020s,Ukraine,57.1
Danylo Kucher,danylo kucher,Ingulets Petrove,ingulets petrove,2020s,Goalkeeper,427341,49364,49364_ingulets_petrove_2020s,Ukraine,57.1
Igor Chaykovskyi,igor chaykovskyi,Ingulets Petrove,ingulets petrove,2020s,Midfield - Defensive Midfield,94923,49364,49364_ingulets_petrove_2020s,Ukraine,51.2
Mykhaylo Shyshka,mykhaylo shyshka,Ingulets Petrove,ingulets petrove,2020s,Midfield - Defensive Midfield,168041,49364,49364_ingulets_petrove_2020s,Ukraine,51.2
Andriy Bliznichenko,andriy bliznichenko,Ingulets Petrove,ingulets petrove,2020s,Attack - Right Winger,177818,49364,49364_ingulets_petrove_2020s,Ukraine,51.2
Sergiy Chenbay,sergiy chenbay,Ingulets Petrove,ingulets petrove,2020s,Defender - Centre-Back,226014,49364,49364_ingulets_petrove_2020s,Ukraine,51.2
Maryan Mysyk,maryan mysyk,Ingulets Petrove,ingulets petrove,2020s,Midfield - Left Midfield,316945,49364,49364_ingulets_petrove_2020s,Ukraine,51.2
Dmitri Mandricenco,dmitri mandricenco,Ingulets Petrove,ingulets petrove,2020s,Midfield - Attacking Midfield,351616,49364,49364_ingulets_petrove_2020s,Moldova  Ukraine,51.2
Sergiy Petko,sergiy petko,Ingulets Petrove,ingulets petrove,2020s,Midfield - Defensive Midfield,353584,49364,49364_ingulets_petrove_2020s,Ukraine,51.2
Andriy Kukharuk,andriy kukharuk,Ingulets Petrove,ingulets petrove,2020s,Midfield - Central Midfield,365195,49364,49364_ingulets_petrove_2020s,Ukraine,51.2
Mykhaylo Shershen,mykhaylo shershen,Ingulets Petrove,ingulets petrove,2020s,Defender - Centre-Back,385416,49364,49364_ingulets_petrove_2020s,Ukraine,51.2
Andriy Yakymiv,andriy yakymiv,Ingulets Petrove,ingulets petrove,2020s,Defender - Centre-Back,521841,49364,49364_ingulets_petrove_2020s,Ukraine,51.2
Ilya Gadzhuk,ilya gadzhuk,Ingulets Petrove,ingulets petrove,2020s,Midfield - Central Midfield,771911,49364,49364_ingulets_petrove_2020s,Ukraine,51.2
Oleg Osypenko,oleg osypenko,Ingulets Petrove,ingulets petrove,2020s,Midfield - Left Midfield,817885,49364,49364_ingulets_petrove_2020s,Ukraine,51.2
Anton Zhylkin,anton zhylkin,Ingulets Petrove,ingulets petrove,2020s,Goalkeeper,924466,49364,49364_ingulets_petrove_2020s,Ukraine,51.2
Kyrylo Arkhypchuk,kyrylo arkhypchuk,Ingulets Petrove,ingulets petrove,2020s,Goalkeeper,926273,49364,49364_ingulets_petrove_2020s,Ukraine,51.2
Mykola Yarosh,mykola yarosh,Ingulets Petrove,ingulets petrove,2020s,Goalkeeper,936939,49364,49364_ingulets_petrove_2020s,Ukraine,51.2
Vitaliy Katrych,vitaliy katrych,Ingulets Petrove,ingulets petrove,2020s,Defender - Left-Back,1065123,49364,49364_ingulets_petrove_2020s,Ukraine,51.2
Oleksandr Dykhtyaruk,oleksandr dykhtyaruk,Ingulets Petrove,ingulets petrove,2020s,Defender - Centre-Back,928288,49364,49364_ingulets_petrove_2020s,Ukraine,45.1
Oleksiy Gutsulyak,oleksiy gutsulyak,Polissya Zhytomyr,polissya zhytomyr,2020s,Attack - Right Winger,296366,53646,53646_polissya_zhytomyr_2020s,Ukraine,83.5
Borys Krushynskyi,borys krushynskyi,Polissya Zhytomyr,polissya zhytomyr,2020s,Midfield - Defensive Midfield,844373,53646,53646_polissya_zhytomyr_2020s,Ukraine,79.3
Artem Kozak,artem kozak,Polissya Zhytomyr,polissya zhytomyr,2020s,Midfield - Right Midfield,396530,53646,53646_polissya_zhytomyr_2020s,Ukraine,77
Béni Makouana,beni makouana,Polissya Zhytomyr,polissya zhytomyr,2020s,Attack - Left Winger,624920,53646,53646_polissya_zhytomyr_2020s,Congo,75.8
Emil Mustafayev,emil mustafayev,Polissya Zhytomyr,polissya zhytomyr,2020s,Midfield - Attacking Midfield,892054,53646,53646_polissya_zhytomyr_2020s,Azerbaijan  Ukraine,75.6
Talles Costa,talles costa,Polissya Zhytomyr,polissya zhytomyr,2020s,Midfield - Central Midfield,627222,53646,53646_polissya_zhytomyr_2020s,Brazil,73.5
Bogdan Kushnirenko,bogdan kushnirenko,Polissya Zhytomyr,polissya zhytomyr,2020s,Midfield - Defensive Midfield,428603,53646,53646_polissya_zhytomyr_2020s,Ukraine,72.8
Bogdan Mykhaylichenko,bogdan mykhaylichenko,Polissya Zhytomyr,polissya zhytomyr,2020s,Defender - Left-Back,294730,53646,53646_polissya_zhytomyr_2020s,Ukraine,72.2
Pylyp Budkivskyi,pylyp budkivskyi,Polissya Zhytomyr,polissya zhytomyr,2020s,Attack - Centre-Forward,99863,53646,53646_polissya_zhytomyr_2020s,Ukraine,71.5
Oleg Kudryk,oleg kudryk,Polissya Zhytomyr,polissya zhytomyr,2020s,Goalkeeper,341485,53646,53646_polissya_zhytomyr_2020s,Ukraine,71.3
Sergiy Chobotenko,sergiy chobotenko,Polissya Zhytomyr,polissya zhytomyr,2020s,Defender - Centre-Back,245021,53646,53646_polissya_zhytomyr_2020s,Ukraine,70.5
Vyacheslav Tankovskyi,vyacheslav tankovskyi,Polissya Zhytomyr,polissya zhytomyr,2020s,Midfield - Central Midfield,213980,53646,53646_polissya_zhytomyr_2020s,Ukraine,70.2
Dmytro Shastal,dmytro shastal,Polissya Zhytomyr,polissya zhytomyr,2020s,Attack - Right Winger,359796,53646,53646_polissya_zhytomyr_2020s,Ukraine,70.2
Artem Smolyakov,artem smolyakov,Polissya Zhytomyr,polissya zhytomyr,2020s,Defender - Left-Back,962090,53646,53646_polissya_zhytomyr_2020s,Ukraine,70.2
Lucas Taylor,lucas taylor,Polissya Zhytomyr,polissya zhytomyr,2020s,Defender - Right-Back,387928,53646,53646_polissya_zhytomyr_2020s,Brazil,69.1
Vasyl Grytsuk,vasyl grytsuk,Polissya Zhytomyr,polissya zhytomyr,2020s,Midfield - Attacking Midfield,59047,53646,53646_polissya_zhytomyr_2020s,Ukraine,68.6
Yevgen Volynets,yevgen volynets,Polissya Zhytomyr,polissya zhytomyr,2020s,Goalkeeper,166581,53646,53646_polissya_zhytomyr_2020s,Ukraine,68.2
Eduard Sarapiy,eduard sarapiy,Polissya Zhytomyr,polissya zhytomyr,2020s,Defender - Centre-Back,678778,53646,53646_polissya_zhytomyr_2020s,Ukraine,67.9
Arielson,arielson,Polissya Zhytomyr,polissya zhytomyr,2020s,Attack - Centre-Forward,1084065,53646,53646_polissya_zhytomyr_2020s,Brazil,67.9
Ruslan Babenko,ruslan babenko,Polissya Zhytomyr,polissya zhytomyr,2020s,Midfield - Central Midfield,94928,53646,53646_polissya_zhytomyr_2020s,Ukraine,67
Denys Boyko,denys boyko,Polissya Zhytomyr,polissya zhytomyr,2020s,Goalkeeper,91931,53646,53646_polissya_zhytomyr_2020s,Ukraine,66.7
Cauã Paixão,caua paixao,Polissya Zhytomyr,polissya zhytomyr,2020s,Attack - Centre-Forward,1083960,53646,53646_polissya_zhytomyr_2020s,Brazil,65.5
Bogdan Lednev,bogdan lednev,Polissya Zhytomyr,polissya zhytomyr,2020s,Midfield - Attacking Midfield,423606,53646,53646_polissya_zhytomyr_2020s,Ukraine,64.6
Admir Bristric,admir bristric,Polissya Zhytomyr,polissya zhytomyr,2020s,Attack - Centre-Forward,678606,53646,53646_polissya_zhytomyr_2020s,Bosnia-Herzegovina,64.6
Mykyta Kravchenko,mykyta kravchenko,Polissya Zhytomyr,polissya zhytomyr,2020s,Defender - Right-Back,370399,53646,53646_polissya_zhytomyr_2020s,Ukraine,63.6
André Gonçalves,andre goncalves,Polissya Zhytomyr,polissya zhytomyr,2020s,Attack - Left Winger,548993,53646,53646_polissya_zhytomyr_2020s,Portugal,63.6
Denis Yanakov,denis yanakov,Polissya Zhytomyr,polissya zhytomyr,2020s,Attack - Left Winger,404851,53646,53646_polissya_zhytomyr_2020s,Ukraine,61.9
Denys Ndukve,denys ndukve,Polissya Zhytomyr,polissya zhytomyr,2020s,Attack - Centre-Forward,808971,53646,53646_polissya_zhytomyr_2020s,Ukraine,61.9
Yassin Fortuné,yassin fortune,Polissya Zhytomyr,polissya zhytomyr,2020s,Attack - Centre-Forward,342878,53646,53646_polissya_zhytomyr_2020s,Haiti  France,60.4
Danylo Beskorovaynyi,danylo beskorovaynyi,Polissya Zhytomyr,polissya zhytomyr,2020s,Defender - Centre-Back,523907,53646,53646_polissya_zhytomyr_2020s,Ukraine,58.6
Maksym Melnychenko,maksym melnychenko,Polissya Zhytomyr,polissya zhytomyr,2020s,Midfield - Defensive Midfield,717391,53646,53646_polissya_zhytomyr_2020s,Ukraine,58.6
João Vialle,joao vialle,Polissya Zhytomyr,polissya zhytomyr,2020s,Defender - Centre-Back,880458,53646,53646_polissya_zhytomyr_2020s,Brazil,58.6
Sergiy Korniychuk,sergiy korniychuk,Polissya Zhytomyr,polissya zhytomyr,2020s,Defender - Left-Back,1159925,53646,53646_polissya_zhytomyr_2020s,Ukraine,58.6
Vladyslav Ogirya,vladyslav ogirya,Polissya Zhytomyr,polissya zhytomyr,2020s,Midfield - Defensive Midfield,111072,53646,53646_polissya_zhytomyr_2020s,Ukraine,51.2
Ivan Petryak,ivan petryak,Polissya Zhytomyr,polissya zhytomyr,2020s,Attack - Left Winger,203074,53646,53646_polissya_zhytomyr_2020s,Ukraine,51.2
Artem Shabanov,artem shabanov,Polissya Zhytomyr,polissya zhytomyr,2020s,Defender - Centre-Back,236468,53646,53646_polissya_zhytomyr_2020s,Ukraine,51.2
Oleksandr Filippov,oleksandr filippov,Polissya Zhytomyr,polissya zhytomyr,2020s,Attack - Centre-Forward,237623,53646,53646_polissya_zhytomyr_2020s,Ukraine,51.2
Vladyslav Veleten,vladyslav veleten,Polissya Zhytomyr,polissya zhytomyr,2020s,Attack - Right Winger,729781,53646,53646_polissya_zhytomyr_2020s,Ukraine,51.2
Moses Jarju,moses jarju,Polissya Zhytomyr,polissya zhytomyr,2020s,Defender - Centre-Back,936859,53646,53646_polissya_zhytomyr_2020s,The Gambia,51.2
Oleksiy Avramenko,oleksiy avramenko,Polissya Zhytomyr,polissya zhytomyr,2020s,Defender - Centre-Back,1237940,53646,53646_polissya_zhytomyr_2020s,Ukraine,51.2
Mykhaylo Rasko,mykhaylo rasko,Polissya Zhytomyr,polissya zhytomyr,2020s,Midfield - Attacking Midfield,1250365,53646,53646_polissya_zhytomyr_2020s,Ukraine,51.2
Vasyl Kravets,vasyl kravets,Polissya Zhytomyr,polissya zhytomyr,2020s,Defender - Left-Back,245048,53646,53646_polissya_zhytomyr_2020s,Ukraine,45.6
Vladyslav Shapoval,vladyslav shapoval,Polissya Zhytomyr,polissya zhytomyr,2020s,Defender - Left-Back,375657,53646,53646_polissya_zhytomyr_2020s,Ukraine,45.6
Rostyslav Rusyn,rostyslav rusyn,Metalist 1925 Kharkiv,metalist 1925 kharkiv,2020s,Attack - Right Winger,289487,55686,55686_metalist_1925_kharkiv_2020s,Ukraine,81.2
Andriy Boryachuk,andriy boryachuk,Metalist 1925 Kharkiv,metalist 1925 kharkiv,2020s,Attack - Centre-Forward,203854,55686,55686_metalist_1925_kharkiv_2020s,Ukraine,79.7
Artem Gabelok,artem gabelok,Metalist 1925 Kharkiv,metalist 1925 kharkiv,2020s,Midfield - Central Midfield,213974,55686,55686_metalist_1925_kharkiv_2020s,Ukraine,77.3
Beka Vachiberadze,beka vachiberadze,Metalist 1925 Kharkiv,metalist 1925 kharkiv,2020s,Midfield - Central Midfield,204045,55686,55686_metalist_1925_kharkiv_2020s,Georgia  Ukraine,75.3
Dmytro Yusov,dmytro yusov,Metalist 1925 Kharkiv,metalist 1925 kharkiv,2020s,Attack - Centre-Forward,242854,55686,55686_metalist_1925_kharkiv_2020s,Ukraine,75.3
Andriy Remenyuk,andriy remenyuk,Metalist 1925 Kharkiv,metalist 1925 kharkiv,2020s,Attack - Left Winger,497221,55686,55686_metalist_1925_kharkiv_2020s,Ukraine,75.1
Vladyslav Dmytrenko,vladyslav dmytrenko,Metalist 1925 Kharkiv,metalist 1925 kharkiv,2020s,Attack - Left Winger,464619,55686,55686_metalist_1925_kharkiv_2020s,Ukraine,73.5
Oleg Mozil,oleg mozil,Metalist 1925 Kharkiv,metalist 1925 kharkiv,2020s,Goalkeeper,289060,55686,55686_metalist_1925_kharkiv_2020s,Ukraine,73.4
Mykyta Bezuglyi,mykyta bezuglyi,Metalist 1925 Kharkiv,metalist 1925 kharkiv,2020s,Defender - Centre-Back,289472,55686,55686_metalist_1925_kharkiv_2020s,Ukraine,72.8
Yuriy Batyushyn,yuriy batyushyn,Metalist 1925 Kharkiv,metalist 1925 kharkiv,2020s,Midfield - Central Midfield,201284,55686,55686_metalist_1925_kharkiv_2020s,Ukraine,72.6
Ari Moura,ari moura,Metalist 1925 Kharkiv,metalist 1925 kharkiv,2020s,Attack - Right Winger,681497,55686,55686_metalist_1925_kharkiv_2020s,Brazil,72.2
Oleksiy Sydorov,oleksiy sydorov,Metalist 1925 Kharkiv,metalist 1925 kharkiv,2020s,Attack - Centre-Forward,692997,55686,55686_metalist_1925_kharkiv_2020s,Ukraine,72.2
Yaroslav Martynyuk,yaroslav martynyuk,Metalist 1925 Kharkiv,metalist 1925 kharkiv,2020s,Midfield - Central Midfield,58072,55686,55686_metalist_1925_kharkiv_2020s,Ukraine,71.1
Igor Kurylo,igor kurylo,Metalist 1925 Kharkiv,metalist 1925 kharkiv,2020s,Defender - Centre-Back,295845,55686,55686_metalist_1925_kharkiv_2020s,Ukraine,71.1
Vladlen Yurchenko,vladlen yurchenko,Metalist 1925 Kharkiv,metalist 1925 kharkiv,2020s,Midfield - Attacking Midfield,157373,55686,55686_metalist_1925_kharkiv_2020s,Ukraine,70.7
Dmytro Kryskiv,dmytro kryskiv,Metalist 1925 Kharkiv,metalist 1925 kharkiv,2020s,Midfield - Central Midfield,537852,55686,55686_metalist_1925_kharkiv_2020s,Ukraine,70.7
Denys Sydorenko,denys sydorenko,Metalist 1925 Kharkiv,metalist 1925 kharkiv,2020s,Goalkeeper,59446,55686,55686_metalist_1925_kharkiv_2020s,Ukraine,70.5
Andriy Chyruk,andriy chyruk,Metalist 1925 Kharkiv,metalist 1925 kharkiv,2020s,Attack - Centre-Forward,623327,55686,55686_metalist_1925_kharkiv_2020s,Ukraine,69.6
Kostyantyn Bychek,kostyantyn bychek,Metalist 1925 Kharkiv,metalist 1925 kharkiv,2020s,Attack - Left Winger,913115,55686,55686_metalist_1925_kharkiv_2020s,Ukraine,69.6
Maksym Zhychykov,maksym zhychykov,Metalist 1925 Kharkiv,metalist 1925 kharkiv,2020s,Defender - Right-Back,59136,55686,55686_metalist_1925_kharkiv_2020s,Ukraine,68.6
Yevgeniy Tkachuk,yevgeniy tkachuk,Metalist 1925 Kharkiv,metalist 1925 kharkiv,2020s,Defender - Centre-Back,86466,55686,55686_metalist_1925_kharkiv_2020s,Ukraine,67.6
Fabinho,fabinho,Metalist 1925 Kharkiv,metalist 1925 kharkiv,2020s,Midfield - Central Midfield,661284,55686,55686_metalist_1925_kharkiv_2020s,Brazil,67.4
Dmytro Kravchenko,dmytro kravchenko,Metalist 1925 Kharkiv,metalist 1925 kharkiv,2020s,Midfield - Defensive Midfield,255638,55686,55686_metalist_1925_kharkiv_2020s,Ukraine,67
Matviy Panchenko,matviy panchenko,Metalist 1925 Kharkiv,metalist 1925 kharkiv,2020s,Midfield - Central Midfield,1078831,55686,55686_metalist_1925_kharkiv_2020s,Ukraine,67
Denys Garmash,denys garmash,Metalist 1925 Kharkiv,metalist 1925 kharkiv,2020s,Midfield - Attacking Midfield,70754,55686,55686_metalist_1925_kharkiv_2020s,Ukraine,66.3
Maksym Imerekov,maksym imerekov,Metalist 1925 Kharkiv,metalist 1925 kharkiv,2020s,Defender - Centre-Back,94924,55686,55686_metalist_1925_kharkiv_2020s,Ukraine,66.3
Vladyslav Ostrovskyi,vladyslav ostrovskyi,Metalist 1925 Kharkiv,metalist 1925 kharkiv,2020s,Attack - Centre-Forward,965929,55686,55686_metalist_1925_kharkiv_2020s,Ukraine,66.3
Ramik Gadzhyev,ramik gadzhyev,Metalist 1925 Kharkiv,metalist 1925 kharkiv,2020s,Attack - Right Winger,1158515,55686,55686_metalist_1925_kharkiv_2020s,Ukraine  Azerbaijan,66.3
Dmytro Kapinus,dmytro kapinus,Metalist 1925 Kharkiv,metalist 1925 kharkiv,2020s,Defender - Right-Back,718408,55686,55686_metalist_1925_kharkiv_2020s,Ukraine,66
Vladyslav Kalitvintsev,vladyslav kalitvintsev,Metalist 1925 Kharkiv,metalist 1925 kharkiv,2020s,Midfield - Right Midfield,108710,55686,55686_metalist_1925_kharkiv_2020s,Ukraine  Russia,65.5
Ivan Kalyuzhnyi,ivan kalyuzhnyi,Metalist 1925 Kharkiv,metalist 1925 kharkiv,2020s,Midfield - Central Midfield,343151,55686,55686_metalist_1925_kharkiv_2020s,Ukraine,65.5
Raymond Owusu,raymond owusu,Metalist 1925 Kharkiv,metalist 1925 kharkiv,2020s,Attack - Centre-Forward,837005,55686,55686_metalist_1925_kharkiv_2020s,Ghana,65.5
Ermir Rashica,ermir rashica,Metalist 1925 Kharkiv,metalist 1925 kharkiv,2020s,Attack - Left Winger,972535,55686,55686_metalist_1925_kharkiv_2020s,Albania  Kosovo,65.5
Ilya Zubkov,ilya zubkov,Metalist 1925 Kharkiv,metalist 1925 kharkiv,2020s,Attack - Centre-Forward,393975,55686,55686_metalist_1925_kharkiv_2020s,Ukraine,64.6
Ivan Kovalenko,ivan kovalenko,Metalist 1925 Kharkiv,metalist 1925 kharkiv,2020s,Defender - Left-Back,560110,55686,55686_metalist_1925_kharkiv_2020s,Ukraine,62.9
Igor Potimkov,igor potimkov,Metalist 1925 Kharkiv,metalist 1925 kharkiv,2020s,Goalkeeper,1048954,55686,55686_metalist_1925_kharkiv_2020s,Ukraine,62.9
Mykhaylo Shershen,mykhaylo shershen,Metalist 1925 Kharkiv,metalist 1925 kharkiv,2020s,Defender - Centre-Back,385416,55686,55686_metalist_1925_kharkiv_2020s,Ukraine,62.5
Oleg Golodyuk,oleg golodyuk,Metalist 1925 Kharkiv,metalist 1925 kharkiv,2020s,Midfield - Central Midfield,58016,55686,55686_metalist_1925_kharkiv_2020s,Ukraine,61.9
Artur Zapadnya,artur zapadnya,Metalist 1925 Kharkiv,metalist 1925 kharkiv,2020s,Defender - Left-Back,111074,55686,55686_metalist_1925_kharkiv_2020s,Ukraine,61.9
Maryan Faryna,maryan faryna,Metalist 1925 Kharkiv,metalist 1925 kharkiv,2020s,Defender - Centre-Back,935039,55686,55686_metalist_1925_kharkiv_2020s,Ukraine,61.9
Peter Itodo,peter itodo,Metalist 1925 Kharkiv,metalist 1925 kharkiv,2020s,Attack - Centre-Forward,1179658,55686,55686_metalist_1925_kharkiv_2020s,Nigeria,61.9
Yevgen Pavlyuk,yevgen pavlyuk,Metalist 1925 Kharkiv,metalist 1925 kharkiv,2020s,Defender - Centre-Back,771914,55686,55686_metalist_1925_kharkiv_2020s,Ukraine,60.4
Andriy Tkachuk,andriy tkachuk,Metalist 1925 Kharkiv,metalist 1925 kharkiv,2020s,Midfield - Defensive Midfield,58150,55686,55686_metalist_1925_kharkiv_2020s,Ukraine,58.6
Vitaliy Ponomar,vitaliy ponomar,Metalist 1925 Kharkiv,metalist 1925 kharkiv,2020s,Attack - Centre-Forward,90769,55686,55686_metalist_1925_kharkiv_2020s,Ukraine,58.6
Mykhaylo Rudavskyi,mykhaylo rudavskyi,Metalist 1925 Kharkiv,metalist 1925 kharkiv,2020s,Defender - Left-Back,623322,55686,55686_metalist_1925_kharkiv_2020s,Ukraine,58.6
Danylo Varakuta,danylo varakuta,Metalist 1925 Kharkiv,metalist 1925 kharkiv,2020s,Goalkeeper,678503,55686,55686_metalist_1925_kharkiv_2020s,Ukraine,58.6
Abdulla Abdullaev,abdulla abdullaev,Metalist 1925 Kharkiv,metalist 1925 kharkiv,2020s,Attack - Left Winger,709479,55686,55686_metalist_1925_kharkiv_2020s,Ukraine,58.6
Yaroslav Protsenko,yaroslav protsenko,Metalist 1925 Kharkiv,metalist 1925 kharkiv,2020s,Goalkeeper,917809,55686,55686_metalist_1925_kharkiv_2020s,Ukraine,58.6
Yuriy Potimkov,yuriy potimkov,Metalist 1925 Kharkiv,metalist 1925 kharkiv,2020s,Defender - Centre-Back,951690,55686,55686_metalist_1925_kharkiv_2020s,Ukraine,58.6
Igor Nogueira,igor nogueira,Metalist 1925 Kharkiv,metalist 1925 kharkiv,2020s,Attack - Left Winger,985349,55686,55686_metalist_1925_kharkiv_2020s,Brazil,58.6
Samuel Obinaya,samuel obinaya,Metalist 1925 Kharkiv,metalist 1925 kharkiv,2020s,Midfield - Central Midfield,1237999,55686,55686_metalist_1925_kharkiv_2020s,Ukraine,58.6
Anton Savin,anton savin,Metalist 1925 Kharkiv,metalist 1925 kharkiv,2020s,Attack - Left Winger,59290,55686,55686_metalist_1925_kharkiv_2020s,Ukraine,51.2
Vyacheslav Churko,vyacheslav churko,Metalist 1925 Kharkiv,metalist 1925 kharkiv,2020s,Midfield - Attacking Midfield,131553,55686,55686_metalist_1925_kharkiv_2020s,Ukraine  Hungary,51.2
Vitaliy Yermakov,vitaliy yermakov,Metalist 1925 Kharkiv,metalist 1925 kharkiv,2020s,Defender - Centre-Back,169260,55686,55686_metalist_1925_kharkiv_2020s,Ukraine,51.2
Sergiy Chenbay,sergiy chenbay,Metalist 1925 Kharkiv,metalist 1925 kharkiv,2020s,Defender - Centre-Back,226014,55686,55686_metalist_1925_kharkiv_2020s,Ukraine,51.2
Artem Shabanov,artem shabanov,Metalist 1925 Kharkiv,metalist 1925 kharkiv,2020s,Defender - Centre-Back,236468,55686,55686_metalist_1925_kharkiv_2020s,Ukraine,51.2
Maksym Zaderaka,maksym zaderaka,Metalist 1925 Kharkiv,metalist 1925 kharkiv,2020s,Attack - Right Winger,325429,55686,55686_metalist_1925_kharkiv_2020s,Ukraine,51.2
Denys Antyukh,denys antyukh,Metalist 1925 Kharkiv,metalist 1925 kharkiv,2020s,Attack - Right Winger,383325,55686,55686_metalist_1925_kharkiv_2020s,Ukraine,51.2
Igor Snurnitsyn,igor snurnitsyn,Metalist 1925 Kharkiv,metalist 1925 kharkiv,2020s,Defender - Centre-Back,419119,55686,55686_metalist_1925_kharkiv_2020s,Ukraine,51.2
Artem Dudik,artem dudik,Metalist 1925 Kharkiv,metalist 1925 kharkiv,2020s,Attack - Right Winger,425707,55686,55686_metalist_1925_kharkiv_2020s,Ukraine,51.2
Igor Kogut,igor kogut,Metalist 1925 Kharkiv,metalist 1925 kharkiv,2020s,Midfield - Central Midfield,448868,55686,55686_metalist_1925_kharkiv_2020s,Ukraine,51.2
Vadym Chervak,vadym chervak,Metalist 1925 Kharkiv,metalist 1925 kharkiv,2020s,Defender - Centre-Back,570537,55686,55686_metalist_1925_kharkiv_2020s,Ukraine,51.2
Ivan Lytvynenko,ivan lytvynenko,Metalist 1925 Kharkiv,metalist 1925 kharkiv,2020s,Midfield - Defensive Midfield,606743,55686,55686_metalist_1925_kharkiv_2020s,Ukraine,51.2
Oleksandr Martynyuk,oleksandr martynyuk,Metalist 1925 Kharkiv,metalist 1925 kharkiv,2020s,Defender - Left-Back,719652,55686,55686_metalist_1925_kharkiv_2020s,Ukraine,51.2
Valeriy Blazhko,valeriy blazhko,Metalist 1925 Kharkiv,metalist 1925 kharkiv,2020s,Attack - Centre-Forward,749260,55686,55686_metalist_1925_kharkiv_2020s,Ukraine,51.2
Baton Zabergja,baton zabergja,Metalist 1925 Kharkiv,metalist 1925 kharkiv,2020s,Attack - Centre-Forward,755164,55686,55686_metalist_1925_kharkiv_2020s,Kosovo  Albania,51.2
Maksym Kovalenko,maksym kovalenko,Metalist 1925 Kharkiv,metalist 1925 kharkiv,2020s,Goalkeeper,808943,55686,55686_metalist_1925_kharkiv_2020s,Ukraine,51.2
Vadym Sologub,vadym sologub,Metalist 1925 Kharkiv,metalist 1925 kharkiv,2020s,Midfield - Right Midfield,837287,55686,55686_metalist_1925_kharkiv_2020s,Ukraine,51.2
Ilya Krupskyi,ilya krupskyi,Metalist 1925 Kharkiv,metalist 1925 kharkiv,2020s,Defender - Right-Back,889438,55686,55686_metalist_1925_kharkiv_2020s,Ukraine,51.2
Wendel,wendel,Metalist 1925 Kharkiv,metalist 1925 kharkiv,2020s,Midfield - Central Midfield,926183,55686,55686_metalist_1925_kharkiv_2020s,Brazil,51.2
Volodymyr Salyuk,volodymyr salyuk,Metalist 1925 Kharkiv,metalist 1925 kharkiv,2020s,Defender - Centre-Back,930106,55686,55686_metalist_1925_kharkiv_2020s,Ukraine,51.2
Christian Mba,christian mba,Metalist 1925 Kharkiv,metalist 1925 kharkiv,2020s,Attack - Centre-Forward,1045884,55686,55686_metalist_1925_kharkiv_2020s,Nigeria,51.2
Kyrylo Ivannikov,kyrylo ivannikov,Metalist 1925 Kharkiv,metalist 1925 kharkiv,2020s,Goalkeeper,1067058,55686,55686_metalist_1925_kharkiv_2020s,Ukraine,51.2
Taras Kyyashko,taras kyyashko,Metalist 1925 Kharkiv,metalist 1925 kharkiv,2020s,Goalkeeper,1128180,55686,55686_metalist_1925_kharkiv_2020s,Ukraine,51.2
Yegor Potapenko,yegor potapenko,Metalist 1925 Kharkiv,metalist 1925 kharkiv,2020s,Defender - Left-Back,1143799,55686,55686_metalist_1925_kharkiv_2020s,Ukraine,51.2
Leonardo Casaes,leonardo casaes,Metalist 1925 Kharkiv,metalist 1925 kharkiv,2020s,Midfield - Attacking Midfield,1143800,55686,55686_metalist_1925_kharkiv_2020s,Brazil,51.2
Artem Nyzhnyk,artem nyzhnyk,Metalist 1925 Kharkiv,metalist 1925 kharkiv,2020s,Attack - Centre-Forward,1143801,55686,55686_metalist_1925_kharkiv_2020s,Ukraine,51.2
Oleksandr Smityukh,oleksandr smityukh,Metalist 1925 Kharkiv,metalist 1925 kharkiv,2020s,Midfield - Attacking Midfield,1166712,55686,55686_metalist_1925_kharkiv_2020s,Ukraine,51.2
Ruslan Tkachenko,ruslan tkachenko,Metalist 1925 Kharkiv,metalist 1925 kharkiv,2020s,Defender - Right-Back,1189252,55686,55686_metalist_1925_kharkiv_2020s,Ukraine,51.2
Vladyslav Supryaga,vladyslav supryaga,SC Dnipro-1,sc dnipro 1,2010s,Attack - Centre-Forward,419061,60551,60551_sc_dnipro_1_2010s,Ukraine,83.6
Sergiy Buletsa,sergiy buletsa,SC Dnipro-1,sc dnipro 1,2010s,Midfield - Attacking Midfield,404846,60551,60551_sc_dnipro_1_2010s,Ukraine,76
Oleksiy Khoblenko,oleksiy khoblenko,SC Dnipro-1,sc dnipro 1,2010s,Attack - Centre-Forward,176412,60551,60551_sc_dnipro_1_2010s,Ukraine,75.3
Dmytro Korkishko,dmytro korkishko,SC Dnipro-1,sc dnipro 1,2010s,Attack - Left Winger,91380,60551,60551_sc_dnipro_1_2010s,Ukraine,73.5
Igor Kogut,igor kogut,SC Dnipro-1,sc dnipro 1,2010s,Midfield - Central Midfield,448868,60551,60551_sc_dnipro_1_2010s,Ukraine,72.9
Oleksiy Chychykov,oleksiy chychykov,SC Dnipro-1,sc dnipro 1,2010s,Attack - Right Winger,43404,60551,60551_sc_dnipro_1_2010s,Ukraine,72.6
Andriy Tsurikov,andriy tsurikov,SC Dnipro-1,sc dnipro 1,2010s,Defender - Left-Back,155964,60551,60551_sc_dnipro_1_2010s,Ukraine,65.5
Volodymyr Adamyuk,volodymyr adamyuk,SC Dnipro-1,sc dnipro 1,2010s,Defender - Right-Back,273663,60551,60551_sc_dnipro_1_2010s,Ukraine,65.5
Vladyslav Shapoval,vladyslav shapoval,SC Dnipro-1,sc dnipro 1,2010s,Defender - Left-Back,375657,60551,60551_sc_dnipro_1_2010s,Ukraine,65.5
Lucas Taylor,lucas taylor,SC Dnipro-1,sc dnipro 1,2010s,Defender - Right-Back,387928,60551,60551_sc_dnipro_1_2010s,Brazil,65.5
Yuriy Vakulko,yuriy vakulko,SC Dnipro-1,sc dnipro 1,2010s,Midfield - Central Midfield,369155,60551,60551_sc_dnipro_1_2010s,Ukraine,64.6
Andriy Klishchuk,andriy klishchuk,SC Dnipro-1,sc dnipro 1,2010s,Goalkeeper,190190,60551,60551_sc_dnipro_1_2010s,Ukraine,62.9
Valeriy Yurchuk,valeriy yurchuk,SC Dnipro-1,sc dnipro 1,2010s,Goalkeeper,292396,60551,60551_sc_dnipro_1_2010s,Ukraine,62.9
Francisco Di Franco,francisco di franco,SC Dnipro-1,sc dnipro 1,2010s,Midfield - Attacking Midfield,274058,60551,60551_sc_dnipro_1_2010s,Argentina  Italy,60.4
Oleksandr Snizhko,oleksandr snizhko,SC Dnipro-1,sc dnipro 1,2010s,Midfield - Central Midfield,381815,60551,60551_sc_dnipro_1_2010s,Ukraine,60.4
Sergiy Kravchenko,sergiy kravchenko,SC Dnipro-1,sc dnipro 1,2010s,Midfield - Central Midfield,59076,60551,60551_sc_dnipro_1_2010s,Ukraine,57.5
Aleksandre Kobakhidze,aleksandre kobakhidze,SC Dnipro-1,sc dnipro 1,2010s,Midfield - Right Midfield,56698,60551,60551_sc_dnipro_1_2010s,Georgia,51.2
Sergiy Loginov,sergiy loginov,SC Dnipro-1,sc dnipro 1,2010s,Defender - Centre-Back,110688,60551,60551_sc_dnipro_1_2010s,Ukraine,51.2
Oleksandr Svatok,oleksandr svatok,SC Dnipro-1,sc dnipro 1,2010s,Defender - Centre-Back,244271,60551,60551_sc_dnipro_1_2010s,Ukraine,51.2
Viktor Babichyn,viktor babichyn,SC Dnipro-1,sc dnipro 1,2010s,Goalkeeper,418887,60551,60551_sc_dnipro_1_2010s,Ukraine,51.2
Yuriy Romanyuk,yuriy romanyuk,SC Dnipro-1,sc dnipro 1,2010s,Defender - Right-Back,428380,60551,60551_sc_dnipro_1_2010s,Ukraine,51.2
Oleksandr Belyaev,oleksandr belyaev,SC Dnipro-1,sc dnipro 1,2010s,Midfield - Left Midfield,524031,60551,60551_sc_dnipro_1_2010s,Ukraine,51.2
Arseniy Batagov,arseniy batagov,SC Dnipro-1,sc dnipro 1,2010s,Defender - Centre-Back,665048,60551,60551_sc_dnipro_1_2010s,Ukraine,51.2
Yegor Yarmolyuk,yegor yarmolyuk,SC Dnipro-1,sc dnipro 1,2010s,Midfield - Central Midfield,717411,60551,60551_sc_dnipro_1_2010s,Ukraine,51.2
Papa Gueye,papa gueye,SC Dnipro-1,sc dnipro 1,2010s,Defender - Centre-Back,59414,60551,60551_sc_dnipro_1_2010s,Senegal  Ukraine,45.6
Maksym Lopyryonok,maksym lopyryonok,SC Dnipro-1,sc dnipro 1,2010s,Defender - Centre-Back,448867,60551,60551_sc_dnipro_1_2010s,Ukraine,45.6
Oleksandr Safronov,oleksandr safronov,SC Dnipro-1,sc dnipro 1,2010s,Defender - Centre-Back,467241,60551,60551_sc_dnipro_1_2010s,Ukraine,45.6
Artem Dovbyk,artem dovbyk,SC Dnipro-1,sc dnipro 1,2020s,Attack - Centre-Forward,343537,60551,60551_sc_dnipro_1_2020s,Ukraine,94.9
Oleksandr Pikhalyonok,oleksandr pikhalyonok,SC Dnipro-1,sc dnipro 1,2020s,Midfield - Central Midfield,294780,60551,60551_sc_dnipro_1_2020s,Ukraine,92.2
Oleksiy Gutsulyak,oleksiy gutsulyak,SC Dnipro-1,sc dnipro 1,2020s,Attack - Right Winger,296366,60551,60551_sc_dnipro_1_2020s,Ukraine,89.3
Igor Kogut,igor kogut,SC Dnipro-1,sc dnipro 1,2020s,Midfield - Central Midfield,448868,60551,60551_sc_dnipro_1_2020s,Ukraine,83.7
Volodymyr Adamyuk,volodymyr adamyuk,SC Dnipro-1,sc dnipro 1,2020s,Defender - Right-Back,273663,60551,60551_sc_dnipro_1_2020s,Ukraine,82.6
Mario Cuze,mario cuze,SC Dnipro-1,sc dnipro 1,2020s,Attack - Left Winger,376445,60551,60551_sc_dnipro_1_2020s,Croatia  Bosnia-Herzegovina,82
Oleksandr Filippov,oleksandr filippov,SC Dnipro-1,sc dnipro 1,2020s,Attack - Centre-Forward,237623,60551,60551_sc_dnipro_1_2020s,Ukraine,80.9
Eduard Sarapiy,eduard sarapiy,SC Dnipro-1,sc dnipro 1,2020s,Defender - Centre-Back,678778,60551,60551_sc_dnipro_1_2020s,Ukraine,78.7
Valentyn Rubchynskyi,valentyn rubchynskyi,SC Dnipro-1,sc dnipro 1,2020s,Midfield - Central Midfield,666943,60551,60551_sc_dnipro_1_2020s,Ukraine,76
Domingo Blanco,domingo blanco,SC Dnipro-1,sc dnipro 1,2020s,Attack - Right Winger,285127,60551,60551_sc_dnipro_1_2020s,Argentina,74.8
Yanis Hamache,yanis hamache,SC Dnipro-1,sc dnipro 1,2020s,Defender - Left-Back,629567,60551,60551_sc_dnipro_1_2020s,Algeria  France,73.5
Danylo Ignatenko,danylo ignatenko,SC Dnipro-1,sc dnipro 1,2020s,Midfield - Central Midfield,376082,60551,60551_sc_dnipro_1_2020s,Ukraine,73.4
Oleksandr Svatok,oleksandr svatok,SC Dnipro-1,sc dnipro 1,2020s,Defender - Centre-Back,244271,60551,60551_sc_dnipro_1_2020s,Ukraine,72.6
Oleksiy Khoblenko,oleksiy khoblenko,SC Dnipro-1,sc dnipro 1,2020s,Attack - Centre-Forward,176412,60551,60551_sc_dnipro_1_2020s,Ukraine,72.4
Peglow,peglow,SC Dnipro-1,sc dnipro 1,2020s,Attack - Left Winger,627227,60551,60551_sc_dnipro_1_2020s,Brazil,72
Volodymyr Tanchyk,volodymyr tanchyk,SC Dnipro-1,sc dnipro 1,2020s,Midfield - Right Midfield,95707,60551,60551_sc_dnipro_1_2020s,Ukraine,71.5
Bogdan Lednev,bogdan lednev,SC Dnipro-1,sc dnipro 1,2020s,Midfield - Attacking Midfield,423606,60551,60551_sc_dnipro_1_2020s,Ukraine,71.5
Valeriy Yurchuk,valeriy yurchuk,SC Dnipro-1,sc dnipro 1,2020s,Goalkeeper,292396,60551,60551_sc_dnipro_1_2020s,Ukraine,71.3
Sergiy Loginov,sergiy loginov,SC Dnipro-1,sc dnipro 1,2020s,Defender - Centre-Back,110688,60551,60551_sc_dnipro_1_2020s,Ukraine,71.1
Sergiy Buletsa,sergiy buletsa,SC Dnipro-1,sc dnipro 1,2020s,Midfield - Attacking Midfield,404846,60551,60551_sc_dnipro_1_2020s,Ukraine,71.1
Yevgen Volynets,yevgen volynets,SC Dnipro-1,sc dnipro 1,2020s,Goalkeeper,166581,60551,60551_sc_dnipro_1_2020s,Ukraine,70.5
Ruslan Babenko,ruslan babenko,SC Dnipro-1,sc dnipro 1,2020s,Midfield - Central Midfield,94928,60551,60551_sc_dnipro_1_2020s,Ukraine,69.6
Mykyta Kravchenko,mykyta kravchenko,SC Dnipro-1,sc dnipro 1,2020s,Defender - Right-Back,370399,60551,60551_sc_dnipro_1_2020s,Ukraine,69.6
Valeriy Luchkevych,valeriy luchkevych,SC Dnipro-1,sc dnipro 1,2020s,Defender - Right-Back,248934,60551,60551_sc_dnipro_1_2020s,Ukraine,69.1
Max Walef,max walef,SC Dnipro-1,sc dnipro 1,2020s,Goalkeeper,592336,60551,60551_sc_dnipro_1_2020s,Brazil,69.1
Bill,bill,SC Dnipro-1,sc dnipro 1,2020s,Attack - Left Winger,659886,60551,60551_sc_dnipro_1_2020s,Brazil,69.1
Douglas,douglas,SC Dnipro-1,sc dnipro 1,2020s,Defender - Centre-Back,101304,60551,60551_sc_dnipro_1_2020s,Brazil,67.9
Artem Gromov,artem gromov,SC Dnipro-1,sc dnipro 1,2020s,Attack - Left Winger,122088,60551,60551_sc_dnipro_1_2020s,Ukraine,67.9
Denys Miroshnichenko,denys miroshnichenko,SC Dnipro-1,sc dnipro 1,2020s,Defender - Right-Back,244262,60551,60551_sc_dnipro_1_2020s,Ukraine,67.9
Sergiy Gorbunov,sergiy gorbunov,SC Dnipro-1,sc dnipro 1,2020s,Midfield - Left Midfield,288853,60551,60551_sc_dnipro_1_2020s,Ukraine,67
Valentin Cojocaru,valentin cojocaru,SC Dnipro-1,sc dnipro 1,2020s,Goalkeeper,200616,60551,60551_sc_dnipro_1_2020s,Romania,66.7
Oleg Ocheretko,oleg ocheretko,SC Dnipro-1,sc dnipro 1,2020s,Midfield - Attacking Midfield,708241,60551,60551_sc_dnipro_1_2020s,Ukraine,65.5
Sergiy Kravchenko,sergiy kravchenko,SC Dnipro-1,sc dnipro 1,2020s,Midfield - Central Midfield,59076,60551,60551_sc_dnipro_1_2020s,Ukraine,64.6
Andriy Tsurikov,andriy tsurikov,SC Dnipro-1,sc dnipro 1,2020s,Defender - Left-Back,155964,60551,60551_sc_dnipro_1_2020s,Ukraine,64.6
Neven Djurasek,neven djurasek,SC Dnipro-1,sc dnipro 1,2020s,Midfield - Defensive Midfield,341424,60551,60551_sc_dnipro_1_2020s,Croatia,64.6
Lucas Taylor,lucas taylor,SC Dnipro-1,sc dnipro 1,2020s,Defender - Right-Back,387928,60551,60551_sc_dnipro_1_2020s,Brazil,64.6
Busanello,busanello,SC Dnipro-1,sc dnipro 1,2020s,Defender - Left-Back,698742,60551,60551_sc_dnipro_1_2020s,Brazil,64.6
Vladyslav Rybak,vladyslav rybak,SC Dnipro-1,sc dnipro 1,2020s,Goalkeeper,880039,60551,60551_sc_dnipro_1_2020s,Ukraine,64.1
Yevgeniy Pasich,yevgeniy pasich,SC Dnipro-1,sc dnipro 1,2020s,Defender - Right-Back,315237,60551,60551_sc_dnipro_1_2020s,Ukraine,63.6
Yakiv Kinareykin,yakiv kinareykin,SC Dnipro-1,sc dnipro 1,2020s,Goalkeeper,952943,60551,60551_sc_dnipro_1_2020s,Ukraine,62.9
Oleksiy Chychykov,oleksiy chychykov,SC Dnipro-1,sc dnipro 1,2020s,Attack - Right Winger,43404,60551,60551_sc_dnipro_1_2020s,Ukraine,61.9
Dmytro Korkishko,dmytro korkishko,SC Dnipro-1,sc dnipro 1,2020s,Attack - Left Winger,91380,60551,60551_sc_dnipro_1_2020s,Ukraine,61.9
Maksym Tretyakov,maksym tretyakov,SC Dnipro-1,sc dnipro 1,2020s,Attack - Left Winger,248938,60551,60551_sc_dnipro_1_2020s,Ukraine,61.9
Nazariy Rusyn,nazariy rusyn,SC Dnipro-1,sc dnipro 1,2020s,Attack - Centre-Forward,366729,60551,60551_sc_dnipro_1_2020s,Ukraine,61.9
Yevgen Pidlepenets,yevgen pidlepenets,SC Dnipro-1,sc dnipro 1,2020s,Attack - Right Winger,678783,60551,60551_sc_dnipro_1_2020s,Ukraine,61.9
Ramik Gadzhyev,ramik gadzhyev,SC Dnipro-1,sc dnipro 1,2020s,Attack - Right Winger,1158515,60551,60551_sc_dnipro_1_2020s,Ukraine  Azerbaijan,61.9
Nélson Monte,nelson monte,SC Dnipro-1,sc dnipro 1,2020s,Defender - Centre-Back,332615,60551,60551_sc_dnipro_1_2020s,Portugal,60.4
Emiliano Purita,emiliano purita,SC Dnipro-1,sc dnipro 1,2020s,Defender - Right-Back,471638,60551,60551_sc_dnipro_1_2020s,Argentina  Italy,60.4
Oleksandr Kapliyenko,oleksandr kapliyenko,SC Dnipro-1,sc dnipro 1,2020s,Defender - Left-Back,248931,60551,60551_sc_dnipro_1_2020s,Ukraine,58.6
Arseniy Batagov,arseniy batagov,SC Dnipro-1,sc dnipro 1,2020s,Defender - Centre-Back,665048,60551,60551_sc_dnipro_1_2020s,Ukraine,58.6
Yegor Yarmolyuk,yegor yarmolyuk,SC Dnipro-1,sc dnipro 1,2020s,Midfield - Central Midfield,717411,60551,60551_sc_dnipro_1_2020s,Ukraine,58.6
Francisco Di Franco,francisco di franco,SC Dnipro-1,sc dnipro 1,2020s,Midfield - Attacking Midfield,274058,60551,60551_sc_dnipro_1_2020s,Argentina  Italy,57.4
Yevgen Past,yevgen past,SC Dnipro-1,sc dnipro 1,2020s,Goalkeeper,49016,60551,60551_sc_dnipro_1_2020s,Ukraine,57.1
Bogdan Sarnavskyi,bogdan sarnavskyi,SC Dnipro-1,sc dnipro 1,2020s,Goalkeeper,177276,60551,60551_sc_dnipro_1_2020s,Ukraine,57.1
Farès Bahlouli,fares bahlouli,SC Dnipro-1,sc dnipro 1,2020s,Midfield - Attacking Midfield,190333,60551,60551_sc_dnipro_1_2020s,France  Algeria,51.2
Vyacheslav Tankovskyi,vyacheslav tankovskyi,SC Dnipro-1,sc dnipro 1,2020s,Midfield - Central Midfield,213980,60551,60551_sc_dnipro_1_2020s,Ukraine,51.2
Vasyl Kravets,vasyl kravets,SC Dnipro-1,sc dnipro 1,2020s,Defender - Left-Back,245048,60551,60551_sc_dnipro_1_2020s,Ukraine,51.2
Felipe Pires,felipe pires,SC Dnipro-1,sc dnipro 1,2020s,Midfield - Attacking Midfield,327911,60551,60551_sc_dnipro_1_2020s,Brazil,51.2
Yuriy Vakulko,yuriy vakulko,SC Dnipro-1,sc dnipro 1,2020s,Midfield - Central Midfield,369155,60551,60551_sc_dnipro_1_2020s,Ukraine,51.2
Hayner,hayner,SC Dnipro-1,sc dnipro 1,2020s,Defender - Right-Back,389942,60551,60551_sc_dnipro_1_2020s,Brazil,51.2
Oleksandr Safronov,oleksandr safronov,SC Dnipro-1,sc dnipro 1,2020s,Defender - Centre-Back,467241,60551,60551_sc_dnipro_1_2020s,Ukraine,51.2
Oleksandr Belyaev,oleksandr belyaev,SC Dnipro-1,sc dnipro 1,2020s,Midfield - Left Midfield,524031,60551,60551_sc_dnipro_1_2020s,Ukraine,51.2
Oleg Gorin,oleg gorin,SC Dnipro-1,sc dnipro 1,2020s,Defender - Centre-Back,539738,60551,60551_sc_dnipro_1_2020s,Ukraine,51.2
Maksym Melnychenko,maksym melnychenko,SC Dnipro-1,sc dnipro 1,2020s,Midfield - Defensive Midfield,717391,60551,60551_sc_dnipro_1_2020s,Ukraine,51.2
Daniel Kivinda,daniel kivinda,SC Dnipro-1,sc dnipro 1,2020s,Attack - Centre-Forward,717415,60551,60551_sc_dnipro_1_2020s,Ukraine  Kenya,51.2
Mykyta Kononov,mykyta kononov,SC Dnipro-1,sc dnipro 1,2020s,Defender - Right-Back,721512,60551,60551_sc_dnipro_1_2020s,Ukraine,51.2
Myroslav Znovenko,myroslav znovenko,SC Dnipro-1,sc dnipro 1,2020s,Goalkeeper,774554,60551,60551_sc_dnipro_1_2020s,Ukraine  Russia,51.2
Vitinho,vitinho,SC Dnipro-1,sc dnipro 1,2020s,Midfield - Defensive Midfield,834898,60551,60551_sc_dnipro_1_2020s,Brazil,51.2
Gabriel Gomes,gabriel gomes,SC Dnipro-1,sc dnipro 1,2020s,Defender - Centre-Back,969596,60551,60551_sc_dnipro_1_2020s,Brazil,51.2
Myron Grebenyuk,myron grebenyuk,SC Dnipro-1,sc dnipro 1,2020s,Attack - Centre-Forward,1063791,60551,60551_sc_dnipro_1_2020s,Ukraine,51.2
Ivan Chaban,ivan chaban,SC Dnipro-1,sc dnipro 1,2020s,Midfield - Defensive Midfield,1073028,60551,60551_sc_dnipro_1_2020s,Ukraine,51.2
Danylo Khan,danylo khan,SC Dnipro-1,sc dnipro 1,2020s,Midfield - Central Midfield,1074055,60551,60551_sc_dnipro_1_2020s,Ukraine,51.2
Marcos André,marcos andre,SC Dnipro-1,sc dnipro 1,2020s,Attack - Centre-Forward,1084075,60551,60551_sc_dnipro_1_2020s,Brazil,51.2
Vladyslav Krapyvtsov,vladyslav krapyvtsov,SC Dnipro-1,sc dnipro 1,2020s,Goalkeeper,1169436,60551,60551_sc_dnipro_1_2020s,Ukraine,51.2
Ilya Badenko,ilya badenko,SC Dnipro-1,sc dnipro 1,2020s,Midfield - Central Midfield,1237939,60551,60551_sc_dnipro_1_2020s,Ukraine,51.2
Oleksiy Avramenko,oleksiy avramenko,SC Dnipro-1,sc dnipro 1,2020s,Defender - Centre-Back,1237940,60551,60551_sc_dnipro_1_2020s,Ukraine,51.2
Maksym Sholupets,maksym sholupets,SC Dnipro-1,sc dnipro 1,2020s,Attack - Centre-Forward,1256101,60551,60551_sc_dnipro_1_2020s,Ukraine,51.2
Vitaliy Fedoriv,vitaliy fedoriv,SC Dnipro-1,sc dnipro 1,2020s,Defender - Centre-Back,58392,60551,60551_sc_dnipro_1_2020s,Ukraine,45.4
Ronald Matarrita,ronald matarrita,SC Dnipro-1,sc dnipro 1,2020s,Defender - Left-Back,268273,60551,60551_sc_dnipro_1_2020s,Costa Rica,45.4
Yegor Tverdokhlib,yegor tverdokhlib,FC Minaj,fc minaj,2020s,Midfield - Attacking Midfield,758845,61825,61825_fc_minaj_2020s,Ukraine,81.1
Oleg Vyshnevskyi,oleg vyshnevskyi,FC Minaj,fc minaj,2020s,Attack - Centre-Forward,562484,61825,61825_fc_minaj_2020s,Ukraine,80.1
Anatoliy Nuriyev,anatoliy nuriyev,FC Minaj,fc minaj,2020s,Midfield - Attacking Midfield,570743,61825,61825_fc_minaj_2020s,Azerbaijan  Ukraine,80.1
Denys Ustymenko,denys ustymenko,FC Minaj,fc minaj,2020s,Attack - Centre-Forward,622410,61825,61825_fc_minaj_2020s,Ukraine,75.3
Artur Remenyak,artur remenyak,FC Minaj,fc minaj,2020s,Attack - Right Winger,821535,61825,61825_fc_minaj_2020s,Ukraine,74.3
Oleksiy Khakhlyov,oleksiy khakhlyov,FC Minaj,fc minaj,2020s,Midfield - Central Midfield,404847,61825,61825_fc_minaj_2020s,Ukraine,74
Vadym Vitenchuk,vadym vitenchuk,FC Minaj,fc minaj,2020s,Midfield - Defensive Midfield,641426,61825,61825_fc_minaj_2020s,Ukraine,74
Tymur Korablin,tymur korablin,FC Minaj,fc minaj,2020s,Midfield - Central Midfield,795280,61825,61825_fc_minaj_2020s,Ukraine,74
Rüstam Ahmadzada,rustam ahmadzada,FC Minaj,fc minaj,2020s,Attack - Left Winger,792844,61825,61825_fc_minaj_2020s,Azerbaijan  Ukraine,72.9
Oleksandr Bandura,oleksandr bandura,FC Minaj,fc minaj,2020s,Goalkeeper,85969,61825,61825_fc_minaj_2020s,Ukraine,71.9
Vladyslav Vakula,vladyslav vakula,FC Minaj,fc minaj,2020s,Attack - Left Winger,526578,61825,61825_fc_minaj_2020s,Ukraine,71.9
Taras Dmytruk,taras dmytruk,FC Minaj,fc minaj,2020s,Defender - Right-Back,461654,61825,61825_fc_minaj_2020s,Ukraine,71.1
Sergiy Petko,sergiy petko,FC Minaj,fc minaj,2020s,Midfield - Defensive Midfield,353584,61825,61825_fc_minaj_2020s,Ukraine,70.2
Oleg Gorin,oleg gorin,FC Minaj,fc minaj,2020s,Defender - Centre-Back,539738,61825,61825_fc_minaj_2020s,Ukraine,70.2
Nazariy Vorobchak,nazariy vorobchak,FC Minaj,fc minaj,2020s,Midfield - Right Midfield,765401,61825,61825_fc_minaj_2020s,Ukraine,70.2
Anton Shynder,anton shynder,FC Minaj,fc minaj,2020s,Attack - Centre-Forward,39253,61825,61825_fc_minaj_2020s,Ukraine,69.1
Yegor Gunichev,yegor gunichev,FC Minaj,fc minaj,2020s,Attack - Centre-Forward,809569,61825,61825_fc_minaj_2020s,Ukraine,69.1
Yuriy Kravchuk,yuriy kravchuk,FC Minaj,fc minaj,2020s,Defender - Centre-Back,320953,61825,61825_fc_minaj_2020s,Ukraine,67.9
Anton Baydal,anton baydal,FC Minaj,fc minaj,2020s,Attack - Left Winger,699842,61825,61825_fc_minaj_2020s,Ukraine,67.9
Denys Kozhanov,denys kozhanov,FC Minaj,fc minaj,2020s,Attack - Right Winger,58403,61825,61825_fc_minaj_2020s,Ukraine,67.4
Yevgen Seleznyov,yevgen seleznyov,FC Minaj,fc minaj,2020s,Attack - Centre-Forward,59908,61825,61825_fc_minaj_2020s,Ukraine,67.4
Danylo Knysh,danylo knysh,FC Minaj,fc minaj,2020s,Attack - Right Winger,268697,61825,61825_fc_minaj_2020s,Ukraine,67.4
Mihail Ghecev,mihail ghecev,FC Minaj,fc minaj,2020s,Midfield - Left Midfield,520517,61825,61825_fc_minaj_2020s,Moldova  Romania,67.4
Oleksandr Kemkin,oleksandr kemkin,FC Minaj,fc minaj,2020s,Goalkeeper,729638,61825,61825_fc_minaj_2020s,Ukraine,66.7
Vasyl Pynyashko,vasyl pynyashko,FC Minaj,fc minaj,2020s,Attack - Left Winger,632674,61825,61825_fc_minaj_2020s,Ukraine,65.5
Yevgeniy Skyba,yevgeniy skyba,FC Minaj,fc minaj,2020s,Defender - Centre-Back,1052374,61825,61825_fc_minaj_2020s,Ukraine,65.5
Taras Sakiv,taras sakiv,FC Minaj,fc minaj,2020s,Defender - Left-Back,498899,61825,61825_fc_minaj_2020s,Ukraine,64.6
Vladyslav Semotyuk,vladyslav semotyuk,FC Minaj,fc minaj,2020s,Midfield - Central Midfield,625144,61825,61825_fc_minaj_2020s,Ukraine,64.6
Danylo Golub,danylo golub,FC Minaj,fc minaj,2020s,Attack - Left Winger,1045568,61825,61825_fc_minaj_2020s,Ukraine,64.6
Valeriy Rogozynskyi,valeriy rogozynskyi,FC Minaj,fc minaj,2020s,Defender - Left-Back,332132,61825,61825_fc_minaj_2020s,Ukraine,63.6
Bogdan Chuev,bogdan chuev,FC Minaj,fc minaj,2020s,Defender - Centre-Back,539435,61825,61825_fc_minaj_2020s,Ukraine,63.6
Andriy Buleza,andriy buleza,FC Minaj,fc minaj,2020s,Defender - Left-Back,708242,61825,61825_fc_minaj_2020s,Ukraine,63.6
Eldar Kuliyev,eldar kuliyev,FC Minaj,fc minaj,2020s,Midfield - Attacking Midfield,819493,61825,61825_fc_minaj_2020s,Ukraine,63.6
Danylo Kolesnyk,danylo kolesnyk,FC Minaj,fc minaj,2020s,Attack - Centre-Forward,913387,61825,61825_fc_minaj_2020s,Ukraine,63.6
Andriy Popovych,andriy popovych,FC Minaj,fc minaj,2020s,Goalkeeper,186769,61825,61825_fc_minaj_2020s,Azerbaijan  Ukraine,62.9
Dmytro Nemchaninov,dmytro nemchaninov,FC Minaj,fc minaj,2020s,Defender - Centre-Back,120262,61825,61825_fc_minaj_2020s,Ukraine,61.9
Kyrylo Prokopchuk,kyrylo prokopchuk,FC Minaj,fc minaj,2020s,Defender - Centre-Back,572399,61825,61825_fc_minaj_2020s,Ukraine,60.4
Ivan Matyushenko,ivan matyushenko,FC Minaj,fc minaj,2020s,Midfield - Central Midfield,1112706,61825,61825_fc_minaj_2020s,Ukraine,60.4
Sergiy Korniychuk,sergiy korniychuk,FC Minaj,fc minaj,2020s,Defender - Left-Back,1159925,61825,61825_fc_minaj_2020s,Ukraine,60.4
German Penkov,german penkov,FC Minaj,fc minaj,2020s,Goalkeeper,375659,61825,61825_fc_minaj_2020s,Ukraine,58.6
Danylo Kucher,danylo kucher,FC Minaj,fc minaj,2020s,Goalkeeper,427341,61825,61825_fc_minaj_2020s,Ukraine,58.6
Oleksandr Petrusenko,oleksandr petrusenko,FC Minaj,fc minaj,2020s,Midfield - Defensive Midfield,461657,61825,61825_fc_minaj_2020s,Ukraine,58.6
Mykhailo Meskhi,mykhailo meskhi,FC Minaj,fc minaj,2020s,Midfield - Defensive Midfield,476770,61825,61825_fc_minaj_2020s,Ukraine,58.6
Siaka Bagayoko,siaka bagayoko,FC Minaj,fc minaj,2020s,Defender - Left-Back,401987,61825,61825_fc_minaj_2020s,Mali,57.4
Mislav Matic,mislav matic,FC Minaj,fc minaj,2020s,Defender - Centre-Back,651388,61825,61825_fc_minaj_2020s,Croatia,56.8
Artem Milevskyi,artem milevskyi,FC Minaj,fc minaj,2020s,Attack - Centre-Forward,9800,61825,61825_fc_minaj_2020s,Ukraine  Belarus,51.2
Oleg Golodyuk,oleg golodyuk,FC Minaj,fc minaj,2020s,Midfield - Central Midfield,58016,61825,61825_fc_minaj_2020s,Ukraine,51.2
Mykhaylo Kopolovets,mykhaylo kopolovets,FC Minaj,fc minaj,2020s,Attack - Left Winger,58051,61825,61825_fc_minaj_2020s,Ukraine  Hungary,51.2
Andriy Tkachuk,andriy tkachuk,FC Minaj,fc minaj,2020s,Midfield - Defensive Midfield,58150,61825,61825_fc_minaj_2020s,Ukraine,51.2
Anton Kanibolotskyi,anton kanibolotskyi,FC Minaj,fc minaj,2020s,Goalkeeper,58945,61825,61825_fc_minaj_2020s,Ukraine,51.2
Artur Karnoza,artur karnoza,FC Minaj,fc minaj,2020s,Midfield - Attacking Midfield,58946,61825,61825_fc_minaj_2020s,Ukraine,51.2
Mykhaylo Shyshka,mykhaylo shyshka,FC Minaj,fc minaj,2020s,Midfield - Defensive Midfield,168041,61825,61825_fc_minaj_2020s,Ukraine,51.2
Sergiy Myakushko,sergiy myakushko,FC Minaj,fc minaj,2020s,Attack - Left Winger,193158,61825,61825_fc_minaj_2020s,Ukraine,51.2
Igor Soldat,igor soldat,FC Minaj,fc minaj,2020s,Defender - Right-Back,227199,61825,61825_fc_minaj_2020s,Ukraine,51.2
Sergiy Panasenko,sergiy panasenko,FC Minaj,fc minaj,2020s,Midfield - Central Midfield,307053,61825,61825_fc_minaj_2020s,Ukraine,51.2
Oleksandr Glagola,oleksandr glagola,FC Minaj,fc minaj,2020s,Midfield - Attacking Midfield,341490,61825,61825_fc_minaj_2020s,Ukraine,51.2
Oleksiy Kovtun,oleksiy kovtun,FC Minaj,fc minaj,2020s,Defender - Centre-Back,363063,61825,61825_fc_minaj_2020s,Ukraine,51.2
Andriy Ralyuchenko,andriy ralyuchenko,FC Minaj,fc minaj,2020s,Midfield - Defensive Midfield,369093,61825,61825_fc_minaj_2020s,Ukraine,51.2
Oleksandr Snizhko,oleksandr snizhko,FC Minaj,fc minaj,2020s,Midfield - Central Midfield,381815,61825,61825_fc_minaj_2020s,Ukraine,51.2
Edgar Caparrós,edgar caparros,FC Minaj,fc minaj,2020s,Defender - Centre-Back,384299,61825,61825_fc_minaj_2020s,Spain,51.2
Volodymyr Odaryuk,volodymyr odaryuk,FC Minaj,fc minaj,2020s,Attack - Right Winger,395069,61825,61825_fc_minaj_2020s,Ukraine,51.2
Oleksandr Melnyk,oleksandr melnyk,FC Minaj,fc minaj,2020s,Defender - Centre-Back,418891,61825,61825_fc_minaj_2020s,Ukraine,51.2
Ugochukwu Oduenyi,ugochukwu oduenyi,FC Minaj,fc minaj,2020s,Attack - Right Winger,450196,61825,61825_fc_minaj_2020s,Nigeria,51.2
Kyrylo Melichenko,kyrylo melichenko,FC Minaj,fc minaj,2020s,Defender - Right-Back,467244,61825,61825_fc_minaj_2020s,Ukraine,51.2
Oleksandr Matkobozhyk,oleksandr matkobozhyk,FC Minaj,fc minaj,2020s,Defender - Centre-Back,468735,61825,61825_fc_minaj_2020s,Ukraine,51.2
Vitaliy Boyko,vitaliy boyko,FC Minaj,fc minaj,2020s,Midfield - Central Midfield,521997,61825,61825_fc_minaj_2020s,Ukraine,51.2
Dmytro Kasimov,dmytro kasimov,FC Minaj,fc minaj,2020s,Midfield - Right Midfield,600003,61825,61825_fc_minaj_2020s,Ukraine,51.2
Oleksiy Shpak,oleksiy shpak,FC Minaj,fc minaj,2020s,Midfield - Central Midfield,632675,61825,61825_fc_minaj_2020s,Ukraine,51.2
Vasyl Vashkeba,vasyl vashkeba,FC Minaj,fc minaj,2020s,Midfield - Defensive Midfield,650393,61825,61825_fc_minaj_2020s,Ukraine,51.2
Pavlo Tyshchuk,pavlo tyshchuk,FC Minaj,fc minaj,2020s,Attack - Left Winger,707201,61825,61825_fc_minaj_2020s,Ukraine,51.2
Kiril Popov,kiril popov,FC Minaj,fc minaj,2020s,Attack - Centre-Forward,726035,61825,61825_fc_minaj_2020s,Ukraine,51.2
Dmytro Piddubnyi,dmytro piddubnyi,FC Minaj,fc minaj,2020s,Defender - Centre-Back,748936,61825,61825_fc_minaj_2020s,Ukraine,51.2
Bogdan Veklyak,bogdan veklyak,FC Minaj,fc minaj,2020s,Defender - Centre-Back,752691,61825,61825_fc_minaj_2020s,Ukraine,51.2
Sergiy Mashtalir,sergiy mashtalir,FC Minaj,fc minaj,2020s,Attack - Left Winger,767384,61825,61825_fc_minaj_2020s,Ukraine,51.2
Ilya Taran,ilya taran,FC Minaj,fc minaj,2020s,Goalkeeper,840835,61825,61825_fc_minaj_2020s,Ukraine,51.2
Vladyslav Chushenko,vladyslav chushenko,FC Minaj,fc minaj,2020s,Defender - Left-Back,863203,61825,61825_fc_minaj_2020s,Ukraine,51.2
Ivan Popovych,ivan popovych,FC Minaj,fc minaj,2020s,Midfield - Right Midfield,867500,61825,61825_fc_minaj_2020s,Ukraine,51.2
Maksym Skybinskyi,maksym skybinskyi,FC Minaj,fc minaj,2020s,Midfield - Central Midfield,892037,61825,61825_fc_minaj_2020s,Ukraine,51.2
Ilya Olkhovyi,ilya olkhovyi,FC Minaj,fc minaj,2020s,Goalkeeper,911644,61825,61825_fc_minaj_2020s,Ukraine,51.2
Yaroslav Kysil,yaroslav kysil,FC Minaj,fc minaj,2020s,Defender - Left-Back,1038054,61825,61825_fc_minaj_2020s,Ukraine,51.2
Ivan Demydenko,ivan demydenko,FC Minaj,fc minaj,2020s,Attack - Centre-Forward,1109816,61825,61825_fc_minaj_2020s,Ukraine,51.2
Maksym Rosul,maksym rosul,FC Minaj,fc minaj,2020s,Goalkeeper,1163292,61825,61825_fc_minaj_2020s,Ukraine,51.2
Danylo Karas,danylo karas,FC Minaj,fc minaj,2020s,Defender - Centre-Back,606248,61825,61825_fc_minaj_2020s,Ukraine,45.6
Tercious Malepe,tercious malepe,FC Minaj,fc minaj,2020s,Midfield - Defensive Midfield,388313,61825,61825_fc_minaj_2020s,South Africa,45.4
Dmytriy Pavlish,dmytriy pavlish,FC Minaj,fc minaj,2020s,Defender - Centre-Back,537847,61825,61825_fc_minaj_2020s,Ukraine,45.4
Oleg Dopilka,oleg dopilka,FC Minaj,fc minaj,2020s,Defender - Centre-Back,58389,61825,61825_fc_minaj_2020s,Ukraine,45.1
Shemmy Mayembe,shemmy mayembe,FC Minaj,fc minaj,2020s,Defender - Right-Back,432094,61825,61825_fc_minaj_2020s,Zambia,45.1
Maksym Lopyryonok,maksym lopyryonok,FC Minaj,fc minaj,2020s,Defender - Centre-Back,448867,61825,61825_fc_minaj_2020s,Ukraine,45.1
Muharrem Jashari,muharrem jashari,LNZ Cherkasy,lnz cherkasy,2020s,Midfield - Attacking Midfield,517284,63007,63007_lnz_cherkasy_2020s,Kosovo,82.9
Gennadiy Pasich,gennadiy pasich,LNZ Cherkasy,lnz cherkasy,2020s,Midfield - Left Midfield,315236,63007,63007_lnz_cherkasy_2020s,Ukraine,76.7
Vladyslav Naumets,vladyslav naumets,LNZ Cherkasy,lnz cherkasy,2020s,Attack - Right Winger,404845,63007,63007_lnz_cherkasy_2020s,Ukraine,76.2
Hajdin Salihu,hajdin salihu,LNZ Cherkasy,lnz cherkasy,2020s,Defender - Centre-Back,256942,63007,63007_lnz_cherkasy_2020s,Kosovo,73.5
Eynel Soares,eynel soares,LNZ Cherkasy,lnz cherkasy,2020s,Attack - Left Winger,581000,63007,63007_lnz_cherkasy_2020s,Cape Verde,73.2
Denys Oliynyk,denys oliynyk,LNZ Cherkasy,lnz cherkasy,2020s,Attack - Left Winger,57895,63007,63007_lnz_cherkasy_2020s,Ukraine,72.2
Oleksiy Khoblenko,oleksiy khoblenko,LNZ Cherkasy,lnz cherkasy,2020s,Attack - Centre-Forward,176412,63007,63007_lnz_cherkasy_2020s,Ukraine,72.2
Olivier Thill,olivier thill,LNZ Cherkasy,lnz cherkasy,2020s,Midfield - Attacking Midfield,287015,63007,63007_lnz_cherkasy_2020s,Luxembourg,71.9
Mollo Bessala,mollo bessala,LNZ Cherkasy,lnz cherkasy,2020s,Attack - Right Winger,1115074,63007,63007_lnz_cherkasy_2020s,Cameroon,71.5
Maksym Pryadun,maksym pryadun,LNZ Cherkasy,lnz cherkasy,2020s,Attack - Centre-Forward,509837,63007,63007_lnz_cherkasy_2020s,Ukraine,71.1
Vitaliy Boyko,vitaliy boyko,LNZ Cherkasy,lnz cherkasy,2020s,Midfield - Central Midfield,521997,63007,63007_lnz_cherkasy_2020s,Ukraine,70.2
Shota Nonikashvili,shota nonikashvili,LNZ Cherkasy,lnz cherkasy,2020s,Midfield - Defensive Midfield,530673,63007,63007_lnz_cherkasy_2020s,Georgia,70.2
Francis Momoh,francis momoh,LNZ Cherkasy,lnz cherkasy,2020s,Attack - Centre-Forward,690246,63007,63007_lnz_cherkasy_2020s,Nigeria,70.2
Yevgeniy Kucherenko,yevgeniy kucherenko,LNZ Cherkasy,lnz cherkasy,2020s,Goalkeeper,537841,63007,63007_lnz_cherkasy_2020s,Ukraine,69.9
Ilya Putrya,ilya putrya,LNZ Cherkasy,lnz cherkasy,2020s,Defender - Right-Back,396400,63007,63007_lnz_cherkasy_2020s,Ukraine,69.6
German Penkov,german penkov,LNZ Cherkasy,lnz cherkasy,2020s,Goalkeeper,375659,63007,63007_lnz_cherkasy_2020s,Ukraine,68.2
Anton Savin,anton savin,LNZ Cherkasy,lnz cherkasy,2020s,Attack - Left Winger,59290,63007,63007_lnz_cherkasy_2020s,Ukraine,67.4
Denys Norenkov,denys norenkov,LNZ Cherkasy,lnz cherkasy,2020s,Defender - Left-Back,492354,63007,63007_lnz_cherkasy_2020s,Ukraine,67.4
Petro Stasyuk,petro stasyuk,LNZ Cherkasy,lnz cherkasy,2020s,Defender - Left-Back,343622,63007,63007_lnz_cherkasy_2020s,Ukraine,67
Arad Bar,arad bar,LNZ Cherkasy,lnz cherkasy,2020s,Midfield - Central Midfield,620892,63007,63007_lnz_cherkasy_2020s,Israel  Portugal,67
Dmytro Topalov,dmytro topalov,LNZ Cherkasy,lnz cherkasy,2020s,Attack - Left Winger,365692,63007,63007_lnz_cherkasy_2020s,Ukraine,66.3
Sergiy Rybalka,sergiy rybalka,LNZ Cherkasy,lnz cherkasy,2020s,Midfield - Defensive Midfield,81649,63007,63007_lnz_cherkasy_2020s,Ukraine,65.5
Nazariy Muravskyi,nazariy muravskyi,LNZ Cherkasy,lnz cherkasy,2020s,Defender - Centre-Back,533318,63007,63007_lnz_cherkasy_2020s,Ukraine,65.5
Vyacheslav Tankovskyi,vyacheslav tankovskyi,LNZ Cherkasy,lnz cherkasy,2020s,Midfield - Central Midfield,213980,63007,63007_lnz_cherkasy_2020s,Ukraine,64.6
Mark Assinor,mark assinor,LNZ Cherkasy,lnz cherkasy,2020s,Attack - Centre-Forward,1033040,63007,63007_lnz_cherkasy_2020s,Ghana,64.6
Kirill Samoylenko,kirill samoylenko,LNZ Cherkasy,lnz cherkasy,2020s,Goalkeeper,812170,63007,63007_lnz_cherkasy_2020s,Ukraine,64.1
Artur Avagimyan,artur avagimyan,LNZ Cherkasy,lnz cherkasy,2020s,Midfield - Attacking Midfield,244904,63007,63007_lnz_cherkasy_2020s,Ukraine  Armenia,63.6
Oleksandr Kapliyenko,oleksandr kapliyenko,LNZ Cherkasy,lnz cherkasy,2020s,Defender - Left-Back,248931,63007,63007_lnz_cherkasy_2020s,Ukraine,62.9
Maksym Kovalyov,maksym kovalyov,LNZ Cherkasy,lnz cherkasy,2020s,Defender - Centre-Back,58402,63007,63007_lnz_cherkasy_2020s,Ukraine,61.9
Béni Makouana,beni makouana,LNZ Cherkasy,lnz cherkasy,2020s,Attack - Left Winger,624920,63007,63007_lnz_cherkasy_2020s,Congo,61.9
Ajdi Dajko,ajdi dajko,LNZ Cherkasy,lnz cherkasy,2020s,Defender - Centre-Back,628329,63007,63007_lnz_cherkasy_2020s,Albania  Greece,61.9
Prosper Obah,prosper obah,LNZ Cherkasy,lnz cherkasy,2020s,Attack - Right Winger,1041630,63007,63007_lnz_cherkasy_2020s,Nigeria,61.9
Osama Khalaila,osama khalaila,LNZ Cherkasy,lnz cherkasy,2020s,Attack - Centre-Forward,470495,63007,63007_lnz_cherkasy_2020s,Israel,60.4
Oleksandr Drambayev,oleksandr drambayev,LNZ Cherkasy,lnz cherkasy,2020s,Defender - Left-Back,623319,63007,63007_lnz_cherkasy_2020s,Ukraine,58.6
Jewison Bennette,jewison bennette,LNZ Cherkasy,lnz cherkasy,2020s,Attack - Left Winger,743627,63007,63007_lnz_cherkasy_2020s,Costa Rica,58.6
Bogdan Kushnirenko,bogdan kushnirenko,LNZ Cherkasy,lnz cherkasy,2020s,Midfield - Defensive Midfield,428603,63007,63007_lnz_cherkasy_2020s,Ukraine,57.1
Oleksiy Palamarchuk,oleksiy palamarchuk,LNZ Cherkasy,lnz cherkasy,2020s,Goalkeeper,58939,63007,63007_lnz_cherkasy_2020s,Ukraine  Moldova,51.2
Yevgen Selin,yevgen selin,LNZ Cherkasy,lnz cherkasy,2020s,Defender - Centre-Back,59442,63007,63007_lnz_cherkasy_2020s,Ukraine,51.2
Yevgen Banada,yevgen banada,LNZ Cherkasy,lnz cherkasy,2020s,Midfield - Central Midfield,242272,63007,63007_lnz_cherkasy_2020s,Ukraine,51.2
Ivan Kalyuzhnyi,ivan kalyuzhnyi,LNZ Cherkasy,lnz cherkasy,2020s,Midfield - Central Midfield,343151,63007,63007_lnz_cherkasy_2020s,Ukraine,51.2
Nazariy Nych,nazariy nych,LNZ Cherkasy,lnz cherkasy,2020s,Attack - Centre-Forward,523903,63007,63007_lnz_cherkasy_2020s,Ukraine,51.2
Oleg Gorin,oleg gorin,LNZ Cherkasy,lnz cherkasy,2020s,Defender - Centre-Back,539738,63007,63007_lnz_cherkasy_2020s,Ukraine,51.2
Vladyslav Khamelyuk,vladyslav khamelyuk,LNZ Cherkasy,lnz cherkasy,2020s,Midfield - Central Midfield,567735,63007,63007_lnz_cherkasy_2020s,Ukraine,51.2
Artur Ryabov,artur ryabov,LNZ Cherkasy,lnz cherkasy,2020s,Midfield - Central Midfield,633850,63007,63007_lnz_cherkasy_2020s,Ukraine,51.2
Matej Angelov,matej angelov,LNZ Cherkasy,lnz cherkasy,2020s,Midfield - Defensive Midfield,670309,63007,63007_lnz_cherkasy_2020s,North Macedonia,51.2
Denys Kuzyk,denys kuzyk,LNZ Cherkasy,lnz cherkasy,2020s,Midfield - Right Midfield,723621,63007,63007_lnz_cherkasy_2020s,Ukraine,51.2
Danylo Kravchuk,danylo kravchuk,LNZ Cherkasy,lnz cherkasy,2020s,Attack - Centre-Forward,751363,63007,63007_lnz_cherkasy_2020s,Ukraine,51.2
Oleksandr Yakymenko,oleksandr yakymenko,LNZ Cherkasy,lnz cherkasy,2020s,Attack - Right Winger,935049,63007,63007_lnz_cherkasy_2020s,Ukraine,51.2
Yaroslav Kysil,yaroslav kysil,LNZ Cherkasy,lnz cherkasy,2020s,Defender - Left-Back,1038054,63007,63007_lnz_cherkasy_2020s,Ukraine,51.2
Davyd Blagodarnyi,davyd blagodarnyi,LNZ Cherkasy,lnz cherkasy,2020s,Midfield - Left Midfield,1293592,63007,63007_lnz_cherkasy_2020s,Ukraine,51.2
Tymofiy Nivinskyi,tymofiy nivinskyi,LNZ Cherkasy,lnz cherkasy,2020s,Defender - Centre-Back,1294637,63007,63007_lnz_cherkasy_2020s,Ukraine,51.2
Denys Khamko,denys khamko,LNZ Cherkasy,lnz cherkasy,2020s,Midfield - Central Midfield,1294647,63007,63007_lnz_cherkasy_2020s,Ukraine,51.2
Ilya Moskovchenko,ilya moskovchenko,LNZ Cherkasy,lnz cherkasy,2020s,Goalkeeper,1303751,63007,63007_lnz_cherkasy_2020s,Ukraine,51.2
Maksym Lopyryonok,maksym lopyryonok,LNZ Cherkasy,lnz cherkasy,2020s,Defender - Centre-Back,448867,63007,63007_lnz_cherkasy_2020s,Ukraine,45.4
Oleksandr Goryainov,oleksandr goryainov,Metalist Kharkiv,metalist kharkiv,1990s,Goalkeeper,42631,6414,6414_metalist_kharkiv_1990s,Ukraine,77.2
Dmitriy Khomukha,dmitriy khomukha,Metalist Kharkiv,metalist kharkiv,1990s,Midfield - Attacking Midfield,24143,6414,6414_metalist_kharkiv_1990s,Turkmenistan  Russia,75.3
Vladyslav Prudius,vladyslav prudius,Metalist Kharkiv,metalist kharkiv,1990s,Midfield - Attacking Midfield,430990,6414,6414_metalist_kharkiv_1990s,Ukraine  Russia,69.1
Volodymyr Savchenko,volodymyr savchenko,Metalist Kharkiv,metalist kharkiv,1990s,Goalkeeper,24164,6414,6414_metalist_kharkiv_1990s,Ukraine  Russia,64.1
Sergiy Dolganskyi,sergiy dolganskyi,Metalist Kharkiv,metalist kharkiv,1990s,Goalkeeper,24004,6414,6414_metalist_kharkiv_1990s,Ukraine,62.9
Oleg Shevchenko,oleg shevchenko,Metalist Kharkiv,metalist kharkiv,1990s,Defender - Centre-Back,91714,6414,6414_metalist_kharkiv_1990s,Ukraine,58.6
Volodymyr Kravchenko,volodymyr kravchenko,Metalist Kharkiv,metalist kharkiv,1990s,Midfield,146102,6414,6414_metalist_kharkiv_1990s,Ukraine,58.6
Volodymyr Serikov,volodymyr serikov,Metalist Kharkiv,metalist kharkiv,1990s,Midfield,883417,6414,6414_metalist_kharkiv_1990s,Ukraine,58.6
Andriy Gryshchenko,andriy gryshchenko,Metalist Kharkiv,metalist kharkiv,1990s,Attack - Centre-Forward,32290,6414,6414_metalist_kharkiv_1990s,Ukraine,51.2
Oleg Zhylin,oleg zhylin,Metalist Kharkiv,metalist kharkiv,1990s,Defender,857995,6414,6414_metalist_kharkiv_1990s,Ukraine,51.2
Marko Devic,marko devic,Metalist Kharkiv,metalist kharkiv,2000s,Attack - Centre-Forward,59411,6414,6414_metalist_kharkiv_2000s,Ukraine  Serbia,93.8
Jajá,jaja,Metalist Kharkiv,metalist kharkiv,2000s,Attack - Centre-Forward,27245,6414,6414_metalist_kharkiv_2000s,Brazil,92.1
Oleksandr Rykun,oleksandr rykun,Metalist Kharkiv,metalist kharkiv,2000s,Midfield - Attacking Midfield,24047,6414,6414_metalist_kharkiv_2000s,Ukraine,90
Oleksandr Goryainov,oleksandr goryainov,Metalist Kharkiv,metalist kharkiv,2000s,Goalkeeper,42631,6414,6414_metalist_kharkiv_2000s,Ukraine,89.5
Valentyn Slyusar,valentyn slyusar,Metalist Kharkiv,metalist kharkiv,2000s,Midfield - Defensive Midfield,42660,6414,6414_metalist_kharkiv_2000s,Ukraine,88
Edmar Galovskyi,edmar galovskyi,Metalist Kharkiv,metalist kharkiv,2000s,Midfield - Central Midfield,43299,6414,6414_metalist_kharkiv_2000s,Ukraine  Brazil,87.6
Seweryn Gancarczyk,seweryn gancarczyk,Metalist Kharkiv,metalist kharkiv,2000s,Defender - Left-Back,33176,6414,6414_metalist_kharkiv_2000s,Poland,87.4
Vitalie Bordian,vitalie bordian,Metalist Kharkiv,metalist kharkiv,2000s,Defender - Centre-Back,42621,6414,6414_metalist_kharkiv_2000s,Moldova  Russia,87
Ruslan Fomin,ruslan fomin,Metalist Kharkiv,metalist kharkiv,2000s,Attack - Centre-Forward,36238,6414,6414_metalist_kharkiv_2000s,Ukraine,86.2
Sergiy Valyaev,sergiy valyaev,Metalist Kharkiv,metalist kharkiv,2000s,Midfield - Central Midfield,24061,6414,6414_metalist_kharkiv_2000s,Ukraine,84.2
Denys Oliynyk,denys oliynyk,Metalist Kharkiv,metalist kharkiv,2000s,Attack - Left Winger,57895,6414,6414_metalist_kharkiv_2000s,Ukraine,82
Milan Obradovic,milan obradovic,Metalist Kharkiv,metalist kharkiv,2000s,Defender - Right-Back,8669,6414,6414_metalist_kharkiv_2000s,Serbia,79.8
Miljan Mrdakovic,miljan mrdakovic,Metalist Kharkiv,metalist kharkiv,2000s,Attack - Centre-Forward,13748,6414,6414_metalist_kharkiv_2000s,Serbia,78.9
Oleksiy Antonov,oleksiy antonov,Metalist Kharkiv,metalist kharkiv,2000s,Attack - Centre-Forward,25845,6414,6414_metalist_kharkiv_2000s,Ukraine,78.5
Zézéto,zezeto,Metalist Kharkiv,metalist kharkiv,2000s,Attack - Right Winger,13758,6414,6414_metalist_kharkiv_2000s,Cote d'Ivoire,78.3
Oleksandr Babych,oleksandr babych,Metalist Kharkiv,metalist kharkiv,2000s,Defender - Centre-Back,59406,6414,6414_metalist_kharkiv_2000s,Ukraine,78
Andriy Berezovchuk,andriy berezovchuk,Metalist Kharkiv,metalist kharkiv,2000s,Defender - Centre-Back,57971,6414,6414_metalist_kharkiv_2000s,Ukraine,76.7
Papa Gueye,papa gueye,Metalist Kharkiv,metalist kharkiv,2000s,Defender - Centre-Back,59414,6414,6414_metalist_kharkiv_2000s,Senegal  Ukraine,75.7
Ruslan Yarosh,ruslan yarosh,Metalist Kharkiv,metalist kharkiv,2000s,Midfield - Central Midfield,59922,6414,6414_metalist_kharkiv_2000s,Ukraine,75.1
Sergiy Davydov,sergiy davydov,Metalist Kharkiv,metalist kharkiv,2000s,Attack - Centre-Forward,42624,6414,6414_metalist_kharkiv_2000s,Ukraine,68.6
Oleksandr Kucher,oleksandr kucher,Metalist Kharkiv,metalist kharkiv,2000s,Defender - Centre-Back,44357,6414,6414_metalist_kharkiv_2000s,Ukraine,67.4
Aleksandar Trisovic,aleksandar trisovic,Metalist Kharkiv,metalist kharkiv,2000s,Midfield - Left Midfield,17206,6414,6414_metalist_kharkiv_2000s,Serbia,67
Ivan Pogorelov,ivan pogorelov,Metalist Kharkiv,metalist kharkiv,2000s,Midfield - Defensive Midfield,91786,6414,6414_metalist_kharkiv_2000s,Ukraine,67
Volodymyr Kravchenko,volodymyr kravchenko,Metalist Kharkiv,metalist kharkiv,2000s,Midfield,146102,6414,6414_metalist_kharkiv_2000s,Ukraine,67
Fininho,fininho,Metalist Kharkiv,metalist kharkiv,2000s,Defender - Left-Back,44411,6414,6414_metalist_kharkiv_2000s,Brazil,66.3
Anton Postupalenko,anton postupalenko,Metalist Kharkiv,metalist kharkiv,2000s,Midfield - Attacking Midfield,59440,6414,6414_metalist_kharkiv_2000s,Ukraine,66.3
Oleksandr Gladkyi,oleksandr gladkyi,Metalist Kharkiv,metalist kharkiv,2000s,Attack - Centre-Forward,53270,6414,6414_metalist_kharkiv_2000s,Ukraine,65.5
Volodymyr Lysenko,volodymyr lysenko,Metalist Kharkiv,metalist kharkiv,2000s,Attack - Centre-Forward,58413,6414,6414_metalist_kharkiv_2000s,Ukraine,65.5
Sergiy Barilko,sergiy barilko,Metalist Kharkiv,metalist kharkiv,2000s,Midfield - Right Midfield,59407,6414,6414_metalist_kharkiv_2000s,Ukraine,65.5
Oleksiy Oliynyk,oleksiy oliynyk,Metalist Kharkiv,metalist kharkiv,2000s,Midfield - Left Midfield,42656,6414,6414_metalist_kharkiv_2000s,Ukraine,64.6
Andriy Khomyn,andriy khomyn,Metalist Kharkiv,metalist kharkiv,2000s,Defender - Right-Back,42641,6414,6414_metalist_kharkiv_2000s,Ukraine,63.6
Oleg Shevchenko,oleg shevchenko,Metalist Kharkiv,metalist kharkiv,2000s,Defender - Centre-Back,91714,6414,6414_metalist_kharkiv_2000s,Ukraine,63.3
Igor Bazhan,igor bazhan,Metalist Kharkiv,metalist kharkiv,2000s,Goalkeeper,27126,6414,6414_metalist_kharkiv_2000s,Ukraine,62.9
Oleksandr Gumenyuk,oleksandr gumenyuk,Metalist Kharkiv,metalist kharkiv,2000s,Goalkeeper,97319,6414,6414_metalist_kharkiv_2000s,Ukraine,62.9
Andriy Tlumak,andriy tlumak,Metalist Kharkiv,metalist kharkiv,2000s,Goalkeeper,59447,6414,6414_metalist_kharkiv_2000s,Ukraine,61.1
Yuriy Petrov,yuriy petrov,Metalist Kharkiv,metalist kharkiv,2000s,Attack - Centre-Forward,4602,6414,6414_metalist_kharkiv_2000s,Russia  Ukraine,60.4
Aleksey Eremenko Jr.,aleksey eremenko jr,Metalist Kharkiv,metalist kharkiv,2000s,Midfield - Attacking Midfield,16519,6414,6414_metalist_kharkiv_2000s,Finland,60.4
Dmytro Semochko,dmytro semochko,Metalist Kharkiv,metalist kharkiv,2000s,Defender - Left-Back,24053,6414,6414_metalist_kharkiv_2000s,Ukraine  Russia,60.4
Oleksandr Yakovenko,oleksandr yakovenko,Metalist Kharkiv,metalist kharkiv,2000s,Attack - Left Winger,31776,6414,6414_metalist_kharkiv_2000s,Ukraine  Belgium,60.4
Jonatan Maidana,jonatan maidana,Metalist Kharkiv,metalist kharkiv,2000s,Defender - Centre-Back,39095,6414,6414_metalist_kharkiv_2000s,Argentina  Italy,58.6
Aleksey Kurilov,aleksey kurilov,Metalist Kharkiv,metalist kharkiv,2000s,Defender - Centre-Back,59423,6414,6414_metalist_kharkiv_2000s,Russia  Ukraine,58.6
Yevgen Selin,yevgen selin,Metalist Kharkiv,metalist kharkiv,2000s,Defender - Centre-Back,59442,6414,6414_metalist_kharkiv_2000s,Ukraine,58.6
Igor Cherednichenko,igor cherednichenko,Metalist Kharkiv,metalist kharkiv,2000s,Defender - Centre-Back,91456,6414,6414_metalist_kharkiv_2000s,Ukraine,58.6
Volodymyr Ovsienko,volodymyr ovsienko,Metalist Kharkiv,metalist kharkiv,2000s,Goalkeeper,91475,6414,6414_metalist_kharkiv_2000s,Ukraine,57.1
Marcin Burkhardt,marcin burkhardt,Metalist Kharkiv,metalist kharkiv,2000s,Midfield - Central Midfield,24500,6414,6414_metalist_kharkiv_2000s,Poland,51.2
Sergiy Pshenychnykh,sergiy pshenychnykh,Metalist Kharkiv,metalist kharkiv,2000s,Defender - Centre-Back,25618,6414,6414_metalist_kharkiv_2000s,Ukraine,51.2
Marian Adam,marian adam,Metalist Kharkiv,metalist kharkiv,2000s,Attack - Right Winger,42612,6414,6414_metalist_kharkiv_2000s,Slovakia,51.2
Pavlo Rebenok,pavlo rebenok,Metalist Kharkiv,metalist kharkiv,2000s,Midfield - Left Midfield,43359,6414,6414_metalist_kharkiv_2000s,Ukraine,51.2
Sergiy Pylypchuk,sergiy pylypchuk,Metalist Kharkiv,metalist kharkiv,2000s,Attack - Left Winger,43495,6414,6414_metalist_kharkiv_2000s,Ukraine  Russia,51.2
Hernán Fredes,hernan fredes,Metalist Kharkiv,metalist kharkiv,2000s,Midfield - Attacking Midfield,45315,6414,6414_metalist_kharkiv_2000s,Argentina  Italy,51.2
Yuriy Tselykh,yuriy tselykh,Metalist Kharkiv,metalist kharkiv,2000s,Attack - Centre-Forward,58255,6414,6414_metalist_kharkiv_2000s,Ukraine,51.2
Oleksandr Maksymov,oleksandr maksymov,Metalist Kharkiv,metalist kharkiv,2000s,Midfield - Central Midfield,58956,6414,6414_metalist_kharkiv_2000s,Ukraine,51.2
Artem Putivtsev,artem putivtsev,Metalist Kharkiv,metalist kharkiv,2000s,Defender - Centre-Back,59434,6414,6414_metalist_kharkiv_2000s,Ukraine  Poland,51.2
Denys Sydorenko,denys sydorenko,Metalist Kharkiv,metalist kharkiv,2000s,Goalkeeper,59446,6414,6414_metalist_kharkiv_2000s,Ukraine,51.2
Maksym Yakhno,maksym yakhno,Metalist Kharkiv,metalist kharkiv,2000s,Defender - Left-Back,59448,6414,6414_metalist_kharkiv_2000s,Ukraine,51.2
Dmytro Zhdankov,dmytro zhdankov,Metalist Kharkiv,metalist kharkiv,2000s,Goalkeeper,86941,6414,6414_metalist_kharkiv_2000s,Ukraine,51.2
Yevgeniy Lozovyi,yevgeniy lozovyi,Metalist Kharkiv,metalist kharkiv,2000s,Attack - Left Winger,92843,6414,6414_metalist_kharkiv_2000s,Ukraine,51.2
Vakhtang Pantskhava,vakhtang pantskhava,Metalist Kharkiv,metalist kharkiv,2000s,Attack - Centre-Forward,109990,6414,6414_metalist_kharkiv_2000s,Georgia,51.2
Yevgen Budnik,yevgen budnik,Metalist Kharkiv,metalist kharkiv,2000s,Attack - Centre-Forward,120144,6414,6414_metalist_kharkiv_2000s,Ukraine,51.2
Andriy Spevak,andriy spevak,Metalist Kharkiv,metalist kharkiv,2000s,Midfield - Central Midfield,168988,6414,6414_metalist_kharkiv_2000s,Ukraine,51.2
Sergey Vasiljev,sergey vasiljev,Metalist Kharkiv,metalist kharkiv,2000s,Midfield - Left Midfield,186278,6414,6414_metalist_kharkiv_2000s,Russia,51.2
Sergiy Chuychenko,sergiy chuychenko,Metalist Kharkiv,metalist kharkiv,2000s,Attack - Centre-Forward,858005,6414,6414_metalist_kharkiv_2000s,Ukraine,51.2
Oleg Shelayev,oleg shelayev,Metalist Kharkiv,metalist kharkiv,2000s,Midfield - Defensive Midfield,24054,6414,6414_metalist_kharkiv_2000s,Ukraine,45.6
Cleiton Xavier,cleiton xavier,Metalist Kharkiv,metalist kharkiv,2010s,Midfield - Attacking Midfield,27378,6414,6414_metalist_kharkiv_2010s,Brazil,95.9
Marko Devic,marko devic,Metalist Kharkiv,metalist kharkiv,2010s,Attack - Centre-Forward,59411,6414,6414_metalist_kharkiv_2010s,Ukraine  Serbia,95.2
José Sosa,jose sosa,Metalist Kharkiv,metalist kharkiv,2010s,Midfield - Attacking Midfield,20137,6414,6414_metalist_kharkiv_2010s,Argentina,90.5
Jonathan Cristaldo,jonathan cristaldo,Metalist Kharkiv,metalist kharkiv,2010s,Attack - Centre-Forward,53477,6414,6414_metalist_kharkiv_2010s,Argentina,89.9
Taison,taison,Metalist Kharkiv,metalist kharkiv,2010s,Attack - Left Winger,76028,6414,6414_metalist_kharkiv_2010s,Brazil,89.4
Marlos,marlos,Metalist Kharkiv,metalist kharkiv,2010s,Attack - Right Winger,68778,6414,6414_metalist_kharkiv_2010s,Ukraine  Brazil,86.4
Edmar Galovskyi,edmar galovskyi,Metalist Kharkiv,metalist kharkiv,2010s,Midfield - Central Midfield,43299,6414,6414_metalist_kharkiv_2010s,Ukraine  Brazil,85.7
Sebastián Blanco,sebastian blanco,Metalist Kharkiv,metalist kharkiv,2010s,Midfield - Attacking Midfield,54576,6414,6414_metalist_kharkiv_2010s,Argentina  Spain,83.8
Denys Oliynyk,denys oliynyk,Metalist Kharkiv,metalist kharkiv,2010s,Attack - Left Winger,57895,6414,6414_metalist_kharkiv_2010s,Ukraine,83.2
Cristian Villagra,cristian villagra,Metalist Kharkiv,metalist kharkiv,2010s,Defender - Left-Back,30803,6414,6414_metalist_kharkiv_2010s,Argentina  Italy,83
Jajá,jaja,Metalist Kharkiv,metalist kharkiv,2010s,Attack - Centre-Forward,27245,6414,6414_metalist_kharkiv_2010s,Brazil,80.7
Oleksandr Goryainov,oleksandr goryainov,Metalist Kharkiv,metalist kharkiv,2010s,Goalkeeper,42631,6414,6414_metalist_kharkiv_2010s,Ukraine,79.8
Fininho,fininho,Metalist Kharkiv,metalist kharkiv,2010s,Defender - Left-Back,44411,6414,6414_metalist_kharkiv_2010s,Brazil,78.9
Volodymyr Gomenyuk,volodymyr gomenyuk,Metalist Kharkiv,metalist kharkiv,2010s,Attack - Centre-Forward,43309,6414,6414_metalist_kharkiv_2010s,Ukraine,78.3
Papu Gómez,papu gomez,Metalist Kharkiv,metalist kharkiv,2010s,Attack - Left Winger,20005,6414,6414_metalist_kharkiv_2010s,Argentina  Italy,76.7
Sergiy Pshenychnykh,sergiy pshenychnykh,Metalist Kharkiv,metalist kharkiv,2010s,Defender - Centre-Back,25618,6414,6414_metalist_kharkiv_2010s,Ukraine,75.1
Papa Gueye,papa gueye,Metalist Kharkiv,metalist kharkiv,2010s,Defender - Centre-Back,59414,6414,6414_metalist_kharkiv_2010s,Senegal  Ukraine,75.1
Andriy Vorobey,andriy vorobey,Metalist Kharkiv,metalist kharkiv,2010s,Attack - Centre-Forward,14945,6414,6414_metalist_kharkiv_2010s,Ukraine,74.6
Willian Bigode,willian bigode,Metalist Kharkiv,metalist kharkiv,2010s,Attack - Second Striker,55338,6414,6414_metalist_kharkiv_2010s,Brazil,72.9
Sergiy Bolbat,sergiy bolbat,Metalist Kharkiv,metalist kharkiv,2010s,Attack - Right Winger,264063,6414,6414_metalist_kharkiv_2010s,Ukraine,72.9
Andriy Berezovchuk,andriy berezovchuk,Metalist Kharkiv,metalist kharkiv,2010s,Defender - Centre-Back,57971,6414,6414_metalist_kharkiv_2010s,Ukraine,72.2
Pavlo Ksyonz,pavlo ksyonz,Metalist Kharkiv,metalist kharkiv,2010s,Defender - Right-Back,57888,6414,6414_metalist_kharkiv_2010s,Ukraine,71.5
Milan Obradovic,milan obradovic,Metalist Kharkiv,metalist kharkiv,2010s,Defender - Right-Back,8669,6414,6414_metalist_kharkiv_2010s,Serbia,70.7
Oleg Shelayev,oleg shelayev,Metalist Kharkiv,metalist kharkiv,2010s,Midfield - Defensive Midfield,24054,6414,6414_metalist_kharkiv_2010s,Ukraine,70.7
David Caiado,david caiado,Metalist Kharkiv,metalist kharkiv,2010s,Midfield - Attacking Midfield,37414,6414,6414_metalist_kharkiv_2010s,Portugal  Luxembourg,70.7
Márcio Azevedo,marcio azevedo,Metalist Kharkiv,metalist kharkiv,2010s,Defender - Left-Back,55484,6414,6414_metalist_kharkiv_2010s,Brazil,68.6
Oleg Krasnopyorov,oleg krasnopyorov,Metalist Kharkiv,metalist kharkiv,2010s,Midfield - Defensive Midfield,68915,6414,6414_metalist_kharkiv_2010s,Ukraine,68.6
Marco Torsiglieri,marco torsiglieri,Metalist Kharkiv,metalist kharkiv,2010s,Defender - Centre-Back,53523,6414,6414_metalist_kharkiv_2010s,Argentina  Italy,68.2
Maksim Startsev,maksim startsev,Metalist Kharkiv,metalist kharkiv,2010s,Goalkeeper,58976,6414,6414_metalist_kharkiv_2010s,Ukraine  Russia,68.2
Denys Kulakov,denys kulakov,Metalist Kharkiv,metalist kharkiv,2010s,Defender - Right-Back,25734,6414,6414_metalist_kharkiv_2010s,Ukraine,67.9
Ayila Yussuf,ayila yussuf,Metalist Kharkiv,metalist kharkiv,2010s,Defender - Centre-Back,25780,6414,6414_metalist_kharkiv_2010s,Nigeria,67.9
Diego Souza,diego souza,Metalist Kharkiv,metalist kharkiv,2010s,Attack - Centre-Forward,33315,6414,6414_metalist_kharkiv_2010s,Brazil,67.9
Vyacheslav Churko,vyacheslav churko,Metalist Kharkiv,metalist kharkiv,2010s,Midfield - Attacking Midfield,131553,6414,6414_metalist_kharkiv_2010s,Ukraine  Hungary,67.9
Sergiy Valyaev,sergiy valyaev,Metalist Kharkiv,metalist kharkiv,2010s,Midfield - Central Midfield,24061,6414,6414_metalist_kharkiv_2010s,Ukraine,67.4
Pavlo Rebenok,pavlo rebenok,Metalist Kharkiv,metalist kharkiv,2010s,Midfield - Left Midfield,43359,6414,6414_metalist_kharkiv_2010s,Ukraine,67.4
Volodymyr Lysenko,volodymyr lysenko,Metalist Kharkiv,metalist kharkiv,2010s,Attack - Centre-Forward,58413,6414,6414_metalist_kharkiv_2010s,Ukraine,67
Oleksandr Romanchuk,oleksandr romanchuk,Metalist Kharkiv,metalist kharkiv,2010s,Defender - Left-Back,59893,6414,6414_metalist_kharkiv_2010s,Ukraine,67
Ivan Bobko,ivan bobko,Metalist Kharkiv,metalist kharkiv,2010s,Midfield - Attacking Midfield,62515,6414,6414_metalist_kharkiv_2010s,Ukraine,67
Sergey Tkachev,sergey tkachev,Metalist Kharkiv,metalist kharkiv,2010s,Midfield - Attacking Midfield,132091,6414,6414_metalist_kharkiv_2010s,Russia,67
Sergiy Barilko,sergiy barilko,Metalist Kharkiv,metalist kharkiv,2010s,Midfield - Right Midfield,59407,6414,6414_metalist_kharkiv_2010s,Ukraine,66.3
Sergiy Nazarenko,sergiy nazarenko,Metalist Kharkiv,metalist kharkiv,2010s,Midfield - Attacking Midfield,24043,6414,6414_metalist_kharkiv_2010s,Ukraine,64.6
Yevgen Budnik,yevgen budnik,Metalist Kharkiv,metalist kharkiv,2010s,Attack - Centre-Forward,120144,6414,6414_metalist_kharkiv_2010s,Ukraine,64.6
Eduard Sobol,eduard sobol,Metalist Kharkiv,metalist kharkiv,2010s,Defender - Left-Back,206717,6414,6414_metalist_kharkiv_2010s,Ukraine,64.6
Ivan Zotko,ivan zotko,Metalist Kharkiv,metalist kharkiv,2010s,Defender - Centre-Back,305423,6414,6414_metalist_kharkiv_2010s,Ukraine,64.6
Vyacheslav Sharpar,vyacheslav sharpar,Metalist Kharkiv,metalist kharkiv,2010s,Midfield - Central Midfield,57901,6414,6414_metalist_kharkiv_2010s,Ukraine,63.6
Artur Denchuk,artur denchuk,Metalist Kharkiv,metalist kharkiv,2010s,Goalkeeper,117107,6414,6414_metalist_kharkiv_2010s,Ukraine,62.9
Oleksandr Osman,oleksandr osman,Metalist Kharkiv,metalist kharkiv,2010s,Defender - Left-Back,264646,6414,6414_metalist_kharkiv_2010s,Ukraine,62.9
Vladyslav Krayev,vladyslav krayev,Metalist Kharkiv,metalist kharkiv,2010s,Midfield - Attacking Midfield,269677,6414,6414_metalist_kharkiv_2010s,Ukraine,62.9
Oleksiy Polyanskyi,oleksiy polyanskyi,Metalist Kharkiv,metalist kharkiv,2010s,Defender - Centre-Back,49018,6414,6414_metalist_kharkiv_2010s,Ukraine,61.9
Rodrigo Moledo,rodrigo moledo,Metalist Kharkiv,metalist kharkiv,2010s,Defender - Centre-Back,119434,6414,6414_metalist_kharkiv_2010s,Brazil,61.9
Sergiy Napolov,sergiy napolov,Metalist Kharkiv,metalist kharkiv,2010s,Midfield - Attacking Midfield,316946,6414,6414_metalist_kharkiv_2010s,Ukraine,61.9
Denys Sydorenko,denys sydorenko,Metalist Kharkiv,metalist kharkiv,2010s,Goalkeeper,59446,6414,6414_metalist_kharkiv_2010s,Ukraine,61.1
Yevgen Selin,yevgen selin,Metalist Kharkiv,metalist kharkiv,2010s,Defender - Centre-Back,59442,6414,6414_metalist_kharkiv_2010s,Ukraine,60.4
Andriy Bogdanov,andriy bogdanov,Metalist Kharkiv,metalist kharkiv,2010s,Midfield - Central Midfield,92567,6414,6414_metalist_kharkiv_2010s,Ukraine,60.4
Maksym Tretyakov,maksym tretyakov,Metalist Kharkiv,metalist kharkiv,2010s,Attack - Left Winger,248938,6414,6414_metalist_kharkiv_2010s,Ukraine,60.4
Oleg Synytsya,oleg synytsya,Metalist Kharkiv,metalist kharkiv,2010s,Attack - Right Winger,349107,6414,6414_metalist_kharkiv_2010s,Ukraine,60.4
Vitalie Bordian,vitalie bordian,Metalist Kharkiv,metalist kharkiv,2010s,Defender - Centre-Back,42621,6414,6414_metalist_kharkiv_2010s,Moldova  Russia,59.7
Artem Putivtsev,artem putivtsev,Metalist Kharkiv,metalist kharkiv,2010s,Defender - Centre-Back,59434,6414,6414_metalist_kharkiv_2010s,Ukraine  Poland,59.7
Sergiy Davydov,sergiy davydov,Metalist Kharkiv,metalist kharkiv,2010s,Attack - Centre-Forward,42624,6414,6414_metalist_kharkiv_2010s,Ukraine,58.6
Dmytro Lyopa,dmytro lyopa,Metalist Kharkiv,metalist kharkiv,2010s,Midfield - Attacking Midfield,54816,6414,6414_metalist_kharkiv_2010s,Ukraine,58.6
Lukas Stetina,lukas stetina,Metalist Kharkiv,metalist kharkiv,2010s,Defender - Centre-Back,119110,6414,6414_metalist_kharkiv_2010s,Slovakia,58.6
Bogdan Boychuk,bogdan boychuk,Metalist Kharkiv,metalist kharkiv,2010s,Attack - Right Winger,337198,6414,6414_metalist_kharkiv_2010s,Ukraine,58.6
Danylo Kanevtsev,danylo kanevtsev,Metalist Kharkiv,metalist kharkiv,2010s,Goalkeeper,248930,6414,6414_metalist_kharkiv_2010s,Ukraine,57.1
Aleksandar Trisovic,aleksandar trisovic,Metalist Kharkiv,metalist kharkiv,2010s,Midfield - Left Midfield,17206,6414,6414_metalist_kharkiv_2010s,Serbia,51.2
Mykola Ishchenko,mykola ishchenko,Metalist Kharkiv,metalist kharkiv,2010s,Defender - Centre-Back,58035,6414,6414_metalist_kharkiv_2010s,Ukraine,51.2
Rustam Khudzhamov,rustam khudzhamov,Metalist Kharkiv,metalist kharkiv,2010s,Goalkeeper,58043,6414,6414_metalist_kharkiv_2010s,Ukraine,51.2
Vasyl Kobin,vasyl kobin,Metalist Kharkiv,metalist kharkiv,2010s,Defender - Right-Back,58046,6414,6414_metalist_kharkiv_2010s,Ukraine,51.2
Ivan Voytenko,ivan voytenko,Metalist Kharkiv,metalist kharkiv,2010s,Midfield - Defensive Midfield,58162,6414,6414_metalist_kharkiv_2010s,Russia  Ukraine,51.2
Aleksey Kurilov,aleksey kurilov,Metalist Kharkiv,metalist kharkiv,2010s,Defender - Centre-Back,59423,6414,6414_metalist_kharkiv_2010s,Russia  Ukraine,51.2
Anton Postupalenko,anton postupalenko,Metalist Kharkiv,metalist kharkiv,2010s,Midfield - Attacking Midfield,59440,6414,6414_metalist_kharkiv_2010s,Ukraine,51.2
Dmytro Zhdankov,dmytro zhdankov,Metalist Kharkiv,metalist kharkiv,2010s,Goalkeeper,86941,6414,6414_metalist_kharkiv_2010s,Ukraine,51.2
Dmytro Yeremenko,dmytro yeremenko,Metalist Kharkiv,metalist kharkiv,2010s,Attack - Right Winger,97835,6414,6414_metalist_kharkiv_2010s,Ukraine,51.2
Sergiy Zagynaylov,sergiy zagynaylov,Metalist Kharkiv,metalist kharkiv,2010s,Attack - Centre-Forward,100020,6414,6414_metalist_kharkiv_2010s,Ukraine,51.2
Oleksandr Ilyushchenkov,oleksandr ilyushchenkov,Metalist Kharkiv,metalist kharkiv,2010s,Goalkeeper,120966,6414,6414_metalist_kharkiv_2010s,Ukraine,51.2
Svyatoslav Kozlovskyi,svyatoslav kozlovskyi,Metalist Kharkiv,metalist kharkiv,2010s,Attack - Right Winger,206889,6414,6414_metalist_kharkiv_2010s,Ukraine,51.2
Oleksandr Azatskyi,oleksandr azatskyi,Metalist Kharkiv,metalist kharkiv,2010s,Defender - Centre-Back,211313,6414,6414_metalist_kharkiv_2010s,Ukraine,51.2
Igor Kharatin,igor kharatin,Metalist Kharkiv,metalist kharkiv,2010s,Midfield - Defensive Midfield,213976,6414,6414_metalist_kharkiv_2010s,Ukraine  Hungary,51.2
Oleksandr Kapliyenko,oleksandr kapliyenko,Metalist Kharkiv,metalist kharkiv,2010s,Defender - Left-Back,248931,6414,6414_metalist_kharkiv_2010s,Ukraine,51.2
Igor Koshman,igor koshman,Metalist Kharkiv,metalist kharkiv,2010s,Midfield - Attacking Midfield,297008,6414,6414_metalist_kharkiv_2010s,Ukraine,51.2
Volodymyr Shopin,volodymyr shopin,Metalist Kharkiv,metalist kharkiv,2010s,Defender - Left-Back,307308,6414,6414_metalist_kharkiv_2010s,Ukraine,51.2
Dmytro Antonov,dmytro antonov,Metalist Kharkiv,metalist kharkiv,2010s,Defender - Centre-Back,349106,6414,6414_metalist_kharkiv_2010s,Ukraine,51.2
Oleksiy Kovtun,oleksiy kovtun,Metalist Kharkiv,metalist kharkiv,2010s,Defender - Centre-Back,363063,6414,6414_metalist_kharkiv_2010s,Ukraine,51.2
Yegor Chegurko,yegor chegurko,Metalist Kharkiv,metalist kharkiv,2010s,Midfield - Left Midfield,363064,6414,6414_metalist_kharkiv_2010s,Ukraine,51.2
Andriy Ralyuchenko,andriy ralyuchenko,Metalist Kharkiv,metalist kharkiv,2010s,Midfield - Defensive Midfield,369093,6414,6414_metalist_kharkiv_2010s,Ukraine,51.2
Yuriy Kopyna,yuriy kopyna,Metalist Kharkiv,metalist kharkiv,2010s,Defender - Right-Back,432658,6414,6414_metalist_kharkiv_2010s,Ukraine,51.2
Volodymyr Ponomarenko,volodymyr ponomarenko,Evis Mykolaiv,evis mykolaiv,1990s,Midfield - Right Midfield,92466,6422,6422_evis_mykolaiv_1990s,Ukraine,65
Yuriy Petrov,yuriy petrov,Evis Mykolaiv,evis mykolaiv,1990s,Attack - Centre-Forward,4602,6422,6422_evis_mykolaiv_1990s,Russia  Ukraine,51.2
Sergiy Dranov,sergiy dranov,SC Mykolaiv,sc mykolaiv,1990s,Attack - Centre-Forward,92464,6422,6422_sc_mykolaiv_1990s,Ukraine,70.7
Volodymyr Ponomarenko,volodymyr ponomarenko,SC Mykolaiv,sc mykolaiv,1990s,Midfield - Right Midfield,92466,6422,6422_sc_mykolaiv_1990s,Ukraine,67.6
Andriy Berezovchuk,andriy berezovchuk,SC Mykolaiv,sc mykolaiv,1990s,Defender - Centre-Back,57971,6422,6422_sc_mykolaiv_1990s,Ukraine,61.9
Ruslan Vasylkiv,ruslan vasylkiv,SC Mykolaiv,sc mykolaiv,1990s,Defender,123760,6422,6422_sc_mykolaiv_1990s,Ukraine,61.9
Andriy Raspopov,andriy raspopov,SC Mykolaiv,sc mykolaiv,1990s,Defender - Centre-Back,59886,6422,6422_sc_mykolaiv_1990s,Ukraine  Belarus,51.2
Andriy Vorobey,andriy vorobey,Shakhtar Donetsk,shakhtar donetsk,1990s,Attack - Centre-Forward,14945,660,660_shakhtar_donetsk_1990s,Ukraine,89.4
Yuriy Seleznyov,yuriy seleznyov,Shakhtar Donetsk,shakhtar donetsk,1990s,Midfield - Central Midfield,92461,660,660_shakhtar_donetsk_1990s,Ukraine,86.8
Sergiy Dranov,sergiy dranov,Shakhtar Donetsk,shakhtar donetsk,1990s,Attack - Centre-Forward,92464,660,660_shakhtar_donetsk_1990s,Ukraine,75.1
Oleg Shelayev,oleg shelayev,Shakhtar Donetsk,shakhtar donetsk,1990s,Midfield - Defensive Midfield,24054,660,660_shakhtar_donetsk_1990s,Ukraine,74
Yuriy Virt,yuriy virt,Shakhtar Donetsk,shakhtar donetsk,1990s,Goalkeeper,24063,660,660_shakhtar_donetsk_1990s,Ukraine,73.4
Andrey Fedkov,andrey fedkov,Shakhtar Donetsk,shakhtar donetsk,1990s,Attack - Centre-Forward,24127,660,660_shakhtar_donetsk_1990s,Russia,71.5
Vitaliy Abramov,vitaliy abramov,Shakhtar Donetsk,shakhtar donetsk,1990s,Midfield - Attacking Midfield,109647,660,660_shakhtar_donetsk_1990s,Kazakhstan  Russia,70.7
Marian Aliuta,marian aliuta,Shakhtar Donetsk,shakhtar donetsk,1990s,Midfield - Attacking Midfield,28532,660,660_shakhtar_donetsk_1990s,Romania,60.4
Yuriy Danchenko,yuriy danchenko,Shakhtar Donetsk,shakhtar donetsk,1990s,Defender - Left-Back,91704,660,660_shakhtar_donetsk_1990s,Ukraine,60.4
Sergey Yaskovich,sergey yaskovich,Shakhtar Donetsk,shakhtar donetsk,1990s,Defender - Centre-Back,25652,660,660_shakhtar_donetsk_1990s,Belarus,58.6
Yevgen Kotov,yevgen kotov,Shakhtar Donetsk,shakhtar donetsk,1990s,Defender - Centre-Back,98479,660,660_shakhtar_donetsk_1990s,Ukraine,58.6
Aleksandr Shmarko,aleksandr shmarko,Shakhtar Donetsk,shakhtar donetsk,1990s,Defender - Centre-Back,24166,660,660_shakhtar_donetsk_1990s,Russia  Ukraine,51.2
Sergiy Dmytriev,sergiy dmytriev,Shakhtar Donetsk,shakhtar donetsk,1990s,Attack - Left Winger,57997,660,660_shakhtar_donetsk_1990s,Ukraine  Russia,51.2
Yakiv Kripak,yakiv kripak,Shakhtar Donetsk,shakhtar donetsk,1990s,Attack - Centre-Forward,418361,660,660_shakhtar_donetsk_1990s,Ukraine,51.2
Andriy Vorobey,andriy vorobey,Shakhtar Donetsk,shakhtar donetsk,2000s,Attack - Centre-Forward,14945,660,660_shakhtar_donetsk_2000s,Ukraine,97.6
Jádson,jadson,Shakhtar Donetsk,shakhtar donetsk,2000s,Midfield - Attacking Midfield,29261,660,660_shakhtar_donetsk_2000s,Brazil  Italy,95.6
Julius Aghahowa,julius aghahowa,Shakhtar Donetsk,shakhtar donetsk,2000s,Attack - Centre-Forward,14925,660,660_shakhtar_donetsk_2000s,Nigeria,93.6
Fernandinho,fernandinho,Shakhtar Donetsk,shakhtar donetsk,2000s,Midfield - Defensive Midfield,26267,660,660_shakhtar_donetsk_2000s,Brazil,93.3
Oleksandr Gladkyi,oleksandr gladkyi,Shakhtar Donetsk,shakhtar donetsk,2000s,Attack - Centre-Forward,53270,660,660_shakhtar_donetsk_2000s,Ukraine,93.2
Darijo Srna,darijo srna,Shakhtar Donetsk,shakhtar donetsk,2000s,Defender - Right-Back,14942,660,660_shakhtar_donetsk_2000s,Croatia,92.6
Matuzalém,matuzalem,Shakhtar Donetsk,shakhtar donetsk,2000s,Midfield - Defensive Midfield,5974,660,660_shakhtar_donetsk_2000s,Brazil  Italy,92.2
Oleksiy Gay,oleksiy gay,Shakhtar Donetsk,shakhtar donetsk,2000s,Midfield - Central Midfield,44361,660,660_shakhtar_donetsk_2000s,Ukraine,88.3
Luiz Adriano,luiz adriano,Shakhtar Donetsk,shakhtar donetsk,2000s,Attack - Centre-Forward,48974,660,660_shakhtar_donetsk_2000s,Brazil,88.2
Willian,willian,Shakhtar Donetsk,shakhtar donetsk,2000s,Attack - Left Winger,52769,660,660_shakhtar_donetsk_2000s,Brazil,86.3
Răzvan Raț,razvan rat,Shakhtar Donetsk,shakhtar donetsk,2000s,Defender - Left-Back,14940,660,660_shakhtar_donetsk_2000s,Romania,85.9
Ilsinho,ilsinho,Shakhtar Donetsk,shakhtar donetsk,2000s,Midfield - Right Midfield,52937,660,660_shakhtar_donetsk_2000s,Brazil  Portugal,82.7
Vyacheslav Shevchuk,vyacheslav shevchuk,Shakhtar Donetsk,shakhtar donetsk,2000s,Defender - Left-Back,25820,660,660_shakhtar_donetsk_2000s,Ukraine,82.6
Andriy Pyatov,andriy pyatov,Shakhtar Donetsk,shakhtar donetsk,2000s,Goalkeeper,39996,660,660_shakhtar_donetsk_2000s,Ukraine,82.3
Kostyantyn Kravchenko,kostyantyn kravchenko,Shakhtar Donetsk,shakhtar donetsk,2000s,Midfield - Attacking Midfield,24026,660,660_shakhtar_donetsk_2000s,Ukraine,81.9
Dmytro Chygrynskyi,dmytro chygrynskyi,Shakhtar Donetsk,shakhtar donetsk,2000s,Defender - Centre-Back,25732,660,660_shakhtar_donetsk_2000s,Ukraine,80.6
Ruslan Fomin,ruslan fomin,Shakhtar Donetsk,shakhtar donetsk,2000s,Attack - Centre-Forward,36238,660,660_shakhtar_donetsk_2000s,Ukraine,78
Yevgen Seleznyov,yevgen seleznyov,Shakhtar Donetsk,shakhtar donetsk,2000s,Attack - Centre-Forward,59908,660,660_shakhtar_donetsk_2000s,Ukraine,78
Tomas Hübschman,tomas hubschman,Shakhtar Donetsk,shakhtar donetsk,2000s,Midfield - Defensive Midfield,9688,660,660_shakhtar_donetsk_2000s,Czech Republic,77
Yuriy Virt,yuriy virt,Shakhtar Donetsk,shakhtar donetsk,2000s,Goalkeeper,24063,660,660_shakhtar_donetsk_2000s,Ukraine,74.9
Douglas Costa,douglas costa,Shakhtar Donetsk,shakhtar donetsk,2000s,Attack - Right Winger,75615,660,660_shakhtar_donetsk_2000s,Brazil,74.3
Stipe Pletikosa,stipe pletikosa,Shakhtar Donetsk,shakhtar donetsk,2000s,Goalkeeper,14937,660,660_shakhtar_donetsk_2000s,Croatia,74.2
Marian Aliuta,marian aliuta,Shakhtar Donetsk,shakhtar donetsk,2000s,Midfield - Attacking Midfield,28532,660,660_shakhtar_donetsk_2000s,Romania,74
Vitaliy Abramov,vitaliy abramov,Shakhtar Donetsk,shakhtar donetsk,2000s,Midfield - Attacking Midfield,109647,660,660_shakhtar_donetsk_2000s,Kazakhstan  Russia,73.8
Vasyl Kobin,vasyl kobin,Shakhtar Donetsk,shakhtar donetsk,2000s,Defender - Right-Back,58046,660,660_shakhtar_donetsk_2000s,Ukraine,73.2
Cristiano Lucarelli,cristiano lucarelli,Shakhtar Donetsk,shakhtar donetsk,2000s,Attack - Centre-Forward,21408,660,660_shakhtar_donetsk_2000s,Italy,71.5
Oleksandr Kucher,oleksandr kucher,Shakhtar Donetsk,shakhtar donetsk,2000s,Defender - Centre-Back,44357,660,660_shakhtar_donetsk_2000s,Ukraine,71.1
Volodymyr Yezerskyi,volodymyr yezerskyi,Shakhtar Donetsk,shakhtar donetsk,2000s,Defender - Right-Back,24006,660,660_shakhtar_donetsk_2000s,Ukraine,69.1
Marcelo Moreno Martins,marcelo moreno martins,Shakhtar Donetsk,shakhtar donetsk,2000s,Attack - Centre-Forward,54162,660,660_shakhtar_donetsk_2000s,Bolivia  Brazil,66.3
Oleksiy Polyanskyi,oleksiy polyanskyi,Shakhtar Donetsk,shakhtar donetsk,2000s,Defender - Centre-Back,49018,660,660_shakhtar_donetsk_2000s,Ukraine,65.5
Denys Kulakov,denys kulakov,Shakhtar Donetsk,shakhtar donetsk,2000s,Defender - Right-Back,25734,660,660_shakhtar_donetsk_2000s,Ukraine,64.6
Rustam Khudzhamov,rustam khudzhamov,Shakhtar Donetsk,shakhtar donetsk,2000s,Goalkeeper,58043,660,660_shakhtar_donetsk_2000s,Ukraine,64.1
Igor Strelkov,igor strelkov,Shakhtar Donetsk,shakhtar donetsk,2000s,Attack - Centre-Forward,48579,660,660_shakhtar_donetsk_2000s,Russia,61.9
Aleksandr Shmarko,aleksandr shmarko,Shakhtar Donetsk,shakhtar donetsk,2000s,Defender - Centre-Back,24166,660,660_shakhtar_donetsk_2000s,Russia  Ukraine,60.4
Yaroslav Rakitskyi,yaroslav rakitskyi,Shakhtar Donetsk,shakhtar donetsk,2000s,Defender - Centre-Back,89222,660,660_shakhtar_donetsk_2000s,Ukraine,60.4
Sergiy Dolganskyi,sergiy dolganskyi,Shakhtar Donetsk,shakhtar donetsk,2000s,Goalkeeper,24004,660,660_shakhtar_donetsk_2000s,Ukraine,58.6
Leonardo,leonardo,Shakhtar Donetsk,shakhtar donetsk,2000s,Defender - Centre-Back,44358,660,660_shakhtar_donetsk_2000s,Brazil,58.6
Mykola Ishchenko,mykola ishchenko,Shakhtar Donetsk,shakhtar donetsk,2000s,Defender - Centre-Back,58035,660,660_shakhtar_donetsk_2000s,Ukraine,58.6
Oleksandr Chyzhov,oleksandr chyzhov,Shakhtar Donetsk,shakhtar donetsk,2000s,Defender - Centre-Back,43288,660,660_shakhtar_donetsk_2000s,Ukraine,57.1
Vyacheslav Sviderskyi,vyacheslav sviderskyi,Shakhtar Donetsk,shakhtar donetsk,2000s,Defender - Centre-Back,15681,660,660_shakhtar_donetsk_2000s,Ukraine,51.2
Igor Gjuzelov,igor gjuzelov,Shakhtar Donetsk,shakhtar donetsk,2000s,Defender - Centre-Back,24013,660,660_shakhtar_donetsk_2000s,North Macedonia  Belgium,51.2
Roman Adamov,roman adamov,Shakhtar Donetsk,shakhtar donetsk,2000s,Attack - Centre-Forward,24116,660,660_shakhtar_donetsk_2000s,Russia,51.2
Oleg Karamushka,oleg karamushka,Shakhtar Donetsk,shakhtar donetsk,2000s,Defender - Centre-Back,27191,660,660_shakhtar_donetsk_2000s,Ukraine,51.2
Ivan,ivan,Shakhtar Donetsk,shakhtar donetsk,2000s,Defender - Left-Back,29262,660,660_shakhtar_donetsk_2000s,Brazil,51.2
Timofey Kalachev,timofey kalachev,Shakhtar Donetsk,shakhtar donetsk,2000s,Midfield - Right Midfield,44318,660,660_shakhtar_donetsk_2000s,Belarus  Russia,51.2
Maksym Kovalyov,maksym kovalyov,Shakhtar Donetsk,shakhtar donetsk,2000s,Defender - Centre-Back,58402,660,660_shakhtar_donetsk_2000s,Ukraine,51.2
Denys Kozhanov,denys kozhanov,Shakhtar Donetsk,shakhtar donetsk,2000s,Attack - Right Winger,58403,660,660_shakhtar_donetsk_2000s,Ukraine,51.2
Andriy Shybko,andriy shybko,Shakhtar Donetsk,shakhtar donetsk,2000s,Midfield - Central Midfield,58441,660,660_shakhtar_donetsk_2000s,Ukraine,51.2
Alex Teixeira,alex teixeira,Shakhtar Donetsk,shakhtar donetsk,2000s,Attack - Second Striker,66515,660,660_shakhtar_donetsk_2000s,Brazil,51.2
Vitaliy Vitsenets,vitaliy vitsenets,Shakhtar Donetsk,shakhtar donetsk,2000s,Midfield - Central Midfield,94931,660,660_shakhtar_donetsk_2000s,Ukraine  Russia,51.2
Marlos,marlos,Shakhtar Donetsk,shakhtar donetsk,2010s,Attack - Right Winger,68778,660,660_shakhtar_donetsk_2010s,Ukraine  Brazil,98
Alex Teixeira,alex teixeira,Shakhtar Donetsk,shakhtar donetsk,2010s,Attack - Second Striker,66515,660,660_shakhtar_donetsk_2010s,Brazil,97.1
Taison,taison,Shakhtar Donetsk,shakhtar donetsk,2010s,Attack - Left Winger,76028,660,660_shakhtar_donetsk_2010s,Brazil,96.8
Luiz Adriano,luiz adriano,Shakhtar Donetsk,shakhtar donetsk,2010s,Attack - Centre-Forward,48974,660,660_shakhtar_donetsk_2010s,Brazil,96.7
Darijo Srna,darijo srna,Shakhtar Donetsk,shakhtar donetsk,2010s,Defender - Right-Back,14942,660,660_shakhtar_donetsk_2010s,Croatia,96.1
Júnior Moraes,junior moraes,Shakhtar Donetsk,shakhtar donetsk,2010s,Attack - Centre-Forward,52915,660,660_shakhtar_donetsk_2010s,Ukraine  Brazil,94.6
Eduardo,eduardo,Shakhtar Donetsk,shakhtar donetsk,2010s,Attack - Centre-Forward,24633,660,660_shakhtar_donetsk_2010s,Croatia  Brazil,94.3
Henrikh Mkhitaryan,henrikh mkhitaryan,Shakhtar Donetsk,shakhtar donetsk,2010s,Midfield - Central Midfield,55735,660,660_shakhtar_donetsk_2010s,Armenia,94.1
Facundo Ferreyra,facundo ferreyra,Shakhtar Donetsk,shakhtar donetsk,2010s,Attack - Centre-Forward,93795,660,660_shakhtar_donetsk_2010s,Argentina  Italy,93.9
Douglas Costa,douglas costa,Shakhtar Donetsk,shakhtar donetsk,2010s,Attack - Right Winger,75615,660,660_shakhtar_donetsk_2010s,Brazil,93.7
Andriy Pyatov,andriy pyatov,Shakhtar Donetsk,shakhtar donetsk,2010s,Goalkeeper,39996,660,660_shakhtar_donetsk_2010s,Ukraine,91.9
Ismaily,ismaily,Shakhtar Donetsk,shakhtar donetsk,2010s,Defender - Left-Back,124028,660,660_shakhtar_donetsk_2010s,Brazil,91.6
Willian,willian,Shakhtar Donetsk,shakhtar donetsk,2010s,Attack - Left Winger,52769,660,660_shakhtar_donetsk_2010s,Brazil,91.3
Bernard,bernard,Shakhtar Donetsk,shakhtar donetsk,2010s,Attack - Left Winger,175169,660,660_shakhtar_donetsk_2010s,Brazil,90.9
Dentinho,dentinho,Shakhtar Donetsk,shakhtar donetsk,2010s,Attack - Centre-Forward,52787,660,660_shakhtar_donetsk_2010s,Brazil,89.9
Taras Stepanenko,taras stepanenko,Shakhtar Donetsk,shakhtar donetsk,2010s,Midfield - Defensive Midfield,59970,660,660_shakhtar_donetsk_2010s,Ukraine,89.5
Yaroslav Rakitskyi,yaroslav rakitskyi,Shakhtar Donetsk,shakhtar donetsk,2010s,Defender - Centre-Back,89222,660,660_shakhtar_donetsk_2010s,Ukraine,89
Alan Patrick,alan patrick,Shakhtar Donetsk,shakhtar donetsk,2010s,Midfield - Attacking Midfield,104505,660,660_shakhtar_donetsk_2010s,Brazil,88.3
Fernandinho,fernandinho,Shakhtar Donetsk,shakhtar donetsk,2010s,Midfield - Defensive Midfield,26267,660,660_shakhtar_donetsk_2010s,Brazil,87.6
Oleksandr Gladkyi,oleksandr gladkyi,Shakhtar Donetsk,shakhtar donetsk,2010s,Attack - Centre-Forward,53270,660,660_shakhtar_donetsk_2010s,Ukraine,86.4
Yevgen Seleznyov,yevgen seleznyov,Shakhtar Donetsk,shakhtar donetsk,2010s,Attack - Centre-Forward,59908,660,660_shakhtar_donetsk_2010s,Ukraine,86.4
Fred,fred,Shakhtar Donetsk,shakhtar donetsk,2010s,Midfield - Central Midfield,191614,660,660_shakhtar_donetsk_2010s,Brazil,85.8
Vyacheslav Shevchuk,vyacheslav shevchuk,Shakhtar Donetsk,shakhtar donetsk,2010s,Defender - Left-Back,25820,660,660_shakhtar_donetsk_2010s,Ukraine,84.5
Ilsinho,ilsinho,Shakhtar Donetsk,shakhtar donetsk,2010s,Midfield - Right Midfield,52937,660,660_shakhtar_donetsk_2010s,Brazil  Portugal,84
Sergiy Kryvtsov,sergiy kryvtsov,Shakhtar Donetsk,shakhtar donetsk,2010s,Defender - Centre-Back,74089,660,660_shakhtar_donetsk_2010s,Ukraine,83.8
Tetê,tete,Shakhtar Donetsk,shakhtar donetsk,2010s,Attack - Right Winger,371256,660,660_shakhtar_donetsk_2010s,Brazil,83.3
Wellington Nem,wellington nem,Shakhtar Donetsk,shakhtar donetsk,2010s,Attack - Right Winger,121988,660,660_shakhtar_donetsk_2010s,Brazil,82.9
Jádson,jadson,Shakhtar Donetsk,shakhtar donetsk,2010s,Midfield - Attacking Midfield,29261,660,660_shakhtar_donetsk_2010s,Brazil  Italy,81.9
Răzvan Raț,razvan rat,Shakhtar Donetsk,shakhtar donetsk,2010s,Defender - Left-Back,14940,660,660_shakhtar_donetsk_2010s,Romania,81.1
Bogdan Butko,bogdan butko,Shakhtar Donetsk,shakhtar donetsk,2010s,Defender - Right-Back,94922,660,660_shakhtar_donetsk_2010s,Ukraine,79.5
Sergiy Bolbat,sergiy bolbat,Shakhtar Donetsk,shakhtar donetsk,2010s,Attack - Right Winger,264063,660,660_shakhtar_donetsk_2010s,Ukraine,79.3
Oleksandr Kucher,oleksandr kucher,Shakhtar Donetsk,shakhtar donetsk,2010s,Defender - Centre-Back,44357,660,660_shakhtar_donetsk_2010s,Ukraine,79
Gustavo Blanco Leschuk,gustavo blanco leschuk,Shakhtar Donetsk,shakhtar donetsk,2010s,Attack - Centre-Forward,181006,660,660_shakhtar_donetsk_2010s,Argentina  Ukraine,78
Anton Kanibolotskyi,anton kanibolotskyi,Shakhtar Donetsk,shakhtar donetsk,2010s,Goalkeeper,58945,660,660_shakhtar_donetsk_2010s,Ukraine,77.7
Manor Solomon,manor solomon,Shakhtar Donetsk,shakhtar donetsk,2010s,Attack - Left Winger,396638,660,660_shakhtar_donetsk_2010s,Israel  Portugal,77.7
Dmytro Chygrynskyi,dmytro chygrynskyi,Shakhtar Donetsk,shakhtar donetsk,2010s,Defender - Centre-Back,25732,660,660_shakhtar_donetsk_2010s,Ukraine,77
Maycon,maycon,Shakhtar Donetsk,shakhtar donetsk,2010s,Midfield - Central Midfield,421935,660,660_shakhtar_donetsk_2010s,Brazil,77
Yevgen Konoplyanka,yevgen konoplyanka,Shakhtar Donetsk,shakhtar donetsk,2010s,Attack - Left Winger,58949,660,660_shakhtar_donetsk_2010s,Ukraine,76
Mykola Matvienko,mykola matvienko,Shakhtar Donetsk,shakhtar donetsk,2010s,Defender - Centre-Back,289059,660,660_shakhtar_donetsk_2010s,Ukraine,76
Ivan Ordets,ivan ordets,Shakhtar Donetsk,shakhtar donetsk,2010s,Defender - Centre-Back,118850,660,660_shakhtar_donetsk_2010s,Ukraine,75.9
Marcelo Moreno Martins,marcelo moreno martins,Shakhtar Donetsk,shakhtar donetsk,2010s,Attack - Centre-Forward,54162,660,660_shakhtar_donetsk_2010s,Bolivia  Brazil,75.1
Vasyl Kobin,vasyl kobin,Shakhtar Donetsk,shakhtar donetsk,2010s,Defender - Right-Back,58046,660,660_shakhtar_donetsk_2010s,Ukraine,74.6
Andriy Boryachuk,andriy boryachuk,Shakhtar Donetsk,shakhtar donetsk,2010s,Attack - Centre-Forward,203854,660,660_shakhtar_donetsk_2010s,Ukraine,73.5
Fernando,fernando,Shakhtar Donetsk,shakhtar donetsk,2010s,Attack - Centre-Forward,550495,660,660_shakhtar_donetsk_2010s,Brazil,73.5
Olarenwaju Kayode,olarenwaju kayode,Shakhtar Donetsk,shakhtar donetsk,2010s,Attack - Centre-Forward,131694,660,660_shakhtar_donetsk_2010s,Nigeria,73.1
Marko Devic,marko devic,Shakhtar Donetsk,shakhtar donetsk,2010s,Attack - Centre-Forward,59411,660,660_shakhtar_donetsk_2010s,Ukraine  Serbia,72.9
Marcos Antônio,marcos antonio,Shakhtar Donetsk,shakhtar donetsk,2010s,Midfield - Central Midfield,468301,660,660_shakhtar_donetsk_2010s,Brazil,71.5
Tomas Hübschman,tomas hubschman,Shakhtar Donetsk,shakhtar donetsk,2010s,Midfield - Defensive Midfield,9688,660,660_shakhtar_donetsk_2010s,Czech Republic,71.1
Oleksiy Gay,oleksiy gay,Shakhtar Donetsk,shakhtar donetsk,2010s,Midfield - Central Midfield,44361,660,660_shakhtar_donetsk_2010s,Ukraine,70.7
Márcio Azevedo,marcio azevedo,Shakhtar Donetsk,shakhtar donetsk,2010s,Defender - Left-Back,55484,660,660_shakhtar_donetsk_2010s,Brazil,70.2
Oleksandr Rybka,oleksandr rybka,Shakhtar Donetsk,shakhtar donetsk,2010s,Goalkeeper,19619,660,660_shakhtar_donetsk_2010s,Ukraine,69.9
Dodô,dodo,Shakhtar Donetsk,shakhtar donetsk,2010s,Defender - Right-Back,401529,660,660_shakhtar_donetsk_2010s,Brazil,69.6
Vitaliy Vitsenets,vitaliy vitsenets,Shakhtar Donetsk,shakhtar donetsk,2010s,Midfield - Central Midfield,94931,660,660_shakhtar_donetsk_2010s,Ukraine  Russia,67.9
Fernando,fernando,Shakhtar Donetsk,shakhtar donetsk,2010s,Midfield - Defensive Midfield,105456,660,660_shakhtar_donetsk_2010s,Brazil,67.9
Oleksiy Shevchenko,oleksiy shevchenko,Shakhtar Donetsk,shakhtar donetsk,2010s,Goalkeeper,136537,660,660_shakhtar_donetsk_2010s,Ukraine,65.5
Bogdan Sarnavskyi,bogdan sarnavskyi,Shakhtar Donetsk,shakhtar donetsk,2010s,Goalkeeper,177276,660,660_shakhtar_donetsk_2010s,Ukraine,65.5
Oleksandr Zubkov,oleksandr zubkov,Shakhtar Donetsk,shakhtar donetsk,2010s,Attack - Right Winger,289075,660,660_shakhtar_donetsk_2010s,Ukraine,65.5
Anatoliy Trubin,anatoliy trubin,Shakhtar Donetsk,shakhtar donetsk,2010s,Goalkeeper,537844,660,660_shakhtar_donetsk_2010s,Ukraine,65.5
Valeriy Bondar,valeriy bondar,Shakhtar Donetsk,shakhtar donetsk,2010s,Defender - Centre-Back,396394,660,660_shakhtar_donetsk_2010s,Ukraine,64.6
Oleg Kudryk,oleg kudryk,Shakhtar Donetsk,shakhtar donetsk,2010s,Goalkeeper,341485,660,660_shakhtar_donetsk_2010s,Ukraine,64.1
Eduard Sobol,eduard sobol,Shakhtar Donetsk,shakhtar donetsk,2010s,Defender - Left-Back,206717,660,660_shakhtar_donetsk_2010s,Ukraine,63.6
Andriy Totovytskyi,andriy totovytskyi,Shakhtar Donetsk,shakhtar donetsk,2010s,Midfield - Attacking Midfield,277777,660,660_shakhtar_donetsk_2010s,Ukraine,63.6
Giorgi Arabidze,giorgi arabidze,Shakhtar Donetsk,shakhtar donetsk,2010s,Midfield - Attacking Midfield,292717,660,660_shakhtar_donetsk_2010s,Georgia,63.6
Oleksandr Pikhalyonok,oleksandr pikhalyonok,Shakhtar Donetsk,shakhtar donetsk,2010s,Midfield - Central Midfield,294780,660,660_shakhtar_donetsk_2010s,Ukraine,62.9
Mykyta Shevchenko,mykyta shevchenko,Shakhtar Donetsk,shakhtar donetsk,2010s,Goalkeeper,80312,660,660_shakhtar_donetsk_2010s,Ukraine,61.1
Kostyantyn Kravchenko,kostyantyn kravchenko,Shakhtar Donetsk,shakhtar donetsk,2010s,Midfield - Attacking Midfield,24026,660,660_shakhtar_donetsk_2010s,Ukraine,60.4
Ivan Petryak,ivan petryak,Shakhtar Donetsk,shakhtar donetsk,2010s,Attack - Left Winger,203074,660,660_shakhtar_donetsk_2010s,Ukraine,60.4
Yuriy Virt,yuriy virt,Shakhtar Donetsk,shakhtar donetsk,2010s,Goalkeeper,24063,660,660_shakhtar_donetsk_2010s,Ukraine,58.6
Oleksandr Chyzhov,oleksandr chyzhov,Shakhtar Donetsk,shakhtar donetsk,2010s,Defender - Centre-Back,43288,660,660_shakhtar_donetsk_2010s,Ukraine,58.6
Mykola Ishchenko,mykola ishchenko,Shakhtar Donetsk,shakhtar donetsk,2010s,Defender - Centre-Back,58035,660,660_shakhtar_donetsk_2010s,Ukraine,58.6
Artem Tetenko,artem tetenko,Shakhtar Donetsk,shakhtar donetsk,2010s,Goalkeeper,89557,660,660_shakhtar_donetsk_2010s,Ukraine,58.6
Vyacheslav Tankovskyi,vyacheslav tankovskyi,Shakhtar Donetsk,shakhtar donetsk,2010s,Midfield - Central Midfield,213980,660,660_shakhtar_donetsk_2010s,Ukraine,58.6
Mykhaylo Mudryk,mykhaylo mudryk,Shakhtar Donetsk,shakhtar donetsk,2010s,Attack - Left Winger,537860,660,660_shakhtar_donetsk_2010s,Ukraine,58.6
Oleg Danchenko,oleg danchenko,Shakhtar Donetsk,shakhtar donetsk,2010s,Defender - Right-Back,257937,660,660_shakhtar_donetsk_2010s,Ukraine,57.4
Julius Aghahowa,julius aghahowa,Shakhtar Donetsk,shakhtar donetsk,2010s,Attack - Centre-Forward,14925,660,660_shakhtar_donetsk_2010s,Nigeria,51.2
Ruslan Fomin,ruslan fomin,Shakhtar Donetsk,shakhtar donetsk,2010s,Attack - Centre-Forward,36238,660,660_shakhtar_donetsk_2010s,Ukraine,51.2
Anton Shynder,anton shynder,Shakhtar Donetsk,shakhtar donetsk,2010s,Attack - Centre-Forward,39253,660,660_shakhtar_donetsk_2010s,Ukraine,51.2
Oleksiy Polyanskyi,oleksiy polyanskyi,Shakhtar Donetsk,shakhtar donetsk,2010s,Defender - Centre-Back,49018,660,660_shakhtar_donetsk_2010s,Ukraine,51.2
Rustam Khudzhamov,rustam khudzhamov,Shakhtar Donetsk,shakhtar donetsk,2010s,Goalkeeper,58043,660,660_shakhtar_donetsk_2010s,Ukraine,51.2
Bruno Renan,bruno renan,Shakhtar Donetsk,shakhtar donetsk,2010s,Midfield - Defensive Midfield,105486,660,660_shakhtar_donetsk_2010s,Brazil,51.2
Igor Kyryukhantsev,igor kyryukhantsev,Shakhtar Donetsk,shakhtar donetsk,2010s,Defender - Right-Back,203855,660,660_shakhtar_donetsk_2010s,Ukraine,51.2
Andriy Korobenko,andriy korobenko,Shakhtar Donetsk,shakhtar donetsk,2010s,Midfield - Defensive Midfield,347804,660,660_shakhtar_donetsk_2010s,Ukraine,51.2
Yevgen Grytsenko,yevgen grytsenko,Shakhtar Donetsk,shakhtar donetsk,2010s,Goalkeeper,354715,660,660_shakhtar_donetsk_2010s,Ukraine,51.2
Valeriy Bondarenko,valeriy bondarenko,Shakhtar Donetsk,shakhtar donetsk,2010s,Defender - Centre-Back,365540,660,660_shakhtar_donetsk_2010s,Ukraine,51.2
Danylo Sikan,danylo sikan,Shakhtar Donetsk,shakhtar donetsk,2010s,Attack - Centre-Forward,417228,660,660_shakhtar_donetsk_2010s,Ukraine,51.2
Vitão,vitao,Shakhtar Donetsk,shakhtar donetsk,2010s,Defender - Centre-Back,428783,660,660_shakhtar_donetsk_2010s,Brazil,51.2
Vladyslav Vakula,vladyslav vakula,Shakhtar Donetsk,shakhtar donetsk,2010s,Attack - Left Winger,526578,660,660_shakhtar_donetsk_2010s,Ukraine,51.2
Artem Bondarenko,artem bondarenko,Shakhtar Donetsk,shakhtar donetsk,2010s,Midfield - Attacking Midfield,537854,660,660_shakhtar_donetsk_2010s,Ukraine,51.2
Georgiy Sudakov,georgiy sudakov,Shakhtar Donetsk,shakhtar donetsk,2020s,Midfield - Attacking Midfield,623325,660,660_shakhtar_donetsk_2020s,Ukraine,93.5
Artem Bondarenko,artem bondarenko,Shakhtar Donetsk,shakhtar donetsk,2020s,Midfield - Attacking Midfield,537854,660,660_shakhtar_donetsk_2020s,Ukraine,93.4
Lassina Traoré,lassina traore,Shakhtar Donetsk,shakhtar donetsk,2020s,Attack - Centre-Forward,551695,660,660_shakhtar_donetsk_2020s,Burkina Faso,90.2
Danylo Sikan,danylo sikan,Shakhtar Donetsk,shakhtar donetsk,2020s,Attack - Centre-Forward,417228,660,660_shakhtar_donetsk_2020s,Ukraine,89.7
Oleksandr Zubkov,oleksandr zubkov,Shakhtar Donetsk,shakhtar donetsk,2020s,Attack - Right Winger,289075,660,660_shakhtar_donetsk_2020s,Ukraine,89.2
Dmytro Kryskiv,dmytro kryskiv,Shakhtar Donetsk,shakhtar donetsk,2020s,Midfield - Central Midfield,537852,660,660_shakhtar_donetsk_2020s,Ukraine,87.7
Mykhaylo Mudryk,mykhaylo mudryk,Shakhtar Donetsk,shakhtar donetsk,2020s,Attack - Left Winger,537860,660,660_shakhtar_donetsk_2020s,Ukraine,85.9
Mykola Matvienko,mykola matvienko,Shakhtar Donetsk,shakhtar donetsk,2020s,Defender - Centre-Back,289059,660,660_shakhtar_donetsk_2020s,Ukraine,85.8
Tetê,tete,Shakhtar Donetsk,shakhtar donetsk,2020s,Attack - Right Winger,371256,660,660_shakhtar_donetsk_2020s,Brazil,85
Alan Patrick,alan patrick,Shakhtar Donetsk,shakhtar donetsk,2020s,Midfield - Attacking Midfield,104505,660,660_shakhtar_donetsk_2020s,Brazil,83.8
Kevin,kevin,Shakhtar Donetsk,shakhtar donetsk,2020s,Attack - Left Winger,900195,660,660_shakhtar_donetsk_2020s,Brazil,83.7
Manor Solomon,manor solomon,Shakhtar Donetsk,shakhtar donetsk,2020s,Attack - Left Winger,396638,660,660_shakhtar_donetsk_2020s,Israel  Portugal,83.2
Yukhym Konoplya,yukhym konoplya,Shakhtar Donetsk,shakhtar donetsk,2020s,Defender - Right-Back,467250,660,660_shakhtar_donetsk_2020s,Ukraine,83
Eguinaldo,eguinaldo,Shakhtar Donetsk,shakhtar donetsk,2020s,Attack - Left Winger,1033963,660,660_shakhtar_donetsk_2020s,Brazil,83
Taras Stepanenko,taras stepanenko,Shakhtar Donetsk,shakhtar donetsk,2020s,Midfield - Defensive Midfield,59970,660,660_shakhtar_donetsk_2020s,Ukraine,82.2
Pedrinho,pedrinho,Shakhtar Donetsk,shakhtar donetsk,2020s,Attack - Right Winger,515208,660,660_shakhtar_donetsk_2020s,Brazil,81.9
Marlon Gomes,marlon gomes,Shakhtar Donetsk,shakhtar donetsk,2020s,Midfield - Central Midfield,668235,660,660_shakhtar_donetsk_2020s,Brazil,81.6
Dodô,dodo,Shakhtar Donetsk,shakhtar donetsk,2020s,Defender - Right-Back,401529,660,660_shakhtar_donetsk_2020s,Brazil,80.9
Marlos,marlos,Shakhtar Donetsk,shakhtar donetsk,2020s,Attack - Right Winger,68778,660,660_shakhtar_donetsk_2020s,Ukraine  Brazil,80.5
Maryan Shved,maryan shved,Shakhtar Donetsk,shakhtar donetsk,2020s,Attack - Right Winger,359247,660,660_shakhtar_donetsk_2020s,Ukraine,80.5
Anatoliy Trubin,anatoliy trubin,Shakhtar Donetsk,shakhtar donetsk,2020s,Goalkeeper,537844,660,660_shakhtar_donetsk_2020s,Ukraine,80
Dmytro Riznyk,dmytro riznyk,Shakhtar Donetsk,shakhtar donetsk,2020s,Goalkeeper,597880,660,660_shakhtar_donetsk_2020s,Ukraine,79.6
Kevin Kelsy,kevin kelsy,Shakhtar Donetsk,shakhtar donetsk,2020s,Attack - Centre-Forward,888023,660,660_shakhtar_donetsk_2020s,Venezuela,78.9
Fernando,fernando,Shakhtar Donetsk,shakhtar donetsk,2020s,Attack - Centre-Forward,550495,660,660_shakhtar_donetsk_2020s,Brazil,78.5
Júnior Moraes,junior moraes,Shakhtar Donetsk,shakhtar donetsk,2020s,Attack - Centre-Forward,52915,660,660_shakhtar_donetsk_2020s,Ukraine  Brazil,77.2
Dentinho,dentinho,Shakhtar Donetsk,shakhtar donetsk,2020s,Attack - Centre-Forward,52787,660,660_shakhtar_donetsk_2020s,Brazil,75.8
Vinícius Tobias,vinicius tobias,Shakhtar Donetsk,shakhtar donetsk,2020s,Defender - Right-Back,743587,660,660_shakhtar_donetsk_2020s,Brazil  Spain,75.1
Marcos Antônio,marcos antonio,Shakhtar Donetsk,shakhtar donetsk,2020s,Midfield - Central Midfield,468301,660,660_shakhtar_donetsk_2020s,Brazil,74.6
Maycon,maycon,Shakhtar Donetsk,shakhtar donetsk,2020s,Midfield - Central Midfield,421935,660,660_shakhtar_donetsk_2020s,Brazil,73.2
Bogdan Viunnyk,bogdan viunnyk,Shakhtar Donetsk,shakhtar donetsk,2020s,Midfield - Attacking Midfield,623331,660,660_shakhtar_donetsk_2020s,Ukraine,72.9
Valeriy Bondar,valeriy bondar,Shakhtar Donetsk,shakhtar donetsk,2020s,Defender - Centre-Back,396394,660,660_shakhtar_donetsk_2020s,Ukraine,72.6
Viktor Korniyenko,viktor korniyenko,Shakhtar Donetsk,shakhtar donetsk,2020s,Defender - Left-Back,467243,660,660_shakhtar_donetsk_2020s,Ukraine,72.6
Yaroslav Rakitskyi,yaroslav rakitskyi,Shakhtar Donetsk,shakhtar donetsk,2020s,Defender - Centre-Back,89222,660,660_shakhtar_donetsk_2020s,Ukraine,72.4
Bogdan Mykhaylichenko,bogdan mykhaylichenko,Shakhtar Donetsk,shakhtar donetsk,2020s,Defender - Left-Back,294730,660,660_shakhtar_donetsk_2020s,Ukraine,72.2
Yegor Nazaryna,yegor nazaryna,Shakhtar Donetsk,shakhtar donetsk,2020s,Midfield - Central Midfield,430190,660,660_shakhtar_donetsk_2020s,Ukraine,72
Sergiy Kryvtsov,sergiy kryvtsov,Shakhtar Donetsk,shakhtar donetsk,2020s,Defender - Centre-Back,74089,660,660_shakhtar_donetsk_2020s,Ukraine,71.1
Oleksiy Kashchuk,oleksiy kashchuk,Shakhtar Donetsk,shakhtar donetsk,2020s,Attack - Right Winger,404849,660,660_shakhtar_donetsk_2020s,Ukraine,71.1
Neven Djurasek,neven djurasek,Shakhtar Donetsk,shakhtar donetsk,2020s,Midfield - Defensive Midfield,341424,660,660_shakhtar_donetsk_2020s,Croatia,70.2
Kauã Elias,kaua elias,Shakhtar Donetsk,shakhtar donetsk,2020s,Attack - Centre-Forward,1119009,660,660_shakhtar_donetsk_2020s,Brazil,70.2
Alisson,alisson,Shakhtar Donetsk,shakhtar donetsk,2020s,Attack - Right Winger,1083070,660,660_shakhtar_donetsk_2020s,Brazil,69.6
Giorgi Gocholeishvili,giorgi gocholeishvili,Shakhtar Donetsk,shakhtar donetsk,2020s,Defender - Right-Back,540056,660,660_shakhtar_donetsk_2020s,Georgia,69.4
Andriy Pyatov,andriy pyatov,Shakhtar Donetsk,shakhtar donetsk,2020s,Goalkeeper,39996,660,660_shakhtar_donetsk_2020s,Ukraine,69.1
Taison,taison,Shakhtar Donetsk,shakhtar donetsk,2020s,Attack - Left Winger,76028,660,660_shakhtar_donetsk_2020s,Brazil,68.6
Anton Glushchenko,anton glushchenko,Shakhtar Donetsk,shakhtar donetsk,2020s,Attack - Left Winger,717392,660,660_shakhtar_donetsk_2020s,Ukraine,68.6
Ismaily,ismaily,Shakhtar Donetsk,shakhtar donetsk,2020s,Defender - Left-Back,124028,660,660_shakhtar_donetsk_2020s,Brazil,67
Oleg Ocheretko,oleg ocheretko,Shakhtar Donetsk,shakhtar donetsk,2020s,Midfield - Attacking Midfield,708241,660,660_shakhtar_donetsk_2020s,Ukraine,66.3
Ivan Petryak,ivan petryak,Shakhtar Donetsk,shakhtar donetsk,2020s,Attack - Left Winger,203074,660,660_shakhtar_donetsk_2020s,Ukraine,65.5
Maryan Faryna,maryan faryna,Shakhtar Donetsk,shakhtar donetsk,2020s,Defender - Centre-Back,935039,660,660_shakhtar_donetsk_2020s,Ukraine,65.5
Lucas Taylor,lucas taylor,Shakhtar Donetsk,shakhtar donetsk,2020s,Defender - Right-Back,387928,660,660_shakhtar_donetsk_2020s,Brazil,64.6
Oleksiy Shevchenko,oleksiy shevchenko,Shakhtar Donetsk,shakhtar donetsk,2020s,Goalkeeper,136537,660,660_shakhtar_donetsk_2020s,Ukraine,64.1
Dmytro Topalov,dmytro topalov,Shakhtar Donetsk,shakhtar donetsk,2020s,Attack - Left Winger,365692,660,660_shakhtar_donetsk_2020s,Ukraine,63.6
Vitão,vitao,Shakhtar Donetsk,shakhtar donetsk,2020s,Defender - Centre-Back,428783,660,660_shakhtar_donetsk_2020s,Brazil,63.6
Eduard Kozik,eduard kozik,Shakhtar Donetsk,shakhtar donetsk,2020s,Defender - Centre-Back,708240,660,660_shakhtar_donetsk_2020s,Ukraine,63.6
Kiril Fesyun,kiril fesyun,Shakhtar Donetsk,shakhtar donetsk,2020s,Goalkeeper,751977,660,660_shakhtar_donetsk_2020s,Ukraine,62.9
Tymur Puzankov,tymur puzankov,Shakhtar Donetsk,shakhtar donetsk,2020s,Goalkeeper,752862,660,660_shakhtar_donetsk_2020s,Ukraine,62.9
Bartol Franjic,bartol franjic,Shakhtar Donetsk,shakhtar donetsk,2020s,Defender - Left-Back,370998,660,660_shakhtar_donetsk_2020s,Croatia,61.9
Sergiy Bolbat,sergiy bolbat,Shakhtar Donetsk,shakhtar donetsk,2020s,Attack - Right Winger,264063,660,660_shakhtar_donetsk_2020s,Ukraine,60.4
Andriy Totovytskyi,andriy totovytskyi,Shakhtar Donetsk,shakhtar donetsk,2020s,Midfield - Attacking Midfield,277777,660,660_shakhtar_donetsk_2020s,Ukraine,60.4
Pedro Henrique,pedro henrique,Shakhtar Donetsk,shakhtar donetsk,2020s,Defender - Left-Back,858712,660,660_shakhtar_donetsk_2020s,Brazil,60.4
Yevgen Konoplyanka,yevgen konoplyanka,Shakhtar Donetsk,shakhtar donetsk,2020s,Attack - Left Winger,58949,660,660_shakhtar_donetsk_2020s,Ukraine,58.6
Khusrav Toirov,khusrav toirov,Shakhtar Donetsk,shakhtar donetsk,2020s,Attack - Left Winger,762387,660,660_shakhtar_donetsk_2020s,Tajikistan,58.6
Marlon,marlon,Shakhtar Donetsk,shakhtar donetsk,2020s,Defender - Centre-Back,273236,660,660_shakhtar_donetsk_2020s,Brazil,57.4
Artur Rudko,artur rudko,Shakhtar Donetsk,shakhtar donetsk,2020s,Goalkeeper,129646,660,660_shakhtar_donetsk_2020s,Ukraine,57.1
Vyacheslav Churko,vyacheslav churko,Shakhtar Donetsk,shakhtar donetsk,2020s,Midfield - Attacking Midfield,131553,660,660_shakhtar_donetsk_2020s,Ukraine  Hungary,51.2
Andriy Boryachuk,andriy boryachuk,Shakhtar Donetsk,shakhtar donetsk,2020s,Attack - Centre-Forward,203854,660,660_shakhtar_donetsk_2020s,Ukraine,51.2
Yevgen Grytsenko,yevgen grytsenko,Shakhtar Donetsk,shakhtar donetsk,2020s,Goalkeeper,354715,660,660_shakhtar_donetsk_2020s,Ukraine,51.2
Andriy Kulakov,andriy kulakov,Shakhtar Donetsk,shakhtar donetsk,2020s,Attack - Centre-Forward,404848,660,660_shakhtar_donetsk_2020s,Ukraine,51.2
Vladyslav Vakula,vladyslav vakula,Shakhtar Donetsk,shakhtar donetsk,2020s,Attack - Left Winger,526578,660,660_shakhtar_donetsk_2020s,Ukraine,51.2
Danylo Goncharuk,danylo goncharuk,Shakhtar Donetsk,shakhtar donetsk,2020s,Attack - Centre-Forward,669310,660,660_shakhtar_donetsk_2020s,Ukraine,51.2
Mark Mampassi,mark mampassi,Shakhtar Donetsk,shakhtar donetsk,2020s,Defender - Centre-Back,712857,660,660_shakhtar_donetsk_2020s,Russia  Congo,51.2
Danylo Udod,danylo udod,Shakhtar Donetsk,shakhtar donetsk,2020s,Defender - Centre-Back,717198,660,660_shakhtar_donetsk_2020s,Ukraine,51.2
Denys Barchenko,denys barchenko,Shakhtar Donetsk,shakhtar donetsk,2020s,Goalkeeper,717410,660,660_shakhtar_donetsk_2020s,Ukraine,51.2
Denys Shostak,denys shostak,Shakhtar Donetsk,shakhtar donetsk,2020s,Midfield - Attacking Midfield,726016,660,660_shakhtar_donetsk_2020s,Ukraine,51.2
Luka Latsabidze,luka latsabidze,Shakhtar Donetsk,shakhtar donetsk,2020s,Defender - Centre-Back,809899,660,660_shakhtar_donetsk_2020s,Georgia,51.2
Novatus Miroshi,novatus miroshi,Shakhtar Donetsk,shakhtar donetsk,2020s,Midfield - Defensive Midfield,833315,660,660_shakhtar_donetsk_2020s,Tanzania,51.2
Mykola Ogarkov,mykola ogarkov,Shakhtar Donetsk,shakhtar donetsk,2020s,Defender - Centre-Back,935053,660,660_shakhtar_donetsk_2020s,Ukraine,51.2
Denil Castillo,denil castillo,Shakhtar Donetsk,shakhtar donetsk,2020s,Midfield - Central Midfield,941418,660,660_shakhtar_donetsk_2020s,Ecuador,51.2
Lucas Ferreira,lucas ferreira,Shakhtar Donetsk,shakhtar donetsk,2020s,Attack - Right Winger,1219849,660,660_shakhtar_donetsk_2020s,Brazil,51.2
Dmytro Chygrynskyi,dmytro chygrynskyi,Shakhtar Donetsk,shakhtar donetsk,2020s,Defender - Centre-Back,25732,660,660_shakhtar_donetsk_2020s,Ukraine,45.6
Yuriy Sak,yuriy sak,Chornomorets Odesa,chornomorets odesa,1990s,Midfield - Defensive Midfield,86933,6992,6992_chornomorets_odesa_1990s,Ukraine,81.8
Yuriy Seleznyov,yuriy seleznyov,Chornomorets Odesa,chornomorets odesa,1990s,Midfield - Central Midfield,92461,6992,6992_chornomorets_odesa_1990s,Ukraine,79.3
Sergiy Dolganskyi,sergiy dolganskyi,Chornomorets Odesa,chornomorets odesa,1990s,Goalkeeper,24004,6992,6992_chornomorets_odesa_1990s,Ukraine,75.3
Oleksandr Shutov,oleksandr shutov,Chornomorets Odesa,chornomorets odesa,1990s,Midfield - Right Midfield,25917,6992,6992_chornomorets_odesa_1990s,Ukraine,73.5
Sergiy Kovalets,sergiy kovalets,Chornomorets Odesa,chornomorets odesa,1990s,Midfield - Attacking Midfield,107039,6992,6992_chornomorets_odesa_1990s,Ukraine,72.9
Vyacheslav Tereshchenko,vyacheslav tereshchenko,Chornomorets Odesa,chornomorets odesa,1990s,Attack - Centre-Forward,27215,6992,6992_chornomorets_odesa_1990s,Ukraine,72.6
Oleksandr Kozakevich,oleksandr kozakevich,Chornomorets Odesa,chornomorets odesa,1990s,Attack,169752,6992,6992_chornomorets_odesa_1990s,Ukraine,71.5
Volodymyr Gapon,volodymyr gapon,Chornomorets Odesa,chornomorets odesa,1990s,Midfield - Defensive Midfield,96897,6992,6992_chornomorets_odesa_1990s,Ukraine,71.1
Ruslan Vasylkiv,ruslan vasylkiv,Chornomorets Odesa,chornomorets odesa,1990s,Defender,123760,6992,6992_chornomorets_odesa_1990s,Ukraine,67.9
Konstantin Kamnev,konstantin kamnev,Chornomorets Odesa,chornomorets odesa,1990s,Midfield - Right Midfield,493850,6992,6992_chornomorets_odesa_1990s,Ukraine  Russia,61.9
Dmytro Karyaka,dmytro karyaka,Chornomorets Odesa,chornomorets odesa,1990s,Midfield,855951,6992,6992_chornomorets_odesa_1990s,Ukraine,61.9
Oleksandr Gumenyuk,oleksandr gumenyuk,Chornomorets Odesa,chornomorets odesa,1990s,Goalkeeper,97319,6992,6992_chornomorets_odesa_1990s,Ukraine,58.6
Oleksandr Golokolosov,oleksandr golokolosov,Chornomorets Odesa,chornomorets odesa,1990s,Attack - Centre-Forward,253201,6992,6992_chornomorets_odesa_1990s,Ukraine,51.2
Oleksandr Sobkovych,oleksandr sobkovych,Chornomorets Odesa,chornomorets odesa,1990s,Midfield - Central Midfield,855964,6992,6992_chornomorets_odesa_1990s,Ukraine,51.2
Kostyantyn Balabanov,kostyantyn balabanov,Chornomorets Odesa,chornomorets odesa,2000s,Attack - Centre-Forward,34766,6992,6992_chornomorets_odesa_2000s,Ukraine,88.5
Pavlo Rebenok,pavlo rebenok,Chornomorets Odesa,chornomorets odesa,2000s,Midfield - Left Midfield,43359,6992,6992_chornomorets_odesa_2000s,Ukraine,77
Dmytro Gryshko,dmytro gryshko,Chornomorets Odesa,chornomorets odesa,2000s,Defender - Centre-Back,48989,6992,6992_chornomorets_odesa_2000s,Ukraine,76.2
Vitaliy Lysytskyi,vitaliy lysytskyi,Chornomorets Odesa,chornomorets odesa,2000s,Defender - Centre-Back,24032,6992,6992_chornomorets_odesa_2000s,Ukraine,71.9
Andriy Smalko,andriy smalko,Chornomorets Odesa,chornomorets odesa,2000s,Midfield - Central Midfield,58137,6992,6992_chornomorets_odesa_2000s,Ukraine,70.7
Denys Vasin,denys vasin,Chornomorets Odesa,chornomorets odesa,2000s,Attack - Right Winger,49030,6992,6992_chornomorets_odesa_2000s,Ukraine,69.1
Mauricio Saucedo,mauricio saucedo,Chornomorets Odesa,chornomorets odesa,2000s,Midfield - Attacking Midfield,73298,6992,6992_chornomorets_odesa_2000s,Bolivia,69.1
Vyacheslav Tereshchenko,vyacheslav tereshchenko,Chornomorets Odesa,chornomorets odesa,2000s,Attack - Centre-Forward,27215,6992,6992_chornomorets_odesa_2000s,Ukraine,67.9
Andriy Kornev,andriy kornev,Chornomorets Odesa,chornomorets odesa,2000s,Midfield - Defensive Midfield,43330,6992,6992_chornomorets_odesa_2000s,Ukraine,67.6
Pavel Kirilchik,pavel kirilchik,Chornomorets Odesa,chornomorets odesa,2000s,Defender - Centre-Back,48995,6992,6992_chornomorets_odesa_2000s,Belarus,66.3
Kakhaber Mzhavanadze,kakhaber mzhavanadze,Chornomorets Odesa,chornomorets odesa,2000s,Defender - Right-Back,49011,6992,6992_chornomorets_odesa_2000s,Georgia  Russia,65.5
Yuriy Danchenko,yuriy danchenko,Chornomorets Odesa,chornomorets odesa,2000s,Defender - Left-Back,91704,6992,6992_chornomorets_odesa_2000s,Ukraine,65.5
Oleksandr Babych,oleksandr babych,Chornomorets Odesa,chornomorets odesa,2000s,Defender - Centre-Back,59406,6992,6992_chornomorets_odesa_2000s,Ukraine,64.6
Yevgen Past,yevgen past,Chornomorets Odesa,chornomorets odesa,2000s,Goalkeeper,49016,6992,6992_chornomorets_odesa_2000s,Ukraine,58.6
Sergiy Politylo,sergiy politylo,Chornomorets Odesa,chornomorets odesa,2000s,Midfield - Central Midfield,58606,6992,6992_chornomorets_odesa_2000s,Ukraine,58.6
Ruslan Valeev,ruslan valeev,Chornomorets Odesa,chornomorets odesa,2000s,Midfield - Attacking Midfield,14872,6992,6992_chornomorets_odesa_2000s,Ukraine,51.2
Vyacheslav Sviderskyi,vyacheslav sviderskyi,Chornomorets Odesa,chornomorets odesa,2000s,Defender - Centre-Back,15681,6992,6992_chornomorets_odesa_2000s,Ukraine,51.2
Ruslan Bidnenko,ruslan bidnenko,Chornomorets Odesa,chornomorets odesa,2000s,Midfield - Defensive Midfield,15878,6992,6992_chornomorets_odesa_2000s,Ukraine,51.2
Denys Stoyan,denys stoyan,Chornomorets Odesa,chornomorets odesa,2000s,Defender - Left-Back,43377,6992,6992_chornomorets_odesa_2000s,Ukraine,51.2
Volodymyr Fedoriv,volodymyr fedoriv,Chornomorets Odesa,chornomorets odesa,2000s,Defender - Right-Back,58002,6992,6992_chornomorets_odesa_2000s,Ukraine,51.2
Roman Bochkur,roman bochkur,Chornomorets Odesa,chornomorets odesa,2000s,Defender - Centre-Back,58518,6992,6992_chornomorets_odesa_2000s,Ukraine,51.2
Ivan Bobko,ivan bobko,Chornomorets Odesa,chornomorets odesa,2000s,Midfield - Attacking Midfield,62515,6992,6992_chornomorets_odesa_2000s,Ukraine,51.2
Roman Lutsenko,roman lutsenko,Chornomorets Odesa,chornomorets odesa,2000s,Midfield - Right Midfield,74197,6992,6992_chornomorets_odesa_2000s,Ukraine,51.2
Oleksandr Gumenyuk,oleksandr gumenyuk,Chornomorets Odesa,chornomorets odesa,2000s,Goalkeeper,97319,6992,6992_chornomorets_odesa_2000s,Ukraine,51.2
Aleksandar Trisovic,aleksandar trisovic,Chornomorets Odesa,chornomorets odesa,2000s,Midfield - Left Midfield,17206,6992,6992_chornomorets_odesa_2000s,Serbia,45.6
Oleksiy Khoblenko,oleksiy khoblenko,Chornomorets Odesa,chornomorets odesa,2010s,Attack - Centre-Forward,176412,6992,6992_chornomorets_odesa_2010s,Ukraine,82.8
Sergiy Politylo,sergiy politylo,Chornomorets Odesa,chornomorets odesa,2010s,Midfield - Central Midfield,58606,6992,6992_chornomorets_odesa_2010s,Ukraine,82.6
Oleksiy Antonov,oleksiy antonov,Chornomorets Odesa,chornomorets odesa,2010s,Attack - Centre-Forward,25845,6992,6992_chornomorets_odesa_2010s,Ukraine,82
Ivan Bobko,ivan bobko,Chornomorets Odesa,chornomorets odesa,2010s,Midfield - Attacking Midfield,62515,6992,6992_chornomorets_odesa_2010s,Ukraine,81.8
Dmytro Korkishko,dmytro korkishko,Chornomorets Odesa,chornomorets odesa,2010s,Attack - Left Winger,91380,6992,6992_chornomorets_odesa_2010s,Ukraine,81.2
Vladyslav Kalitvintsev,vladyslav kalitvintsev,Chornomorets Odesa,chornomorets odesa,2010s,Midfield - Right Midfield,108710,6992,6992_chornomorets_odesa_2010s,Ukraine  Russia,80.7
Kyrylo Kovalets,kyrylo kovalets,Chornomorets Odesa,chornomorets odesa,2010s,Midfield - Attacking Midfield,140676,6992,6992_chornomorets_odesa_2010s,Ukraine,79.1
Oleksiy Gay,oleksiy gay,Chornomorets Odesa,chornomorets odesa,2010s,Midfield - Central Midfield,44361,6992,6992_chornomorets_odesa_2010s,Ukraine,77.7
Mykyta Tatarkov,mykyta tatarkov,Chornomorets Odesa,chornomorets odesa,2010s,Midfield - Attacking Midfield,321417,6992,6992_chornomorets_odesa_2010s,Ukraine,77
Maksym Tretyakov,maksym tretyakov,Chornomorets Odesa,chornomorets odesa,2010s,Attack - Left Winger,248938,6992,6992_chornomorets_odesa_2010s,Ukraine,76.5
Denys Vasin,denys vasin,Chornomorets Odesa,chornomorets odesa,2010s,Attack - Right Winger,49030,6992,6992_chornomorets_odesa_2010s,Ukraine,76.2
Árni Vilhjálmsson,arni vilhjalmsson,Chornomorets Odesa,chornomorets odesa,2010s,Attack - Centre-Forward,160109,6992,6992_chornomorets_odesa_2010s,Iceland,75.8
Yevgen Martynenko,yevgen martynenko,Chornomorets Odesa,chornomorets odesa,2010s,Defender - Centre-Back,292570,6992,6992_chornomorets_odesa_2010s,Ukraine,75.1
Volodymyr Tanchyk,volodymyr tanchyk,Chornomorets Odesa,chornomorets odesa,2010s,Midfield - Right Midfield,95707,6992,6992_chornomorets_odesa_2010s,Ukraine,73.8
Anderson Mineiro,anderson mineiro,Chornomorets Odesa,chornomorets odesa,2010s,Defender - Left-Back,85964,6992,6992_chornomorets_odesa_2010s,Brazil,73.5
Oleg Danchenko,oleg danchenko,Chornomorets Odesa,chornomorets odesa,2010s,Defender - Right-Back,257937,6992,6992_chornomorets_odesa_2010s,Ukraine,73.2
Vladyslav Kabaev,vladyslav kabaev,Chornomorets Odesa,chornomorets odesa,2010s,Attack - Left Winger,210689,6992,6992_chornomorets_odesa_2010s,Ukraine,72.6
Mykola Musolitin,mykola musolitin,Chornomorets Odesa,chornomorets odesa,2010s,Attack - Right Winger,383229,6992,6992_chornomorets_odesa_2010s,Ukraine,72.6
Ruslan Babenko,ruslan babenko,Chornomorets Odesa,chornomorets odesa,2010s,Midfield - Central Midfield,94928,6992,6992_chornomorets_odesa_2010s,Ukraine,72.2
Denys Norenkov,denys norenkov,Chornomorets Odesa,chornomorets odesa,2010s,Defender - Left-Back,492354,6992,6992_chornomorets_odesa_2010s,Ukraine,72.2
Yevgen Borovyk,yevgen borovyk,Chornomorets Odesa,chornomorets odesa,2010s,Goalkeeper,59024,6992,6992_chornomorets_odesa_2010s,Ukraine,71.3
Oleksandr Gladkyi,oleksandr gladkyi,Chornomorets Odesa,chornomorets odesa,2010s,Attack - Centre-Forward,53270,6992,6992_chornomorets_odesa_2010s,Ukraine,70.7
Volodymyr Arzhanov,volodymyr arzhanov,Chornomorets Odesa,chornomorets odesa,2010s,Attack - Right Winger,59982,6992,6992_chornomorets_odesa_2010s,Ukraine,70.7
Yevgen Past,yevgen past,Chornomorets Odesa,chornomorets odesa,2010s,Goalkeeper,49016,6992,6992_chornomorets_odesa_2010s,Ukraine,69.9
Ruslan Fomin,ruslan fomin,Chornomorets Odesa,chornomorets odesa,2010s,Attack - Centre-Forward,36238,6992,6992_chornomorets_odesa_2010s,Ukraine,69.1
Sergiy Petko,sergiy petko,Chornomorets Odesa,chornomorets odesa,2010s,Midfield - Defensive Midfield,353584,6992,6992_chornomorets_odesa_2010s,Ukraine,69.1
Sergey Samodin,sergey samodin,Chornomorets Odesa,chornomorets odesa,2010s,Attack - Centre-Forward,15593,6992,6992_chornomorets_odesa_2010s,Russia,68.6
Pavlo Kutas,pavlo kutas,Chornomorets Odesa,chornomorets odesa,2010s,Defender - Right-Back,27172,6992,6992_chornomorets_odesa_2010s,Ukraine,67.9
Volodymyr Koval,volodymyr koval,Chornomorets Odesa,chornomorets odesa,2010s,Attack - Centre-Forward,123214,6992,6992_chornomorets_odesa_2010s,Ukraine,67.6
Markus Berger,markus berger,Chornomorets Odesa,chornomorets odesa,2010s,Defender - Centre-Back,4678,6992,6992_chornomorets_odesa_2010s,Austria,66.3
Oleksandr Azatskyi,oleksandr azatskyi,Chornomorets Odesa,chornomorets odesa,2010s,Defender - Centre-Back,211313,6992,6992_chornomorets_odesa_2010s,Ukraine,66
Sergiy Nazarenko,sergiy nazarenko,Chornomorets Odesa,chornomorets odesa,2010s,Midfield - Attacking Midfield,24043,6992,6992_chornomorets_odesa_2010s,Ukraine,65.5
Oleksiy Savchenko,oleksiy savchenko,Chornomorets Odesa,chornomorets odesa,2010s,Midfield - Defensive Midfield,280234,6992,6992_chornomorets_odesa_2010s,Ukraine,65.5
Valeriy Kutsenko,valeriy kutsenko,Chornomorets Odesa,chornomorets odesa,2010s,Midfield - Attacking Midfield,91549,6992,6992_chornomorets_odesa_2010s,Ukraine,64.6
Yuriy Martyshchuk,yuriy martyshchuk,Chornomorets Odesa,chornomorets odesa,2010s,Goalkeeper,58073,6992,6992_chornomorets_odesa_2010s,Ukraine,64.1
Artur Karnoza,artur karnoza,Chornomorets Odesa,chornomorets odesa,2010s,Midfield - Attacking Midfield,58946,6992,6992_chornomorets_odesa_2010s,Ukraine,63.6
Adolphe Teikeu,adolphe teikeu,Chornomorets Odesa,chornomorets odesa,2010s,Defender - Centre-Back,105362,6992,6992_chornomorets_odesa_2010s,Cameroon,63.6
Vladyslav Khamelyuk,vladyslav khamelyuk,Chornomorets Odesa,chornomorets odesa,2010s,Midfield - Central Midfield,567735,6992,6992_chornomorets_odesa_2010s,Ukraine,63.6
Ivan Matyazh,ivan matyazh,Chornomorets Odesa,chornomorets odesa,2010s,Midfield - Central Midfield,59249,6992,6992_chornomorets_odesa_2010s,Ukraine,61.9
Léo Veloso,leo veloso,Chornomorets Odesa,chornomorets odesa,2010s,Defender - Left-Back,64360,6992,6992_chornomorets_odesa_2010s,Brazil,61.9
Vitaliy Goshkoderya,vitaliy goshkoderya,Chornomorets Odesa,chornomorets odesa,2010s,Midfield - Defensive Midfield,122317,6992,6992_chornomorets_odesa_2010s,Ukraine,61.9
Mikhail Sivakov,mikhail sivakov,Chornomorets Odesa,chornomorets odesa,2010s,Defender - Centre-Back,36364,6992,6992_chornomorets_odesa_2010s,Belarus,58.6
Tiago Terroso,tiago terroso,Chornomorets Odesa,chornomorets odesa,2010s,Midfield - Defensive Midfield,65542,6992,6992_chornomorets_odesa_2010s,Portugal,58.6
Boris Tashchy,boris tashchy,Chornomorets Odesa,chornomorets odesa,2010s,Midfield - Attacking Midfield,138292,6992,6992_chornomorets_odesa_2010s,Ukraine  Bulgaria,58.6
Danylo Kanevtsev,danylo kanevtsev,Chornomorets Odesa,chornomorets odesa,2010s,Goalkeeper,248930,6992,6992_chornomorets_odesa_2010s,Ukraine,58.6
Andriy Shtogrin,andriy shtogrin,Chornomorets Odesa,chornomorets odesa,2010s,Attack - Left Winger,581782,6992,6992_chornomorets_odesa_2010s,Ukraine,58.6
Yuriy Romanyuk,yuriy romanyuk,Chornomorets Odesa,chornomorets odesa,2010s,Defender - Right-Back,428380,6992,6992_chornomorets_odesa_2010s,Ukraine,57.4
Sergiy Lyulka,sergiy lyulka,Chornomorets Odesa,chornomorets odesa,2010s,Defender - Right-Back,91991,6992,6992_chornomorets_odesa_2010s,Ukraine,56.8
Oleksandr Kapliyenko,oleksandr kapliyenko,Chornomorets Odesa,chornomorets odesa,2010s,Defender - Left-Back,248931,6992,6992_chornomorets_odesa_2010s,Ukraine,56.8
Maksim Shatskikh,maksim shatskikh,Chornomorets Odesa,chornomorets odesa,2010s,Attack - Centre-Forward,9798,6992,6992_chornomorets_odesa_2010s,Uzbekistan  Ukraine,51.2
Wojciech Szymanek,wojciech szymanek,Chornomorets Odesa,chornomorets odesa,2010s,Defender - Centre-Back,17613,6992,6992_chornomorets_odesa_2010s,Poland,51.2
Anton Shynder,anton shynder,Chornomorets Odesa,chornomorets odesa,2010s,Attack - Centre-Forward,39253,6992,6992_chornomorets_odesa_2010s,Ukraine,51.2
Pavlo Rebenok,pavlo rebenok,Chornomorets Odesa,chornomorets odesa,2010s,Midfield - Left Midfield,43359,6992,6992_chornomorets_odesa_2010s,Ukraine,51.2
Mykola Ishchenko,mykola ishchenko,Chornomorets Odesa,chornomorets odesa,2010s,Defender - Centre-Back,58035,6992,6992_chornomorets_odesa_2010s,Ukraine,51.2
Oleksandr Babych,oleksandr babych,Chornomorets Odesa,chornomorets odesa,2010s,Defender - Centre-Back,59406,6992,6992_chornomorets_odesa_2010s,Ukraine,51.2
Artem Stargorodskyi,artem stargorodskyi,Chornomorets Odesa,chornomorets odesa,2010s,Midfield - Central Midfield,59913,6992,6992_chornomorets_odesa_2010s,Ukraine,51.2
Yevgen Opanasenko,yevgen opanasenko,Chornomorets Odesa,chornomorets odesa,2010s,Defender - Right-Back,86931,6992,6992_chornomorets_odesa_2010s,Ukraine,51.2
Dmytro Nemchaninov,dmytro nemchaninov,Chornomorets Odesa,chornomorets odesa,2010s,Defender - Centre-Back,120262,6992,6992_chornomorets_odesa_2010s,Ukraine,51.2
Anton Kicha,anton kicha,Chornomorets Odesa,chornomorets odesa,2010s,Attack - Left Winger,155843,6992,6992_chornomorets_odesa_2010s,Ukraine,51.2
Pavlo Orikhovskyi,pavlo orikhovskyi,Chornomorets Odesa,chornomorets odesa,2010s,Midfield - Central Midfield,248936,6992,6992_chornomorets_odesa_2010s,Ukraine,51.2
Vladyslav Khomutov,vladyslav khomutov,Chornomorets Odesa,chornomorets odesa,2010s,Midfield - Attacking Midfield,435665,6992,6992_chornomorets_odesa_2010s,Ukraine,51.2
Oleg Sokolov,oleg sokolov,Chornomorets Odesa,chornomorets odesa,2010s,Defender - Right-Back,577844,6992,6992_chornomorets_odesa_2010s,Ukraine,51.2
Vyacheslav Velev,vyacheslav velev,Chornomorets Odesa,chornomorets odesa,2010s,Defender - Right-Back,672802,6992,6992_chornomorets_odesa_2010s,Ukraine  Bulgaria,51.2
Yaroslav Oliynyk,yaroslav oliynyk,Chornomorets Odesa,chornomorets odesa,2010s,Defender - Right-Back,90768,6992,6992_chornomorets_odesa_2010s,Ukraine,45.4
Rizvan Ablitarov,rizvan ablitarov,Chornomorets Odesa,chornomorets odesa,2010s,Defender - Centre-Back,58922,6992,6992_chornomorets_odesa_2010s,Ukraine  Uzbekistan,45.1
Artur Avagimyan,artur avagimyan,Chornomorets Odesa,chornomorets odesa,2020s,Midfield - Attacking Midfield,244904,6992,6992_chornomorets_odesa_2020s,Ukraine  Armenia,83.4
Andriy Shtogrin,andriy shtogrin,Chornomorets Odesa,chornomorets odesa,2020s,Attack - Left Winger,581782,6992,6992_chornomorets_odesa_2020s,Ukraine,82.2
Ziguy Badibanga,ziguy badibanga,Chornomorets Odesa,chornomorets odesa,2020s,Attack - Right Winger,124025,6992,6992_chornomorets_odesa_2020s,Belgium  DR Congo,81.2
Ilya Putrya,ilya putrya,Chornomorets Odesa,chornomorets odesa,2020s,Defender - Right-Back,396400,6992,6992_chornomorets_odesa_2020s,Ukraine,80.7
Orest Kuzyk,orest kuzyk,Chornomorets Odesa,chornomorets odesa,2020s,Attack - Left Winger,353252,6992,6992_chornomorets_odesa_2020s,Ukraine,80.5
Danyil Alefirenko,danyil alefirenko,Chornomorets Odesa,chornomorets odesa,2020s,Attack - Left Winger,755174,6992,6992_chornomorets_odesa_2020s,Ukraine,78.3
Vitaliy Yermakov,vitaliy yermakov,Chornomorets Odesa,chornomorets odesa,2020s,Defender - Centre-Back,169260,6992,6992_chornomorets_odesa_2020s,Ukraine,76.7
Maksym Bragaru,maksym bragaru,Chornomorets Odesa,chornomorets odesa,2020s,Attack - Left Winger,695310,6992,6992_chornomorets_odesa_2020s,Ukraine,75.3
Oleksandr Vasyliev,oleksandr vasyliev,Chornomorets Odesa,chornomorets odesa,2020s,Midfield - Defensive Midfield,173079,6992,6992_chornomorets_odesa_2020s,Ukraine,74.3
Denis Yanakov,denis yanakov,Chornomorets Odesa,chornomorets odesa,2020s,Attack - Left Winger,404851,6992,6992_chornomorets_odesa_2020s,Ukraine,74.3
Bogdan Boychuk,bogdan boychuk,Chornomorets Odesa,chornomorets odesa,2020s,Attack - Right Winger,337198,6992,6992_chornomorets_odesa_2020s,Ukraine,74
Yevgeniy Skyba,yevgeniy skyba,Chornomorets Odesa,chornomorets odesa,2020s,Defender - Centre-Back,1052374,6992,6992_chornomorets_odesa_2020s,Ukraine,74
Oleksandr Demchenko,oleksandr demchenko,Chornomorets Odesa,chornomorets odesa,2020s,Midfield - Defensive Midfield,463845,6992,6992_chornomorets_odesa_2020s,Ukraine,73.5
Oleksiy Khoblenko,oleksiy khoblenko,Chornomorets Odesa,chornomorets odesa,2020s,Attack - Centre-Forward,176412,6992,6992_chornomorets_odesa_2020s,Ukraine,72.9
Guy Hadida,guy hadida,Chornomorets Odesa,chornomorets odesa,2020s,Midfield - Central Midfield,378972,6992,6992_chornomorets_odesa_2020s,Israel  Portugal,72.2
Dmytro Yusov,dmytro yusov,Chornomorets Odesa,chornomorets odesa,2020s,Attack - Centre-Forward,242854,6992,6992_chornomorets_odesa_2020s,Ukraine,71.5
Vladyslav Vanat,vladyslav vanat,Chornomorets Odesa,chornomorets odesa,2020s,Attack - Centre-Forward,631821,6992,6992_chornomorets_odesa_2020s,Ukraine,71.1
Yevgeniy Isaenko,yevgeniy isaenko,Chornomorets Odesa,chornomorets odesa,2020s,Attack - Centre-Forward,539441,6992,6992_chornomorets_odesa_2020s,Ukraine,70.7
Mykola Mykhaylenko,mykola mykhaylenko,Chornomorets Odesa,chornomorets odesa,2020s,Midfield - Defensive Midfield,626475,6992,6992_chornomorets_odesa_2020s,Ukraine,70.7
Kiril Popov,kiril popov,Chornomorets Odesa,chornomorets odesa,2020s,Attack - Centre-Forward,726035,6992,6992_chornomorets_odesa_2020s,Ukraine,70.2
Jon Sporn,jon sporn,Chornomorets Odesa,chornomorets odesa,2020s,Midfield - Central Midfield,356936,6992,6992_chornomorets_odesa_2020s,Slovenia,69.6
Sergiy Kravchenko,sergiy kravchenko,Chornomorets Odesa,chornomorets odesa,2020s,Midfield - Central Midfield,59076,6992,6992_chornomorets_odesa_2020s,Ukraine,69.1
Vladyslav Bugay,vladyslav bugay,Chornomorets Odesa,chornomorets odesa,2020s,Attack - Centre-Forward,396411,6992,6992_chornomorets_odesa_2020s,Ukraine,68.6
Yevgeniy Smyrnyi,yevgeniy smyrnyi,Chornomorets Odesa,chornomorets odesa,2020s,Midfield - Central Midfield,396532,6992,6992_chornomorets_odesa_2020s,Ukraine,68.6
Volodymyr Salyuk,volodymyr salyuk,Chornomorets Odesa,chornomorets odesa,2020s,Defender - Centre-Back,930106,6992,6992_chornomorets_odesa_2020s,Ukraine,68.6
Danylo Varakuta,danylo varakuta,Chornomorets Odesa,chornomorets odesa,2020s,Goalkeeper,678503,6992,6992_chornomorets_odesa_2020s,Ukraine,68.2
Samson Iyede,samson iyede,Chornomorets Odesa,chornomorets odesa,2020s,Attack - Centre-Forward,421636,6992,6992_chornomorets_odesa_2020s,Nigeria,67.9
Bogdan Butko,bogdan butko,Chornomorets Odesa,chornomorets odesa,2020s,Defender - Right-Back,94922,6992,6992_chornomorets_odesa_2020s,Ukraine,67.2
Ivan Petryak,ivan petryak,Chornomorets Odesa,chornomorets odesa,2020s,Attack - Left Winger,203074,6992,6992_chornomorets_odesa_2020s,Ukraine,66.7
Ilya Shevtsov,ilya shevtsov,Chornomorets Odesa,chornomorets odesa,2020s,Attack - Centre-Forward,383198,6992,6992_chornomorets_odesa_2020s,Ukraine,65.5
Sergiy Politylo,sergiy politylo,Chornomorets Odesa,chornomorets odesa,2020s,Midfield - Central Midfield,58606,6992,6992_chornomorets_odesa_2020s,Ukraine,64.6
Vladyslav Naumets,vladyslav naumets,Chornomorets Odesa,chornomorets odesa,2020s,Attack - Right Winger,404845,6992,6992_chornomorets_odesa_2020s,Ukraine,64.6
Denys Kuzyk,denys kuzyk,Chornomorets Odesa,chornomorets odesa,2020s,Midfield - Right Midfield,723621,6992,6992_chornomorets_odesa_2020s,Ukraine,64.6
Dmitriy Nepogodov,dmitriy nepogodov,Chornomorets Odesa,chornomorets odesa,2020s,Goalkeeper,77847,6992,6992_chornomorets_odesa_2020s,Kazakhstan  Ukraine,64.1
Artur Rudko,artur rudko,Chornomorets Odesa,chornomorets odesa,2020s,Goalkeeper,129646,6992,6992_chornomorets_odesa_2020s,Ukraine,62.9
Luka Gucek,luka gucek,Chornomorets Odesa,chornomorets odesa,2020s,Defender - Centre-Back,365779,6992,6992_chornomorets_odesa_2020s,Slovenia,62.5
Chijioke Aniagboso,chijioke aniagboso,Chornomorets Odesa,chornomorets odesa,2020s,Goalkeeper,1111147,6992,6992_chornomorets_odesa_2020s,Nigeria,62.5
Oleksandr Gladkyi,oleksandr gladkyi,Chornomorets Odesa,chornomorets odesa,2020s,Attack - Centre-Forward,53270,6992,6992_chornomorets_odesa_2020s,Ukraine,61.9
Yevgen Selin,yevgen selin,Chornomorets Odesa,chornomorets odesa,2020s,Defender - Centre-Back,59442,6992,6992_chornomorets_odesa_2020s,Ukraine,61.9
Ivan Bobko,ivan bobko,Chornomorets Odesa,chornomorets odesa,2020s,Midfield - Attacking Midfield,62515,6992,6992_chornomorets_odesa_2020s,Ukraine,61.9
Artem Gabelok,artem gabelok,Chornomorets Odesa,chornomorets odesa,2020s,Midfield - Central Midfield,213974,6992,6992_chornomorets_odesa_2020s,Ukraine,61.9
Giorgi Tsitaishvili,giorgi tsitaishvili,Chornomorets Odesa,chornomorets odesa,2020s,Attack - Right Winger,419067,6992,6992_chornomorets_odesa_2020s,Georgia  Ukraine,61.9
Yuriy Tlumak,yuriy tlumak,Chornomorets Odesa,chornomorets odesa,2020s,Midfield - Central Midfield,748838,6992,6992_chornomorets_odesa_2020s,Ukraine,61.9
Moses Jarju,moses jarju,Chornomorets Odesa,chornomorets odesa,2020s,Defender - Centre-Back,936859,6992,6992_chornomorets_odesa_2020s,The Gambia,61.9
Oleksandr Pshenychnyuk,oleksandr pshenychnyuk,Chornomorets Odesa,chornomorets odesa,2020s,Midfield - Attacking Midfield,1290268,6992,6992_chornomorets_odesa_2020s,Ukraine,61.9
Yevgen Past,yevgen past,Chornomorets Odesa,chornomorets odesa,2020s,Goalkeeper,49016,6992,6992_chornomorets_odesa_2020s,Ukraine,61.1
Yaroslav Rakitskyi,yaroslav rakitskyi,Chornomorets Odesa,chornomorets odesa,2020s,Defender - Centre-Back,89222,6992,6992_chornomorets_odesa_2020s,Ukraine,60.4
Roman Vantukh,roman vantukh,Chornomorets Odesa,chornomorets odesa,2020s,Defender - Left-Back,396536,6992,6992_chornomorets_odesa_2020s,Ukraine,60.4
Dadá Belmonte,dada belmonte,Chornomorets Odesa,chornomorets odesa,2020s,Attack - Right Winger,546253,6992,6992_chornomorets_odesa_2020s,Brazil,60.4
Luka Latsabidze,luka latsabidze,Chornomorets Odesa,chornomorets odesa,2020s,Defender - Centre-Back,809899,6992,6992_chornomorets_odesa_2020s,Georgia,60.4
Yan Vichnyi,yan vichnyi,Chornomorets Odesa,chornomorets odesa,2020s,Goalkeeper,395068,6992,6992_chornomorets_odesa_2020s,Ukraine,58.6
Vladimir Arsic,vladimir arsic,Chornomorets Odesa,chornomorets odesa,2020s,Defender - Centre-Back,591619,6992,6992_chornomorets_odesa_2020s,Bosnia-Herzegovina  Serbia,58.6
Ilya Ukhan,ilya ukhan,Chornomorets Odesa,chornomorets odesa,2020s,Defender - Right-Back,882224,6992,6992_chornomorets_odesa_2020s,Ukraine,58.6
Manjrekar James,manjrekar james,Chornomorets Odesa,chornomorets odesa,2020s,Defender - Centre-Back,222686,6992,6992_chornomorets_odesa_2020s,Canada  Dominica,57.5
Oleksiy Shevchenko,oleksiy shevchenko,Chornomorets Odesa,chornomorets odesa,2020s,Goalkeeper,136537,6992,6992_chornomorets_odesa_2020s,Ukraine,57.1
Vladyslav Kucheruk,vladyslav kucheruk,Chornomorets Odesa,chornomorets odesa,2020s,Goalkeeper,404838,6992,6992_chornomorets_odesa_2020s,Ukraine,57.1
Oleg Bilyk,oleg bilyk,Chornomorets Odesa,chornomorets odesa,2020s,Goalkeeper,449084,6992,6992_chornomorets_odesa_2020s,Ukraine,57.1
Bogdan Biloshevskyi,bogdan biloshevskyi,Chornomorets Odesa,chornomorets odesa,2020s,Midfield - Defensive Midfield,461670,6992,6992_chornomorets_odesa_2020s,Ukraine,56.7
Oleksiy Palamarchuk,oleksiy palamarchuk,Chornomorets Odesa,chornomorets odesa,2020s,Goalkeeper,58939,6992,6992_chornomorets_odesa_2020s,Ukraine  Moldova,51.2
Yevgen Zadoya,yevgen zadoya,Chornomorets Odesa,chornomorets odesa,2020s,Midfield - Defensive Midfield,59978,6992,6992_chornomorets_odesa_2020s,Ukraine,51.2
Maksym Bilyi,maksym bilyi,Chornomorets Odesa,chornomorets odesa,2020s,Defender - Centre-Back,107803,6992,6992_chornomorets_odesa_2020s,Ukraine,51.2
Vladyslav Ogirya,vladyslav ogirya,Chornomorets Odesa,chornomorets odesa,2020s,Midfield - Defensive Midfield,111072,6992,6992_chornomorets_odesa_2020s,Ukraine,51.2
Kevin Koubemba,kevin koubemba,Chornomorets Odesa,chornomorets odesa,2020s,Attack - Centre-Forward,200320,6992,6992_chornomorets_odesa_2020s,Congo  France,51.2
Beka Vachiberadze,beka vachiberadze,Chornomorets Odesa,chornomorets odesa,2020s,Midfield - Central Midfield,204045,6992,6992_chornomorets_odesa_2020s,Georgia  Ukraine,51.2
Denys Bezborodko,denys bezborodko,Chornomorets Odesa,chornomorets odesa,2020s,Attack - Centre-Forward,269371,6992,6992_chornomorets_odesa_2020s,Ukraine,51.2
Yevgen Martynenko,yevgen martynenko,Chornomorets Odesa,chornomorets odesa,2020s,Defender - Centre-Back,292570,6992,6992_chornomorets_odesa_2020s,Ukraine,51.2
Zé Gomes,ze gomes,Chornomorets Odesa,chornomorets odesa,2020s,Attack - Centre-Forward,342148,6992,6992_chornomorets_odesa_2020s,Portugal  Guinea-Bissau,51.2
Sergiy Petko,sergiy petko,Chornomorets Odesa,chornomorets odesa,2020s,Midfield - Defensive Midfield,353584,6992,6992_chornomorets_odesa_2020s,Ukraine,51.2
Vladyslav Shapoval,vladyslav shapoval,Chornomorets Odesa,chornomorets odesa,2020s,Defender - Left-Back,375657,6992,6992_chornomorets_odesa_2020s,Ukraine,51.2
Fabricio Alvarenga,fabricio alvarenga,Chornomorets Odesa,chornomorets odesa,2020s,Attack - Right Winger,381430,6992,6992_chornomorets_odesa_2020s,Argentina,51.2
Vadym Mashchenko,vadym mashchenko,Chornomorets Odesa,chornomorets odesa,2020s,Attack - Right Winger,424252,6992,6992_chornomorets_odesa_2020s,Ukraine,51.2
Mohammed Kadiri,mohammed kadiri,Chornomorets Odesa,chornomorets odesa,2020s,Midfield - Defensive Midfield,442942,6992,6992_chornomorets_odesa_2020s,Ghana,51.2
Maksym Grysyo,maksym grysyo,Chornomorets Odesa,chornomorets odesa,2020s,Defender - Right-Back,448783,6992,6992_chornomorets_odesa_2020s,Ukraine,51.2
Igor Kogut,igor kogut,Chornomorets Odesa,chornomorets odesa,2020s,Midfield - Central Midfield,448868,6992,6992_chornomorets_odesa_2020s,Ukraine,51.2
Sergiy Sukhanov,sergiy sukhanov,Chornomorets Odesa,chornomorets odesa,2020s,Attack - Centre-Forward,491264,6992,6992_chornomorets_odesa_2020s,Ukraine,51.2
Vladyslav Vakula,vladyslav vakula,Chornomorets Odesa,chornomorets odesa,2020s,Attack - Left Winger,526578,6992,6992_chornomorets_odesa_2020s,Ukraine,51.2
Jack Ipalibo,jack ipalibo,Chornomorets Odesa,chornomorets odesa,2020s,Midfield - Defensive Midfield,527967,6992,6992_chornomorets_odesa_2020s,Nigeria,51.2
Kristian Bilovar,kristian bilovar,Chornomorets Odesa,chornomorets odesa,2020s,Defender - Centre-Back,539436,6992,6992_chornomorets_odesa_2020s,Ukraine  Hungary,51.2
Yaroslav Nadolskyi,yaroslav nadolskyi,Chornomorets Odesa,chornomorets odesa,2020s,Midfield - Central Midfield,539442,6992,6992_chornomorets_odesa_2020s,Ukraine,51.2
Danyil Sukhoruchko,danyil sukhoruchko,Chornomorets Odesa,chornomorets odesa,2020s,Attack - Centre-Forward,539448,6992,6992_chornomorets_odesa_2020s,Ukraine,51.2
Petro Dolgov,petro dolgov,Chornomorets Odesa,chornomorets odesa,2020s,Defender - Right-Back,574455,6992,6992_chornomorets_odesa_2020s,Ukraine,51.2
Ivan Lytvynenko,ivan lytvynenko,Chornomorets Odesa,chornomorets odesa,2020s,Midfield - Defensive Midfield,606743,6992,6992_chornomorets_odesa_2020s,Ukraine,51.2
Danil Skorko,danil skorko,Chornomorets Odesa,chornomorets odesa,2020s,Defender - Right-Back,631819,6992,6992_chornomorets_odesa_2020s,Ukraine,51.2
Danylo Udod,danylo udod,Chornomorets Odesa,chornomorets odesa,2020s,Defender - Centre-Back,717198,6992,6992_chornomorets_odesa_2020s,Ukraine,51.2
Mykhaylo Khromey,mykhaylo khromey,Chornomorets Odesa,chornomorets odesa,2020s,Midfield - Central Midfield,755327,6992,6992_chornomorets_odesa_2020s,Ukraine,51.2
Khusrav Toirov,khusrav toirov,Chornomorets Odesa,chornomorets odesa,2020s,Attack - Left Winger,762387,6992,6992_chornomorets_odesa_2020s,Tajikistan,51.2
Rodion Plaksa,rodion plaksa,Chornomorets Odesa,chornomorets odesa,2020s,Midfield - Attacking Midfield,830079,6992,6992_chornomorets_odesa_2020s,Ukraine,51.2
Mykyta Sytnykov,mykyta sytnykov,Chornomorets Odesa,chornomorets odesa,2020s,Midfield - Central Midfield,837284,6992,6992_chornomorets_odesa_2020s,Ukraine,51.2
Borys Lototskyi,borys lototskyi,Chornomorets Odesa,chornomorets odesa,2020s,Defender - Centre-Back,882696,6992,6992_chornomorets_odesa_2020s,Ukraine,51.2
Emil Mustafayev,emil mustafayev,Chornomorets Odesa,chornomorets odesa,2020s,Midfield - Attacking Midfield,892054,6992,6992_chornomorets_odesa_2020s,Azerbaijan  Ukraine,51.2
Oleksandr Dykhtyaruk,oleksandr dykhtyaruk,Chornomorets Odesa,chornomorets odesa,2020s,Defender - Centre-Back,928288,6992,6992_chornomorets_odesa_2020s,Ukraine,51.2
Roman Savchenko,roman savchenko,Chornomorets Odesa,chornomorets odesa,2020s,Defender - Centre-Back,935046,6992,6992_chornomorets_odesa_2020s,Ukraine,51.2
Kyrylo Sigeev,kyrylo sigeev,Chornomorets Odesa,chornomorets odesa,2020s,Midfield - Central Midfield,935047,6992,6992_chornomorets_odesa_2020s,Ukraine,51.2
Yevgen Yanovich,yevgen yanovich,Chornomorets Odesa,chornomorets odesa,2020s,Midfield - Defensive Midfield,935050,6992,6992_chornomorets_odesa_2020s,Ukraine,51.2
Yevgen Danylyuk,yevgen danylyuk,Chornomorets Odesa,chornomorets odesa,2020s,Midfield - Right Midfield,964037,6992,6992_chornomorets_odesa_2020s,Ukraine,51.2
Yaroslav Kysil,yaroslav kysil,Chornomorets Odesa,chornomorets odesa,2020s,Defender - Left-Back,1038054,6992,6992_chornomorets_odesa_2020s,Ukraine,51.2
Danylo Golub,danylo golub,Chornomorets Odesa,chornomorets odesa,2020s,Attack - Left Winger,1045568,6992,6992_chornomorets_odesa_2020s,Ukraine,51.2
Vladyslav Kalyn,vladyslav kalyn,Chornomorets Odesa,chornomorets odesa,2020s,Attack - Left Winger,1074052,6992,6992_chornomorets_odesa_2020s,Ukraine,51.2
Ryan,ryan,Chornomorets Odesa,chornomorets odesa,2020s,Defender - Left-Back,1082832,6992,6992_chornomorets_odesa_2020s,Brazil,51.2
Caio Gomes,caio gomes,Chornomorets Odesa,chornomorets odesa,2020s,Defender - Left-Back,1091519,6992,6992_chornomorets_odesa_2020s,Brazil,51.2
Bogdan Panchyshyn,bogdan panchyshyn,Chornomorets Odesa,chornomorets odesa,2020s,Midfield - Central Midfield,1143806,6992,6992_chornomorets_odesa_2020s,Ukraine,51.2
Danylo Pirozhok,danylo pirozhok,Chornomorets Odesa,chornomorets odesa,2020s,Goalkeeper,1209526,6992,6992_chornomorets_odesa_2020s,Ukraine,51.2
Artem Prysyazhnyuk,artem prysyazhnyuk,Chornomorets Odesa,chornomorets odesa,2020s,Midfield - Central Midfield,1240467,6992,6992_chornomorets_odesa_2020s,Ukraine,51.2
João Neto,joao neto,Chornomorets Odesa,chornomorets odesa,2020s,Attack - Right Winger,1302421,6992,6992_chornomorets_odesa_2020s,Brazil,51.2
Valeriy Dubko,valeriy dubko,Chornomorets Odesa,chornomorets odesa,2020s,Defender - Centre-Back,787776,6992,6992_chornomorets_odesa_2020s,Ukraine,45
Ruslan Fomin,ruslan fomin,FC Mariupol,fc mariupol,2010s,Attack - Centre-Forward,36238,6993,6993_fc_mariupol_2010s,Ukraine,84.4
Vyacheslav Churko,vyacheslav churko,FC Mariupol,fc mariupol,2010s,Midfield - Attacking Midfield,131553,6993,6993_fc_mariupol_2010s,Ukraine  Hungary,83.9
Andriy Boryachuk,andriy boryachuk,FC Mariupol,fc mariupol,2010s,Attack - Centre-Forward,203854,6993,6993_fc_mariupol_2010s,Ukraine,83.2
Dmytro Myshnyov,dmytro myshnyov,FC Mariupol,fc mariupol,2010s,Midfield - Central Midfield,212243,6993,6993_fc_mariupol_2010s,Ukraine,82.8
Vladyslav Vakula,vladyslav vakula,FC Mariupol,fc mariupol,2010s,Attack - Left Winger,526578,6993,6993_fc_mariupol_2010s,Ukraine,82.3
Oleksandr Zubkov,oleksandr zubkov,FC Mariupol,fc mariupol,2010s,Attack - Right Winger,289075,6993,6993_fc_mariupol_2010s,Ukraine,80
Andriy Totovytskyi,andriy totovytskyi,FC Mariupol,fc mariupol,2010s,Midfield - Attacking Midfield,277777,6993,6993_fc_mariupol_2010s,Ukraine,78.5
Valeriy Fedorchuk,valeriy fedorchuk,FC Mariupol,fc mariupol,2010s,Midfield - Central Midfield,82599,6993,6993_fc_mariupol_2010s,Ukraine,77
Igor Kyryukhantsev,igor kyryukhantsev,FC Mariupol,fc mariupol,2010s,Defender - Right-Back,203855,6993,6993_fc_mariupol_2010s,Ukraine,75.9
Oleksandr Pikhalyonok,oleksandr pikhalyonok,FC Mariupol,fc mariupol,2010s,Midfield - Central Midfield,294780,6993,6993_fc_mariupol_2010s,Ukraine,75.6
Sergiy Bolbat,sergiy bolbat,FC Mariupol,fc mariupol,2010s,Attack - Right Winger,264063,6993,6993_fc_mariupol_2010s,Ukraine,75.3
Rustam Khudzhamov,rustam khudzhamov,FC Mariupol,fc mariupol,2010s,Goalkeeper,58043,6993,6993_fc_mariupol_2010s,Ukraine,73.4
Yevgen Galchuk,yevgen galchuk,FC Mariupol,fc mariupol,2010s,Goalkeeper,59022,6993,6993_fc_mariupol_2010s,Ukraine,73.4
Dmytro Topalov,dmytro topalov,FC Mariupol,fc mariupol,2010s,Attack - Left Winger,365692,6993,6993_fc_mariupol_2010s,Ukraine,72.9
Sergiy Chobotenko,sergiy chobotenko,FC Mariupol,fc mariupol,2010s,Defender - Centre-Back,245021,6993,6993_fc_mariupol_2010s,Ukraine,72.4
Denys Kozhanov,denys kozhanov,FC Mariupol,fc mariupol,2010s,Attack - Right Winger,58403,6993,6993_fc_mariupol_2010s,Ukraine,71.9
Pavlo Polegenko,pavlo polegenko,FC Mariupol,fc mariupol,2010s,Defender - Right-Back,216579,6993,6993_fc_mariupol_2010s,Ukraine,71.7
Igor Tyshchenko,igor tyshchenko,FC Mariupol,fc mariupol,2010s,Defender - Right-Back,97727,6993,6993_fc_mariupol_2010s,Ukraine  Russia,71.5
Oleksiy Kashchuk,oleksiy kashchuk,FC Mariupol,fc mariupol,2010s,Attack - Right Winger,404849,6993,6993_fc_mariupol_2010s,Ukraine,71.5
Sergiy Yavorskyi,sergiy yavorskyi,FC Mariupol,fc mariupol,2010s,Defender - Centre-Back,91479,6993,6993_fc_mariupol_2010s,Ukraine,71.1
Viktor Korniyenko,viktor korniyenko,FC Mariupol,fc mariupol,2010s,Defender - Left-Back,467243,6993,6993_fc_mariupol_2010s,Ukraine,69.1
Vyacheslav Tankovskyi,vyacheslav tankovskyi,FC Mariupol,fc mariupol,2010s,Midfield - Central Midfield,213980,6993,6993_fc_mariupol_2010s,Ukraine,66
Maksym Bilyi,maksym bilyi,FC Mariupol,fc mariupol,2010s,Defender - Centre-Back,107803,6993,6993_fc_mariupol_2010s,Ukraine,64.6
Danylo Ignatenko,danylo ignatenko,FC Mariupol,fc mariupol,2010s,Midfield - Central Midfield,376082,6993,6993_fc_mariupol_2010s,Ukraine,64.6
Ilya Putrya,ilya putrya,FC Mariupol,fc mariupol,2010s,Defender - Right-Back,396400,6993,6993_fc_mariupol_2010s,Ukraine,64.6
Sergiy Gorbunov,sergiy gorbunov,FC Mariupol,fc mariupol,2010s,Midfield - Left Midfield,288853,6993,6993_fc_mariupol_2010s,Ukraine,62.9
Vitaliy Koltsov,vitaliy koltsov,FC Mariupol,fc mariupol,2010s,Midfield - Defensive Midfield,380691,6993,6993_fc_mariupol_2010s,Ukraine,61.9
Oleksiy Bykov,oleksiy bykov,FC Mariupol,fc mariupol,2010s,Defender - Centre-Back,396395,6993,6993_fc_mariupol_2010s,Ukraine,61.9
Maksym Chekh,maksym chekh,FC Mariupol,fc mariupol,2010s,Midfield - Defensive Midfield,396401,6993,6993_fc_mariupol_2010s,Ukraine,61.9
Danila Sagutkin,danila sagutkin,FC Mariupol,fc mariupol,2010s,Defender - Centre-Back,341486,6993,6993_fc_mariupol_2010s,Russia  Ukraine,60.4
Andriy Kulakov,andriy kulakov,FC Mariupol,fc mariupol,2010s,Attack - Centre-Forward,404848,6993,6993_fc_mariupol_2010s,Ukraine,60.4
Joyskim Dawa,joyskim dawa,FC Mariupol,fc mariupol,2010s,Defender - Centre-Back,569743,6993,6993_fc_mariupol_2010s,Cameroon  France,60.4
Andriy Korobenko,andriy korobenko,FC Mariupol,fc mariupol,2010s,Midfield - Defensive Midfield,347804,6993,6993_fc_mariupol_2010s,Ukraine,58.6
Mykyta Peterman,mykyta peterman,FC Mariupol,fc mariupol,2010s,Defender - Centre-Back,461663,6993,6993_fc_mariupol_2010s,Ukraine,58.6
Yevgeniy Bilokin,yevgeniy bilokin,FC Mariupol,fc mariupol,2010s,Midfield - Central Midfield,573930,6993,6993_fc_mariupol_2010s,Ukraine,58.6
Denys Dedechko,denys dedechko,FC Mariupol,fc mariupol,2010s,Midfield - Defensive Midfield,57869,6993,6993_fc_mariupol_2010s,Ukraine,51.2
Vitaliy Vitsenets,vitaliy vitsenets,FC Mariupol,fc mariupol,2010s,Midfield - Central Midfield,94931,6993,6993_fc_mariupol_2010s,Ukraine  Russia,51.2
Yevgen Neplyakh,yevgen neplyakh,FC Mariupol,fc mariupol,2010s,Defender - Left-Back,230409,6993,6993_fc_mariupol_2010s,Ukraine,51.2
Artur Avagimyan,artur avagimyan,FC Mariupol,fc mariupol,2010s,Midfield - Attacking Midfield,244904,6993,6993_fc_mariupol_2010s,Ukraine  Armenia,51.2
Yevgen Grytsenko,yevgen grytsenko,FC Mariupol,fc mariupol,2010s,Goalkeeper,354715,6993,6993_fc_mariupol_2010s,Ukraine,51.2
Yevgen Prodanov,yevgen prodanov,FC Mariupol,fc mariupol,2010s,Attack - Left Winger,396399,6993,6993_fc_mariupol_2010s,Ukraine,51.2
Vladyslav Bugay,vladyslav bugay,FC Mariupol,fc mariupol,2010s,Attack - Centre-Forward,396411,6993,6993_fc_mariupol_2010s,Ukraine,51.2
Danylo Sikan,danylo sikan,FC Mariupol,fc mariupol,2010s,Attack - Centre-Forward,417228,6993,6993_fc_mariupol_2010s,Ukraine,51.2
Artem Dudik,artem dudik,FC Mariupol,fc mariupol,2010s,Attack - Right Winger,425707,6993,6993_fc_mariupol_2010s,Ukraine,51.2
Stanislav Biblik,stanislav biblik,FC Mariupol,fc mariupol,2010s,Attack - Centre-Forward,537851,6993,6993_fc_mariupol_2010s,Russia  Ukraine,51.2
Artur Murza,artur murza,FC Mariupol,fc mariupol,2010s,Attack - Centre-Forward,581404,6993,6993_fc_mariupol_2010s,Russia  Ukraine,51.2
Ivan Golovkin,ivan golovkin,FC Mariupol,fc mariupol,2010s,Midfield - Attacking Midfield,581405,6993,6993_fc_mariupol_2010s,Ukraine,51.2
Anton Baydal,anton baydal,FC Mariupol,fc mariupol,2010s,Attack - Left Winger,699842,6993,6993_fc_mariupol_2010s,Ukraine,51.2
Andrey Vyskrebentsev,andrey vyskrebentsev,FC Mariupol,fc mariupol,2010s,Midfield - Central Midfield,728380,6993,6993_fc_mariupol_2010s,Russia  Ukraine,51.2
Pavlo Kravtsov,pavlo kravtsov,FC Mariupol,fc mariupol,2010s,Goalkeeper,795201,6993,6993_fc_mariupol_2010s,Ukraine,51.2
Nazariy Muravskyi,nazariy muravskyi,FC Mariupol,fc mariupol,2010s,Defender - Centre-Back,533318,6993,6993_fc_mariupol_2010s,Ukraine,45.1
Andriy Kulakov,andriy kulakov,FC Mariupol,fc mariupol,2020s,Attack - Centre-Forward,404848,6993,6993_fc_mariupol_2020s,Ukraine,82.3
Dmytro Topalov,dmytro topalov,FC Mariupol,fc mariupol,2020s,Attack - Left Winger,365692,6993,6993_fc_mariupol_2020s,Ukraine,79.5
Dmytro Myshnyov,dmytro myshnyov,FC Mariupol,fc mariupol,2020s,Midfield - Central Midfield,212243,6993,6993_fc_mariupol_2020s,Ukraine,78
Artem Bondarenko,artem bondarenko,FC Mariupol,fc mariupol,2020s,Midfield - Attacking Midfield,537854,6993,6993_fc_mariupol_2020s,Ukraine,77
Oleksiy Kashchuk,oleksiy kashchuk,FC Mariupol,fc mariupol,2020s,Attack - Right Winger,404849,6993,6993_fc_mariupol_2020s,Ukraine,75.6
Petro Stasyuk,petro stasyuk,FC Mariupol,fc mariupol,2020s,Defender - Left-Back,343622,6993,6993_fc_mariupol_2020s,Ukraine,75.1
Danylo Sikan,danylo sikan,FC Mariupol,fc mariupol,2020s,Attack - Centre-Forward,417228,6993,6993_fc_mariupol_2020s,Ukraine,74
Sergiy Gorbunov,sergiy gorbunov,FC Mariupol,fc mariupol,2020s,Midfield - Left Midfield,288853,6993,6993_fc_mariupol_2020s,Ukraine,71.5
Oleg Ocheretko,oleg ocheretko,FC Mariupol,fc mariupol,2020s,Midfield - Attacking Midfield,708241,6993,6993_fc_mariupol_2020s,Ukraine,71.3
Oleksandr Drambayev,oleksandr drambayev,FC Mariupol,fc mariupol,2020s,Defender - Left-Back,623319,6993,6993_fc_mariupol_2020s,Ukraine,66.3
Bogdan Viunnyk,bogdan viunnyk,FC Mariupol,fc mariupol,2020s,Midfield - Attacking Midfield,623331,6993,6993_fc_mariupol_2020s,Ukraine,65.5
Artur Mykytyshyn,artur mykytyshyn,FC Mariupol,fc mariupol,2020s,Attack - Left Winger,726036,6993,6993_fc_mariupol_2020s,Ukraine,65.5
Kyrylo Melichenko,kyrylo melichenko,FC Mariupol,fc mariupol,2020s,Defender - Right-Back,467244,6993,6993_fc_mariupol_2020s,Ukraine,64.6
Yevgen Galchuk,yevgen galchuk,FC Mariupol,fc mariupol,2020s,Goalkeeper,59022,6993,6993_fc_mariupol_2020s,Ukraine,64.1
Mark Mampassi,mark mampassi,FC Mariupol,fc mariupol,2020s,Defender - Centre-Back,712857,6993,6993_fc_mariupol_2020s,Russia  Congo,63.6
Rodion Plaksa,rodion plaksa,FC Mariupol,fc mariupol,2020s,Midfield - Attacking Midfield,830079,6993,6993_fc_mariupol_2020s,Ukraine,63.6
Vladyslav Klymenko,vladyslav klymenko,FC Mariupol,fc mariupol,2020s,Midfield - Central Midfield,321146,6993,6993_fc_mariupol_2020s,Ukraine,61.9
Oleg Kudryk,oleg kudryk,FC Mariupol,fc mariupol,2020s,Goalkeeper,341485,6993,6993_fc_mariupol_2020s,Ukraine,61.1
Mykyta Peterman,mykyta peterman,FC Mariupol,fc mariupol,2020s,Defender - Centre-Back,461663,6993,6993_fc_mariupol_2020s,Ukraine,61.1
Igor Kyryukhantsev,igor kyryukhantsev,FC Mariupol,fc mariupol,2020s,Defender - Right-Back,203855,6993,6993_fc_mariupol_2020s,Ukraine,60.4
Vyacheslav Tankovskyi,vyacheslav tankovskyi,FC Mariupol,fc mariupol,2020s,Midfield - Central Midfield,213980,6993,6993_fc_mariupol_2020s,Ukraine,60.4
Danila Sagutkin,danila sagutkin,FC Mariupol,fc mariupol,2020s,Defender - Centre-Back,341486,6993,6993_fc_mariupol_2020s,Russia  Ukraine,60.4
Artem Kholod,artem kholod,FC Mariupol,fc mariupol,2020s,Attack - Right Winger,470833,6993,6993_fc_mariupol_2020s,Ukraine,60.4
Mykhaylo Khromey,mykhaylo khromey,FC Mariupol,fc mariupol,2020s,Midfield - Central Midfield,755327,6993,6993_fc_mariupol_2020s,Ukraine,60.4
Bogdan Potalov,bogdan potalov,FC Mariupol,fc mariupol,2020s,Defender - Left-Back,830082,6993,6993_fc_mariupol_2020s,Ukraine,58.6
Ivan Koshkosh,ivan koshkosh,FC Mariupol,fc mariupol,2020s,Midfield - Defensive Midfield,882225,6993,6993_fc_mariupol_2020s,Ukraine,58.6
Ilya Tsaryuk,ilya tsaryuk,FC Mariupol,fc mariupol,2020s,Defender - Left-Back,882226,6993,6993_fc_mariupol_2020s,Ukraine,58.6
Mykyta Kozytskyi,mykyta kozytskyi,FC Mariupol,fc mariupol,2020s,Attack - Right Winger,882227,6993,6993_fc_mariupol_2020s,Ukraine,58.6
Sergiy Chobotenko,sergiy chobotenko,FC Mariupol,fc mariupol,2020s,Defender - Centre-Back,245021,6993,6993_fc_mariupol_2020s,Ukraine,57.1
Maksym Chekh,maksym chekh,FC Mariupol,fc mariupol,2020s,Midfield - Defensive Midfield,396401,6993,6993_fc_mariupol_2020s,Ukraine,57.1
Mykyta Turbayevskyi,mykyta turbayevskyi,FC Mariupol,fc mariupol,2020s,Goalkeeper,709478,6993,6993_fc_mariupol_2020s,Ukraine,57.1
Igor Tyshchenko,igor tyshchenko,FC Mariupol,fc mariupol,2020s,Defender - Right-Back,97727,6993,6993_fc_mariupol_2020s,Ukraine  Russia,51.2
Ilya Putrya,ilya putrya,FC Mariupol,fc mariupol,2020s,Defender - Right-Back,396400,6993,6993_fc_mariupol_2020s,Ukraine,51.2
Nazariy Muravskyi,nazariy muravskyi,FC Mariupol,fc mariupol,2020s,Defender - Centre-Back,533318,6993,6993_fc_mariupol_2020s,Ukraine,51.2
Pavlo Shushko,pavlo shushko,FC Mariupol,fc mariupol,2020s,Defender - Centre-Back,537845,6993,6993_fc_mariupol_2020s,Ukraine,51.2
Stanislav Biblik,stanislav biblik,FC Mariupol,fc mariupol,2020s,Attack - Centre-Forward,537851,6993,6993_fc_mariupol_2020s,Russia  Ukraine,51.2
Dmytro Kryskiv,dmytro kryskiv,FC Mariupol,fc mariupol,2020s,Midfield - Central Midfield,537852,6993,6993_fc_mariupol_2020s,Ukraine,51.2
Joyskim Dawa,joyskim dawa,FC Mariupol,fc mariupol,2020s,Defender - Centre-Back,569743,6993,6993_fc_mariupol_2020s,Cameroon  France,51.2
Oleksandr Kozhevnikov,oleksandr kozhevnikov,FC Mariupol,fc mariupol,2020s,Attack - Right Winger,574215,6993,6993_fc_mariupol_2020s,Ukraine,51.2
Myroslav Trofymyuk,myroslav trofymyuk,FC Mariupol,fc mariupol,2020s,Attack - Centre-Forward,623330,6993,6993_fc_mariupol_2020s,Ukraine,51.2
Vyacheslav Velev,vyacheslav velev,FC Mariupol,fc mariupol,2020s,Defender - Right-Back,672802,6993,6993_fc_mariupol_2020s,Ukraine  Bulgaria,51.2
Anton Baydal,anton baydal,FC Mariupol,fc mariupol,2020s,Attack - Left Winger,699842,6993,6993_fc_mariupol_2020s,Ukraine,51.2
Danylo Udod,danylo udod,FC Mariupol,fc mariupol,2020s,Defender - Centre-Back,717198,6993,6993_fc_mariupol_2020s,Ukraine,51.2
Denys Shostak,denys shostak,FC Mariupol,fc mariupol,2020s,Midfield - Attacking Midfield,726016,6993,6993_fc_mariupol_2020s,Ukraine,51.2
Andrey Vyskrebentsev,andrey vyskrebentsev,FC Mariupol,fc mariupol,2020s,Midfield - Central Midfield,728380,6993,6993_fc_mariupol_2020s,Russia  Ukraine,51.2
Pavlo Kravtsov,pavlo kravtsov,FC Mariupol,fc mariupol,2020s,Goalkeeper,795201,6993,6993_fc_mariupol_2020s,Ukraine,51.2
Eldar Kuliyev,eldar kuliyev,FC Mariupol,fc mariupol,2020s,Midfield - Attacking Midfield,819493,6993,6993_fc_mariupol_2020s,Ukraine,51.2
Danylo Dmytriev,danylo dmytriev,FC Mariupol,fc mariupol,2020s,Attack - Left Winger,830080,6993,6993_fc_mariupol_2020s,Ukraine,51.2
Ivan Mamrosenko,ivan mamrosenko,FC Mariupol,fc mariupol,2020s,Defender - Centre-Back,830083,6993,6993_fc_mariupol_2020s,Ukraine,51.2
Yaroslav Dobrokhotov,yaroslav dobrokhotov,FC Mariupol,fc mariupol,2020s,Midfield - Central Midfield,838182,6993,6993_fc_mariupol_2020s,Ukraine,51.2
Ilya Ukhan,ilya ukhan,FC Mariupol,fc mariupol,2020s,Defender - Right-Back,882224,6993,6993_fc_mariupol_2020s,Ukraine,51.2
Danylo Ignatenko,danylo ignatenko,FC Mariupol,fc mariupol,2020s,Midfield - Central Midfield,376082,6993,6993_fc_mariupol_2020s,Ukraine,45.6
Oleksiy Bykov,oleksiy bykov,FC Mariupol,fc mariupol,2020s,Defender - Centre-Back,396395,6993,6993_fc_mariupol_2020s,Ukraine,45.4
Ivan Kryvosheenko,ivan kryvosheenko,Illichivets Mariupol,illichivets mariupol,2000s,Midfield - Right Midfield,86502,6993,6993_illichivets_mariupol_2000s,Ukraine,89.4
Oleksiy Gay,oleksiy gay,Illichivets Mariupol,illichivets mariupol,2000s,Midfield - Central Midfield,44361,6993,6993_illichivets_mariupol_2000s,Ukraine,83.5
Sergiy Grybanov,sergiy grybanov,Illichivets Mariupol,illichivets mariupol,2000s,Attack - Centre-Forward,91214,6993,6993_illichivets_mariupol_2000s,Ukraine,83
Oleksandr Rykun,oleksandr rykun,Illichivets Mariupol,illichivets mariupol,2000s,Midfield - Attacking Midfield,24047,6993,6993_illichivets_mariupol_2000s,Ukraine,78.9
Oleg Mazurenko,oleg mazurenko,Illichivets Mariupol,illichivets mariupol,2000s,Midfield - Right Midfield,27182,6993,6993_illichivets_mariupol_2000s,Ukraine,78.9
Oleg Krasnopyorov,oleg krasnopyorov,Illichivets Mariupol,illichivets mariupol,2000s,Midfield - Defensive Midfield,68915,6993,6993_illichivets_mariupol_2000s,Ukraine,77.7
Nikolay Kashevskiy,nikolay kashevskiy,Illichivets Mariupol,illichivets mariupol,2000s,Defender - Centre-Back,25472,6993,6993_illichivets_mariupol_2000s,Belarus,76.2
Igor Tyshchenko,igor tyshchenko,Illichivets Mariupol,illichivets mariupol,2000s,Defender - Right-Back,97727,6993,6993_illichivets_mariupol_2000s,Ukraine  Russia,74.8
Denys Kulakov,denys kulakov,Illichivets Mariupol,illichivets mariupol,2000s,Defender - Right-Back,25734,6993,6993_illichivets_mariupol_2000s,Ukraine,67.4
Pavel Kirilchik,pavel kirilchik,Illichivets Mariupol,illichivets mariupol,2000s,Defender - Centre-Back,48995,6993,6993_illichivets_mariupol_2000s,Belarus,67.4
Vsevolod Romanenko,vsevolod romanenko,Illichivets Mariupol,illichivets mariupol,2000s,Goalkeeper,27204,6993,6993_illichivets_mariupol_2000s,Ukraine,66.7
Oleksandr Sytnyk,oleksandr sytnyk,Illichivets Mariupol,illichivets mariupol,2000s,Midfield - Right Midfield,72899,6993,6993_illichivets_mariupol_2000s,Ukraine,65.5
Giorgi Gabedava,giorgi gabedava,Illichivets Mariupol,illichivets mariupol,2000s,Attack - Centre-Forward,137934,6993,6993_illichivets_mariupol_2000s,Georgia,65.5
Artur Zapadnya,artur zapadnya,Illichivets Mariupol,illichivets mariupol,2000s,Defender - Left-Back,111074,6993,6993_illichivets_mariupol_2000s,Ukraine,63.6
Igor Chuchman,igor chuchman,Illichivets Mariupol,illichivets mariupol,2000s,Defender - Centre-Back,57864,6993,6993_illichivets_mariupol_2000s,Ukraine  Kazakhstan,61.9
Ruslan Yarosh,ruslan yarosh,Illichivets Mariupol,illichivets mariupol,2000s,Midfield - Central Midfield,59922,6993,6993_illichivets_mariupol_2000s,Ukraine,61.9
Pavlo Onysko,pavlo onysko,Illichivets Mariupol,illichivets mariupol,2000s,Attack - Centre-Forward,91474,6993,6993_illichivets_mariupol_2000s,Ukraine,58.6
Igor Skoba,igor skoba,Illichivets Mariupol,illichivets mariupol,2000s,Midfield - Central Midfield,12064,6993,6993_illichivets_mariupol_2000s,Ukraine  Russia,51.2
Rogerio Correa,rogerio correa,Illichivets Mariupol,illichivets mariupol,2000s,Defender - Centre-Back,26990,6993,6993_illichivets_mariupol_2000s,Brazil,51.2
Andriy Tovt,andriy tovt,Illichivets Mariupol,illichivets mariupol,2000s,Goalkeeper,27216,6993,6993_illichivets_mariupol_2000s,Ukraine,51.2
Timofey Kalachev,timofey kalachev,Illichivets Mariupol,illichivets mariupol,2000s,Midfield - Right Midfield,44318,6993,6993_illichivets_mariupol_2000s,Belarus  Russia,51.2
Oleksiy Polyanskyi,oleksiy polyanskyi,Illichivets Mariupol,illichivets mariupol,2000s,Defender - Centre-Back,49018,6993,6993_illichivets_mariupol_2000s,Ukraine,51.2
Pavlo Ksyonz,pavlo ksyonz,Illichivets Mariupol,illichivets mariupol,2000s,Defender - Right-Back,57888,6993,6993_illichivets_mariupol_2000s,Ukraine,51.2
Yevgeniy Shmakov,yevgeniy shmakov,Illichivets Mariupol,illichivets mariupol,2000s,Midfield - Defensive Midfield,58251,6993,6993_illichivets_mariupol_2000s,Ukraine,45.6
Ruslan Fomin,ruslan fomin,Illichivets Mariupol,illichivets mariupol,2010s,Attack - Centre-Forward,36238,6993,6993_illichivets_mariupol_2010s,Ukraine,83.9
Igor Tyshchenko,igor tyshchenko,Illichivets Mariupol,illichivets mariupol,2010s,Defender - Right-Back,97727,6993,6993_illichivets_mariupol_2010s,Ukraine  Russia,83.2
Oleksiy Antonov,oleksiy antonov,Illichivets Mariupol,illichivets mariupol,2010s,Attack - Centre-Forward,25845,6993,6993_illichivets_mariupol_2010s,Ukraine,81.2
Denys Kozhanov,denys kozhanov,Illichivets Mariupol,illichivets mariupol,2010s,Attack - Right Winger,58403,6993,6993_illichivets_mariupol_2010s,Ukraine,80.9
Vyacheslav Churko,vyacheslav churko,Illichivets Mariupol,illichivets mariupol,2010s,Midfield - Attacking Midfield,131553,6993,6993_illichivets_mariupol_2010s,Ukraine  Hungary,80.5
Andriy Totovytskyi,andriy totovytskyi,Illichivets Mariupol,illichivets mariupol,2010s,Midfield - Attacking Midfield,277777,6993,6993_illichivets_mariupol_2010s,Ukraine,79.7
Sergiy Gryn,sergiy gryn,Illichivets Mariupol,illichivets mariupol,2010s,Attack - Left Winger,269374,6993,6993_illichivets_mariupol_2010s,Ukraine,78.9
Kostyantyn Kravchenko,kostyantyn kravchenko,Illichivets Mariupol,illichivets mariupol,2010s,Midfield - Attacking Midfield,24026,6993,6993_illichivets_mariupol_2010s,Ukraine,78
Vladyslav Kulach,vladyslav kulach,Illichivets Mariupol,illichivets mariupol,2010s,Attack - Centre-Forward,167556,6993,6993_illichivets_mariupol_2010s,Ukraine,78
Oleksiy Polyanskyi,oleksiy polyanskyi,Illichivets Mariupol,illichivets mariupol,2010s,Defender - Centre-Back,49018,6993,6993_illichivets_mariupol_2010s,Ukraine,77.3
Ivan Kryvosheenko,ivan kryvosheenko,Illichivets Mariupol,illichivets mariupol,2010s,Midfield - Right Midfield,86502,6993,6993_illichivets_mariupol_2010s,Ukraine,75.6
Sergiy Yavorskyi,sergiy yavorskyi,Illichivets Mariupol,illichivets mariupol,2010s,Defender - Centre-Back,91479,6993,6993_illichivets_mariupol_2010s,Ukraine,75.6
Rustam Khudzhamov,rustam khudzhamov,Illichivets Mariupol,illichivets mariupol,2010s,Goalkeeper,58043,6993,6993_illichivets_mariupol_2010s,Ukraine,74.9
Artem Putivtsev,artem putivtsev,Illichivets Mariupol,illichivets mariupol,2010s,Defender - Centre-Back,59434,6993,6993_illichivets_mariupol_2010s,Ukraine  Poland,74.2
Bogdan Butko,bogdan butko,Illichivets Mariupol,illichivets mariupol,2010s,Defender - Right-Back,94922,6993,6993_illichivets_mariupol_2010s,Ukraine,72.8
Pylyp Budkivskyi,pylyp budkivskyi,Illichivets Mariupol,illichivets mariupol,2010s,Attack - Centre-Forward,99863,6993,6993_illichivets_mariupol_2010s,Ukraine,72.6
Ivan Ordets,ivan ordets,Illichivets Mariupol,illichivets mariupol,2010s,Defender - Centre-Back,118850,6993,6993_illichivets_mariupol_2010s,Ukraine,70.7
Yevgen Galchuk,yevgen galchuk,Illichivets Mariupol,illichivets mariupol,2010s,Goalkeeper,59022,6993,6993_illichivets_mariupol_2010s,Ukraine,69.1
Igor Bazhan,igor bazhan,Illichivets Mariupol,illichivets mariupol,2010s,Goalkeeper,27126,6993,6993_illichivets_mariupol_2010s,Ukraine,68.2
Vitaliy Vitsenets,vitaliy vitsenets,Illichivets Mariupol,illichivets mariupol,2010s,Midfield - Central Midfield,94931,6993,6993_illichivets_mariupol_2010s,Ukraine  Russia,67.9
Oleksandr Chyzhov,oleksandr chyzhov,Illichivets Mariupol,illichivets mariupol,2010s,Defender - Centre-Back,43288,6993,6993_illichivets_mariupol_2010s,Ukraine,67
Mykola Ishchenko,mykola ishchenko,Illichivets Mariupol,illichivets mariupol,2010s,Defender - Centre-Back,58035,6993,6993_illichivets_mariupol_2010s,Ukraine,64.1
Vladlen Yurchenko,vladlen yurchenko,Illichivets Mariupol,illichivets mariupol,2010s,Midfield - Attacking Midfield,157373,6993,6993_illichivets_mariupol_2010s,Ukraine,63.6
Dmytro Myshnyov,dmytro myshnyov,Illichivets Mariupol,illichivets mariupol,2010s,Midfield - Central Midfield,212243,6993,6993_illichivets_mariupol_2010s,Ukraine,63.6
Vsevolod Romanenko,vsevolod romanenko,Illichivets Mariupol,illichivets mariupol,2010s,Goalkeeper,27204,6993,6993_illichivets_mariupol_2010s,Ukraine,61.1
Oleksandr Matveyev,oleksandr matveyev,Illichivets Mariupol,illichivets mariupol,2010s,Defender - Centre-Back,58958,6993,6993_illichivets_mariupol_2010s,Ukraine,60.4
Maksym Kovalyov,maksym kovalyov,Illichivets Mariupol,illichivets mariupol,2010s,Defender - Centre-Back,58402,6993,6993_illichivets_mariupol_2010s,Ukraine,58.6
Igor Kalinin,igor kalinin,Illichivets Mariupol,illichivets mariupol,2010s,Defender - Left-Back,267396,6993,6993_illichivets_mariupol_2010s,Russia  Ukraine,58.6
Igor Chaykovskyi,igor chaykovskyi,Illichivets Mariupol,illichivets mariupol,2010s,Midfield - Defensive Midfield,94923,6993,6993_illichivets_mariupol_2010s,Ukraine,56.8
Ruslan Zubkov,ruslan zubkov,Illichivets Mariupol,illichivets mariupol,2010s,Defender - Centre-Back,155861,6993,6993_illichivets_mariupol_2010s,Ukraine,56.8
Denys Vasin,denys vasin,Illichivets Mariupol,illichivets mariupol,2010s,Attack - Right Winger,49030,6993,6993_illichivets_mariupol_2010s,Ukraine,51.2
Igor Chuchman,igor chuchman,Illichivets Mariupol,illichivets mariupol,2010s,Defender - Centre-Back,57864,6993,6993_illichivets_mariupol_2010s,Ukraine  Kazakhstan,51.2
Sergiy Vovkodav,sergiy vovkodav,Illichivets Mariupol,illichivets mariupol,2010s,Defender - Right-Back,58977,6993,6993_illichivets_mariupol_2010s,Ukraine,51.2
Maksym Zhychykov,maksym zhychykov,Illichivets Mariupol,illichivets mariupol,2010s,Defender - Right-Back,59136,6993,6993_illichivets_mariupol_2010s,Ukraine,51.2
Ivan Matyazh,ivan matyazh,Illichivets Mariupol,illichivets mariupol,2010s,Midfield - Central Midfield,59249,6993,6993_illichivets_mariupol_2010s,Ukraine,51.2
Mykyta Shevchenko,mykyta shevchenko,Illichivets Mariupol,illichivets mariupol,2010s,Goalkeeper,80312,6993,6993_illichivets_mariupol_2010s,Ukraine,51.2
Yegor Kartushov,yegor kartushov,Illichivets Mariupol,illichivets mariupol,2010s,Midfield - Left Midfield,94925,6993,6993_illichivets_mariupol_2010s,Ukraine,51.2
Artur Zapadnya,artur zapadnya,Illichivets Mariupol,illichivets mariupol,2010s,Defender - Left-Back,111074,6993,6993_illichivets_mariupol_2010s,Ukraine,51.2
Artem Sukhotskyi,artem sukhotskyi,Illichivets Mariupol,illichivets mariupol,2010s,Midfield - Left Midfield,123543,6993,6993_illichivets_mariupol_2010s,Ukraine,51.2
Giorgi Gabedava,giorgi gabedava,Illichivets Mariupol,illichivets mariupol,2010s,Attack - Centre-Forward,137934,6993,6993_illichivets_mariupol_2010s,Georgia,51.2
Anton Kicha,anton kicha,Illichivets Mariupol,illichivets mariupol,2010s,Attack - Left Winger,155843,6993,6993_illichivets_mariupol_2010s,Ukraine,51.2
Mykyta Kravchenko,mykyta kravchenko,Illichivets Mariupol,illichivets mariupol,2010s,Defender - Right-Back,370399,6993,6993_illichivets_mariupol_2010s,Ukraine,51.2
Igor Plotko,igor plotko,Metalurg Mariupol,metalurg mariupol,1990s,Midfield - Central Midfield,857997,6993,6993_metalurg_mariupol_1990s,Ukraine,85.5
Oleksandr Rykun,oleksandr rykun,Metalurg Mariupol,metalurg mariupol,1990s,Midfield - Attacking Midfield,24047,6993,6993_metalurg_mariupol_1990s,Ukraine,81.8
Yuriy Sak,yuriy sak,Metalurg Mariupol,metalurg mariupol,1990s,Midfield - Defensive Midfield,86933,6993,6993_metalurg_mariupol_1990s,Ukraine,70.7
Oleksandr Sobkovych,oleksandr sobkovych,Metalurg Mariupol,metalurg mariupol,1990s,Midfield - Central Midfield,855964,6993,6993_metalurg_mariupol_1990s,Ukraine,58.6
Oleksandr Rykun,oleksandr rykun,Metalurg Mariupol,metalurg mariupol,2000s,Midfield - Attacking Midfield,24047,6993,6993_metalurg_mariupol_2000s,Ukraine,88
Sergiy Grybanov,sergiy grybanov,Metalurg Mariupol,metalurg mariupol,2000s,Attack - Centre-Forward,91214,6993,6993_metalurg_mariupol_2000s,Ukraine,73.2
Igor Plotko,igor plotko,Metalurg Mariupol,metalurg mariupol,2000s,Midfield - Central Midfield,857997,6993,6993_metalurg_mariupol_2000s,Ukraine,51.2
Yakiv Kripak,yakiv kripak,Metalurg Zaporizhya,metalurg zaporizhya,1990s,Attack - Centre-Forward,418361,6994,6994_metalurg_zaporizhya_1990s,Ukraine,89.9
Oleksiy Oliynyk,oleksiy oliynyk,Metalurg Zaporizhya,metalurg zaporizhya,1990s,Midfield - Left Midfield,42656,6994,6994_metalurg_zaporizhya_1990s,Ukraine,81.2
Andrey Karyaka,andrey karyaka,Metalurg Zaporizhya,metalurg zaporizhya,1990s,Attack - Left Winger,15907,6994,6994_metalurg_zaporizhya_1990s,Russia  Ukraine,76
Vyacheslav Shevchuk,vyacheslav shevchuk,Metalurg Zaporizhya,metalurg zaporizhya,1990s,Defender - Left-Back,25820,6994,6994_metalurg_zaporizhya_1990s,Ukraine,75.8
Igor Plotko,igor plotko,Metalurg Zaporizhya,metalurg zaporizhya,1990s,Midfield - Central Midfield,857997,6994,6994_metalurg_zaporizhya_1990s,Ukraine,70.2
Maksim Tishchenko,maksim tishchenko,Metalurg Zaporizhya,metalurg zaporizhya,1990s,Midfield - Left Midfield,117889,6994,6994_metalurg_zaporizhya_1990s,Russia  Ukraine,61.9
Oleksiy Gay,oleksiy gay,Metalurg Zaporizhya,metalurg zaporizhya,1990s,Midfield - Central Midfield,44361,6994,6994_metalurg_zaporizhya_1990s,Ukraine,51.2
Stanislav Bogush,stanislav bogush,Metalurg Zaporizhya,metalurg zaporizhya,1990s,Goalkeeper,59933,6994,6994_metalurg_zaporizhya_1990s,Ukraine,51.2
Andriy Ilyashov,andriy ilyashov,Metalurg Zaporizhya,metalurg zaporizhya,1990s,Attack - Centre-Forward,91299,6994,6994_metalurg_zaporizhya_1990s,Ukraine,51.2
Vyacheslav Nivinskyi,vyacheslav nivinskyi,Metalurg Zaporizhya,metalurg zaporizhya,1990s,Defender - Centre-Back,91550,6994,6994_metalurg_zaporizhya_1990s,Ukraine,51.2
Anatoliy Matkevych,anatoliy matkevych,Metalurg Zaporizhya,metalurg zaporizhya,1990s,Defender - Centre-Back,193271,6994,6994_metalurg_zaporizhya_1990s,Ukraine,51.2
Dmytro Karyaka,dmytro karyaka,Metalurg Zaporizhya,metalurg zaporizhya,1990s,Midfield,855951,6994,6994_metalurg_zaporizhya_1990s,Ukraine,51.2
Sergiy Silyuk,sergiy silyuk,Metalurg Zaporizhya,metalurg zaporizhya,2000s,Attack - Centre-Forward,41885,6994,6994_metalurg_zaporizhya_2000s,Ukraine,88.5
Volodymyr Arzhanov,volodymyr arzhanov,Metalurg Zaporizhya,metalurg zaporizhya,2000s,Attack - Right Winger,59982,6994,6994_metalurg_zaporizhya_2000s,Ukraine,87.3
Sergiy Kovalets,sergiy kovalets,Metalurg Zaporizhya,metalurg zaporizhya,2000s,Midfield - Attacking Midfield,107039,6994,6994_metalurg_zaporizhya_2000s,Ukraine,78.9
Vitaliy Postranskyi,vitaliy postranskyi,Metalurg Zaporizhya,metalurg zaporizhya,2000s,Goalkeeper,34670,6994,6994_metalurg_zaporizhya_2000s,Ukraine,77.7
Taras Kabanov,taras kabanov,Metalurg Zaporizhya,metalurg zaporizhya,2000s,Attack - Centre-Forward,35352,6994,6994_metalurg_zaporizhya_2000s,Ukraine,75.6
Nikolay Kashevskiy,nikolay kashevskiy,Metalurg Zaporizhya,metalurg zaporizhya,2000s,Defender - Centre-Back,25472,6994,6994_metalurg_zaporizhya_2000s,Belarus,75.3
Vitaliy Vernydub,vitaliy vernydub,Metalurg Zaporizhya,metalurg zaporizhya,2000s,Defender - Centre-Back,59973,6994,6994_metalurg_zaporizhya_2000s,Ukraine,75.2
Stanislav Bogush,stanislav bogush,Metalurg Zaporizhya,metalurg zaporizhya,2000s,Goalkeeper,59933,6994,6994_metalurg_zaporizhya_2000s,Ukraine,73.4
Adolphe Teikeu,adolphe teikeu,Metalurg Zaporizhya,metalurg zaporizhya,2000s,Defender - Centre-Back,105362,6994,6994_metalurg_zaporizhya_2000s,Cameroon,73.4
Yuriy Tselykh,yuriy tselykh,Metalurg Zaporizhya,metalurg zaporizhya,2000s,Attack - Centre-Forward,58255,6994,6994_metalurg_zaporizhya_2000s,Ukraine,72.9
Yevgen Opanasenko,yevgen opanasenko,Metalurg Zaporizhya,metalurg zaporizhya,2000s,Defender - Right-Back,86931,6994,6994_metalurg_zaporizhya_2000s,Ukraine,72.9
Taras Stepanenko,taras stepanenko,Metalurg Zaporizhya,metalurg zaporizhya,2000s,Midfield - Defensive Midfield,59970,6994,6994_metalurg_zaporizhya_2000s,Ukraine,72.2
Andriy Ilyashov,andriy ilyashov,Metalurg Zaporizhya,metalurg zaporizhya,2000s,Attack - Centre-Forward,91299,6994,6994_metalurg_zaporizhya_2000s,Ukraine,72.2
Mykola Lapko,mykola lapko,Metalurg Zaporizhya,metalurg zaporizhya,2000s,Defender,58058,6994,6994_metalurg_zaporizhya_2000s,Ukraine,71.1
Sergiy Kryvtsov,sergiy kryvtsov,Metalurg Zaporizhya,metalurg zaporizhya,2000s,Defender - Centre-Back,74089,6994,6994_metalurg_zaporizhya_2000s,Ukraine,70.7
Dmytro Chygrynskyi,dmytro chygrynskyi,Metalurg Zaporizhya,metalurg zaporizhya,2000s,Defender - Centre-Back,25732,6994,6994_metalurg_zaporizhya_2000s,Ukraine,68.6
Maksim Aristarkhov,maksim aristarkhov,Metalurg Zaporizhya,metalurg zaporizhya,2000s,Attack - Centre-Forward,25881,6994,6994_metalurg_zaporizhya_2000s,Russia,66.3
Maksym Koval,maksym koval,Metalurg Zaporizhya,metalurg zaporizhya,2000s,Goalkeeper,120211,6994,6994_metalurg_zaporizhya_2000s,Ukraine,65.5
Andriy Nesterov,andriy nesterov,Metalurg Zaporizhya,metalurg zaporizhya,2000s,Defender - Centre-Back,109314,6994,6994_metalurg_zaporizhya_2000s,Ukraine,64.6
Andriy Tlumak,andriy tlumak,Metalurg Zaporizhya,metalurg zaporizhya,2000s,Goalkeeper,59447,6994,6994_metalurg_zaporizhya_2000s,Ukraine,61.1
Dmytro Mykhaylenko,dmytro mykhaylenko,Metalurg Zaporizhya,metalurg zaporizhya,2000s,Midfield - Central Midfield,24039,6994,6994_metalurg_zaporizhya_2000s,Ukraine,60.4
Sergiy Sydorchuk,sergiy sydorchuk,Metalurg Zaporizhya,metalurg zaporizhya,2000s,Midfield - Defensive Midfield,124182,6994,6994_metalurg_zaporizhya_2000s,Ukraine,60.4
Oleg Karamushka,oleg karamushka,Metalurg Zaporizhya,metalurg zaporizhya,2000s,Defender - Centre-Back,27191,6994,6994_metalurg_zaporizhya_2000s,Ukraine,58.6
Yevgen Zadoya,yevgen zadoya,Metalurg Zaporizhya,metalurg zaporizhya,2000s,Midfield - Defensive Midfield,59978,6994,6994_metalurg_zaporizhya_2000s,Ukraine,58.6
Roman Lutsenko,roman lutsenko,Metalurg Zaporizhya,metalurg zaporizhya,2000s,Midfield - Right Midfield,74197,6994,6994_metalurg_zaporizhya_2000s,Ukraine,58.6
Dema Kovalenko,dema kovalenko,Metalurg Zaporizhya,metalurg zaporizhya,2000s,Midfield - Defensive Midfield,1457,6994,6994_metalurg_zaporizhya_2000s,Ukraine  United States,51.2
Oleksandr Melashchenko,oleksandr melashchenko,Metalurg Zaporizhya,metalurg zaporizhya,2000s,Attack - Centre-Forward,9797,6994,6994_metalurg_zaporizhya_2000s,Ukraine,51.2
Igor Mitreski,igor mitreski,Metalurg Zaporizhya,metalurg zaporizhya,2000s,Defender - Centre-Back,15104,6994,6994_metalurg_zaporizhya_2000s,North Macedonia,51.2
Ivan Pogorelov,ivan pogorelov,Metalurg Zaporizhya,metalurg zaporizhya,2000s,Midfield - Defensive Midfield,91786,6994,6994_metalurg_zaporizhya_2000s,Ukraine,51.2
Maksym Kuchynskyi,maksym kuchynskyi,Metalurg Zaporizhya,metalurg zaporizhya,2000s,Goalkeeper,269351,6994,6994_metalurg_zaporizhya_2000s,Ukraine,51.2
Yuriy Khriyenko,yuriy khriyenko,Metalurg Zaporizhya,metalurg zaporizhya,2000s,Goalkeeper,847553,6994,6994_metalurg_zaporizhya_2000s,Ukraine,51.2
Ruslan Platon,ruslan platon,Metalurg Zaporizhya,metalurg zaporizhya,2010s,Attack - Centre-Forward,58103,6994,6994_metalurg_zaporizhya_2010s,Ukraine  Russia,78.9
Ivan Matyazh,ivan matyazh,Metalurg Zaporizhya,metalurg zaporizhya,2010s,Midfield - Central Midfield,59249,6994,6994_metalurg_zaporizhya_2010s,Ukraine,74.6
Oleksandr Kapliyenko,oleksandr kapliyenko,Metalurg Zaporizhya,metalurg zaporizhya,2010s,Defender - Left-Back,248931,6994,6994_metalurg_zaporizhya_2010s,Ukraine,74.6
Andriy Tsurikov,andriy tsurikov,Metalurg Zaporizhya,metalurg zaporizhya,2010s,Defender - Left-Back,155964,6994,6994_metalurg_zaporizhya_2010s,Ukraine,74.3
Mykyta Tatarkov,mykyta tatarkov,Metalurg Zaporizhya,metalurg zaporizhya,2010s,Midfield - Attacking Midfield,321417,6994,6994_metalurg_zaporizhya_2010s,Ukraine,72.6
Yevgen Opanasenko,yevgen opanasenko,Metalurg Zaporizhya,metalurg zaporizhya,2010s,Defender - Right-Back,86931,6994,6994_metalurg_zaporizhya_2010s,Ukraine,71.5
Maksim Startsev,maksim startsev,Metalurg Zaporizhya,metalurg zaporizhya,2010s,Goalkeeper,58976,6994,6994_metalurg_zaporizhya_2010s,Ukraine  Russia,71.3
Andriy Nesterov,andriy nesterov,Metalurg Zaporizhya,metalurg zaporizhya,2010s,Defender - Centre-Back,109314,6994,6994_metalurg_zaporizhya_2010s,Ukraine,71.1
Vitaliy Lysytskyi,vitaliy lysytskyi,Metalurg Zaporizhya,metalurg zaporizhya,2010s,Defender - Centre-Back,24032,6994,6994_metalurg_zaporizhya_2010s,Ukraine,70.7
Adolphe Teikeu,adolphe teikeu,Metalurg Zaporizhya,metalurg zaporizhya,2010s,Defender - Centre-Back,105362,6994,6994_metalurg_zaporizhya_2010s,Cameroon,70.7
Valeriane Gvilia,valeriane gvilia,Metalurg Zaporizhya,metalurg zaporizhya,2010s,Midfield - Central Midfield,335191,6994,6994_metalurg_zaporizhya_2010s,Georgia  Ukraine,69.6
Matheus Lopes,matheus lopes,Metalurg Zaporizhya,metalurg zaporizhya,2010s,Defender - Centre-Back,57748,6994,6994_metalurg_zaporizhya_2010s,Brazil,69.1
Vitaliy Gavrysh,vitaliy gavrysh,Metalurg Zaporizhya,metalurg zaporizhya,2010s,Defender - Centre-Back,59038,6994,6994_metalurg_zaporizhya_2010s,Ukraine,69.1
Volodymyr Arzhanov,volodymyr arzhanov,Metalurg Zaporizhya,metalurg zaporizhya,2010s,Attack - Right Winger,59982,6994,6994_metalurg_zaporizhya_2010s,Ukraine,68.6
Dmytro Yusov,dmytro yusov,Metalurg Zaporizhya,metalurg zaporizhya,2010s,Attack - Centre-Forward,242854,6994,6994_metalurg_zaporizhya_2010s,Ukraine,68.6
Pavlo Pashayev,pavlo pashayev,Metalurg Zaporizhya,metalurg zaporizhya,2010s,Defender - Right-Back,58961,6994,6994_metalurg_zaporizhya_2010s,Azerbaijan  Ukraine,67
Denys Skepskyi,denys skepskyi,Metalurg Zaporizhya,metalurg zaporizhya,2010s,Attack - Second Striker,46574,6994,6994_metalurg_zaporizhya_2010s,Ukraine,66.3
Dmytro Lyopa,dmytro lyopa,Metalurg Zaporizhya,metalurg zaporizhya,2010s,Midfield - Attacking Midfield,54816,6994,6994_metalurg_zaporizhya_2010s,Ukraine,65.5
Danylo Ignatenko,danylo ignatenko,Metalurg Zaporizhya,metalurg zaporizhya,2010s,Midfield - Central Midfield,376082,6994,6994_metalurg_zaporizhya_2010s,Ukraine,64.6
Yevgen Borovyk,yevgen borovyk,Metalurg Zaporizhya,metalurg zaporizhya,2010s,Goalkeeper,59024,6994,6994_metalurg_zaporizhya_2010s,Ukraine,61.1
Vladyslav Kulach,vladyslav kulach,Metalurg Zaporizhya,metalurg zaporizhya,2010s,Attack - Centre-Forward,167556,6994,6994_metalurg_zaporizhya_2010s,Ukraine,60.4
Vladyslav Leonidov,vladyslav leonidov,Metalurg Zaporizhya,metalurg zaporizhya,2010s,Goalkeeper,59425,6994,6994_metalurg_zaporizhya_2010s,Ukraine,58.6
Yevgen Zadoya,yevgen zadoya,Metalurg Zaporizhya,metalurg zaporizhya,2010s,Midfield - Defensive Midfield,59978,6994,6994_metalurg_zaporizhya_2010s,Ukraine,58.6
Sergiy Sydorchuk,sergiy sydorchuk,Metalurg Zaporizhya,metalurg zaporizhya,2010s,Midfield - Defensive Midfield,124182,6994,6994_metalurg_zaporizhya_2010s,Ukraine,58.6
Yegor Klymenchuk,yegor klymenchuk,Metalurg Zaporizhya,metalurg zaporizhya,2010s,Defender - Left-Back,375955,6994,6994_metalurg_zaporizhya_2010s,Ukraine,58.6
Sasa Balic,sasa balic,Metalurg Zaporizhya,metalurg zaporizhya,2010s,Defender - Centre-Back,64104,6994,6994_metalurg_zaporizhya_2010s,Montenegro  Croatia,56.8
Milan Purovic,milan purovic,Metalurg Zaporizhya,metalurg zaporizhya,2010s,Attack - Centre-Forward,34405,6994,6994_metalurg_zaporizhya_2010s,Montenegro  Serbia,51.2
Volodymyr Korobka,volodymyr korobka,Metalurg Zaporizhya,metalurg zaporizhya,2010s,Attack - Right Winger,58950,6994,6994_metalurg_zaporizhya_2010s,Ukraine,51.2
Oleksandr Maksymov,oleksandr maksymov,Metalurg Zaporizhya,metalurg zaporizhya,2010s,Midfield - Central Midfield,58956,6994,6994_metalurg_zaporizhya_2010s,Ukraine,51.2
Aleksey Kurilov,aleksey kurilov,Metalurg Zaporizhya,metalurg zaporizhya,2010s,Defender - Centre-Back,59423,6994,6994_metalurg_zaporizhya_2010s,Russia  Ukraine,51.2
Vitaliy Vernydub,vitaliy vernydub,Metalurg Zaporizhya,metalurg zaporizhya,2010s,Defender - Centre-Back,59973,6994,6994_metalurg_zaporizhya_2010s,Ukraine,51.2
Anton Monakhov,anton monakhov,Metalurg Zaporizhya,metalurg zaporizhya,2010s,Defender - Centre-Back,60323,6994,6994_metalurg_zaporizhya_2010s,Russia  Ukraine,51.2
Maksym Imerekov,maksym imerekov,Metalurg Zaporizhya,metalurg zaporizhya,2010s,Defender - Centre-Back,94924,6994,6994_metalurg_zaporizhya_2010s,Ukraine,51.2
Dmytro Yeremenko,dmytro yeremenko,Metalurg Zaporizhya,metalurg zaporizhya,2010s,Attack - Right Winger,97835,6994,6994_metalurg_zaporizhya_2010s,Ukraine,51.2
Maksym Koval,maksym koval,Metalurg Zaporizhya,metalurg zaporizhya,2010s,Goalkeeper,120211,6994,6994_metalurg_zaporizhya_2010s,Ukraine,51.2
Andrey Gaydash,andrey gaydash,Metalurg Zaporizhya,metalurg zaporizhya,2010s,Attack - Centre-Forward,124160,6994,6994_metalurg_zaporizhya_2010s,Russia  Ukraine,51.2
Oleksiy Shevchenko,oleksiy shevchenko,Metalurg Zaporizhya,metalurg zaporizhya,2010s,Goalkeeper,136537,6994,6994_metalurg_zaporizhya_2010s,Ukraine,51.2
Ivan Spychka,ivan spychka,Metalurg Zaporizhya,metalurg zaporizhya,2010s,Defender - Centre-Back,171174,6994,6994_metalurg_zaporizhya_2010s,Ukraine  Russia,51.2
Eduard Sobol,eduard sobol,Metalurg Zaporizhya,metalurg zaporizhya,2010s,Defender - Left-Back,206717,6994,6994_metalurg_zaporizhya_2010s,Ukraine,51.2
Valeriy Yurchuk,valeriy yurchuk,Metalurg Zaporizhya,metalurg zaporizhya,2010s,Goalkeeper,292396,6994,6994_metalurg_zaporizhya_2010s,Ukraine,51.2
Yegor Demchenko,yegor demchenko,Metalurg Zaporizhya,metalurg zaporizhya,2010s,Midfield - Central Midfield,387198,6994,6994_metalurg_zaporizhya_2010s,Ukraine,51.2
Dmytro Plakhtyr,dmytro plakhtyr,Metalurg Zaporizhya,metalurg zaporizhya,2010s,Midfield - Defensive Midfield,395537,6994,6994_metalurg_zaporizhya_2010s,Ukraine,51.2
Pawel Hajduczek,pawel hajduczek,Metalurg Zaporizhya,metalurg zaporizhya,2010s,Midfield - Defensive Midfield,61196,6994,6994_metalurg_zaporizhya_2010s,Poland,45.6
Maksim Shatskikh,maksim shatskikh,Goverla Uzhgorod (- 2016),goverla uzhgorod 2016,2010s,Attack - Centre-Forward,9798,6996,6996_goverla_uzhgorod__2016_2010s,Uzbekistan  Ukraine,79.3
Sergiy Myakushko,sergiy myakushko,Goverla Uzhgorod (- 2016),goverla uzhgorod 2016,2010s,Attack - Left Winger,193158,6996,6996_goverla_uzhgorod__2016_2010s,Ukraine,78.5
Maksym Feshchuk,maksym feshchuk,Goverla Uzhgorod (- 2016),goverla uzhgorod 2016,2010s,Attack - Centre-Forward,58008,6996,6996_goverla_uzhgorod__2016_2010s,Ukraine,78.3
Damien Le Tallec,damien le tallec,Goverla Uzhgorod (- 2016),goverla uzhgorod 2016,2010s,Midfield - Defensive Midfield,59950,6996,6996_goverla_uzhgorod__2016_2010s,France  Russia,73.5
Răzvan Cociș,razvan cocis,Goverla Uzhgorod (- 2016),goverla uzhgorod 2016,2010s,Midfield - Central Midfield,43938,6996,6996_goverla_uzhgorod__2016_2010s,Romania,71.1
Vyacheslav Sharpar,vyacheslav sharpar,Goverla Uzhgorod (- 2016),goverla uzhgorod 2016,2010s,Midfield - Central Midfield,57901,6996,6996_goverla_uzhgorod__2016_2010s,Ukraine,71.1
Oleksandr Nad,oleksandr nad,Goverla Uzhgorod (- 2016),goverla uzhgorod 2016,2010s,Goalkeeper,71725,6996,6996_goverla_uzhgorod__2016_2010s,Ukraine  Hungary,69.1
Vitaliy Lysytskyi,vitaliy lysytskyi,Goverla Uzhgorod (- 2016),goverla uzhgorod 2016,2010s,Defender - Centre-Back,24032,6996,6996_goverla_uzhgorod__2016_2010s,Ukraine,66.3
Orest Kuzyk,orest kuzyk,Goverla Uzhgorod (- 2016),goverla uzhgorod 2016,2010s,Attack - Left Winger,353252,6996,6996_goverla_uzhgorod__2016_2010s,Ukraine,66.3
Volodymyr Lysenko,volodymyr lysenko,Goverla Uzhgorod (- 2016),goverla uzhgorod 2016,2010s,Attack - Centre-Forward,58413,6996,6996_goverla_uzhgorod__2016_2010s,Ukraine,65.5
Maksym Koval,maksym koval,Goverla Uzhgorod (- 2016),goverla uzhgorod 2016,2010s,Goalkeeper,120211,6996,6996_goverla_uzhgorod__2016_2010s,Ukraine,65.5
Serge Akakpo,serge akakpo,Goverla Uzhgorod (- 2016),goverla uzhgorod 2016,2010s,Defender - Centre-Back,39316,6996,6996_goverla_uzhgorod__2016_2010s,Togo  France,64.6
Sergiy Lyulka,sergiy lyulka,Goverla Uzhgorod (- 2016),goverla uzhgorod 2016,2010s,Defender - Right-Back,91991,6996,6996_goverla_uzhgorod__2016_2010s,Ukraine,62.9
Sotiris Balafas,sotiris balafas,Goverla Uzhgorod (- 2016),goverla uzhgorod 2016,2010s,Defender - Centre-Back,31348,6996,6996_goverla_uzhgorod__2016_2010s,Greece,61.9
Andriy Tsurikov,andriy tsurikov,Goverla Uzhgorod (- 2016),goverla uzhgorod 2016,2010s,Defender - Left-Back,155964,6996,6996_goverla_uzhgorod__2016_2010s,Ukraine,61.9
Oleksiy Khoblenko,oleksiy khoblenko,Goverla Uzhgorod (- 2016),goverla uzhgorod 2016,2010s,Attack - Centre-Forward,176412,6996,6996_goverla_uzhgorod__2016_2010s,Ukraine,60.4
Oleg Gerasymyuk,oleg gerasymyuk,Goverla Uzhgorod (- 2016),goverla uzhgorod 2016,2010s,Midfield - Central Midfield,59826,6996,6996_goverla_uzhgorod__2016_2010s,Ukraine,58.6
Artur Rudko,artur rudko,Goverla Uzhgorod (- 2016),goverla uzhgorod 2016,2010s,Goalkeeper,129646,6996,6996_goverla_uzhgorod__2016_2010s,Ukraine,58.6
Mykola Vechurko,mykola vechurko,Goverla Uzhgorod (- 2016),goverla uzhgorod 2016,2010s,Midfield - Central Midfield,216842,6996,6996_goverla_uzhgorod__2016_2010s,Ukraine,58.6
Ruslan Stepanyuk,ruslan stepanyuk,Goverla Uzhgorod (- 2016),goverla uzhgorod 2016,2010s,Attack - Centre-Forward,222079,6996,6996_goverla_uzhgorod__2016_2010s,Ukraine,58.6
Yuriy Toma,yuriy toma,Goverla Uzhgorod (- 2016),goverla uzhgorod 2016,2010s,Midfield - Central Midfield,372362,6996,6996_goverla_uzhgorod__2016_2010s,Ukraine  Hungary,58.6
Andriy Cherepko,andriy cherepko,Goverla Uzhgorod (- 2016),goverla uzhgorod 2016,2010s,Goalkeeper,430152,6996,6996_goverla_uzhgorod__2016_2010s,Ukraine  Hungary,57.1
Andriy Khomyn,andriy khomyn,Goverla Uzhgorod (- 2016),goverla uzhgorod 2016,2010s,Defender - Right-Back,42641,6996,6996_goverla_uzhgorod__2016_2010s,Ukraine,56.8
Aleksandar Trisovic,aleksandar trisovic,Goverla Uzhgorod (- 2016),goverla uzhgorod 2016,2010s,Midfield - Left Midfield,17206,6996,6996_goverla_uzhgorod__2016_2010s,Serbia,51.2
Volodymyr Yezerskyi,volodymyr yezerskyi,Goverla Uzhgorod (- 2016),goverla uzhgorod 2016,2010s,Defender - Right-Back,24006,6996,6996_goverla_uzhgorod__2016_2010s,Ukraine,51.2
Nemanja Rnic,nemanja rnic,Goverla Uzhgorod (- 2016),goverla uzhgorod 2016,2010s,Defender - Centre-Back,27236,6996,6996_goverla_uzhgorod__2016_2010s,Serbia,51.2
Oleksiy Polyanskyi,oleksiy polyanskyi,Goverla Uzhgorod (- 2016),goverla uzhgorod 2016,2010s,Defender - Centre-Back,49018,6996,6996_goverla_uzhgorod__2016_2010s,Ukraine,51.2
Vladyslav Mykulyak,vladyslav mykulyak,Goverla Uzhgorod (- 2016),goverla uzhgorod 2016,2010s,Midfield - Central Midfield,57894,6996,6996_goverla_uzhgorod__2016_2010s,Ukraine,51.2
Mykhaylo Kopolovets,mykhaylo kopolovets,Goverla Uzhgorod (- 2016),goverla uzhgorod 2016,2010s,Attack - Left Winger,58051,6996,6996_goverla_uzhgorod__2016_2010s,Ukraine  Hungary,51.2
Vitaliy Fedoriv,vitaliy fedoriv,Goverla Uzhgorod (- 2016),goverla uzhgorod 2016,2010s,Defender - Centre-Back,58392,6996,6996_goverla_uzhgorod__2016_2010s,Ukraine,51.2
Vitaliy Gavrysh,vitaliy gavrysh,Goverla Uzhgorod (- 2016),goverla uzhgorod 2016,2010s,Defender - Centre-Back,59038,6996,6996_goverla_uzhgorod__2016_2010s,Ukraine,51.2
Leandro,leandro,Goverla Uzhgorod (- 2016),goverla uzhgorod 2016,2010s,Defender - Left-Back,76071,6996,6996_goverla_uzhgorod__2016_2010s,Brazil  Poland,51.2
Dmytro Yeremenko,dmytro yeremenko,Goverla Uzhgorod (- 2016),goverla uzhgorod 2016,2010s,Attack - Right Winger,97835,6996,6996_goverla_uzhgorod__2016_2010s,Ukraine,51.2
Oleksiy Shevchenko,oleksiy shevchenko,Goverla Uzhgorod (- 2016),goverla uzhgorod 2016,2010s,Goalkeeper,136537,6996,6996_goverla_uzhgorod__2016_2010s,Ukraine,51.2
Robert Gegedosh,robert gegedosh,Goverla Uzhgorod (- 2016),goverla uzhgorod 2016,2010s,Attack - Centre-Forward,211317,6996,6996_goverla_uzhgorod__2016_2010s,Ukraine,51.2
Pavlo Polegenko,pavlo polegenko,Goverla Uzhgorod (- 2016),goverla uzhgorod 2016,2010s,Defender - Right-Back,216579,6996,6996_goverla_uzhgorod__2016_2010s,Ukraine,51.2
Lorenco Simic,lorenco simic,Goverla Uzhgorod (- 2016),goverla uzhgorod 2016,2010s,Defender - Centre-Back,226093,6996,6996_goverla_uzhgorod__2016_2010s,Croatia,51.2
Mykhaylo Ryashko,mykhaylo ryashko,Goverla Uzhgorod (- 2016),goverla uzhgorod 2016,2010s,Defender - Centre-Back,355130,6996,6996_goverla_uzhgorod__2016_2010s,Ukraine  Hungary,51.2
Viktor Gey,viktor gey,Goverla Uzhgorod (- 2016),goverla uzhgorod 2016,2010s,Defender - Right-Back,382527,6996,6996_goverla_uzhgorod__2016_2010s,Ukraine  Hungary,51.2
Pavlo Kutas,pavlo kutas,Goverla Uzhgorod (- 2016),goverla uzhgorod 2016,2010s,Defender - Right-Back,27172,6996,6996_goverla_uzhgorod__2016_2010s,Ukraine,45.4
Oleksiy Savchenko,oleksiy savchenko,Goverla Uzhgorod (- 2016),goverla uzhgorod 2016,2010s,Midfield - Defensive Midfield,280234,6996,6996_goverla_uzhgorod__2016_2010s,Ukraine,45
Damien Le Tallec,damien le tallec,Goverla-Zakarpattya Uzhgorod,goverla zakarpattya uzhgorod,2010s,Midfield - Defensive Midfield,59950,6996,6996_goverla_zakarpattya_uzhgorod_2010s,France  Russia,75.3
David Odonkor,david odonkor,Goverla-Zakarpattya Uzhgorod,goverla zakarpattya uzhgorod,2010s,Attack - Right Winger,1716,6996,6996_goverla_zakarpattya_uzhgorod_2010s,Germany,72.2
Oleg Mishchenko,oleg mishchenko,Goverla-Zakarpattya Uzhgorod,goverla zakarpattya uzhgorod,2010s,Attack - Right Winger,91450,6996,6996_goverla_zakarpattya_uzhgorod_2010s,Ukraine,69.1
Jordi López,jordi lopez,Goverla-Zakarpattya Uzhgorod,goverla zakarpattya uzhgorod,2010s,Midfield - Central Midfield,15463,6996,6996_goverla_zakarpattya_uzhgorod_2010s,Spain,68.6
Sotiris Balafas,sotiris balafas,Goverla-Zakarpattya Uzhgorod,goverla zakarpattya uzhgorod,2010s,Defender - Centre-Back,31348,6996,6996_goverla_zakarpattya_uzhgorod_2010s,Greece,67.9
Yevgen Makarenko,yevgen makarenko,Goverla-Zakarpattya Uzhgorod,goverla zakarpattya uzhgorod,2010s,Midfield - Defensive Midfield,96455,6996,6996_goverla_zakarpattya_uzhgorod_2010s,Ukraine,67.9
Volodymyr Lysenko,volodymyr lysenko,Goverla-Zakarpattya Uzhgorod,goverla zakarpattya uzhgorod,2010s,Attack - Centre-Forward,58413,6996,6996_goverla_zakarpattya_uzhgorod_2010s,Ukraine,65
Vitalie Bordian,vitalie bordian,Goverla-Zakarpattya Uzhgorod,goverla zakarpattya uzhgorod,2010s,Defender - Centre-Back,42621,6996,6996_goverla_zakarpattya_uzhgorod_2010s,Moldova  Russia,64.6
Vyacheslav Churko,vyacheslav churko,Goverla-Zakarpattya Uzhgorod,goverla zakarpattya uzhgorod,2010s,Midfield - Attacking Midfield,131553,6996,6996_goverla_zakarpattya_uzhgorod_2010s,Ukraine  Hungary,64.6
Oleksandr Sytnyk,oleksandr sytnyk,Goverla-Zakarpattya Uzhgorod,goverla zakarpattya uzhgorod,2010s,Midfield - Right Midfield,72899,6996,6996_goverla_zakarpattya_uzhgorod_2010s,Ukraine,60.4
Kyrylo Petrov,kyrylo petrov,Goverla-Zakarpattya Uzhgorod,goverla zakarpattya uzhgorod,2010s,Midfield - Defensive Midfield,58427,6996,6996_goverla_zakarpattya_uzhgorod_2010s,Ukraine,58.6
Svetoslav Todorov,svetoslav todorov,Goverla-Zakarpattya Uzhgorod,goverla zakarpattya uzhgorod,2010s,Attack - Centre-Forward,3978,6996,6996_goverla_zakarpattya_uzhgorod_2010s,Bulgaria  England,51.2
Aleksandar Trisovic,aleksandar trisovic,Goverla-Zakarpattya Uzhgorod,goverla zakarpattya uzhgorod,2010s,Midfield - Left Midfield,17206,6996,6996_goverla_zakarpattya_uzhgorod_2010s,Serbia,51.2
Sergiy Valyaev,sergiy valyaev,Goverla-Zakarpattya Uzhgorod,goverla zakarpattya uzhgorod,2010s,Midfield - Central Midfield,24061,6996,6996_goverla_zakarpattya_uzhgorod_2010s,Ukraine,51.2
Nemanja Rnic,nemanja rnic,Goverla-Zakarpattya Uzhgorod,goverla zakarpattya uzhgorod,2010s,Defender - Centre-Back,27236,6996,6996_goverla_zakarpattya_uzhgorod_2010s,Serbia,51.2
Vladyslav Mykulyak,vladyslav mykulyak,Goverla-Zakarpattya Uzhgorod,goverla zakarpattya uzhgorod,2010s,Midfield - Central Midfield,57894,6996,6996_goverla_zakarpattya_uzhgorod_2010s,Ukraine,51.2
Oleg Dopilka,oleg dopilka,Goverla-Zakarpattya Uzhgorod,goverla zakarpattya uzhgorod,2010s,Defender - Centre-Back,58389,6996,6996_goverla_zakarpattya_uzhgorod_2010s,Ukraine,51.2
Oleksandr Nad,oleksandr nad,Goverla-Zakarpattya Uzhgorod,goverla zakarpattya uzhgorod,2010s,Goalkeeper,71725,6996,6996_goverla_zakarpattya_uzhgorod_2010s,Ukraine  Hungary,51.2
Igor Prodan,igor prodan,Zakarpattya Uzhgorod,zakarpattya uzhgorod,2000s,Attack - Centre-Forward,167028,6996,6996_zakarpattya_uzhgorod_2000s,Ukraine,81.6
Vladyslav Mykulyak,vladyslav mykulyak,Zakarpattya Uzhgorod,zakarpattya uzhgorod,2000s,Midfield - Central Midfield,57894,6996,6996_zakarpattya_uzhgorod_2000s,Ukraine,78.9
Vasyl Kobin,vasyl kobin,Zakarpattya Uzhgorod,zakarpattya uzhgorod,2000s,Defender - Right-Back,58046,6996,6996_zakarpattya_uzhgorod_2000s,Ukraine,78
Yuriy Tselykh,yuriy tselykh,Zakarpattya Uzhgorod,zakarpattya uzhgorod,2000s,Attack - Centre-Forward,58255,6996,6996_zakarpattya_uzhgorod_2000s,Ukraine,74.7
Sergiy Davydov,sergiy davydov,Zakarpattya Uzhgorod,zakarpattya uzhgorod,2000s,Attack - Centre-Forward,42624,6996,6996_zakarpattya_uzhgorod_2000s,Ukraine,73.8
Valentyn Slyusar,valentyn slyusar,Zakarpattya Uzhgorod,zakarpattya uzhgorod,2000s,Midfield - Defensive Midfield,42660,6996,6996_zakarpattya_uzhgorod_2000s,Ukraine,73.5
Pavlo Ksyonz,pavlo ksyonz,Zakarpattya Uzhgorod,zakarpattya uzhgorod,2000s,Defender - Right-Back,57888,6996,6996_zakarpattya_uzhgorod_2000s,Ukraine,73.2
Ruslan Yarosh,ruslan yarosh,Zakarpattya Uzhgorod,zakarpattya uzhgorod,2000s,Midfield - Central Midfield,59922,6996,6996_zakarpattya_uzhgorod_2000s,Ukraine,71.5
Mykhaylo Gurka,mykhaylo gurka,Zakarpattya Uzhgorod,zakarpattya uzhgorod,2000s,Defender,95210,6996,6996_zakarpattya_uzhgorod_2000s,Ukraine,71.1
Taras Lutsenko,taras lutsenko,Zakarpattya Uzhgorod,zakarpattya uzhgorod,2000s,Goalkeeper,35142,6996,6996_zakarpattya_uzhgorod_2000s,Ukraine,69.9
Rubén Gomez,ruben gomez,Zakarpattya Uzhgorod,zakarpattya uzhgorod,2000s,Midfield - Central Midfield,24008,6996,6996_zakarpattya_uzhgorod_2000s,Argentina,67.6
Eddy Dombraye,eddy dombraye,Zakarpattya Uzhgorod,zakarpattya uzhgorod,2000s,Midfield - Attacking Midfield,57870,6996,6996_zakarpattya_uzhgorod_2000s,Nigeria,67.4
Aleksandar Trisovic,aleksandar trisovic,Zakarpattya Uzhgorod,zakarpattya uzhgorod,2000s,Midfield - Left Midfield,17206,6996,6996_zakarpattya_uzhgorod_2000s,Serbia,66.3
Ruslan Platon,ruslan platon,Zakarpattya Uzhgorod,zakarpattya uzhgorod,2000s,Attack - Centre-Forward,58103,6996,6996_zakarpattya_uzhgorod_2000s,Ukraine  Russia,66.3
Oleksandr Shevelyukhin,oleksandr shevelyukhin,Zakarpattya Uzhgorod,zakarpattya uzhgorod,2000s,Defender - Centre-Back,59133,6996,6996_zakarpattya_uzhgorod_2000s,Ukraine  Poland,66.3
Oleksiy Ivanov,oleksiy ivanov,Zakarpattya Uzhgorod,zakarpattya uzhgorod,2000s,Midfield - Attacking Midfield,28924,6996,6996_zakarpattya_uzhgorod_2000s,Ukraine,64.6
Igor Chuchman,igor chuchman,Zakarpattya Uzhgorod,zakarpattya uzhgorod,2000s,Defender - Centre-Back,57864,6996,6996_zakarpattya_uzhgorod_2000s,Ukraine  Kazakhstan,64.1
Kakhaber Aladashvili,kakhaber aladashvili,Zakarpattya Uzhgorod,zakarpattya uzhgorod,2000s,Defender - Right-Back,25739,6996,6996_zakarpattya_uzhgorod_2000s,Georgia,63.6
Mykhaylo Kopolovets,mykhaylo kopolovets,Zakarpattya Uzhgorod,zakarpattya uzhgorod,2000s,Attack - Left Winger,58051,6996,6996_zakarpattya_uzhgorod_2000s,Ukraine  Hungary,63.6
Oleksandr Nad,oleksandr nad,Zakarpattya Uzhgorod,zakarpattya uzhgorod,2000s,Goalkeeper,71725,6996,6996_zakarpattya_uzhgorod_2000s,Ukraine  Hungary,62.9
Volodymyr Ovsienko,volodymyr ovsienko,Zakarpattya Uzhgorod,zakarpattya uzhgorod,2000s,Goalkeeper,91475,6996,6996_zakarpattya_uzhgorod_2000s,Ukraine,62.9
Igor Skoba,igor skoba,Zakarpattya Uzhgorod,zakarpattya uzhgorod,2000s,Midfield - Central Midfield,12064,6996,6996_zakarpattya_uzhgorod_2000s,Ukraine  Russia,61.9
Yevgen Lysytsyn,yevgen lysytsyn,Zakarpattya Uzhgorod,zakarpattya uzhgorod,2000s,Midfield - Right Midfield,24149,6996,6996_zakarpattya_uzhgorod_2000s,Ukraine,61.9
Anton Shendrik,anton shendrik,Zakarpattya Uzhgorod,zakarpattya uzhgorod,2000s,Defender - Centre-Back,91312,6996,6996_zakarpattya_uzhgorod_2000s,Russia  Ukraine,61.9
Vsevolod Romanenko,vsevolod romanenko,Zakarpattya Uzhgorod,zakarpattya uzhgorod,2000s,Goalkeeper,27204,6996,6996_zakarpattya_uzhgorod_2000s,Ukraine,61.1
Rustam Khudzhamov,rustam khudzhamov,Zakarpattya Uzhgorod,zakarpattya uzhgorod,2000s,Goalkeeper,58043,6996,6996_zakarpattya_uzhgorod_2000s,Ukraine,61.1
Leandro,leandro,Zakarpattya Uzhgorod,zakarpattya uzhgorod,2000s,Defender - Left-Back,76071,6996,6996_zakarpattya_uzhgorod_2000s,Brazil  Poland,60.4
Yuriy Seleznyov,yuriy seleznyov,Zakarpattya Uzhgorod,zakarpattya uzhgorod,2000s,Midfield - Central Midfield,92461,6996,6996_zakarpattya_uzhgorod_2000s,Ukraine,60.4
Marian Marushchak,marian marushchak,Zakarpattya Uzhgorod,zakarpattya uzhgorod,2000s,Goalkeeper,81633,6996,6996_zakarpattya_uzhgorod_2000s,Ukraine,58.6
Oleg Krasnopyorov,oleg krasnopyorov,Zakarpattya Uzhgorod,zakarpattya uzhgorod,2000s,Midfield - Defensive Midfield,68915,6996,6996_zakarpattya_uzhgorod_2000s,Ukraine,57.4
Sergiy Motuz,sergiy motuz,Zakarpattya Uzhgorod,zakarpattya uzhgorod,2000s,Attack - Centre-Forward,24042,6996,6996_zakarpattya_uzhgorod_2000s,Ukraine,51.2
Oleksandr Radchenko,oleksandr radchenko,Zakarpattya Uzhgorod,zakarpattya uzhgorod,2000s,Defender - Left-Back,24046,6996,6996_zakarpattya_uzhgorod_2000s,Ukraine,51.2
Dmytro Semochko,dmytro semochko,Zakarpattya Uzhgorod,zakarpattya uzhgorod,2000s,Defender - Left-Back,24053,6996,6996_zakarpattya_uzhgorod_2000s,Ukraine  Russia,51.2
Pavlo Kutas,pavlo kutas,Zakarpattya Uzhgorod,zakarpattya uzhgorod,2000s,Defender - Right-Back,27172,6996,6996_zakarpattya_uzhgorod_2000s,Ukraine,51.2
Vyacheslav Tereshchenko,vyacheslav tereshchenko,Zakarpattya Uzhgorod,zakarpattya uzhgorod,2000s,Attack - Centre-Forward,27215,6996,6996_zakarpattya_uzhgorod_2000s,Ukraine,51.2
Anton Postupalenko,anton postupalenko,Zakarpattya Uzhgorod,zakarpattya uzhgorod,2000s,Midfield - Attacking Midfield,59440,6996,6996_zakarpattya_uzhgorod_2000s,Ukraine,51.2
Yuriy Kudinov,yuriy kudinov,Zakarpattya Uzhgorod,zakarpattya uzhgorod,2000s,Attack - Centre-Forward,91548,6996,6996_zakarpattya_uzhgorod_2000s,Ukraine,51.2
Vitaliy Kalinichenko,vitaliy kalinichenko,Zakarpattya Uzhgorod,zakarpattya uzhgorod,2000s,Defender - Centre-Back,91723,6996,6996_zakarpattya_uzhgorod_2000s,Ukraine,51.2
Artem Yevlanov,artem yevlanov,Zakarpattya Uzhgorod,zakarpattya uzhgorod,2000s,Midfield - Right Midfield,109746,6996,6996_zakarpattya_uzhgorod_2000s,Ukraine  Russia,51.2
Volodymyr Mazyar,volodymyr mazyar,Zakarpattya Uzhgorod,zakarpattya uzhgorod,2000s,Attack - Centre-Forward,118430,6996,6996_zakarpattya_uzhgorod_2000s,Ukraine,51.2
Oleksandr Grebenozhko,oleksandr grebenozhko,Zakarpattya Uzhgorod,zakarpattya uzhgorod,2000s,Attack,126621,6996,6996_zakarpattya_uzhgorod_2000s,Ukraine,51.2
Andriy Gerasymenko,andriy gerasymenko,Zakarpattya Uzhgorod,zakarpattya uzhgorod,2000s,Attack - Centre-Forward,445405,6996,6996_zakarpattya_uzhgorod_2000s,Ukraine,51.2
Volodymyr Kravchenko,volodymyr kravchenko,Zakarpattya Uzhgorod,zakarpattya uzhgorod,2000s,Midfield,146102,6996,6996_zakarpattya_uzhgorod_2000s,Ukraine,45.1
Maksym Marusych,maksym marusych,SC Poltava,sc poltava,2020s,Attack - Centre-Forward,325386,81401,81401_sc_poltava_2020s,Ukraine,61.9
Oleg Veremiyenko,oleg veremiyenko,SC Poltava,sc poltava,2020s,Defender - Centre-Back,497222,81401,81401_sc_poltava_2020s,Ukraine,61.9
Mykola Buzhyn,mykola buzhyn,SC Poltava,sc poltava,2020s,Defender - Right-Back,581011,81401,81401_sc_poltava_2020s,Ukraine,61.9
Artem Onishchenko,artem onishchenko,SC Poltava,sc poltava,2020s,Midfield - Central Midfield,923433,81401,81401_sc_poltava_2020s,Ukraine,61.9
Dmytro Plakhtyr,dmytro plakhtyr,SC Poltava,sc poltava,2020s,Midfield - Defensive Midfield,395537,81401,81401_sc_poltava_2020s,Ukraine,60.4
Oleksandr Vivdych,oleksandr vivdych,SC Poltava,sc poltava,2020s,Attack - Centre-Forward,1031028,81401,81401_sc_poltava_2020s,Ukraine,60.4
Yevgen Misyura,yevgen misyura,SC Poltava,sc poltava,2020s,Defender - Centre-Back,249639,81401,81401_sc_poltava_2020s,Ukraine,57.4
Valeriy Voskonyan,valeriy voskonyan,SC Poltava,sc poltava,2020s,Goalkeeper,271516,81401,81401_sc_poltava_2020s,Armenia  Ukraine,57.1
Yevgen Opanasenko,yevgen opanasenko,SC Poltava,sc poltava,2020s,Defender - Right-Back,86931,81401,81401_sc_poltava_2020s,Ukraine,51.2
Ilya Khodulya,ilya khodulya,SC Poltava,sc poltava,2020s,Defender - Centre-Back,317944,81401,81401_sc_poltava_2020s,Ukraine,51.2
Andriy Savenkov,andriy savenkov,SC Poltava,sc poltava,2020s,Defender - Left-Back,321947,81401,81401_sc_poltava_2020s,Ukraine,51.2
Denys Galenkov,denys galenkov,SC Poltava,sc poltava,2020s,Midfield - Left Midfield,376227,81401,81401_sc_poltava_2020s,Ukraine,51.2
Yevgen Streltsov,yevgen streltsov,SC Poltava,sc poltava,2020s,Attack - Centre-Forward,383082,81401,81401_sc_poltava_2020s,Ukraine,51.2
Volodymyr Odaryuk,volodymyr odaryuk,SC Poltava,sc poltava,2020s,Attack - Right Winger,395069,81401,81401_sc_poltava_2020s,Ukraine,51.2
Oleksiy Khakhlyov,oleksiy khakhlyov,SC Poltava,sc poltava,2020s,Midfield - Central Midfield,404847,81401,81401_sc_poltava_2020s,Ukraine,51.2
Daniil Yermolov,daniil yermolov,SC Poltava,sc poltava,2020s,Goalkeeper,572163,81401,81401_sc_poltava_2020s,Ukraine,51.2
Mykyta Kononov,mykyta kononov,SC Poltava,sc poltava,2020s,Defender - Right-Back,721512,81401,81401_sc_poltava_2020s,Ukraine,51.2
Vadym Pidlepych,vadym pidlepych,SC Poltava,sc poltava,2020s,Defender - Centre-Back,917287,81401,81401_sc_poltava_2020s,Ukraine,51.2
Mykyta Minchev,mykyta minchev,SC Poltava,sc poltava,2020s,Goalkeeper,1113558,81401,81401_sc_poltava_2020s,Ukraine,51.2
Yan Shevchenko,yan shevchenko,SC Poltava,sc poltava,2020s,Midfield - Central Midfield,1395982,81401,81401_sc_poltava_2020s,Ukraine,51.2
Svyatoslav Shapovalov,svyatoslav shapovalov,SC Poltava,sc poltava,2020s,Midfield - Defensive Midfield,294786,81401,81401_sc_poltava_2020s,Ukraine,45.6
Maksym Pryadun,maksym pryadun,Metalist Kharkiv,metalist kharkiv,2020s,Attack - Centre-Forward,509837,83678,83678_metalist_kharkiv_2020s,Ukraine,81.4
Sergiy Panasenko,sergiy panasenko,Metalist Kharkiv,metalist kharkiv,2020s,Midfield - Central Midfield,307053,83678,83678_metalist_kharkiv_2020s,Ukraine,72.6
Yevgen Pidlepenets,yevgen pidlepenets,Metalist Kharkiv,metalist kharkiv,2020s,Attack - Right Winger,678783,83678,83678_metalist_kharkiv_2020s,Ukraine,70.7
Yegor Kartushov,yegor kartushov,Metalist Kharkiv,metalist kharkiv,2020s,Midfield - Left Midfield,94925,83678,83678_metalist_kharkiv_2020s,Ukraine,70.2
Yegor Demchenko,yegor demchenko,Metalist Kharkiv,metalist kharkiv,2020s,Midfield - Central Midfield,387198,83678,83678_metalist_kharkiv_2020s,Ukraine,69.4
Bogdan Boychuk,bogdan boychuk,Metalist Kharkiv,metalist kharkiv,2020s,Attack - Right Winger,337198,83678,83678_metalist_kharkiv_2020s,Ukraine,68.6
Yuriy Romanyuk,yuriy romanyuk,Metalist Kharkiv,metalist kharkiv,2020s,Defender - Right-Back,428380,83678,83678_metalist_kharkiv_2020s,Ukraine,67.2
Oleksandr Kapliyenko,oleksandr kapliyenko,Metalist Kharkiv,metalist kharkiv,2020s,Defender - Left-Back,248931,83678,83678_metalist_kharkiv_2020s,Ukraine,65.5
Vladyslav Naumets,vladyslav naumets,Metalist Kharkiv,metalist kharkiv,2020s,Attack - Right Winger,404845,83678,83678_metalist_kharkiv_2020s,Ukraine,65.5
Aleks Chidomere,aleks chidomere,Metalist Kharkiv,metalist kharkiv,2020s,Midfield - Attacking Midfield,771909,83678,83678_metalist_kharkiv_2020s,Ukraine  Nigeria,65.5
Dmytro Korkishko,dmytro korkishko,Metalist Kharkiv,metalist kharkiv,2020s,Attack - Left Winger,91380,83678,83678_metalist_kharkiv_2020s,Ukraine,61.9
Daniil Yermolov,daniil yermolov,Metalist Kharkiv,metalist kharkiv,2020s,Goalkeeper,572163,83678,83678_metalist_kharkiv_2020s,Ukraine,61.1
Igor Chaykovskyi,igor chaykovskyi,Metalist Kharkiv,metalist kharkiv,2020s,Midfield - Defensive Midfield,94923,83678,83678_metalist_kharkiv_2020s,Ukraine,60.4
Gennadiy Synchuk,gennadiy synchuk,Metalist Kharkiv,metalist kharkiv,2020s,Attack - Right Winger,1082915,83678,83678_metalist_kharkiv_2020s,Ukraine,60.4
Pathy Malumandsoko,pathy malumandsoko,Metalist Kharkiv,metalist kharkiv,2020s,Defender - Centre-Back,487194,83678,83678_metalist_kharkiv_2020s,France  DR Congo,59.7
Bogdan Porokh,bogdan porokh,Metalist Kharkiv,metalist kharkiv,2020s,Defender - Centre-Back,661776,83678,83678_metalist_kharkiv_2020s,Ukraine,59.7
Orest Kostyk,orest kostyk,Metalist Kharkiv,metalist kharkiv,2020s,Goalkeeper,747315,83678,83678_metalist_kharkiv_2020s,Ukraine,58.6
Oleksandr Myzyuk,oleksandr myzyuk,Metalist Kharkiv,metalist kharkiv,2020s,Defender - Centre-Back,767643,83678,83678_metalist_kharkiv_2020s,Ukraine,58.6
Andriy Ralyuchenko,andriy ralyuchenko,Metalist Kharkiv,metalist kharkiv,2020s,Midfield - Defensive Midfield,369093,83678,83678_metalist_kharkiv_2020s,Ukraine,57.5
Oleksandr Rybka,oleksandr rybka,Metalist Kharkiv,metalist kharkiv,2020s,Goalkeeper,19619,83678,83678_metalist_kharkiv_2020s,Ukraine,57.1
Anderson Pico,anderson pico,Metalist Kharkiv,metalist kharkiv,2020s,Defender - Left-Back,54031,83678,83678_metalist_kharkiv_2020s,Brazil,51.2
Vitaliy Fedoriv,vitaliy fedoriv,Metalist Kharkiv,metalist kharkiv,2020s,Defender - Centre-Back,58392,83678,83678_metalist_kharkiv_2020s,Ukraine,51.2
Vyacheslav Tankovskyi,vyacheslav tankovskyi,Metalist Kharkiv,metalist kharkiv,2020s,Midfield - Central Midfield,213980,83678,83678_metalist_kharkiv_2020s,Ukraine,51.2
Volodymyr Shopin,volodymyr shopin,Metalist Kharkiv,metalist kharkiv,2020s,Defender - Left-Back,307308,83678,83678_metalist_kharkiv_2020s,Ukraine,51.2
Yegor Klymenchuk,yegor klymenchuk,Metalist Kharkiv,metalist kharkiv,2020s,Defender - Left-Back,375955,83678,83678_metalist_kharkiv_2020s,Ukraine,51.2
Roberto Corral,roberto corral,Metalist Kharkiv,metalist kharkiv,2020s,Defender - Left-Back,379714,83678,83678_metalist_kharkiv_2020s,Spain,51.2
Yevgeniy Ryazantsev,yevgeniy ryazantsev,Metalist Kharkiv,metalist kharkiv,2020s,Attack - Right Winger,669312,83678,83678_metalist_kharkiv_2020s,Ukraine,51.2
Dmytro Shamych,dmytro shamych,Metalist Kharkiv,metalist kharkiv,2020s,Attack - Right Winger,774533,83678,83678_metalist_kharkiv_2020s,Ukraine,51.2
Myroslav Znovenko,myroslav znovenko,Metalist Kharkiv,metalist kharkiv,2020s,Goalkeeper,774554,83678,83678_metalist_kharkiv_2020s,Ukraine  Russia,51.2
Maksym Bagachanskyi,maksym bagachanskyi,Metalist Kharkiv,metalist kharkiv,2020s,Midfield - Central Midfield,808113,83678,83678_metalist_kharkiv_2020s,Ukraine,51.2
Oleksiy Goryainov,oleksiy goryainov,Metalist Kharkiv,metalist kharkiv,2020s,Midfield - Central Midfield,808114,83678,83678_metalist_kharkiv_2020s,Ukraine,51.2
Samuel,samuel,Metalist Kharkiv,metalist kharkiv,2020s,Midfield - Defensive Midfield,814454,83678,83678_metalist_kharkiv_2020s,Brazil,51.2
Mykola Yarosh,mykola yarosh,Metalist Kharkiv,metalist kharkiv,2020s,Goalkeeper,936939,83678,83678_metalist_kharkiv_2020s,Ukraine,51.2
Yegor Krasnikov,yegor krasnikov,Metalist Kharkiv,metalist kharkiv,2020s,Attack - Centre-Forward,977486,83678,83678_metalist_kharkiv_2020s,Ukraine,51.2
Oleksandr Nikolyshyn,oleksandr nikolyshyn,Metalist Kharkiv,metalist kharkiv,2020s,Defender - Centre-Back,1059104,83678,83678_metalist_kharkiv_2020s,Ukraine,51.2
Danylo Kaydalov,danylo kaydalov,Metalist Kharkiv,metalist kharkiv,2020s,Attack - Left Winger,1074042,83678,83678_metalist_kharkiv_2020s,Ukraine,51.2
Kyrylo Digtyar,kyrylo digtyar,Metalist Kharkiv,metalist kharkiv,2020s,Defender - Left-Back,1074059,83678,83678_metalist_kharkiv_2020s,Ukraine,51.2
Kyrylo Vlaga,kyrylo vlaga,Metalist Kharkiv,metalist kharkiv,2020s,Defender - Right-Back,1120127,83678,83678_metalist_kharkiv_2020s,Ukraine,51.2
Sergiy Shumilov,sergiy shumilov,Metalist Kharkiv,metalist kharkiv,2020s,Goalkeeper,1120726,83678,83678_metalist_kharkiv_2020s,Ukraine,51.2
Daniel Vernattus,daniel vernattus,Metalist Kharkiv,metalist kharkiv,2020s,Defender - Left-Back,1138479,83678,83678_metalist_kharkiv_2020s,Ukraine  Nigeria,51.2
Daniil Prykhodko,daniil prykhodko,Metalist Kharkiv,metalist kharkiv,2020s,Midfield - Right Midfield,1140587,83678,83678_metalist_kharkiv_2020s,Ukraine,51.2
Yegor Abramov,yegor abramov,Metalist Kharkiv,metalist kharkiv,2020s,Defender - Right-Back,1143802,83678,83678_metalist_kharkiv_2020s,Ukraine,51.2
Roman Gorenko,roman gorenko,Metalist Kharkiv,metalist kharkiv,2020s,Midfield - Defensive Midfield,1143803,83678,83678_metalist_kharkiv_2020s,Ukraine,51.2
Daniil Teplyakov,daniil teplyakov,Metalist Kharkiv,metalist kharkiv,2020s,Midfield - Attacking Midfield,1143804,83678,83678_metalist_kharkiv_2020s,Ukraine,51.2
Oleksandr Tsvirenko,oleksandr tsvirenko,Metalist Kharkiv,metalist kharkiv,2020s,Midfield - Attacking Midfield,1143805,83678,83678_metalist_kharkiv_2020s,Ukraine,51.2
Danylo Knysh,danylo knysh,Metalist Kharkiv,metalist kharkiv,2020s,Attack - Right Winger,268697,83678,83678_metalist_kharkiv_2020s,Ukraine,45.4
Oleksandr Klymets,oleksandr klymets,Epicentr Kamyanets-Podilskyi,epicentr kamyanets podilskyi,2020s,Defender - Left-Back,419118,84122,84122_epicentr_kamyanets_podilskyi_2020s,Ukraine,61.9
Joaquinete,joaquinete,Epicentr Kamyanets-Podilskyi,epicentr kamyanets podilskyi,2020s,Attack - Right Winger,1007020,84122,84122_epicentr_kamyanets_podilskyi_2020s,Spain,60.4
Volodymyr Tanchyk,volodymyr tanchyk,Epicentr Kamyanets-Podilskyi,epicentr kamyanets podilskyi,2020s,Midfield - Right Midfield,95707,84122,84122_epicentr_kamyanets_podilskyi_2020s,Ukraine,51.2
Andriy Boryachuk,andriy boryachuk,Epicentr Kamyanets-Podilskyi,epicentr kamyanets podilskyi,2020s,Attack - Centre-Forward,203854,84122,84122_epicentr_kamyanets_podilskyi_2020s,Ukraine,51.2
Igor Kyryukhantsev,igor kyryukhantsev,Epicentr Kamyanets-Podilskyi,epicentr kamyanets podilskyi,2020s,Defender - Right-Back,203855,84122,84122_epicentr_kamyanets_podilskyi_2020s,Ukraine,51.2
Yevgen Zaporozhets,yevgen zaporozhets,Epicentr Kamyanets-Podilskyi,epicentr kamyanets podilskyi,2020s,Midfield - Central Midfield,380554,84122,84122_epicentr_kamyanets_podilskyi_2020s,Ukraine,51.2
Jon Ceberio,jon ceberio,Epicentr Kamyanets-Podilskyi,epicentr kamyanets podilskyi,2020s,Midfield - Central Midfield,386659,84122,84122_epicentr_kamyanets_podilskyi_2020s,Spain,51.2
Yegor Demchenko,yegor demchenko,Epicentr Kamyanets-Podilskyi,epicentr kamyanets podilskyi,2020s,Midfield - Central Midfield,387198,84122,84122_epicentr_kamyanets_podilskyi_2020s,Ukraine,51.2
Denis Yanakov,denis yanakov,Epicentr Kamyanets-Podilskyi,epicentr kamyanets podilskyi,2020s,Attack - Left Winger,404851,84122,84122_epicentr_kamyanets_podilskyi_2020s,Ukraine,51.2
Vladyslav Supryaga,vladyslav supryaga,Epicentr Kamyanets-Podilskyi,epicentr kamyanets podilskyi,2020s,Attack - Centre-Forward,419061,84122,84122_epicentr_kamyanets_podilskyi_2020s,Ukraine,51.2
Andriy Lyashenko,andriy lyashenko,Epicentr Kamyanets-Podilskyi,epicentr kamyanets podilskyi,2020s,Midfield - Right Midfield,448869,84122,84122_epicentr_kamyanets_podilskyi_2020s,Ukraine,51.2
Oleg Bilyk,oleg bilyk,Epicentr Kamyanets-Podilskyi,epicentr kamyanets podilskyi,2020s,Goalkeeper,449084,84122,84122_epicentr_kamyanets_podilskyi_2020s,Ukraine,51.2
Nil Coch,nil coch,Epicentr Kamyanets-Podilskyi,epicentr kamyanets podilskyi,2020s,Defender - Centre-Back,534474,84122,84122_epicentr_kamyanets_podilskyi_2020s,Spain,51.2
Glib Savchuk,glib savchuk,Epicentr Kamyanets-Podilskyi,epicentr kamyanets podilskyi,2020s,Defender - Right-Back,726013,84122,84122_epicentr_kamyanets_podilskyi_2020s,Ukraine,51.2
Stanislav Krystin,stanislav krystin,Epicentr Kamyanets-Podilskyi,epicentr kamyanets podilskyi,2020s,Midfield - Right Midfield,766706,84122,84122_epicentr_kamyanets_podilskyi_2020s,Ukraine,51.2
Ivan Bendera,ivan bendera,Epicentr Kamyanets-Podilskyi,epicentr kamyanets podilskyi,2020s,Attack - Left Winger,775723,84122,84122_epicentr_kamyanets_podilskyi_2020s,Ukraine,51.2
Andriy Bezhenar,andriy bezhenar,Epicentr Kamyanets-Podilskyi,epicentr kamyanets podilskyi,2020s,Midfield - Attacking Midfield,812726,84122,84122_epicentr_kamyanets_podilskyi_2020s,Ukraine  Moldova,51.2
Mykola Myronyuk,mykola myronyuk,Epicentr Kamyanets-Podilskyi,epicentr kamyanets podilskyi,2020s,Midfield - Central Midfield,814830,84122,84122_epicentr_kamyanets_podilskyi_2020s,Ukraine,51.2
Vladyslav Krystin,vladyslav krystin,Epicentr Kamyanets-Podilskyi,epicentr kamyanets podilskyi,2020s,Defender - Right-Back,857859,84122,84122_epicentr_kamyanets_podilskyi_2020s,Ukraine,51.2
Vladyslav Moroz,vladyslav moroz,Epicentr Kamyanets-Podilskyi,epicentr kamyanets podilskyi,2020s,Defender - Centre-Back,870177,84122,84122_epicentr_kamyanets_podilskyi_2020s,Ukraine,51.2
Vadym Sydun,vadym sydun,Epicentr Kamyanets-Podilskyi,epicentr kamyanets podilskyi,2020s,Attack - Centre-Forward,1067497,84122,84122_epicentr_kamyanets_podilskyi_2020s,Ukraine,51.2
Arseniy Vavshko,arseniy vavshko,Epicentr Kamyanets-Podilskyi,epicentr kamyanets podilskyi,2020s,Goalkeeper,1166036,84122,84122_epicentr_kamyanets_podilskyi_2020s,Ukraine,51.2
Glib Bushnyak,glib bushnyak,Epicentr Kamyanets-Podilskyi,epicentr kamyanets podilskyi,2020s,Goalkeeper,1190591,84122,84122_epicentr_kamyanets_podilskyi_2020s,Ukraine,51.2
Stepan Grygorashchuk,stepan grygorashchuk,Epicentr Kamyanets-Podilskyi,epicentr kamyanets podilskyi,2020s,Defender - Centre-Back,918615,84122,84122_epicentr_kamyanets_podilskyi_2020s,Ukraine,45.1
Ambrosiy Chachua,ambrosiy chachua,Karpaty Lviv,karpaty lviv,2020s,Midfield - Attacking Midfield,212232,85465,85465_karpaty_lviv_2020s,Ukraine  Georgia,83.3
Bruninho,bruninho,Karpaty Lviv,karpaty lviv,2020s,Midfield - Attacking Midfield,584083,85465,85465_karpaty_lviv_2020s,Brazil,81.4
Igor Neves,igor neves,Karpaty Lviv,karpaty lviv,2020s,Attack - Centre-Forward,804264,85465,85465_karpaty_lviv_2020s,Brazil,75.6
Yevgen Pidlepenets,yevgen pidlepenets,Karpaty Lviv,karpaty lviv,2020s,Attack - Right Winger,678783,85465,85465_karpaty_lviv_2020s,Ukraine,73.8
Denys Miroshnichenko,denys miroshnichenko,Karpaty Lviv,karpaty lviv,2020s,Defender - Right-Back,244262,85465,85465_karpaty_lviv_2020s,Ukraine,72.9
Oleg Ocheretko,oleg ocheretko,Karpaty Lviv,karpaty lviv,2020s,Midfield - Attacking Midfield,708241,85465,85465_karpaty_lviv_2020s,Ukraine,72.2
Jean Pedroso,jean pedroso,Karpaty Lviv,karpaty lviv,2020s,Defender - Centre-Back,1090422,85465,85465_karpaty_lviv_2020s,Brazil,71.9
Yan Kostenko,yan kostenko,Karpaty Lviv,karpaty lviv,2020s,Midfield - Left Midfield,794617,85465,85465_karpaty_lviv_2020s,Ukraine,71.1
Igor Krasnopir,igor krasnopir,Karpaty Lviv,karpaty lviv,2020s,Attack - Centre-Forward,1045187,85465,85465_karpaty_lviv_2020s,Ukraine,70.7
Pavlo Polegenko,pavlo polegenko,Karpaty Lviv,karpaty lviv,2020s,Defender - Right-Back,216579,85465,85465_karpaty_lviv_2020s,Ukraine,70.2
Artur Shakh,artur shakh,Karpaty Lviv,karpaty lviv,2020s,Midfield - Attacking Midfield,1052373,85465,85465_karpaty_lviv_2020s,Ukraine,70.2
Vladyslav Baboglo,vladyslav baboglo,Karpaty Lviv,karpaty lviv,2020s,Defender - Centre-Back,567873,85465,85465_karpaty_lviv_2020s,Moldova  Ukraine,69.9
Pablo Álvarez,pablo alvarez,Karpaty Lviv,karpaty lviv,2020s,Midfield - Defensive Midfield,527968,85465,85465_karpaty_lviv_2020s,Spain,68.6
Oleksandr Kemkin,oleksandr kemkin,Karpaty Lviv,karpaty lviv,2020s,Goalkeeper,729638,85465,85465_karpaty_lviv_2020s,Ukraine,67.4
Denys Ustymenko,denys ustymenko,Karpaty Lviv,karpaty lviv,2020s,Attack - Centre-Forward,622410,85465,85465_karpaty_lviv_2020s,Ukraine,65.5
Tymur Stetskov,tymur stetskov,Karpaty Lviv,karpaty lviv,2020s,Defender - Centre-Back,549960,85465,85465_karpaty_lviv_2020s,Ukraine,64.6
Yakiv Kinareykin,yakiv kinareykin,Karpaty Lviv,karpaty lviv,2020s,Goalkeeper,952943,85465,85465_karpaty_lviv_2020s,Ukraine,64.1
Vladyslav Klymenko,vladyslav klymenko,Karpaty Lviv,karpaty lviv,2020s,Midfield - Central Midfield,321146,85465,85465_karpaty_lviv_2020s,Ukraine,63.6
Ilya Kvasnytsya,ilya kvasnytsya,Karpaty Lviv,karpaty lviv,2020s,Attack - Right Winger,936825,85465,85465_karpaty_lviv_2020s,Ukraine,63.6
Taras Sakiv,taras sakiv,Karpaty Lviv,karpaty lviv,2020s,Defender - Left-Back,498899,85465,85465_karpaty_lviv_2020s,Ukraine,61.9
Yaroslav Karabin,yaroslav karabin,Karpaty Lviv,karpaty lviv,2020s,Attack - Centre-Forward,789583,85465,85465_karpaty_lviv_2020s,Ukraine,60.4
Stênio,stenio,Karpaty Lviv,karpaty lviv,2020s,Attack - Right Winger,796574,85465,85465_karpaty_lviv_2020s,Brazil,60.4
Oleg Fedor,oleg fedor,Karpaty Lviv,karpaty lviv,2020s,Midfield - Central Midfield,773961,85465,85465_karpaty_lviv_2020s,Ukraine,58.6
Patricio Tanda,patricio tanda,Karpaty Lviv,karpaty lviv,2020s,Midfield - Defensive Midfield,837974,85465,85465_karpaty_lviv_2020s,Argentina,58.6
Ivan Chaban,ivan chaban,Karpaty Lviv,karpaty lviv,2020s,Midfield - Defensive Midfield,1073028,85465,85465_karpaty_lviv_2020s,Ukraine,58.6
Fabiano,fabiano,Karpaty Lviv,karpaty lviv,2020s,Attack - Right Winger,1093843,85465,85465_karpaty_lviv_2020s,Brazil,58.6
Mykola Kyrychok,mykola kyrychok,Karpaty Lviv,karpaty lviv,2020s,Defender - Centre-Back,1138480,85465,85465_karpaty_lviv_2020s,Ukraine,58.6
Nazar Domchak,nazar domchak,Karpaty Lviv,karpaty lviv,2020s,Goalkeeper,1161403,85465,85465_karpaty_lviv_2020s,Ukraine,58.6
Volodymyr Adamyuk,volodymyr adamyuk,Karpaty Lviv,karpaty lviv,2020s,Defender - Right-Back,273663,85465,85465_karpaty_lviv_2020s,Ukraine,57.4
Roman Mysak,roman mysak,Karpaty Lviv,karpaty lviv,2020s,Goalkeeper,117481,85465,85465_karpaty_lviv_2020s,Ukraine,51.2
Andriy Klishchuk,andriy klishchuk,Karpaty Lviv,karpaty lviv,2020s,Goalkeeper,190190,85465,85465_karpaty_lviv_2020s,Ukraine,51.2
Orest Kuzyk,orest kuzyk,Karpaty Lviv,karpaty lviv,2020s,Attack - Left Winger,353252,85465,85465_karpaty_lviv_2020s,Ukraine,51.2
Diego Palacios,diego palacios,Karpaty Lviv,karpaty lviv,2020s,Defender - Left-Back,425567,85465,85465_karpaty_lviv_2020s,Ecuador,51.2
Paulo Vítor,paulo vitor,Karpaty Lviv,karpaty lviv,2020s,Attack - Left Winger,524572,85465,85465_karpaty_lviv_2020s,Brazil,51.2
Artur Ryabov,artur ryabov,Karpaty Lviv,karpaty lviv,2020s,Midfield - Central Midfield,633850,85465,85465_karpaty_lviv_2020s,Ukraine,51.2
Andriy Buleza,andriy buleza,Karpaty Lviv,karpaty lviv,2020s,Defender - Left-Back,708242,85465,85465_karpaty_lviv_2020s,Ukraine,51.2
Maksym Melnychenko,maksym melnychenko,Karpaty Lviv,karpaty lviv,2020s,Midfield - Defensive Midfield,717391,85465,85465_karpaty_lviv_2020s,Ukraine,51.2
Yuriy Tlumak,yuriy tlumak,Karpaty Lviv,karpaty lviv,2020s,Midfield - Central Midfield,748838,85465,85465_karpaty_lviv_2020s,Ukraine,51.2
Oleksiy Sych,oleksiy sych,Karpaty Lviv,karpaty lviv,2020s,Defender - Right-Back,748939,85465,85465_karpaty_lviv_2020s,Ukraine,51.2
Bogdan Veklyak,bogdan veklyak,Karpaty Lviv,karpaty lviv,2020s,Defender - Centre-Back,752691,85465,85465_karpaty_lviv_2020s,Ukraine,51.2
Andriy Lomnytskyi,andriy lomnytskyi,Karpaty Lviv,karpaty lviv,2020s,Defender - Centre-Back,1061435,85465,85465_karpaty_lviv_2020s,Ukraine,51.2
Vitaliy Katrych,vitaliy katrych,Karpaty Lviv,karpaty lviv,2020s,Defender - Left-Back,1065123,85465,85465_karpaty_lviv_2020s,Ukraine,51.2
Vadym Sydun,vadym sydun,Karpaty Lviv,karpaty lviv,2020s,Attack - Centre-Forward,1067497,85465,85465_karpaty_lviv_2020s,Ukraine,51.2
Dmytro Shastal,dmytro shastal,Livyi Bereg Kyiv,livyi bereg kyiv,2020s,Attack - Right Winger,359796,86209,86209_livyi_bereg_kyiv_2020s,Ukraine,71.1
Oleg Synytsya,oleg synytsya,Livyi Bereg Kyiv,livyi bereg kyiv,2020s,Attack - Right Winger,349107,86209,86209_livyi_bereg_kyiv_2020s,Ukraine,70.2
Klim Prykhodko,klim prykhodko,Livyi Bereg Kyiv,livyi bereg kyiv,2020s,Midfield - Defensive Midfield,419062,86209,86209_livyi_bereg_kyiv_2020s,Ukraine,65.5
Dmytro Semenov,dmytro semenov,Livyi Bereg Kyiv,livyi bereg kyiv,2020s,Defender - Centre-Back,495918,86209,86209_livyi_bereg_kyiv_2020s,Ukraine,65.5
Andriy Yakymiv,andriy yakymiv,Livyi Bereg Kyiv,livyi bereg kyiv,2020s,Defender - Centre-Back,521841,86209,86209_livyi_bereg_kyiv_2020s,Ukraine,63.3
Sergiy Kosovskyi,sergiy kosovskyi,Livyi Bereg Kyiv,livyi bereg kyiv,2020s,Midfield - Defensive Midfield,343316,86209,86209_livyi_bereg_kyiv_2020s,Ukraine,60.4
Oleksandr Dudarenko,oleksandr dudarenko,Livyi Bereg Kyiv,livyi bereg kyiv,2020s,Defender - Left-Back,213424,86209,86209_livyi_bereg_kyiv_2020s,Ukraine,51.2
Yevgen Banada,yevgen banada,Livyi Bereg Kyiv,livyi bereg kyiv,2020s,Midfield - Central Midfield,242272,86209,86209_livyi_bereg_kyiv_2020s,Ukraine,51.2
Vladyslav Shapoval,vladyslav shapoval,Livyi Bereg Kyiv,livyi bereg kyiv,2020s,Defender - Left-Back,375657,86209,86209_livyi_bereg_kyiv_2020s,Ukraine,51.2
Oleg Sokolov,oleg sokolov,Livyi Bereg Kyiv,livyi bereg kyiv,2020s,Defender - Right-Back,577844,86209,86209_livyi_bereg_kyiv_2020s,Ukraine,51.2
llya Karavashchenko,llya karavashchenko,Livyi Bereg Kyiv,livyi bereg kyiv,2020s,Goalkeeper,623318,86209,86209_livyi_bereg_kyiv_2020s,Ukraine,51.2
Andriy Spivakov,andriy spivakov,Livyi Bereg Kyiv,livyi bereg kyiv,2020s,Midfield - Defensive Midfield,776959,86209,86209_livyi_bereg_kyiv_2020s,Ukraine,51.2
Bogdan Kobzar,bogdan kobzar,Livyi Bereg Kyiv,livyi bereg kyiv,2020s,Attack - Centre-Forward,789478,86209,86209_livyi_bereg_kyiv_2020s,Ukraine,51.2
Danylo Kolesnyk,danylo kolesnyk,Livyi Bereg Kyiv,livyi bereg kyiv,2020s,Attack - Centre-Forward,913387,86209,86209_livyi_bereg_kyiv_2020s,Ukraine,51.2
Danyil Sukhoruchko,danyil sukhoruchko,Livyi Bereg Kyiv,livyi bereg kyiv,2020s,Attack - Centre-Forward,539448,86209,86209_livyi_bereg_kyiv_2020s,Ukraine,45.6
Vladyslav Shapoval,vladyslav shapoval,FC Kudrivka,fc kudrivka,2020s,Defender - Left-Back,375657,87883,87883_fc_kudrivka_2020s,Ukraine,66.3
Valeriy Rogozynskyi,valeriy rogozynskyi,FC Kudrivka,fc kudrivka,2020s,Defender - Left-Back,332132,87883,87883_fc_kudrivka_2020s,Ukraine,65.5
Oleksandr Kozak,oleksandr kozak,FC Kudrivka,fc kudrivka,2020s,Attack - Left Winger,375180,87883,87883_fc_kudrivka_2020s,Ukraine,61.9
Dmytro Korkishko,dmytro korkishko,FC Kudrivka,fc kudrivka,2020s,Attack - Left Winger,91380,87883,87883_fc_kudrivka_2020s,Ukraine,51.2
Denys Bezborodko,denys bezborodko,FC Kudrivka,fc kudrivka,2020s,Attack - Centre-Forward,269371,87883,87883_fc_kudrivka_2020s,Ukraine,51.2
Andriy Totovytskyi,andriy totovytskyi,FC Kudrivka,fc kudrivka,2020s,Midfield - Attacking Midfield,277777,87883,87883_fc_kudrivka_2020s,Ukraine,51.2
Maksym Melnychuk,maksym melnychuk,FC Kudrivka,fc kudrivka,2020s,Defender - Left-Back,461666,87883,87883_fc_kudrivka_2020s,Ukraine,51.2
Bogdan Veklyak,bogdan veklyak,FC Kudrivka,fc kudrivka,2020s,Defender - Centre-Back,752691,87883,87883_fc_kudrivka_2020s,Ukraine,51.2
Ivan Mamrosenko,ivan mamrosenko,FC Kudrivka,fc kudrivka,2020s,Defender - Centre-Back,830083,87883,87883_fc_kudrivka_2020s,Ukraine,51.2
Denys Nagnoynyi,denys nagnoynyi,FC Kudrivka,fc kudrivka,2020s,Midfield - Attacking Midfield,892053,87883,87883_fc_kudrivka_2020s,Ukraine,51.2
Yuriy Potimkov,yuriy potimkov,FC Kudrivka,fc kudrivka,2020s,Defender - Centre-Back,951690,87883,87883_fc_kudrivka_2020s,Ukraine,51.2
Oleksiy Gusev,oleksiy gusev,FC Kudrivka,fc kudrivka,2020s,Defender - Right-Back,955349,87883,87883_fc_kudrivka_2020s,Ukraine,51.2
Anton Demchenko,anton demchenko,FC Kudrivka,fc kudrivka,2020s,Attack - Centre-Forward,1186330,87883,87883_fc_kudrivka_2020s,Ukraine,51.2
Oleksandr Sobol,oleksandr sobol,Zirka Kirovograd,zirka kirovograd,1990s,Defender,885332,8838,8838_zirka_kirovograd_1990s,Ukraine,74.8
Andriy Poroshyn,andriy poroshyn,Zirka Kirovograd,zirka kirovograd,1990s,Attack - Centre-Forward,48563,8838,8838_zirka_kirovograd_1990s,Ukraine,72.9
Denis Kovba,denis kovba,Zirka Kirovograd,zirka kirovograd,1990s,Midfield - Defensive Midfield,25004,8838,8838_zirka_kirovograd_1990s,Belarus  Russia,67
Oleg Zhylin,oleg zhylin,Zirka Kirovograd,zirka kirovograd,1990s,Defender,857995,8838,8838_zirka_kirovograd_1990s,Ukraine,64.6
Andriy Martynenko,andriy martynenko,Zirka Kirovograd,zirka kirovograd,1990s,Midfield,857996,8838,8838_zirka_kirovograd_1990s,Ukraine,60.4
Andriy Rusol,andriy rusol,Zirka Kirovograd,zirka kirovograd,1990s,Defender - Centre-Back,24050,8838,8838_zirka_kirovograd_1990s,Ukraine,58.6
Igor Bazhan,igor bazhan,Zirka Kirovograd,zirka kirovograd,1990s,Goalkeeper,27126,8838,8838_zirka_kirovograd_1990s,Ukraine,57.1
Yuriy Kudinov,yuriy kudinov,Zirka Kirovograd,zirka kirovograd,1990s,Attack - Centre-Forward,91548,8838,8838_zirka_kirovograd_1990s,Ukraine,51.2
Igor Prodan,igor prodan,Zirka Kirovograd,zirka kirovograd,1990s,Attack - Centre-Forward,167028,8838,8838_zirka_kirovograd_1990s,Ukraine,51.2
Andriy Klymenko,andriy klymenko,Zirka Kirovograd,zirka kirovograd,1990s,Midfield,882875,8838,8838_zirka_kirovograd_1990s,Ukraine,51.2
Ivan Pogorelov,ivan pogorelov,Zirka Kirovograd,zirka kirovograd,2000s,Midfield - Defensive Midfield,91786,8838,8838_zirka_kirovograd_2000s,Ukraine,68.6
Denys Sokolovskyi,denys sokolovskyi,Zirka Kirovograd,zirka kirovograd,2000s,Midfield - Attacking Midfield,20918,8838,8838_zirka_kirovograd_2000s,Ukraine,51.2
Jevgeni Novikov,jevgeni novikov,Zirka Kirovograd,zirka kirovograd,2000s,Midfield - Defensive Midfield,63509,8838,8838_zirka_kirovograd_2000s,Estonia,51.2
Andriy Martynenko,andriy martynenko,Zirka Kirovograd,zirka kirovograd,2000s,Midfield,857996,8838,8838_zirka_kirovograd_2000s,Ukraine,51.2
Andriy Dobryanskiy,andriy dobryanskiy,Zirka Kirovograd,zirka kirovograd,2000s,Midfield - Defensive Midfield,918709,8838,8838_zirka_kirovograd_2000s,Ukraine,51.2
Denys Khomutov,denys khomutov,Zirka Kirovograd,zirka kirovograd,2000s,Midfield - Central Midfield,918780,8838,8838_zirka_kirovograd_2000s,Ukraine,51.2
Maksym Pryadun,maksym pryadun,Zirka Kropyvnytskyi,zirka kropyvnytskyi,2010s,Attack - Centre-Forward,509837,8838,8838_zirka_kropyvnytskyi_2010s,Ukraine,75.1
Oleksiy Chychykov,oleksiy chychykov,Zirka Kropyvnytskyi,zirka kropyvnytskyi,2010s,Attack - Right Winger,43404,8838,8838_zirka_kropyvnytskyi_2010s,Ukraine,74.6
Yevgen Past,yevgen past,Zirka Kropyvnytskyi,zirka kropyvnytskyi,2010s,Goalkeeper,49016,8838,8838_zirka_kropyvnytskyi_2010s,Ukraine,74.6
Artem Sitalo,artem sitalo,Zirka Kropyvnytskyi,zirka kropyvnytskyi,2010s,Attack - Centre-Forward,320247,8838,8838_zirka_kropyvnytskyi_2010s,Ukraine,72.6
Sergiy Petrov,sergiy petrov,Zirka Kropyvnytskyi,zirka kropyvnytskyi,2010s,Attack - Centre-Forward,343769,8838,8838_zirka_kropyvnytskyi_2010s,Ukraine,72.6
Andriy Batsula,andriy batsula,Zirka Kropyvnytskyi,zirka kropyvnytskyi,2010s,Defender - Left-Back,310782,8838,8838_zirka_kropyvnytskyi_2010s,Ukraine,71.1
Pavlo Polegenko,pavlo polegenko,Zirka Kropyvnytskyi,zirka kropyvnytskyi,2010s,Defender - Right-Back,216579,8838,8838_zirka_kropyvnytskyi_2010s,Ukraine,70.7
Artem Favorov,artem favorov,Zirka Kropyvnytskyi,zirka kropyvnytskyi,2010s,Midfield - Central Midfield,170245,8838,8838_zirka_kropyvnytskyi_2010s,Ukraine  Hungary,70.2
Jonathan Moya,jonathan moya,Zirka Kropyvnytskyi,zirka kropyvnytskyi,2010s,Attack - Centre-Forward,131257,8838,8838_zirka_kropyvnytskyi_2010s,Costa Rica,66.3
Oleksandr Kucherenko,oleksandr kucherenko,Zirka Kropyvnytskyi,zirka kropyvnytskyi,2010s,Midfield - Defensive Midfield,358956,8838,8838_zirka_kropyvnytskyi_2010s,Ukraine  Moldova,66.3
Aderinsola Habib Eseola,aderinsola habib eseola,Zirka Kropyvnytskyi,zirka kropyvnytskyi,2010s,Attack - Centre-Forward,122361,8838,8838_zirka_kropyvnytskyi_2010s,Ukraine  Nigeria,63.6
Dmytro Fateev,dmytro fateev,Zirka Kropyvnytskyi,zirka kropyvnytskyi,2010s,Defender - Right-Back,271635,8838,8838_zirka_kropyvnytskyi_2010s,Ukraine,63.6
Borja Ekiza,borja ekiza,Zirka Kropyvnytskyi,zirka kropyvnytskyi,2010s,Defender - Centre-Back,89318,8838,8838_zirka_kropyvnytskyi_2010s,Spain,61.9
Anton Bratkov,anton bratkov,Zirka Kropyvnytskyi,zirka kropyvnytskyi,2010s,Defender - Centre-Back,167553,8838,8838_zirka_kropyvnytskyi_2010s,Ukraine,60.4
Ruslan Zubkov,ruslan zubkov,Zirka Kropyvnytskyi,zirka kropyvnytskyi,2010s,Defender - Centre-Back,155861,8838,8838_zirka_kropyvnytskyi_2010s,Ukraine,58.6
Oleksandr Matkobozhyk,oleksandr matkobozhyk,Zirka Kropyvnytskyi,zirka kropyvnytskyi,2010s,Defender - Centre-Back,468735,8838,8838_zirka_kropyvnytskyi_2010s,Ukraine,58.6
Kyrylo Dryshlyuk,kyrylo dryshlyuk,Zirka Kropyvnytskyi,zirka kropyvnytskyi,2010s,Midfield - Central Midfield,501417,8838,8838_zirka_kropyvnytskyi_2010s,Ukraine,58.6
Oleg Dopilka,oleg dopilka,Zirka Kropyvnytskyi,zirka kropyvnytskyi,2010s,Defender - Centre-Back,58389,8838,8838_zirka_kropyvnytskyi_2010s,Ukraine,51.2
Aitor Fernández,aitor fernandez,Zirka Kropyvnytskyi,zirka kropyvnytskyi,2010s,Defender - Right-Back,58883,8838,8838_zirka_kropyvnytskyi_2010s,Spain,51.2
Vitaliy Gavrysh,vitaliy gavrysh,Zirka Kropyvnytskyi,zirka kropyvnytskyi,2010s,Defender - Centre-Back,59038,8838,8838_zirka_kropyvnytskyi_2010s,Ukraine,51.2
Oleksandr Akymenko,oleksandr akymenko,Zirka Kropyvnytskyi,zirka kropyvnytskyi,2010s,Attack - Centre-Forward,91366,8838,8838_zirka_kropyvnytskyi_2010s,Ukraine,51.2
Oleksandr Kochura,oleksandr kochura,Zirka Kropyvnytskyi,zirka kropyvnytskyi,2010s,Midfield - Attacking Midfield,121011,8838,8838_zirka_kropyvnytskyi_2010s,Ukraine,51.2
Yaroslav Yampol,yaroslav yampol,Zirka Kropyvnytskyi,zirka kropyvnytskyi,2010s,Midfield - Attacking Midfield,169679,8838,8838_zirka_kropyvnytskyi_2010s,Ukraine,51.2
Igor Kalinin,igor kalinin,Zirka Kropyvnytskyi,zirka kropyvnytskyi,2010s,Defender - Left-Back,267396,8838,8838_zirka_kropyvnytskyi_2010s,Russia  Ukraine,51.2
Cécé Pepe,cece pepe,Zirka Kropyvnytskyi,zirka kropyvnytskyi,2010s,Defender - Centre-Back,289434,8838,8838_zirka_kropyvnytskyi_2010s,France  Cote d'Ivoire,51.2
Daniil Kondrakov,daniil kondrakov,Zirka Kropyvnytskyi,zirka kropyvnytskyi,2010s,Attack - Centre-Forward,540186,8838,8838_zirka_kropyvnytskyi_2010s,Russia  Ukraine,51.2
Igor Chenakal,igor chenakal,Zirka Kropyvnytskyi,zirka kropyvnytskyi,2010s,Midfield - Central Midfield,917428,8838,8838_zirka_kropyvnytskyi_2010s,Ukraine,51.2
Maksym Kovalyov,maksym kovalyov,Zirka Kropyvnytskyi,zirka kropyvnytskyi,2010s,Defender - Centre-Back,58402,8838,8838_zirka_kropyvnytskyi_2010s,Ukraine,45.7
Yevgen Seleznyov,yevgen seleznyov,Arsenal Kyiv ( -2019),arsenal kyiv 2019,2000s,Attack - Centre-Forward,59908,9007,9007_arsenal_kyiv__2019_2000s,Ukraine,87.4
Maciej Kowalczyk,maciej kowalczyk,Arsenal Kyiv ( -2019),arsenal kyiv 2019,2000s,Attack - Centre-Forward,27164,9007,9007_arsenal_kyiv__2019_2000s,Poland,85.5
Ionuț Mazilu,ionut mazilu,Arsenal Kyiv ( -2019),arsenal kyiv 2019,2000s,Attack - Centre-Forward,43934,9007,9007_arsenal_kyiv__2019_2000s,Romania,85.3
Andriy Vorobey,andriy vorobey,Arsenal Kyiv ( -2019),arsenal kyiv 2019,2000s,Attack - Centre-Forward,14945,9007,9007_arsenal_kyiv__2019_2000s,Ukraine,82.1
Oleksiy Ivanov,oleksiy ivanov,Arsenal Kyiv ( -2019),arsenal kyiv 2019,2000s,Midfield - Attacking Midfield,28924,9007,9007_arsenal_kyiv__2019_2000s,Ukraine,81.4
Volodymyr Lysenko,volodymyr lysenko,Arsenal Kyiv ( -2019),arsenal kyiv 2019,2000s,Attack - Centre-Forward,58413,9007,9007_arsenal_kyiv__2019_2000s,Ukraine,80.4
Vitaliy Reva,vitaliy reva,Arsenal Kyiv ( -2019),arsenal kyiv 2019,2000s,Goalkeeper,9779,9007,9007_arsenal_kyiv__2019_2000s,Ukraine,79.3
Vyacheslav Kernozenko,vyacheslav kernozenko,Arsenal Kyiv ( -2019),arsenal kyiv 2019,2000s,Goalkeeper,24022,9007,9007_arsenal_kyiv__2019_2000s,Ukraine,75.3
Denys Oliynyk,denys oliynyk,Arsenal Kyiv ( -2019),arsenal kyiv 2019,2000s,Attack - Left Winger,57895,9007,9007_arsenal_kyiv__2019_2000s,Ukraine,75.3
Maksim Shatskikh,maksim shatskikh,Arsenal Kyiv ( -2019),arsenal kyiv 2019,2000s,Attack - Centre-Forward,9798,9007,9007_arsenal_kyiv__2019_2000s,Uzbekistan  Ukraine,75.1
Andriy Khomyn,andriy khomyn,Arsenal Kyiv ( -2019),arsenal kyiv 2019,2000s,Defender - Right-Back,42641,9007,9007_arsenal_kyiv__2019_2000s,Ukraine,74.3
Igor Bazhan,igor bazhan,Arsenal Kyiv ( -2019),arsenal kyiv 2019,2000s,Goalkeeper,27126,9007,9007_arsenal_kyiv__2019_2000s,Ukraine,74.2
Jaba Kankava,jaba kankava,Arsenal Kyiv ( -2019),arsenal kyiv 2019,2000s,Midfield - Defensive Midfield,25758,9007,9007_arsenal_kyiv__2019_2000s,Georgia,73.8
Rolan Gusev,rolan gusev,Arsenal Kyiv ( -2019),arsenal kyiv 2019,2000s,Midfield - Right Midfield,15365,9007,9007_arsenal_kyiv__2019_2000s,Russia,72.9
Igor Skoba,igor skoba,Arsenal Kyiv ( -2019),arsenal kyiv 2019,2000s,Midfield - Central Midfield,12064,9007,9007_arsenal_kyiv__2019_2000s,Ukraine  Russia,72.2
Maksim Aristarkhov,maksim aristarkhov,Arsenal Kyiv ( -2019),arsenal kyiv 2019,2000s,Attack - Centre-Forward,25881,9007,9007_arsenal_kyiv__2019_2000s,Russia,71.5
Andrey Ryabykh,andrey ryabykh,Arsenal Kyiv ( -2019),arsenal kyiv 2019,2000s,Midfield,791429,9007,9007_arsenal_kyiv__2019_2000s,Russia,70.7
Artem Stargorodskyi,artem stargorodskyi,Arsenal Kyiv ( -2019),arsenal kyiv 2019,2000s,Midfield - Central Midfield,59913,9007,9007_arsenal_kyiv__2019_2000s,Ukraine,70.2
Oleksandr Romanchuk,oleksandr romanchuk,Arsenal Kyiv ( -2019),arsenal kyiv 2019,2000s,Defender - Left-Back,59893,9007,9007_arsenal_kyiv__2019_2000s,Ukraine,69.9
Andrey Eshchenko,andrey eshchenko,Arsenal Kyiv ( -2019),arsenal kyiv 2019,2000s,Defender - Right-Back,48987,9007,9007_arsenal_kyiv__2019_2000s,Russia,69.6
Bogdan Shershun,bogdan shershun,Arsenal Kyiv ( -2019),arsenal kyiv 2019,2000s,Defender - Centre-Back,15596,9007,9007_arsenal_kyiv__2019_2000s,Ukraine,69.4
Seweryn Gancarczyk,seweryn gancarczyk,Arsenal Kyiv ( -2019),arsenal kyiv 2019,2000s,Defender - Left-Back,33176,9007,9007_arsenal_kyiv__2019_2000s,Poland,68.6
Oleksandr Batalskyi,oleksandr batalskyi,Arsenal Kyiv ( -2019),arsenal kyiv 2019,2000s,Attack - Centre-Forward,59796,9007,9007_arsenal_kyiv__2019_2000s,Ukraine,68.6
Ivan Peric,ivan peric,Arsenal Kyiv ( -2019),arsenal kyiv 2019,2000s,Attack - Centre-Forward,59881,9007,9007_arsenal_kyiv__2019_2000s,Serbia  Kazakhstan,67.9
Yaroslav Zakharevych,yaroslav zakharevych,Arsenal Kyiv ( -2019),arsenal kyiv 2019,2000s,Midfield - Left Midfield,59924,9007,9007_arsenal_kyiv__2019_2000s,Ukraine,66.3
Oleksandr Grytsay,oleksandr grytsay,Arsenal Kyiv ( -2019),arsenal kyiv 2019,2000s,Midfield - Defensive Midfield,24010,9007,9007_arsenal_kyiv__2019_2000s,Ukraine,65.5
Sergiy Matyukhin,sergiy matyukhin,Arsenal Kyiv ( -2019),arsenal kyiv 2019,2000s,Defender - Centre-Back,24036,9007,9007_arsenal_kyiv__2019_2000s,Ukraine,64.6
Andriy Bogdanov,andriy bogdanov,Arsenal Kyiv ( -2019),arsenal kyiv 2019,2000s,Midfield - Central Midfield,92567,9007,9007_arsenal_kyiv__2019_2000s,Ukraine,64.6
Andriy Raspopov,andriy raspopov,Arsenal Kyiv ( -2019),arsenal kyiv 2019,2000s,Defender - Centre-Back,59886,9007,9007_arsenal_kyiv__2019_2000s,Ukraine  Belarus,62.5
Yevgen Shakhov,yevgen shakhov,Arsenal Kyiv ( -2019),arsenal kyiv 2019,2000s,Midfield - Central Midfield,58970,9007,9007_arsenal_kyiv__2019_2000s,Ukraine,61.9
Dmytro Korkishko,dmytro korkishko,Arsenal Kyiv ( -2019),arsenal kyiv 2019,2000s,Attack - Left Winger,91380,9007,9007_arsenal_kyiv__2019_2000s,Ukraine,61.9
Yevgeniy Shmakov,yevgeniy shmakov,Arsenal Kyiv ( -2019),arsenal kyiv 2019,2000s,Midfield - Defensive Midfield,58251,9007,9007_arsenal_kyiv__2019_2000s,Ukraine,60.4
Volodymyr Chernikov,volodymyr chernikov,Arsenal Kyiv ( -2019),arsenal kyiv 2019,2000s,Midfield - Defensive Midfield,27192,9007,9007_arsenal_kyiv__2019_2000s,Ukraine,56.8
László Bodnár,laszlo bodnar,Arsenal Kyiv ( -2019),arsenal kyiv 2019,2000s,Defender - Right-Back,9783,9007,9007_arsenal_kyiv__2019_2000s,Hungary,51.2
Vyacheslav Sviderskyi,vyacheslav sviderskyi,Arsenal Kyiv ( -2019),arsenal kyiv 2019,2000s,Defender - Centre-Back,15681,9007,9007_arsenal_kyiv__2019_2000s,Ukraine,51.2
Ruslan Kostyshyn,ruslan kostyshyn,Arsenal Kyiv ( -2019),arsenal kyiv 2019,2000s,Midfield - Attacking Midfield,24025,9007,9007_arsenal_kyiv__2019_2000s,Ukraine,51.2
Aleksey Osipov,aleksey osipov,Arsenal Kyiv ( -2019),arsenal kyiv 2019,2000s,Midfield - Central Midfield,43349,9007,9007_arsenal_kyiv__2019_2000s,Russia  Ukraine,51.2
Andriy Smalko,andriy smalko,Arsenal Kyiv ( -2019),arsenal kyiv 2019,2000s,Midfield - Central Midfield,58137,9007,9007_arsenal_kyiv__2019_2000s,Ukraine,51.2
Oleg Gerasymyuk,oleg gerasymyuk,Arsenal Kyiv ( -2019),arsenal kyiv 2019,2000s,Midfield - Central Midfield,59826,9007,9007_arsenal_kyiv__2019_2000s,Ukraine,51.2
Ruslan Chernenko,ruslan chernenko,Arsenal Kyiv ( -2019),arsenal kyiv 2019,2000s,Midfield - Central Midfield,59877,9007,9007_arsenal_kyiv__2019_2000s,Ukraine,51.2
Ruslan Yarosh,ruslan yarosh,Arsenal Kyiv ( -2019),arsenal kyiv 2019,2000s,Midfield - Central Midfield,59922,9007,9007_arsenal_kyiv__2019_2000s,Ukraine,51.2
Oleksandr Sytnyk,oleksandr sytnyk,Arsenal Kyiv ( -2019),arsenal kyiv 2019,2000s,Midfield - Right Midfield,72899,9007,9007_arsenal_kyiv__2019_2000s,Ukraine,51.2
Sergiy Sitalo,sergiy sitalo,Arsenal Kyiv ( -2019),arsenal kyiv 2019,2000s,Goalkeeper,106928,9007,9007_arsenal_kyiv__2019_2000s,Ukraine,51.2
Kostyantyn Derevlyov,kostyantyn derevlyov,Arsenal Kyiv ( -2019),arsenal kyiv 2019,2000s,Midfield - Central Midfield,120994,9007,9007_arsenal_kyiv__2019_2000s,Ukraine,51.2
Maksim Shatskikh,maksim shatskikh,Arsenal Kyiv ( -2019),arsenal kyiv 2019,2010s,Attack - Centre-Forward,9798,9007,9007_arsenal_kyiv__2019_2010s,Uzbekistan  Ukraine,89.7
Oleksandr Kovpak,oleksandr kovpak,Arsenal Kyiv ( -2019),arsenal kyiv 2019,2010s,Attack - Centre-Forward,43332,9007,9007_arsenal_kyiv__2019_2010s,Ukraine,87
Ionuț Mazilu,ionut mazilu,Arsenal Kyiv ( -2019),arsenal kyiv 2019,2010s,Attack - Centre-Forward,43934,9007,9007_arsenal_kyiv__2019_2010s,Romania,85.2
Volodymyr Arzhanov,volodymyr arzhanov,Arsenal Kyiv ( -2019),arsenal kyiv 2019,2010s,Attack - Right Winger,59982,9007,9007_arsenal_kyiv__2019_2010s,Ukraine,84.6
Aleksandre Kobakhidze,aleksandre kobakhidze,Arsenal Kyiv ( -2019),arsenal kyiv 2019,2010s,Midfield - Right Midfield,56698,9007,9007_arsenal_kyiv__2019_2010s,Georgia,83.9
Andriy Bogdanov,andriy bogdanov,Arsenal Kyiv ( -2019),arsenal kyiv 2019,2010s,Midfield - Central Midfield,92567,9007,9007_arsenal_kyiv__2019_2010s,Ukraine,83
Volodymyr Gomenyuk,volodymyr gomenyuk,Arsenal Kyiv ( -2019),arsenal kyiv 2019,2010s,Attack - Centre-Forward,43309,9007,9007_arsenal_kyiv__2019_2010s,Ukraine,82.2
Dominic Adiyiah,dominic adiyiah,Arsenal Kyiv ( -2019),arsenal kyiv 2019,2010s,Attack - Right Winger,85563,9007,9007_arsenal_kyiv__2019_2010s,Ghana,80.9
Artem Stargorodskyi,artem stargorodskyi,Arsenal Kyiv ( -2019),arsenal kyiv 2019,2010s,Midfield - Central Midfield,59913,9007,9007_arsenal_kyiv__2019_2010s,Ukraine,77
Rolan Gusev,rolan gusev,Arsenal Kyiv ( -2019),arsenal kyiv 2019,2010s,Midfield - Right Midfield,15365,9007,9007_arsenal_kyiv__2019_2010s,Russia,75.6
Michael Odibe,michael odibe,Arsenal Kyiv ( -2019),arsenal kyiv 2019,2010s,Defender - Centre-Back,140561,9007,9007_arsenal_kyiv__2019_2010s,Nigeria,74.3
Pavlo Orikhovskyi,pavlo orikhovskyi,Arsenal Kyiv ( -2019),arsenal kyiv 2019,2010s,Midfield - Central Midfield,248936,9007,9007_arsenal_kyiv__2019_2010s,Ukraine,73.8
Artur Avagimyan,artur avagimyan,Arsenal Kyiv ( -2019),arsenal kyiv 2019,2010s,Midfield - Attacking Midfield,244904,9007,9007_arsenal_kyiv__2019_2010s,Ukraine  Armenia,72.2
Yevgen Borovyk,yevgen borovyk,Arsenal Kyiv ( -2019),arsenal kyiv 2019,2010s,Goalkeeper,59024,9007,9007_arsenal_kyiv__2019_2010s,Ukraine,71.9
Sergiy Gryn,sergiy gryn,Arsenal Kyiv ( -2019),arsenal kyiv 2019,2010s,Attack - Left Winger,269374,9007,9007_arsenal_kyiv__2019_2010s,Ukraine,71.5
Sergey Samodin,sergey samodin,Arsenal Kyiv ( -2019),arsenal kyiv 2019,2010s,Attack - Centre-Forward,15593,9007,9007_arsenal_kyiv__2019_2010s,Russia,70.2
Andriy Khomyn,andriy khomyn,Arsenal Kyiv ( -2019),arsenal kyiv 2019,2010s,Defender - Right-Back,42641,9007,9007_arsenal_kyiv__2019_2010s,Ukraine,69.9
Vyacheslav Sharpar,vyacheslav sharpar,Arsenal Kyiv ( -2019),arsenal kyiv 2019,2010s,Midfield - Central Midfield,57901,9007,9007_arsenal_kyiv__2019_2010s,Ukraine,69.6
Vitaliy Reva,vitaliy reva,Arsenal Kyiv ( -2019),arsenal kyiv 2019,2010s,Goalkeeper,9779,9007,9007_arsenal_kyiv__2019_2010s,Ukraine,69.1
Artem Kravets,artem kravets,Arsenal Kyiv ( -2019),arsenal kyiv 2019,2010s,Attack - Centre-Forward,58405,9007,9007_arsenal_kyiv__2019_2010s,Ukraine,69.1
Mladen Bartulovic,mladen bartulovic,Arsenal Kyiv ( -2019),arsenal kyiv 2019,2010s,Midfield - Left Midfield,28179,9007,9007_arsenal_kyiv__2019_2010s,Croatia,68.6
Gaëtan Missi Mezu,gaetan missi mezu,Arsenal Kyiv ( -2019),arsenal kyiv 2019,2010s,Attack - Centre-Forward,407014,9007,9007_arsenal_kyiv__2019_2010s,Gabon  France,67.9
Veli Lampi,veli lampi,Arsenal Kyiv ( -2019),arsenal kyiv 2019,2010s,Defender - Right-Back,37301,9007,9007_arsenal_kyiv__2019_2010s,Finland,67
Oleg Gerasymyuk,oleg gerasymyuk,Arsenal Kyiv ( -2019),arsenal kyiv 2019,2010s,Midfield - Central Midfield,59826,9007,9007_arsenal_kyiv__2019_2010s,Ukraine,67
Andriy Dombrovskyi,andriy dombrovskyi,Arsenal Kyiv ( -2019),arsenal kyiv 2019,2010s,Midfield - Defensive Midfield,381273,9007,9007_arsenal_kyiv__2019_2010s,Ukraine,67
George Florescu,george florescu,Arsenal Kyiv ( -2019),arsenal kyiv 2019,2010s,Midfield - Defensive Midfield,45341,9007,9007_arsenal_kyiv__2019_2010s,Romania,66.7
Vladyslav Kalitvintsev,vladyslav kalitvintsev,Arsenal Kyiv ( -2019),arsenal kyiv 2019,2010s,Midfield - Right Midfield,108710,9007,9007_arsenal_kyiv__2019_2010s,Ukraine  Russia,65.5
Vyacheslav Tankovskyi,vyacheslav tankovskyi,Arsenal Kyiv ( -2019),arsenal kyiv 2019,2010s,Midfield - Central Midfield,213980,9007,9007_arsenal_kyiv__2019_2010s,Ukraine,65.5
Oleksandr Romanchuk,oleksandr romanchuk,Arsenal Kyiv ( -2019),arsenal kyiv 2019,2010s,Defender - Left-Back,59893,9007,9007_arsenal_kyiv__2019_2010s,Ukraine,64.6
Rafael Santos,rafael santos,Arsenal Kyiv ( -2019),arsenal kyiv 2019,2010s,Defender - Centre-Back,45587,9007,9007_arsenal_kyiv__2019_2010s,Brazil  Portugal,63.6
Oleksandr Maksymov,oleksandr maksymov,Arsenal Kyiv ( -2019),arsenal kyiv 2019,2010s,Midfield - Central Midfield,58956,9007,9007_arsenal_kyiv__2019_2010s,Ukraine,63.6
Bogdan Shershun,bogdan shershun,Arsenal Kyiv ( -2019),arsenal kyiv 2019,2010s,Defender - Centre-Back,15596,9007,9007_arsenal_kyiv__2019_2010s,Ukraine,63.3
Yuriy Bushman,yuriy bushman,Arsenal Kyiv ( -2019),arsenal kyiv 2019,2010s,Defender - Left-Back,130264,9007,9007_arsenal_kyiv__2019_2010s,Ukraine,62.9
Sergiy Matyukhin,sergiy matyukhin,Arsenal Kyiv ( -2019),arsenal kyiv 2019,2010s,Defender - Centre-Back,24036,9007,9007_arsenal_kyiv__2019_2010s,Ukraine,61.9
Yaroslav Martynyuk,yaroslav martynyuk,Arsenal Kyiv ( -2019),arsenal kyiv 2019,2010s,Midfield - Central Midfield,58072,9007,9007_arsenal_kyiv__2019_2010s,Ukraine,61.9
Andriy Tkachuk,andriy tkachuk,Arsenal Kyiv ( -2019),arsenal kyiv 2019,2010s,Midfield - Defensive Midfield,58150,9007,9007_arsenal_kyiv__2019_2010s,Ukraine,61.9
Oleksiy Maydanevych,oleksiy maydanevych,Arsenal Kyiv ( -2019),arsenal kyiv 2019,2010s,Defender - Right-Back,201628,9007,9007_arsenal_kyiv__2019_2010s,Ukraine,61.9
Roman Pidkivka,roman pidkivka,Arsenal Kyiv ( -2019),arsenal kyiv 2019,2010s,Goalkeeper,278917,9007,9007_arsenal_kyiv__2019_2010s,Ukraine,61.1
Maksym Feshchuk,maksym feshchuk,Arsenal Kyiv ( -2019),arsenal kyiv 2019,2010s,Attack - Centre-Forward,58008,9007,9007_arsenal_kyiv__2019_2010s,Ukraine,60.4
Maksym Zhychykov,maksym zhychykov,Arsenal Kyiv ( -2019),arsenal kyiv 2019,2010s,Defender - Right-Back,59136,9007,9007_arsenal_kyiv__2019_2010s,Ukraine,60.4
Frantisek Kubik,frantisek kubik,Arsenal Kyiv ( -2019),arsenal kyiv 2019,2010s,Attack - Left Winger,90255,9007,9007_arsenal_kyiv__2019_2010s,Slovakia,60.4
Oleksandr Grytsay,oleksandr grytsay,Arsenal Kyiv ( -2019),arsenal kyiv 2019,2010s,Midfield - Defensive Midfield,24010,9007,9007_arsenal_kyiv__2019_2010s,Ukraine,58.6
Mykola Vechurko,mykola vechurko,Arsenal Kyiv ( -2019),arsenal kyiv 2019,2010s,Midfield - Central Midfield,216842,9007,9007_arsenal_kyiv__2019_2010s,Ukraine,58.6
Artem Shabanov,artem shabanov,Arsenal Kyiv ( -2019),arsenal kyiv 2019,2010s,Defender - Centre-Back,236468,9007,9007_arsenal_kyiv__2019_2010s,Ukraine,58.6
Oleksandr Filippov,oleksandr filippov,Arsenal Kyiv ( -2019),arsenal kyiv 2019,2010s,Attack - Centre-Forward,237623,9007,9007_arsenal_kyiv__2019_2010s,Ukraine,58.6
Sergiy Sitalo,sergiy sitalo,Arsenal Kyiv ( -2019),arsenal kyiv 2019,2010s,Goalkeeper,106928,9007,9007_arsenal_kyiv__2019_2010s,Ukraine,57.1
Bogdan Sarnavskyi,bogdan sarnavskyi,Arsenal Kyiv ( -2019),arsenal kyiv 2019,2010s,Goalkeeper,177276,9007,9007_arsenal_kyiv__2019_2010s,Ukraine,57.1
Milan Obradovic,milan obradovic,Arsenal Kyiv ( -2019),arsenal kyiv 2019,2010s,Defender - Right-Back,8669,9007,9007_arsenal_kyiv__2019_2010s,Serbia,51.2
Sergiy Valyaev,sergiy valyaev,Arsenal Kyiv ( -2019),arsenal kyiv 2019,2010s,Midfield - Central Midfield,24061,9007,9007_arsenal_kyiv__2019_2010s,Ukraine,51.2
Serge Akakpo,serge akakpo,Arsenal Kyiv ( -2019),arsenal kyiv 2019,2010s,Defender - Centre-Back,39316,9007,9007_arsenal_kyiv__2019_2010s,Togo  France,51.2
Andrey Eshchenko,andrey eshchenko,Arsenal Kyiv ( -2019),arsenal kyiv 2019,2010s,Defender - Right-Back,48987,9007,9007_arsenal_kyiv__2019_2010s,Russia,51.2
Vyacheslav Serdyuk,vyacheslav serdyuk,Arsenal Kyiv ( -2019),arsenal kyiv 2019,2010s,Defender - Centre-Back,57900,9007,9007_arsenal_kyiv__2019_2010s,Ukraine,51.2
Kyrylo Petrov,kyrylo petrov,Arsenal Kyiv ( -2019),arsenal kyiv 2019,2010s,Midfield - Defensive Midfield,58427,9007,9007_arsenal_kyiv__2019_2010s,Ukraine,51.2
Vyacheslav Turchanov,vyacheslav turchanov,Arsenal Kyiv ( -2019),arsenal kyiv 2019,2010s,Midfield - Defensive Midfield,58980,9007,9007_arsenal_kyiv__2019_2010s,Ukraine,51.2
Ruslan Chernenko,ruslan chernenko,Arsenal Kyiv ( -2019),arsenal kyiv 2019,2010s,Midfield - Central Midfield,59877,9007,9007_arsenal_kyiv__2019_2010s,Ukraine,51.2
Yaroslav Zakharevych,yaroslav zakharevych,Arsenal Kyiv ( -2019),arsenal kyiv 2019,2010s,Midfield - Left Midfield,59924,9007,9007_arsenal_kyiv__2019_2010s,Ukraine,51.2
Stanislav Bogush,stanislav bogush,Arsenal Kyiv ( -2019),arsenal kyiv 2019,2010s,Goalkeeper,59933,9007,9007_arsenal_kyiv__2019_2010s,Ukraine,51.2
Pelé,pele,Arsenal Kyiv ( -2019),arsenal kyiv 2019,2010s,Midfield - Defensive Midfield,99189,9007,9007_arsenal_kyiv__2019_2010s,Guinea-Bissau  Portugal,51.2
Yevgen Kolesnyk,yevgen kolesnyk,Arsenal Kyiv ( -2019),arsenal kyiv 2019,2010s,Midfield - Central Midfield,130196,9007,9007_arsenal_kyiv__2019_2010s,Ukraine,51.2
Olavale Fabunmi,olavale fabunmi,Arsenal Kyiv ( -2019),arsenal kyiv 2019,2010s,Midfield - Left Midfield,243827,9007,9007_arsenal_kyiv__2019_2010s,Ukraine  Nigeria,51.2
Oleksandr Osman,oleksandr osman,Arsenal Kyiv ( -2019),arsenal kyiv 2019,2010s,Defender - Left-Back,264646,9007,9007_arsenal_kyiv__2019_2010s,Ukraine,51.2
Georgi Kopaliani,georgi kopaliani,Arsenal Kyiv ( -2019),arsenal kyiv 2019,2010s,Goalkeeper,293106,9007,9007_arsenal_kyiv__2019_2010s,Ukraine,51.2
Denys Balanyuk,denys balanyuk,Arsenal Kyiv ( -2019),arsenal kyiv 2019,2010s,Attack - Centre-Forward,308436,9007,9007_arsenal_kyiv__2019_2010s,Ukraine,51.2
Danila Sagutkin,danila sagutkin,Arsenal Kyiv ( -2019),arsenal kyiv 2019,2010s,Defender - Centre-Back,341486,9007,9007_arsenal_kyiv__2019_2010s,Russia  Ukraine,51.2
Yuriy Vakulko,yuriy vakulko,Arsenal Kyiv ( -2019),arsenal kyiv 2019,2010s,Midfield - Central Midfield,369155,9007,9007_arsenal_kyiv__2019_2010s,Ukraine,51.2
Artem Kozak,artem kozak,Arsenal Kyiv ( -2019),arsenal kyiv 2019,2010s,Midfield - Right Midfield,396530,9007,9007_arsenal_kyiv__2019_2010s,Ukraine,51.2
Vladyslav Alekseyev,vladyslav alekseyev,Arsenal Kyiv ( -2019),arsenal kyiv 2019,2010s,Attack - Centre-Forward,396535,9007,9007_arsenal_kyiv__2019_2010s,Ukraine,51.2
Denis Yanakov,denis yanakov,Arsenal Kyiv ( -2019),arsenal kyiv 2019,2010s,Attack - Left Winger,404851,9007,9007_arsenal_kyiv__2019_2010s,Ukraine,51.2
Curtis Yebli,curtis yebli,Arsenal Kyiv ( -2019),arsenal kyiv 2019,2010s,Midfield - Central Midfield,411149,9007,9007_arsenal_kyiv__2019_2010s,Cote d'Ivoire  France,51.2
Maksym Pryadun,maksym pryadun,Arsenal Kyiv ( -2019),arsenal kyiv 2019,2010s,Attack - Centre-Forward,509837,9007,9007_arsenal_kyiv__2019_2010s,Ukraine,51.2
Andriy Stryzhak,andriy stryzhak,Arsenal Kyiv ( -2019),arsenal kyiv 2019,2010s,Midfield - Defensive Midfield,537853,9007,9007_arsenal_kyiv__2019_2010s,Ukraine,51.2
Mykhaylo Mudryk,mykhaylo mudryk,Arsenal Kyiv ( -2019),arsenal kyiv 2019,2010s,Attack - Left Winger,537860,9007,9007_arsenal_kyiv__2019_2010s,Ukraine,51.2
Danyil Sukhoruchko,danyil sukhoruchko,Arsenal Kyiv ( -2019),arsenal kyiv 2019,2010s,Attack - Centre-Forward,539448,9007,9007_arsenal_kyiv__2019_2010s,Ukraine,51.2
Danylo Karas,danylo karas,Arsenal Kyiv ( -2019),arsenal kyiv 2019,2010s,Defender - Centre-Back,606248,9007,9007_arsenal_kyiv__2019_2010s,Ukraine,51.2
Vladyslav Semotyuk,vladyslav semotyuk,Arsenal Kyiv ( -2019),arsenal kyiv 2019,2010s,Midfield - Central Midfield,625144,9007,9007_arsenal_kyiv__2019_2010s,Ukraine,51.2
Yevgen Shakhov,yevgen shakhov,Arsenal Kyiv ( -2019),arsenal kyiv 2019,2010s,Midfield - Central Midfield,58970,9007,9007_arsenal_kyiv__2019_2010s,Ukraine,45.6
