player_name,club_name,decade,position,season,season_club,season_appearances,season_goals,season_assists,season_clean_sheets,season_minutes_played,season_source_name,season_source_url,season_confidence,season_notes
Sergey Polstyanov,Tavriya Simferopol,1990s,FW,1992/93,Tavriya Simferopol,,1,,,,Supplied candidate source / club spell evidence,https://www.transfermarkt.com/sk-tavriya-simferopol/startseite/verein/2227/saison_id/1992 ; https://www.allplayers.in.ua/ua/club_legioner/7,Medium,Single-season club spell 1992/93; sourced club-total goals fall entirely inside this one season/decade. Other season-level stats unavailable in supplied evidence.
Oleksandr Shovkovskyi,Dynamo Kyiv,1990s,GK,1993/94,Dynamo Kyiv,,0,,,,Supplied candidate source / club spell evidence,https://www.allplayers.in.ua/ua/team_players/1,Medium,Season scaffold derived from exact club spell 1993/94-2016/17. Season goals set to 0 because sourced club-total goals for this club are 0; no season-level assists/clean sheets/minutes found in supplied evidence.
Oleksandr Shovkovskyi,Dynamo Kyiv,1990s,GK,1994/95,Dynamo Kyiv,,0,,,,Supplied candidate source / club spell evidence,https://www.allplayers.in.ua/ua/team_players/1,Medium,Season scaffold derived from exact club spell 1993/94-2016/17. Season goals set to 0 because sourced club-total goals for this club are 0; no season-level assists/clean sheets/minutes found in supplied evidence.
Oleksandr Shovkovskyi,Dynamo Kyiv,1990s,GK,1995/96,Dynamo Kyiv,,0,,,,Supplied candidate source / club spell evidence,https://www.allplayers.in.ua/ua/team_players/1,Medium,Season scaffold derived from exact club spell 1993/94-2016/17. Season goals set to 0 because sourced club-total goals for this club are 0; no season-level assists/clean sheets/minutes found in supplied evidence.
Oleksandr Shovkovskyi,Dynamo Kyiv,1990s,GK,1996/97,Dynamo Kyiv,,0,,,,Supplied candidate source / club spell evidence,https://www.allplayers.in.ua/ua/team_players/1,Medium,Season scaffold derived from exact club spell 1993/94-2016/17. Season goals set to 0 because sourced club-total goals for this club are 0; no season-level assists/clean sheets/minutes found in supplied evidence.
Oleksandr Shovkovskyi,Dynamo Kyiv,1990s,GK,1997/98,Dynamo Kyiv,,0,,,,Supplied candidate source / club spell evidence,https://www.allplayers.in.ua/ua/team_players/1,Medium,Season scaffold derived from exact club spell 1993/94-2016/17. Season goals set to 0 because sourced club-total goals for this club are 0; no season-level assists/clean sheets/minutes found in supplied evidence.
Oleksandr Shovkovskyi,Dynamo Kyiv,1990s,GK,1998/99,Dynamo Kyiv,,0,,,,Supplied candidate source / club spell evidence,https://www.allplayers.in.ua/ua/team_players/1,Medium,Season scaffold derived from exact club spell 1993/94-2016/17. Season goals set to 0 because sourced club-total goals for this club are 0; no season-level assists/clean sheets/minutes found in supplied evidence.
Oleksandr Shovkovskyi,Dynamo Kyiv,1990s,GK,1999/00,Dynamo Kyiv,,0,,,,Supplied candidate source / club spell evidence,https://www.allplayers.in.ua/ua/team_players/1,Medium,Season scaffold derived from exact club spell 1993/94-2016/17. Season goals set to 0 because sourced club-total goals for this club are 0; no season-level assists/clean sheets/minutes found in supplied evidence.
Oleksandr Shovkovskyi,Dynamo Kyiv,2000s,GK,2000/01,Dynamo Kyiv,,0,,,,Supplied candidate source / club spell evidence,https://www.allplayers.in.ua/ua/team_players/1,Medium,Season scaffold derived from exact club spell 1993/94-2016/17. Season goals set to 0 because sourced club-total goals for this club are 0; no season-level assists/clean sheets/minutes found in supplied evidence.
Oleksandr Shovkovskyi,Dynamo Kyiv,2000s,GK,2001/02,Dynamo Kyiv,,0,,,,Supplied candidate source / club spell evidence,https://www.allplayers.in.ua/ua/team_players/1,Medium,Season scaffold derived from exact club spell 1993/94-2016/17. Season goals set to 0 because sourced club-total goals for this club are 0; no season-level assists/clean sheets/minutes found in supplied evidence.
Oleksandr Shovkovskyi,Dynamo Kyiv,2000s,GK,2002/03,Dynamo Kyiv,,0,,,,Supplied candidate source / club spell evidence,https://www.allplayers.in.ua/ua/team_players/1,Medium,Season scaffold derived from exact club spell 1993/94-2016/17. Season goals set to 0 because sourced club-total goals for this club are 0; no season-level assists/clean sheets/minutes found in supplied evidence.
Oleksandr Shovkovskyi,Dynamo Kyiv,2000s,GK,2003/04,Dynamo Kyiv,,0,,,,Supplied candidate source / club spell evidence,https://www.allplayers.in.ua/ua/team_players/1,Medium,Season scaffold derived from exact club spell 1993/94-2016/17. Season goals set to 0 because sourced club-total goals for this club are 0; no season-level assists/clean sheets/minutes found in supplied evidence.
Oleksandr Shovkovskyi,Dynamo Kyiv,2000s,GK,2004/05,Dynamo Kyiv,,0,,,,Supplied candidate source / club spell evidence,https://www.allplayers.in.ua/ua/team_players/1,Medium,Season scaffold derived from exact club spell 1993/94-2016/17. Season goals set to 0 because sourced club-total goals for this club are 0; no season-level assists/clean sheets/minutes found in supplied evidence.
Oleksandr Shovkovskyi,Dynamo Kyiv,2000s,GK,2005/06,Dynamo Kyiv,,0,,,,Supplied candidate source / club spell evidence,https://www.allplayers.in.ua/ua/team_players/1,Medium,Season scaffold derived from exact club spell 1993/94-2016/17. Season goals set to 0 because sourced club-total goals for this club are 0; no season-level assists/clean sheets/minutes found in supplied evidence.
Oleksandr Shovkovskyi,Dynamo Kyiv,2000s,GK,2006/07,Dynamo Kyiv,,0,,,,Supplied candidate source / club spell evidence,https://www.allplayers.in.ua/ua/team_players/1,Medium,Season scaffold derived from exact club spell 1993/94-2016/17. Season goals set to 0 because sourced club-total goals for this club are 0; no season-level assists/clean sheets/minutes found in supplied evidence.
Oleksandr Shovkovskyi,Dynamo Kyiv,2000s,GK,2007/08,Dynamo Kyiv,,0,,,,Supplied candidate source / club spell evidence,https://www.allplayers.in.ua/ua/team_players/1,Medium,Season scaffold derived from exact club spell 1993/94-2016/17. Season goals set to 0 because sourced club-total goals for this club are 0; no season-level assists/clean sheets/minutes found in supplied evidence.
Oleksandr Shovkovskyi,Dynamo Kyiv,2000s,GK,2008/09,Dynamo Kyiv,,0,,,,Supplied candidate source / club spell evidence,https://www.allplayers.in.ua/ua/team_players/1,Medium,Season scaffold derived from exact club spell 1993/94-2016/17. Season goals set to 0 because sourced club-total goals for this club are 0; no season-level assists/clean sheets/minutes found in supplied evidence.
Oleksandr Shovkovskyi,Dynamo Kyiv,2000s,GK,2009/10,Dynamo Kyiv,,0,,,,Supplied candidate source / club spell evidence,https://www.allplayers.in.ua/ua/team_players/1,Medium,Season scaffold derived from exact club spell 1993/94-2016/17. Season goals set to 0 because sourced club-total goals for this club are 0; no season-level assists/clean sheets/minutes found in supplied evidence.
Oleksandr Shovkovskyi,Dynamo Kyiv,2010s,GK,2010/11,Dynamo Kyiv,,0,,,,Supplied candidate source / club spell evidence,https://www.allplayers.in.ua/ua/team_players/1,Medium,Season scaffold derived from exact club spell 1993/94-2016/17. Season goals set to 0 because sourced club-total goals for this club are 0; no season-level assists/clean sheets/minutes found in supplied evidence.
Oleksandr Shovkovskyi,Dynamo Kyiv,2010s,GK,2011/12,Dynamo Kyiv,,0,,,,Supplied candidate source / club spell evidence,https://www.allplayers.in.ua/ua/team_players/1,Medium,Season scaffold derived from exact club spell 1993/94-2016/17. Season goals set to 0 because sourced club-total goals for this club are 0; no season-level assists/clean sheets/minutes found in supplied evidence.
Oleksandr Shovkovskyi,Dynamo Kyiv,2010s,GK,2012/13,Dynamo Kyiv,,0,,,,Supplied candidate source / club spell evidence,https://www.allplayers.in.ua/ua/team_players/1,Medium,Season scaffold derived from exact club spell 1993/94-2016/17. Season goals set to 0 because sourced club-total goals for this club are 0; no season-level assists/clean sheets/minutes found in supplied evidence.
Oleksandr Shovkovskyi,Dynamo Kyiv,2010s,GK,2013/14,Dynamo Kyiv,,0,,,,Supplied candidate source / club spell evidence,https://www.allplayers.in.ua/ua/team_players/1,Medium,Season scaffold derived from exact club spell 1993/94-2016/17. Season goals set to 0 because sourced club-total goals for this club are 0; no season-level assists/clean sheets/minutes found in supplied evidence.
Oleksandr Shovkovskyi,Dynamo Kyiv,2010s,GK,2014/15,Dynamo Kyiv,,0,,,,Supplied candidate source / club spell evidence,https://www.allplayers.in.ua/ua/team_players/1,Medium,Season scaffold derived from exact club spell 1993/94-2016/17. Season goals set to 0 because sourced club-total goals for this club are 0; no season-level assists/clean sheets/minutes found in supplied evidence.
Oleksandr Shovkovskyi,Dynamo Kyiv,2010s,GK,2015/16,Dynamo Kyiv,,0,,,,Supplied candidate source / club spell evidence,https://www.allplayers.in.ua/ua/team_players/1,Medium,Season scaffold derived from exact club spell 1993/94-2016/17. Season goals set to 0 because sourced club-total goals for this club are 0; no season-level assists/clean sheets/minutes found in supplied evidence.
Oleksandr Shovkovskyi,Dynamo Kyiv,2010s,GK,2016/17,Dynamo Kyiv,,0,,,,Supplied candidate source / club spell evidence,https://www.allplayers.in.ua/ua/team_players/1,Medium,Season scaffold derived from exact club spell 1993/94-2016/17. Season goals set to 0 because sourced club-total goals for this club are 0; no season-level assists/clean sheets/minutes found in supplied evidence.
Oleg Gusev,Dynamo Kyiv,2000s,RM/RB,2003/04,Dynamo Kyiv,,,,,,Supplied candidate source / club spell evidence,https://www.allplayers.in.ua/ua/team_players/1,Low,"Season scaffold derived from exact club spell 2003/04-2016/17, but season-level appearances/goals/assists/clean sheets/minutes were not reliably available in supplied evidence; numeric stats left blank."
Oleg Gusev,Dynamo Kyiv,2000s,RM/RB,2004/05,Dynamo Kyiv,,,,,,Supplied candidate source / club spell evidence,https://www.allplayers.in.ua/ua/team_players/1,Low,"Season scaffold derived from exact club spell 2003/04-2016/17, but season-level appearances/goals/assists/clean sheets/minutes were not reliably available in supplied evidence; numeric stats left blank."
Oleg Gusev,Dynamo Kyiv,2000s,RM/RB,2005/06,Dynamo Kyiv,,,,,,Supplied candidate source / club spell evidence,https://www.allplayers.in.ua/ua/team_players/1,Low,"Season scaffold derived from exact club spell 2003/04-2016/17, but season-level appearances/goals/assists/clean sheets/minutes were not reliably available in supplied evidence; numeric stats left blank."
Oleg Gusev,Dynamo Kyiv,2000s,RM/RB,2006/07,Dynamo Kyiv,,,,,,Supplied candidate source / club spell evidence,https://www.allplayers.in.ua/ua/team_players/1,Low,"Season scaffold derived from exact club spell 2003/04-2016/17, but season-level appearances/goals/assists/clean sheets/minutes were not reliably available in supplied evidence; numeric stats left blank."
Oleg Gusev,Dynamo Kyiv,2000s,RM/RB,2007/08,Dynamo Kyiv,,,,,,Supplied candidate source / club spell evidence,https://www.allplayers.in.ua/ua/team_players/1,Low,"Season scaffold derived from exact club spell 2003/04-2016/17, but season-level appearances/goals/assists/clean sheets/minutes were not reliably available in supplied evidence; numeric stats left blank."
Oleg Gusev,Dynamo Kyiv,2000s,RM/RB,2008/09,Dynamo Kyiv,,,,,,Supplied candidate source / club spell evidence,https://www.allplayers.in.ua/ua/team_players/1,Low,"Season scaffold derived from exact club spell 2003/04-2016/17, but season-level appearances/goals/assists/clean sheets/minutes were not reliably available in supplied evidence; numeric stats left blank."
Oleg Gusev,Dynamo Kyiv,2000s,RM/RB,2009/10,Dynamo Kyiv,,,,,,Supplied candidate source / club spell evidence,https://www.allplayers.in.ua/ua/team_players/1,Low,"Season scaffold derived from exact club spell 2003/04-2016/17, but season-level appearances/goals/assists/clean sheets/minutes were not reliably available in supplied evidence; numeric stats left blank."
Oleg Gusev,Dynamo Kyiv,2010s,RM/RB,2010/11,Dynamo Kyiv,,,,,,Supplied candidate source / club spell evidence,https://www.allplayers.in.ua/ua/team_players/1,Low,"Season scaffold derived from exact club spell 2003/04-2016/17, but season-level appearances/goals/assists/clean sheets/minutes were not reliably available in supplied evidence; numeric stats left blank."
Oleg Gusev,Dynamo Kyiv,2010s,RM/RB,2011/12,Dynamo Kyiv,,,,,,Supplied candidate source / club spell evidence,https://www.allplayers.in.ua/ua/team_players/1,Low,"Season scaffold derived from exact club spell 2003/04-2016/17, but season-level appearances/goals/assists/clean sheets/minutes were not reliably available in supplied evidence; numeric stats left blank."
Oleg Gusev,Dynamo Kyiv,2010s,RM/RB,2012/13,Dynamo Kyiv,,,,,,Supplied candidate source / club spell evidence,https://www.allplayers.in.ua/ua/team_players/1,Low,"Season scaffold derived from exact club spell 2003/04-2016/17, but season-level appearances/goals/assists/clean sheets/minutes were not reliably available in supplied evidence; numeric stats left blank."
Oleg Gusev,Dynamo Kyiv,2010s,RM/RB,2013/14,Dynamo Kyiv,,,,,,Supplied candidate source / club spell evidence,https://www.allplayers.in.ua/ua/team_players/1,Low,"Season scaffold derived from exact club spell 2003/04-2016/17, but season-level appearances/goals/assists/clean sheets/minutes were not reliably available in supplied evidence; numeric stats left blank."
Oleg Gusev,Dynamo Kyiv,2010s,RM/RB,2014/15,Dynamo Kyiv,,,,,,Supplied candidate source / club spell evidence,https://www.allplayers.in.ua/ua/team_players/1,Low,"Season scaffold derived from exact club spell 2003/04-2016/17, but season-level appearances/goals/assists/clean sheets/minutes were not reliably available in supplied evidence; numeric stats left blank."
Oleg Gusev,Dynamo Kyiv,2010s,RM/RB,2015/16,Dynamo Kyiv,,,,,,Supplied candidate source / club spell evidence,https://www.allplayers.in.ua/ua/team_players/1,Low,"Season scaffold derived from exact club spell 2003/04-2016/17, but season-level appearances/goals/assists/clean sheets/minutes were not reliably available in supplied evidence; numeric stats left blank."
Oleg Gusev,Dynamo Kyiv,2010s,RM/RB,2016/17,Dynamo Kyiv,,,,,,Supplied candidate source / club spell evidence,https://www.allplayers.in.ua/ua/team_players/1,Low,"Season scaffold derived from exact club spell 2003/04-2016/17, but season-level appearances/goals/assists/clean sheets/minutes were not reliably available in supplied evidence; numeric stats left blank."
Andriy Nesmachnyi,Dynamo Kyiv,1990s,LB,1997/98,Dynamo Kyiv,,,,,,Supplied candidate source / club spell evidence,https://www.allplayers.in.ua/ua/team_players/1,Low,"Season scaffold derived from exact club spell 1997/98-2010/11, but season-level appearances/goals/assists/clean sheets/minutes were not reliably available in supplied evidence; numeric stats left blank."
Andriy Nesmachnyi,Dynamo Kyiv,1990s,LB,1998/99,Dynamo Kyiv,,,,,,Supplied candidate source / club spell evidence,https://www.allplayers.in.ua/ua/team_players/1,Low,"Season scaffold derived from exact club spell 1997/98-2010/11, but season-level appearances/goals/assists/clean sheets/minutes were not reliably available in supplied evidence; numeric stats left blank."
Andriy Nesmachnyi,Dynamo Kyiv,1990s,LB,1999/00,Dynamo Kyiv,,,,,,Supplied candidate source / club spell evidence,https://www.allplayers.in.ua/ua/team_players/1,Low,"Season scaffold derived from exact club spell 1997/98-2010/11, but season-level appearances/goals/assists/clean sheets/minutes were not reliably available in supplied evidence; numeric stats left blank."
Andriy Nesmachnyi,Dynamo Kyiv,2000s,LB,2000/01,Dynamo Kyiv,,,,,,Supplied candidate source / club spell evidence,https://www.allplayers.in.ua/ua/team_players/1,Low,"Season scaffold derived from exact club spell 1997/98-2010/11, but season-level appearances/goals/assists/clean sheets/minutes were not reliably available in supplied evidence; numeric stats left blank."
Andriy Nesmachnyi,Dynamo Kyiv,2000s,LB,2001/02,Dynamo Kyiv,,,,,,Supplied candidate source / club spell evidence,https://www.allplayers.in.ua/ua/team_players/1,Low,"Season scaffold derived from exact club spell 1997/98-2010/11, but season-level appearances/goals/assists/clean sheets/minutes were not reliably available in supplied evidence; numeric stats left blank."
Andriy Nesmachnyi,Dynamo Kyiv,2000s,LB,2002/03,Dynamo Kyiv,,,,,,Supplied candidate source / club spell evidence,https://www.allplayers.in.ua/ua/team_players/1,Low,"Season scaffold derived from exact club spell 1997/98-2010/11, but season-level appearances/goals/assists/clean sheets/minutes were not reliably available in supplied evidence; numeric stats left blank."
Andriy Nesmachnyi,Dynamo Kyiv,2000s,LB,2003/04,Dynamo Kyiv,,,,,,Supplied candidate source / club spell evidence,https://www.allplayers.in.ua/ua/team_players/1,Low,"Season scaffold derived from exact club spell 1997/98-2010/11, but season-level appearances/goals/assists/clean sheets/minutes were not reliably available in supplied evidence; numeric stats left blank."
Andriy Nesmachnyi,Dynamo Kyiv,2000s,LB,2004/05,Dynamo Kyiv,,,,,,Supplied candidate source / club spell evidence,https://www.allplayers.in.ua/ua/team_players/1,Low,"Season scaffold derived from exact club spell 1997/98-2010/11, but season-level appearances/goals/assists/clean sheets/minutes were not reliably available in supplied evidence; numeric stats left blank."
Andriy Nesmachnyi,Dynamo Kyiv,2000s,LB,2005/06,Dynamo Kyiv,,,,,,Supplied candidate source / club spell evidence,https://www.allplayers.in.ua/ua/team_players/1,Low,"Season scaffold derived from exact club spell 1997/98-2010/11, but season-level appearances/goals/assists/clean sheets/minutes were not reliably available in supplied evidence; numeric stats left blank."
Andriy Nesmachnyi,Dynamo Kyiv,2000s,LB,2006/07,Dynamo Kyiv,,,,,,Supplied candidate source / club spell evidence,https://www.allplayers.in.ua/ua/team_players/1,Low,"Season scaffold derived from exact club spell 1997/98-2010/11, but season-level appearances/goals/assists/clean sheets/minutes were not reliably available in supplied evidence; numeric stats left blank."
Andriy Nesmachnyi,Dynamo Kyiv,2000s,LB,2007/08,Dynamo Kyiv,,,,,,Supplied candidate source / club spell evidence,https://www.allplayers.in.ua/ua/team_players/1,Low,"Season scaffold derived from exact club spell 1997/98-2010/11, but season-level appearances/goals/assists/clean sheets/minutes were not reliably available in supplied evidence; numeric stats left blank."
Andriy Nesmachnyi,Dynamo Kyiv,2000s,LB,2008/09,Dynamo Kyiv,,,,,,Supplied candidate source / club spell evidence,https://www.allplayers.in.ua/ua/team_players/1,Low,"Season scaffold derived from exact club spell 1997/98-2010/11, but season-level appearances/goals/assists/clean sheets/minutes were not reliably available in supplied evidence; numeric stats left blank."
Andriy Nesmachnyi,Dynamo Kyiv,2000s,LB,2009/10,Dynamo Kyiv,,,,,,Supplied candidate source / club spell evidence,https://www.allplayers.in.ua/ua/team_players/1,Low,"Season scaffold derived from exact club spell 1997/98-2010/11, but season-level appearances/goals/assists/clean sheets/minutes were not reliably available in supplied evidence; numeric stats left blank."
Andriy Nesmachnyi,Dynamo Kyiv,2010s,LB,2010/11,Dynamo Kyiv,,,,,,Supplied candidate source / club spell evidence,https://www.allplayers.in.ua/ua/team_players/1,Low,"Season scaffold derived from exact club spell 1997/98-2010/11, but season-level appearances/goals/assists/clean sheets/minutes were not reliably available in supplied evidence; numeric stats left blank."
Valentyn Belkevych,Dynamo Kyiv,1990s,AM/CM,1996/97,Dynamo Kyiv,,,,,,Supplied candidate source / club spell evidence,https://www.allplayers.in.ua/ua/team_players/1,Low,"Season scaffold derived from exact club spell 1996/97-2007/08, but season-level appearances/goals/assists/clean sheets/minutes were not reliably available in supplied evidence; numeric stats left blank."
Valentyn Belkevych,Dynamo Kyiv,1990s,AM/CM,1997/98,Dynamo Kyiv,,,,,,Supplied candidate source / club spell evidence,https://www.allplayers.in.ua/ua/team_players/1,Low,"Season scaffold derived from exact club spell 1996/97-2007/08, but season-level appearances/goals/assists/clean sheets/minutes were not reliably available in supplied evidence; numeric stats left blank."
Valentyn Belkevych,Dynamo Kyiv,1990s,AM/CM,1998/99,Dynamo Kyiv,,,,,,Supplied candidate source / club spell evidence,https://www.allplayers.in.ua/ua/team_players/1,Low,"Season scaffold derived from exact club spell 1996/97-2007/08, but season-level appearances/goals/assists/clean sheets/minutes were not reliably available in supplied evidence; numeric stats left blank."
Valentyn Belkevych,Dynamo Kyiv,1990s,AM/CM,1999/00,Dynamo Kyiv,,,,,,Supplied candidate source / club spell evidence,https://www.allplayers.in.ua/ua/team_players/1,Low,"Season scaffold derived from exact club spell 1996/97-2007/08, but season-level appearances/goals/assists/clean sheets/minutes were not reliably available in supplied evidence; numeric stats left blank."
Valentyn Belkevych,Dynamo Kyiv,2000s,AM/CM,2000/01,Dynamo Kyiv,,,,,,Supplied candidate source / club spell evidence,https://www.allplayers.in.ua/ua/team_players/1,Low,"Season scaffold derived from exact club spell 1996/97-2007/08, but season-level appearances/goals/assists/clean sheets/minutes were not reliably available in supplied evidence; numeric stats left blank."
Valentyn Belkevych,Dynamo Kyiv,2000s,AM/CM,2001/02,Dynamo Kyiv,,,,,,Supplied candidate source / club spell evidence,https://www.allplayers.in.ua/ua/team_players/1,Low,"Season scaffold derived from exact club spell 1996/97-2007/08, but season-level appearances/goals/assists/clean sheets/minutes were not reliably available in supplied evidence; numeric stats left blank."
Valentyn Belkevych,Dynamo Kyiv,2000s,AM/CM,2002/03,Dynamo Kyiv,,,,,,Supplied candidate source / club spell evidence,https://www.allplayers.in.ua/ua/team_players/1,Low,"Season scaffold derived from exact club spell 1996/97-2007/08, but season-level appearances/goals/assists/clean sheets/minutes were not reliably available in supplied evidence; numeric stats left blank."
Valentyn Belkevych,Dynamo Kyiv,2000s,AM/CM,2003/04,Dynamo Kyiv,,,,,,Supplied candidate source / club spell evidence,https://www.allplayers.in.ua/ua/team_players/1,Low,"Season scaffold derived from exact club spell 1996/97-2007/08, but season-level appearances/goals/assists/clean sheets/minutes were not reliably available in supplied evidence; numeric stats left blank."
Valentyn Belkevych,Dynamo Kyiv,2000s,AM/CM,2004/05,Dynamo Kyiv,,,,,,Supplied candidate source / club spell evidence,https://www.allplayers.in.ua/ua/team_players/1,Low,"Season scaffold derived from exact club spell 1996/97-2007/08, but season-level appearances/goals/assists/clean sheets/minutes were not reliably available in supplied evidence; numeric stats left blank."
Valentyn Belkevych,Dynamo Kyiv,2000s,AM/CM,2005/06,Dynamo Kyiv,,,,,,Supplied candidate source / club spell evidence,https://www.allplayers.in.ua/ua/team_players/1,Low,"Season scaffold derived from exact club spell 1996/97-2007/08, but season-level appearances/goals/assists/clean sheets/minutes were not reliably available in supplied evidence; numeric stats left blank."
Valentyn Belkevych,Dynamo Kyiv,2000s,AM/CM,2006/07,Dynamo Kyiv,,,,,,Supplied candidate source / club spell evidence,https://www.allplayers.in.ua/ua/team_players/1,Low,"Season scaffold derived from exact club spell 1996/97-2007/08, but season-level appearances/goals/assists/clean sheets/minutes were not reliably available in supplied evidence; numeric stats left blank."
Valentyn Belkevych,Dynamo Kyiv,2000s,AM/CM,2007/08,Dynamo Kyiv,,,,,,Supplied candidate source / club spell evidence,https://www.allplayers.in.ua/ua/team_players/1,Low,"Season scaffold derived from exact club spell 1996/97-2007/08, but season-level appearances/goals/assists/clean sheets/minutes were not reliably available in supplied evidence; numeric stats left blank."
Andriy Husin,Dynamo Kyiv,1990s,CM/DM,1993/94,Dynamo Kyiv,,,,,,Supplied candidate source / club spell evidence,https://www.allplayers.in.ua/ua/team_players/1,Low,"Season scaffold derived from exact club spell 1993/94-2004/05, but season-level appearances/goals/assists/clean sheets/minutes were not reliably available in supplied evidence; numeric stats left blank."
Andriy Husin,Dynamo Kyiv,1990s,CM/DM,1994/95,Dynamo Kyiv,,,,,,Supplied candidate source / club spell evidence,https://www.allplayers.in.ua/ua/team_players/1,Low,"Season scaffold derived from exact club spell 1993/94-2004/05, but season-level appearances/goals/assists/clean sheets/minutes were not reliably available in supplied evidence; numeric stats left blank."
Andriy Husin,Dynamo Kyiv,1990s,CM/DM,1995/96,Dynamo Kyiv,,,,,,Supplied candidate source / club spell evidence,https://www.allplayers.in.ua/ua/team_players/1,Low,"Season scaffold derived from exact club spell 1993/94-2004/05, but season-level appearances/goals/assists/clean sheets/minutes were not reliably available in supplied evidence; numeric stats left blank."
Andriy Husin,Dynamo Kyiv,1990s,CM/DM,1996/97,Dynamo Kyiv,,,,,,Supplied candidate source / club spell evidence,https://www.allplayers.in.ua/ua/team_players/1,Low,"Season scaffold derived from exact club spell 1993/94-2004/05, but season-level appearances/goals/assists/clean sheets/minutes were not reliably available in supplied evidence; numeric stats left blank."
Andriy Husin,Dynamo Kyiv,1990s,CM/DM,1997/98,Dynamo Kyiv,,,,,,Supplied candidate source / club spell evidence,https://www.allplayers.in.ua/ua/team_players/1,Low,"Season scaffold derived from exact club spell 1993/94-2004/05, but season-level appearances/goals/assists/clean sheets/minutes were not reliably available in supplied evidence; numeric stats left blank."
Andriy Husin,Dynamo Kyiv,1990s,CM/DM,1998/99,Dynamo Kyiv,,,,,,Supplied candidate source / club spell evidence,https://www.allplayers.in.ua/ua/team_players/1,Low,"Season scaffold derived from exact club spell 1993/94-2004/05, but season-level appearances/goals/assists/clean sheets/minutes were not reliably available in supplied evidence; numeric stats left blank."
Andriy Husin,Dynamo Kyiv,1990s,CM/DM,1999/00,Dynamo Kyiv,,,,,,Supplied candidate source / club spell evidence,https://www.allplayers.in.ua/ua/team_players/1,Low,"Season scaffold derived from exact club spell 1993/94-2004/05, but season-level appearances/goals/assists/clean sheets/minutes were not reliably available in supplied evidence; numeric stats left blank."
Andriy Husin,Dynamo Kyiv,2000s,CM/DM,2000/01,Dynamo Kyiv,,,,,,Supplied candidate source / club spell evidence,https://www.allplayers.in.ua/ua/team_players/1,Low,"Season scaffold derived from exact club spell 1993/94-2004/05, but season-level appearances/goals/assists/clean sheets/minutes were not reliably available in supplied evidence; numeric stats left blank."
Andriy Husin,Dynamo Kyiv,2000s,CM/DM,2001/02,Dynamo Kyiv,,,,,,Supplied candidate source / club spell evidence,https://www.allplayers.in.ua/ua/team_players/1,Low,"Season scaffold derived from exact club spell 1993/94-2004/05, but season-level appearances/goals/assists/clean sheets/minutes were not reliably available in supplied evidence; numeric stats left blank."
Andriy Husin,Dynamo Kyiv,2000s,CM/DM,2002/03,Dynamo Kyiv,,,,,,Supplied candidate source / club spell evidence,https://www.allplayers.in.ua/ua/team_players/1,Low,"Season scaffold derived from exact club spell 1993/94-2004/05, but season-level appearances/goals/assists/clean sheets/minutes were not reliably available in supplied evidence; numeric stats left blank."
Andriy Husin,Dynamo Kyiv,2000s,CM/DM,2003/04,Dynamo Kyiv,,,,,,Supplied candidate source / club spell evidence,https://www.allplayers.in.ua/ua/team_players/1,Low,"Season scaffold derived from exact club spell 1993/94-2004/05, but season-level appearances/goals/assists/clean sheets/minutes were not reliably available in supplied evidence; numeric stats left blank."
Andriy Husin,Dynamo Kyiv,2000s,CM/DM,2004/05,Dynamo Kyiv,,,,,,Supplied candidate source / club spell evidence,https://www.allplayers.in.ua/ua/team_players/1,Low,"Season scaffold derived from exact club spell 1993/94-2004/05, but season-level appearances/goals/assists/clean sheets/minutes were not reliably available in supplied evidence; numeric stats left blank."
Yuriy Kalitvintsev,Dynamo Kyiv,1990s,AM/CM,1994/95,Dynamo Kyiv,,,,,,Supplied candidate source / club spell evidence,https://www.allplayers.in.ua/ua/team_players/1,Low,"Season scaffold derived from exact club spell 1994/95-1999/00, but season-level appearances/goals/assists/clean sheets/minutes were not reliably available in supplied evidence; numeric stats left blank."
Yuriy Kalitvintsev,Dynamo Kyiv,1990s,AM/CM,1995/96,Dynamo Kyiv,,,,,,Supplied candidate source / club spell evidence,https://www.allplayers.in.ua/ua/team_players/1,Low,"Season scaffold derived from exact club spell 1994/95-1999/00, but season-level appearances/goals/assists/clean sheets/minutes were not reliably available in supplied evidence; numeric stats left blank."
Yuriy Kalitvintsev,Dynamo Kyiv,1990s,AM/CM,1996/97,Dynamo Kyiv,,,,,,Supplied candidate source / club spell evidence,https://www.allplayers.in.ua/ua/team_players/1,Low,"Season scaffold derived from exact club spell 1994/95-1999/00, but season-level appearances/goals/assists/clean sheets/minutes were not reliably available in supplied evidence; numeric stats left blank."
Yuriy Kalitvintsev,Dynamo Kyiv,1990s,AM/CM,1997/98,Dynamo Kyiv,,,,,,Supplied candidate source / club spell evidence,https://www.allplayers.in.ua/ua/team_players/1,Low,"Season scaffold derived from exact club spell 1994/95-1999/00, but season-level appearances/goals/assists/clean sheets/minutes were not reliably available in supplied evidence; numeric stats left blank."
Yuriy Kalitvintsev,Dynamo Kyiv,1990s,AM/CM,1998/99,Dynamo Kyiv,,,,,,Supplied candidate source / club spell evidence,https://www.allplayers.in.ua/ua/team_players/1,Low,"Season scaffold derived from exact club spell 1994/95-1999/00, but season-level appearances/goals/assists/clean sheets/minutes were not reliably available in supplied evidence; numeric stats left blank."
Yuriy Kalitvintsev,Dynamo Kyiv,1990s,AM/CM,1999/00,Dynamo Kyiv,,,,,,Supplied candidate source / club spell evidence,https://www.allplayers.in.ua/ua/team_players/1,Low,"Season scaffold derived from exact club spell 1994/95-1999/00, but season-level appearances/goals/assists/clean sheets/minutes were not reliably available in supplied evidence; numeric stats left blank."
Vitaliy Kosovskyi,Dynamo Kyiv,1990s,LM,1994/95,Dynamo Kyiv,,,,,,Supplied candidate source / club spell evidence,https://www.allplayers.in.ua/ua/team_players/1,Low,"Season scaffold derived from exact club spell 1994/95-2002/03, but season-level appearances/goals/assists/clean sheets/minutes were not reliably available in supplied evidence; numeric stats left blank."
Vitaliy Kosovskyi,Dynamo Kyiv,1990s,LM,1995/96,Dynamo Kyiv,,,,,,Supplied candidate source / club spell evidence,https://www.allplayers.in.ua/ua/team_players/1,Low,"Season scaffold derived from exact club spell 1994/95-2002/03, but season-level appearances/goals/assists/clean sheets/minutes were not reliably available in supplied evidence; numeric stats left blank."
Vitaliy Kosovskyi,Dynamo Kyiv,1990s,LM,1996/97,Dynamo Kyiv,,,,,,Supplied candidate source / club spell evidence,https://www.allplayers.in.ua/ua/team_players/1,Low,"Season scaffold derived from exact club spell 1994/95-2002/03, but season-level appearances/goals/assists/clean sheets/minutes were not reliably available in supplied evidence; numeric stats left blank."
Vitaliy Kosovskyi,Dynamo Kyiv,1990s,LM,1997/98,Dynamo Kyiv,,,,,,Supplied candidate source / club spell evidence,https://www.allplayers.in.ua/ua/team_players/1,Low,"Season scaffold derived from exact club spell 1994/95-2002/03, but season-level appearances/goals/assists/clean sheets/minutes were not reliably available in supplied evidence; numeric stats left blank."
Vitaliy Kosovskyi,Dynamo Kyiv,1990s,LM,1998/99,Dynamo Kyiv,,,,,,Supplied candidate source / club spell evidence,https://www.allplayers.in.ua/ua/team_players/1,Low,"Season scaffold derived from exact club spell 1994/95-2002/03, but season-level appearances/goals/assists/clean sheets/minutes were not reliably available in supplied evidence; numeric stats left blank."
Vitaliy Kosovskyi,Dynamo Kyiv,1990s,LM,1999/00,Dynamo Kyiv,,,,,,Supplied candidate source / club spell evidence,https://www.allplayers.in.ua/ua/team_players/1,Low,"Season scaffold derived from exact club spell 1994/95-2002/03, but season-level appearances/goals/assists/clean sheets/minutes were not reliably available in supplied evidence; numeric stats left blank."
Vitaliy Kosovskyi,Dynamo Kyiv,2000s,LM,2000/01,Dynamo Kyiv,,,,,,Supplied candidate source / club spell evidence,https://www.allplayers.in.ua/ua/team_players/1,Low,"Season scaffold derived from exact club spell 1994/95-2002/03, but season-level appearances/goals/assists/clean sheets/minutes were not reliably available in supplied evidence; numeric stats left blank."
Vitaliy Kosovskyi,Dynamo Kyiv,2000s,LM,2001/02,Dynamo Kyiv,,,,,,Supplied candidate source / club spell evidence,https://www.allplayers.in.ua/ua/team_players/1,Low,"Season scaffold derived from exact club spell 1994/95-2002/03, but season-level appearances/goals/assists/clean sheets/minutes were not reliably available in supplied evidence; numeric stats left blank."
Vitaliy Kosovskyi,Dynamo Kyiv,2000s,LM,2002/03,Dynamo Kyiv,,,,,,Supplied candidate source / club spell evidence,https://www.allplayers.in.ua/ua/team_players/1,Low,"Season scaffold derived from exact club spell 1994/95-2002/03, but season-level appearances/goals/assists/clean sheets/minutes were not reliably available in supplied evidence; numeric stats left blank."
Serhiy Fedorov,Dynamo Kyiv,1990s,CB/RB,1992/93,Dynamo Kyiv,,,,,,Supplied candidate source / club spell evidence,https://www.allplayers.in.ua/ua/team_players/1,Low,"Season scaffold derived from exact club spell 1992/93-2008/09, but season-level appearances/goals/assists/clean sheets/minutes were not reliably available in supplied evidence; numeric stats left blank."
Serhiy Fedorov,Dynamo Kyiv,1990s,CB/RB,1993/94,Dynamo Kyiv,,,,,,Supplied candidate source / club spell evidence,https://www.allplayers.in.ua/ua/team_players/1,Low,"Season scaffold derived from exact club spell 1992/93-2008/09, but season-level appearances/goals/assists/clean sheets/minutes were not reliably available in supplied evidence; numeric stats left blank."
Serhiy Fedorov,Dynamo Kyiv,1990s,CB/RB,1994/95,Dynamo Kyiv,,,,,,Supplied candidate source / club spell evidence,https://www.allplayers.in.ua/ua/team_players/1,Low,"Season scaffold derived from exact club spell 1992/93-2008/09, but season-level appearances/goals/assists/clean sheets/minutes were not reliably available in supplied evidence; numeric stats left blank."
Serhiy Fedorov,Dynamo Kyiv,1990s,CB/RB,1995/96,Dynamo Kyiv,,,,,,Supplied candidate source / club spell evidence,https://www.allplayers.in.ua/ua/team_players/1,Low,"Season scaffold derived from exact club spell 1992/93-2008/09, but season-level appearances/goals/assists/clean sheets/minutes were not reliably available in supplied evidence; numeric stats left blank."
Serhiy Fedorov,Dynamo Kyiv,1990s,CB/RB,1996/97,Dynamo Kyiv,,,,,,Supplied candidate source / club spell evidence,https://www.allplayers.in.ua/ua/team_players/1,Low,"Season scaffold derived from exact club spell 1992/93-2008/09, but season-level appearances/goals/assists/clean sheets/minutes were not reliably available in supplied evidence; numeric stats left blank."
Serhiy Fedorov,Dynamo Kyiv,1990s,CB/RB,1997/98,Dynamo Kyiv,,,,,,Supplied candidate source / club spell evidence,https://www.allplayers.in.ua/ua/team_players/1,Low,"Season scaffold derived from exact club spell 1992/93-2008/09, but season-level appearances/goals/assists/clean sheets/minutes were not reliably available in supplied evidence; numeric stats left blank."
Serhiy Fedorov,Dynamo Kyiv,1990s,CB/RB,1998/99,Dynamo Kyiv,,,,,,Supplied candidate source / club spell evidence,https://www.allplayers.in.ua/ua/team_players/1,Low,"Season scaffold derived from exact club spell 1992/93-2008/09, but season-level appearances/goals/assists/clean sheets/minutes were not reliably available in supplied evidence; numeric stats left blank."
Serhiy Fedorov,Dynamo Kyiv,1990s,CB/RB,1999/00,Dynamo Kyiv,,,,,,Supplied candidate source / club spell evidence,https://www.allplayers.in.ua/ua/team_players/1,Low,"Season scaffold derived from exact club spell 1992/93-2008/09, but season-level appearances/goals/assists/clean sheets/minutes were not reliably available in supplied evidence; numeric stats left blank."
Serhiy Fedorov,Dynamo Kyiv,2000s,CB/RB,2000/01,Dynamo Kyiv,,,,,,Supplied candidate source / club spell evidence,https://www.allplayers.in.ua/ua/team_players/1,Low,"Season scaffold derived from exact club spell 1992/93-2008/09, but season-level appearances/goals/assists/clean sheets/minutes were not reliably available in supplied evidence; numeric stats left blank."
Serhiy Fedorov,Dynamo Kyiv,2000s,CB/RB,2001/02,Dynamo Kyiv,,,,,,Supplied candidate source / club spell evidence,https://www.allplayers.in.ua/ua/team_players/1,Low,"Season scaffold derived from exact club spell 1992/93-2008/09, but season-level appearances/goals/assists/clean sheets/minutes were not reliably available in supplied evidence; numeric stats left blank."
Serhiy Fedorov,Dynamo Kyiv,2000s,CB/RB,2002/03,Dynamo Kyiv,,,,,,Supplied candidate source / club spell evidence,https://www.allplayers.in.ua/ua/team_players/1,Low,"Season scaffold derived from exact club spell 1992/93-2008/09, but season-level appearances/goals/assists/clean sheets/minutes were not reliably available in supplied evidence; numeric stats left blank."
Serhiy Fedorov,Dynamo Kyiv,2000s,CB/RB,2003/04,Dynamo Kyiv,,,,,,Supplied candidate source / club spell evidence,https://www.allplayers.in.ua/ua/team_players/1,Low,"Season scaffold derived from exact club spell 1992/93-2008/09, but season-level appearances/goals/assists/clean sheets/minutes were not reliably available in supplied evidence; numeric stats left blank."
Serhiy Fedorov,Dynamo Kyiv,2000s,CB/RB,2004/05,Dynamo Kyiv,,,,,,Supplied candidate source / club spell evidence,https://www.allplayers.in.ua/ua/team_players/1,Low,"Season scaffold derived from exact club spell 1992/93-2008/09, but season-level appearances/goals/assists/clean sheets/minutes were not reliably available in supplied evidence; numeric stats left blank."
Serhiy Fedorov,Dynamo Kyiv,2000s,CB/RB,2005/06,Dynamo Kyiv,,,,,,Supplied candidate source / club spell evidence,https://www.allplayers.in.ua/ua/team_players/1,Low,"Season scaffold derived from exact club spell 1992/93-2008/09, but season-level appearances/goals/assists/clean sheets/minutes were not reliably available in supplied evidence; numeric stats left blank."
Serhiy Fedorov,Dynamo Kyiv,2000s,CB/RB,2006/07,Dynamo Kyiv,,,,,,Supplied candidate source / club spell evidence,https://www.allplayers.in.ua/ua/team_players/1,Low,"Season scaffold derived from exact club spell 1992/93-2008/09, but season-level appearances/goals/assists/clean sheets/minutes were not reliably available in supplied evidence; numeric stats left blank."
Serhiy Fedorov,Dynamo Kyiv,2000s,CB/RB,2007/08,Dynamo Kyiv,,,,,,Supplied candidate source / club spell evidence,https://www.allplayers.in.ua/ua/team_players/1,Low,"Season scaffold derived from exact club spell 1992/93-2008/09, but season-level appearances/goals/assists/clean sheets/minutes were not reliably available in supplied evidence; numeric stats left blank."
Serhiy Fedorov,Dynamo Kyiv,2000s,CB/RB,2008/09,Dynamo Kyiv,,,,,,Supplied candidate source / club spell evidence,https://www.allplayers.in.ua/ua/team_players/1,Low,"Season scaffold derived from exact club spell 1992/93-2008/09, but season-level appearances/goals/assists/clean sheets/minutes were not reliably available in supplied evidence; numeric stats left blank."
Yuriy Dmytrulin,Dynamo Kyiv,1990s,LB/CB,1992/93,Dynamo Kyiv,,,,,,Supplied candidate source / club spell evidence,https://www.allplayers.in.ua/ua/team_players/1,Low,"Season scaffold derived from exact club spell 1992/93-2004/05, but season-level appearances/goals/assists/clean sheets/minutes were not reliably available in supplied evidence; numeric stats left blank."
Yuriy Dmytrulin,Dynamo Kyiv,1990s,LB/CB,1993/94,Dynamo Kyiv,,,,,,Supplied candidate source / club spell evidence,https://www.allplayers.in.ua/ua/team_players/1,Low,"Season scaffold derived from exact club spell 1992/93-2004/05, but season-level appearances/goals/assists/clean sheets/minutes were not reliably available in supplied evidence; numeric stats left blank."
Yuriy Dmytrulin,Dynamo Kyiv,1990s,LB/CB,1994/95,Dynamo Kyiv,,,,,,Supplied candidate source / club spell evidence,https://www.allplayers.in.ua/ua/team_players/1,Low,"Season scaffold derived from exact club spell 1992/93-2004/05, but season-level appearances/goals/assists/clean sheets/minutes were not reliably available in supplied evidence; numeric stats left blank."
Yuriy Dmytrulin,Dynamo Kyiv,1990s,LB/CB,1995/96,Dynamo Kyiv,,,,,,Supplied candidate source / club spell evidence,https://www.allplayers.in.ua/ua/team_players/1,Low,"Season scaffold derived from exact club spell 1992/93-2004/05, but season-level appearances/goals/assists/clean sheets/minutes were not reliably available in supplied evidence; numeric stats left blank."
Yuriy Dmytrulin,Dynamo Kyiv,1990s,LB/CB,1996/97,Dynamo Kyiv,,,,,,Supplied candidate source / club spell evidence,https://www.allplayers.in.ua/ua/team_players/1,Low,"Season scaffold derived from exact club spell 1992/93-2004/05, but season-level appearances/goals/assists/clean sheets/minutes were not reliably available in supplied evidence; numeric stats left blank."
Yuriy Dmytrulin,Dynamo Kyiv,1990s,LB/CB,1997/98,Dynamo Kyiv,,,,,,Supplied candidate source / club spell evidence,https://www.allplayers.in.ua/ua/team_players/1,Low,"Season scaffold derived from exact club spell 1992/93-2004/05, but season-level appearances/goals/assists/clean sheets/minutes were not reliably available in supplied evidence; numeric stats left blank."
Yuriy Dmytrulin,Dynamo Kyiv,1990s,LB/CB,1998/99,Dynamo Kyiv,,,,,,Supplied candidate source / club spell evidence,https://www.allplayers.in.ua/ua/team_players/1,Low,"Season scaffold derived from exact club spell 1992/93-2004/05, but season-level appearances/goals/assists/clean sheets/minutes were not reliably available in supplied evidence; numeric stats left blank."
Yuriy Dmytrulin,Dynamo Kyiv,1990s,LB/CB,1999/00,Dynamo Kyiv,,,,,,Supplied candidate source / club spell evidence,https://www.allplayers.in.ua/ua/team_players/1,Low,"Season scaffold derived from exact club spell 1992/93-2004/05, but season-level appearances/goals/assists/clean sheets/minutes were not reliably available in supplied evidence; numeric stats left blank."
Yuriy Dmytrulin,Dynamo Kyiv,2000s,LB/CB,2000/01,Dynamo Kyiv,,,,,,Supplied candidate source / club spell evidence,https://www.allplayers.in.ua/ua/team_players/1,Low,"Season scaffold derived from exact club spell 1992/93-2004/05, but season-level appearances/goals/assists/clean sheets/minutes were not reliably available in supplied evidence; numeric stats left blank."
Yuriy Dmytrulin,Dynamo Kyiv,2000s,LB/CB,2001/02,Dynamo Kyiv,,,,,,Supplied candidate source / club spell evidence,https://www.allplayers.in.ua/ua/team_players/1,Low,"Season scaffold derived from exact club spell 1992/93-2004/05, but season-level appearances/goals/assists/clean sheets/minutes were not reliably available in supplied evidence; numeric stats left blank."
Yuriy Dmytrulin,Dynamo Kyiv,2000s,LB/CB,2002/03,Dynamo Kyiv,,,,,,Supplied candidate source / club spell evidence,https://www.allplayers.in.ua/ua/team_players/1,Low,"Season scaffold derived from exact club spell 1992/93-2004/05, but season-level appearances/goals/assists/clean sheets/minutes were not reliably available in supplied evidence; numeric stats left blank."
Yuriy Dmytrulin,Dynamo Kyiv,2000s,LB/CB,2003/04,Dynamo Kyiv,,,,,,Supplied candidate source / club spell evidence,https://www.allplayers.in.ua/ua/team_players/1,Low,"Season scaffold derived from exact club spell 1992/93-2004/05, but season-level appearances/goals/assists/clean sheets/minutes were not reliably available in supplied evidence; numeric stats left blank."
Yuriy Dmytrulin,Dynamo Kyiv,2000s,LB/CB,2004/05,Dynamo Kyiv,,,,,,Supplied candidate source / club spell evidence,https://www.allplayers.in.ua/ua/team_players/1,Low,"Season scaffold derived from exact club spell 1992/93-2004/05, but season-level appearances/goals/assists/clean sheets/minutes were not reliably available in supplied evidence; numeric stats left blank."
Taras Mykhalyk,Dynamo Kyiv,2000s,CB/DM,2006/07,Dynamo Kyiv,,,,,,Supplied candidate source / club spell evidence,https://www.allplayers.in.ua/ua/team_players/1,Low,"Season scaffold derived from exact club spell 2006/07-2012/13, but season-level appearances/goals/assists/clean sheets/minutes were not reliably available in supplied evidence; numeric stats left blank."
Taras Mykhalyk,Dynamo Kyiv,2000s,CB/DM,2007/08,Dynamo Kyiv,,,,,,Supplied candidate source / club spell evidence,https://www.allplayers.in.ua/ua/team_players/1,Low,"Season scaffold derived from exact club spell 2006/07-2012/13, but season-level appearances/goals/assists/clean sheets/minutes were not reliably available in supplied evidence; numeric stats left blank."
Taras Mykhalyk,Dynamo Kyiv,2000s,CB/DM,2008/09,Dynamo Kyiv,,,,,,Supplied candidate source / club spell evidence,https://www.allplayers.in.ua/ua/team_players/1,Low,"Season scaffold derived from exact club spell 2006/07-2012/13, but season-level appearances/goals/assists/clean sheets/minutes were not reliably available in supplied evidence; numeric stats left blank."
Taras Mykhalyk,Dynamo Kyiv,2000s,CB/DM,2009/10,Dynamo Kyiv,,,,,,Supplied candidate source / club spell evidence,https://www.allplayers.in.ua/ua/team_players/1,Low,"Season scaffold derived from exact club spell 2006/07-2012/13, but season-level appearances/goals/assists/clean sheets/minutes were not reliably available in supplied evidence; numeric stats left blank."
Taras Mykhalyk,Dynamo Kyiv,2010s,CB/DM,2010/11,Dynamo Kyiv,,,,,,Supplied candidate source / club spell evidence,https://www.allplayers.in.ua/ua/team_players/1,Low,"Season scaffold derived from exact club spell 2006/07-2012/13, but season-level appearances/goals/assists/clean sheets/minutes were not reliably available in supplied evidence; numeric stats left blank."
Taras Mykhalyk,Dynamo Kyiv,2010s,CB/DM,2011/12,Dynamo Kyiv,,,,,,Supplied candidate source / club spell evidence,https://www.allplayers.in.ua/ua/team_players/1,Low,"Season scaffold derived from exact club spell 2006/07-2012/13, but season-level appearances/goals/assists/clean sheets/minutes were not reliably available in supplied evidence; numeric stats left blank."
Taras Mykhalyk,Dynamo Kyiv,2010s,CB/DM,2012/13,Dynamo Kyiv,,,,,,Supplied candidate source / club spell evidence,https://www.allplayers.in.ua/ua/team_players/1,Low,"Season scaffold derived from exact club spell 2006/07-2012/13, but season-level appearances/goals/assists/clean sheets/minutes were not reliably available in supplied evidence; numeric stats left blank."
Florin Cernat,Dynamo Kyiv,2000s,AM,2001/02,Dynamo Kyiv,,,,,,Supplied candidate source / club spell evidence,https://www.allplayers.in.ua/ua/team_players/1,Low,"Season scaffold derived from exact club spell 2001/02-2008/09, but season-level appearances/goals/assists/clean sheets/minutes were not reliably available in supplied evidence; numeric stats left blank."
Florin Cernat,Dynamo Kyiv,2000s,AM,2002/03,Dynamo Kyiv,,,,,,Supplied candidate source / club spell evidence,https://www.allplayers.in.ua/ua/team_players/1,Low,"Season scaffold derived from exact club spell 2001/02-2008/09, but season-level appearances/goals/assists/clean sheets/minutes were not reliably available in supplied evidence; numeric stats left blank."
Florin Cernat,Dynamo Kyiv,2000s,AM,2003/04,Dynamo Kyiv,,,,,,Supplied candidate source / club spell evidence,https://www.allplayers.in.ua/ua/team_players/1,Low,"Season scaffold derived from exact club spell 2001/02-2008/09, but season-level appearances/goals/assists/clean sheets/minutes were not reliably available in supplied evidence; numeric stats left blank."
Florin Cernat,Dynamo Kyiv,2000s,AM,2004/05,Dynamo Kyiv,,,,,,Supplied candidate source / club spell evidence,https://www.allplayers.in.ua/ua/team_players/1,Low,"Season scaffold derived from exact club spell 2001/02-2008/09, but season-level appearances/goals/assists/clean sheets/minutes were not reliably available in supplied evidence; numeric stats left blank."
Florin Cernat,Dynamo Kyiv,2000s,AM,2005/06,Dynamo Kyiv,,,,,,Supplied candidate source / club spell evidence,https://www.allplayers.in.ua/ua/team_players/1,Low,"Season scaffold derived from exact club spell 2001/02-2008/09, but season-level appearances/goals/assists/clean sheets/minutes were not reliably available in supplied evidence; numeric stats left blank."
Florin Cernat,Dynamo Kyiv,2000s,AM,2006/07,Dynamo Kyiv,,,,,,Supplied candidate source / club spell evidence,https://www.allplayers.in.ua/ua/team_players/1,Low,"Season scaffold derived from exact club spell 2001/02-2008/09, but season-level appearances/goals/assists/clean sheets/minutes were not reliably available in supplied evidence; numeric stats left blank."
Florin Cernat,Dynamo Kyiv,2000s,AM,2007/08,Dynamo Kyiv,,,,,,Supplied candidate source / club spell evidence,https://www.allplayers.in.ua/ua/team_players/1,Low,"Season scaffold derived from exact club spell 2001/02-2008/09, but season-level appearances/goals/assists/clean sheets/minutes were not reliably available in supplied evidence; numeric stats left blank."
Florin Cernat,Dynamo Kyiv,2000s,AM,2008/09,Dynamo Kyiv,,,,,,Supplied candidate source / club spell evidence,https://www.allplayers.in.ua/ua/team_players/1,Low,"Season scaffold derived from exact club spell 2001/02-2008/09, but season-level appearances/goals/assists/clean sheets/minutes were not reliably available in supplied evidence; numeric stats left blank."
Diogo Rincon,Dynamo Kyiv,2000s,AM/FW,2002/03,Dynamo Kyiv,,,,,,Supplied candidate source / club spell evidence,https://www.allplayers.in.ua/ua/team_players/1,Low,"Season scaffold derived from exact club spell 2002/03-2007/08, but season-level appearances/goals/assists/clean sheets/minutes were not reliably available in supplied evidence; numeric stats left blank."
Diogo Rincon,Dynamo Kyiv,2000s,AM/FW,2003/04,Dynamo Kyiv,,,,,,Supplied candidate source / club spell evidence,https://www.allplayers.in.ua/ua/team_players/1,Low,"Season scaffold derived from exact club spell 2002/03-2007/08, but season-level appearances/goals/assists/clean sheets/minutes were not reliably available in supplied evidence; numeric stats left blank."
Diogo Rincon,Dynamo Kyiv,2000s,AM/FW,2004/05,Dynamo Kyiv,,,,,,Supplied candidate source / club spell evidence,https://www.allplayers.in.ua/ua/team_players/1,Low,"Season scaffold derived from exact club spell 2002/03-2007/08, but season-level appearances/goals/assists/clean sheets/minutes were not reliably available in supplied evidence; numeric stats left blank."
Diogo Rincon,Dynamo Kyiv,2000s,AM/FW,2005/06,Dynamo Kyiv,,,,,,Supplied candidate source / club spell evidence,https://www.allplayers.in.ua/ua/team_players/1,Low,"Season scaffold derived from exact club spell 2002/03-2007/08, but season-level appearances/goals/assists/clean sheets/minutes were not reliably available in supplied evidence; numeric stats left blank."
Diogo Rincon,Dynamo Kyiv,2000s,AM/FW,2006/07,Dynamo Kyiv,,,,,,Supplied candidate source / club spell evidence,https://www.allplayers.in.ua/ua/team_players/1,Low,"Season scaffold derived from exact club spell 2002/03-2007/08, but season-level appearances/goals/assists/clean sheets/minutes were not reliably available in supplied evidence; numeric stats left blank."
Diogo Rincon,Dynamo Kyiv,2000s,AM/FW,2007/08,Dynamo Kyiv,,,,,,Supplied candidate source / club spell evidence,https://www.allplayers.in.ua/ua/team_players/1,Low,"Season scaffold derived from exact club spell 2002/03-2007/08, but season-level appearances/goals/assists/clean sheets/minutes were not reliably available in supplied evidence; numeric stats left blank."
Viktor Tsygankov,Dynamo Kyiv,2010s,RM/AM,2016/17,Dynamo Kyiv,,,,,,Supplied candidate source / club spell evidence,https://www.allplayers.in.ua/ua/team_players/1,Low,"Season scaffold derived from exact club spell 2016/17-2022/23, but season-level appearances/goals/assists/clean sheets/minutes were not reliably available in supplied evidence; numeric stats left blank."
Viktor Tsygankov,Dynamo Kyiv,2010s,RM/AM,2017/18,Dynamo Kyiv,,,,,,Supplied candidate source / club spell evidence,https://www.allplayers.in.ua/ua/team_players/1,Low,"Season scaffold derived from exact club spell 2016/17-2022/23, but season-level appearances/goals/assists/clean sheets/minutes were not reliably available in supplied evidence; numeric stats left blank."
Viktor Tsygankov,Dynamo Kyiv,2010s,RM/AM,2018/19,Dynamo Kyiv,,,,,,Supplied candidate source / club spell evidence,https://www.allplayers.in.ua/ua/team_players/1,Low,"Season scaffold derived from exact club spell 2016/17-2022/23, but season-level appearances/goals/assists/clean sheets/minutes were not reliably available in supplied evidence; numeric stats left blank."
Viktor Tsygankov,Dynamo Kyiv,2010s,RM/AM,2019/20,Dynamo Kyiv,,,,,,Supplied candidate source / club spell evidence,https://www.allplayers.in.ua/ua/team_players/1,Low,"Season scaffold derived from exact club spell 2016/17-2022/23, but season-level appearances/goals/assists/clean sheets/minutes were not reliably available in supplied evidence; numeric stats left blank."
Viktor Tsygankov,Dynamo Kyiv,2020s,RM/AM,2020/21,Dynamo Kyiv,,,,,,Supplied candidate source / club spell evidence,https://www.allplayers.in.ua/ua/team_players/1,Low,"Season scaffold derived from exact club spell 2016/17-2022/23, but season-level appearances/goals/assists/clean sheets/minutes were not reliably available in supplied evidence; numeric stats left blank."
Viktor Tsygankov,Dynamo Kyiv,2020s,RM/AM,2021/22,Dynamo Kyiv,,,,,,Supplied candidate source / club spell evidence,https://www.allplayers.in.ua/ua/team_players/1,Low,"Season scaffold derived from exact club spell 2016/17-2022/23, but season-level appearances/goals/assists/clean sheets/minutes were not reliably available in supplied evidence; numeric stats left blank."
Viktor Tsygankov,Dynamo Kyiv,2020s,RM/AM,2022/23,Dynamo Kyiv,,,,,,Supplied candidate source / club spell evidence,https://www.allplayers.in.ua/ua/team_players/1,Low,"Season scaffold derived from exact club spell 2016/17-2022/23, but season-level appearances/goals/assists/clean sheets/minutes were not reliably available in supplied evidence; numeric stats left blank."
Anatoliy Tymoshchuk,Shakhtar Donetsk,1990s,DM/CM,1997/98,Shakhtar Donetsk,,,,,,Supplied candidate source / club spell evidence,https://www.allplayers.in.ua/ua/team_players/2,Low,"Season scaffold derived from exact club spell 1997/98-2006/07, but season-level appearances/goals/assists/clean sheets/minutes were not reliably available in supplied evidence; numeric stats left blank."
Anatoliy Tymoshchuk,Shakhtar Donetsk,1990s,DM/CM,1998/99,Shakhtar Donetsk,,,,,,Supplied candidate source / club spell evidence,https://www.allplayers.in.ua/ua/team_players/2,Low,"Season scaffold derived from exact club spell 1997/98-2006/07, but season-level appearances/goals/assists/clean sheets/minutes were not reliably available in supplied evidence; numeric stats left blank."
Anatoliy Tymoshchuk,Shakhtar Donetsk,1990s,DM/CM,1999/00,Shakhtar Donetsk,,,,,,Supplied candidate source / club spell evidence,https://www.allplayers.in.ua/ua/team_players/2,Low,"Season scaffold derived from exact club spell 1997/98-2006/07, but season-level appearances/goals/assists/clean sheets/minutes were not reliably available in supplied evidence; numeric stats left blank."
Anatoliy Tymoshchuk,Shakhtar Donetsk,2000s,DM/CM,2000/01,Shakhtar Donetsk,,,,,,Supplied candidate source / club spell evidence,https://www.allplayers.in.ua/ua/team_players/2,Low,"Season scaffold derived from exact club spell 1997/98-2006/07, but season-level appearances/goals/assists/clean sheets/minutes were not reliably available in supplied evidence; numeric stats left blank."
Anatoliy Tymoshchuk,Shakhtar Donetsk,2000s,DM/CM,2001/02,Shakhtar Donetsk,,,,,,Supplied candidate source / club spell evidence,https://www.allplayers.in.ua/ua/team_players/2,Low,"Season scaffold derived from exact club spell 1997/98-2006/07, but season-level appearances/goals/assists/clean sheets/minutes were not reliably available in supplied evidence; numeric stats left blank."
Anatoliy Tymoshchuk,Shakhtar Donetsk,2000s,DM/CM,2002/03,Shakhtar Donetsk,,,,,,Supplied candidate source / club spell evidence,https://www.allplayers.in.ua/ua/team_players/2,Low,"Season scaffold derived from exact club spell 1997/98-2006/07, but season-level appearances/goals/assists/clean sheets/minutes were not reliably available in supplied evidence; numeric stats left blank."
Anatoliy Tymoshchuk,Shakhtar Donetsk,2000s,DM/CM,2003/04,Shakhtar Donetsk,,,,,,Supplied candidate source / club spell evidence,https://www.allplayers.in.ua/ua/team_players/2,Low,"Season scaffold derived from exact club spell 1997/98-2006/07, but season-level appearances/goals/assists/clean sheets/minutes were not reliably available in supplied evidence; numeric stats left blank."
Anatoliy Tymoshchuk,Shakhtar Donetsk,2000s,DM/CM,2004/05,Shakhtar Donetsk,,,,,,Supplied candidate source / club spell evidence,https://www.allplayers.in.ua/ua/team_players/2,Low,"Season scaffold derived from exact club spell 1997/98-2006/07, but season-level appearances/goals/assists/clean sheets/minutes were not reliably available in supplied evidence; numeric stats left blank."
Anatoliy Tymoshchuk,Shakhtar Donetsk,2000s,DM/CM,2005/06,Shakhtar Donetsk,,,,,,Supplied candidate source / club spell evidence,https://www.allplayers.in.ua/ua/team_players/2,Low,"Season scaffold derived from exact club spell 1997/98-2006/07, but season-level appearances/goals/assists/clean sheets/minutes were not reliably available in supplied evidence; numeric stats left blank."
Anatoliy Tymoshchuk,Shakhtar Donetsk,2000s,DM/CM,2006/07,Shakhtar Donetsk,,,,,,Supplied candidate source / club spell evidence,https://www.allplayers.in.ua/ua/team_players/2,Low,"Season scaffold derived from exact club spell 1997/98-2006/07, but season-level appearances/goals/assists/clean sheets/minutes were not reliably available in supplied evidence; numeric stats left blank."
Brandao,Shakhtar Donetsk,2000s,FW,2002/03,Shakhtar Donetsk,,,,,,Supplied candidate source / club spell evidence,https://www.allplayers.in.ua/ua/team_players/2,Low,"Season scaffold derived from exact club spell 2002/03-2008/09, but season-level appearances/goals/assists/clean sheets/minutes were not reliably available in supplied evidence; numeric stats left blank."
Brandao,Shakhtar Donetsk,2000s,FW,2003/04,Shakhtar Donetsk,,,,,,Supplied candidate source / club spell evidence,https://www.allplayers.in.ua/ua/team_players/2,Low,"Season scaffold derived from exact club spell 2002/03-2008/09, but season-level appearances/goals/assists/clean sheets/minutes were not reliably available in supplied evidence; numeric stats left blank."
Brandao,Shakhtar Donetsk,2000s,FW,2004/05,Shakhtar Donetsk,,,,,,Supplied candidate source / club spell evidence,https://www.allplayers.in.ua/ua/team_players/2,Low,"Season scaffold derived from exact club spell 2002/03-2008/09, but season-level appearances/goals/assists/clean sheets/minutes were not reliably available in supplied evidence; numeric stats left blank."
Brandao,Shakhtar Donetsk,2000s,FW,2005/06,Shakhtar Donetsk,,,,,,Supplied candidate source / club spell evidence,https://www.allplayers.in.ua/ua/team_players/2,Low,"Season scaffold derived from exact club spell 2002/03-2008/09, but season-level appearances/goals/assists/clean sheets/minutes were not reliably available in supplied evidence; numeric stats left blank."
Brandao,Shakhtar Donetsk,2000s,FW,2006/07,Shakhtar Donetsk,,,,,,Supplied candidate source / club spell evidence,https://www.allplayers.in.ua/ua/team_players/2,Low,"Season scaffold derived from exact club spell 2002/03-2008/09, but season-level appearances/goals/assists/clean sheets/minutes were not reliably available in supplied evidence; numeric stats left blank."
Brandao,Shakhtar Donetsk,2000s,FW,2007/08,Shakhtar Donetsk,,,,,,Supplied candidate source / club spell evidence,https://www.allplayers.in.ua/ua/team_players/2,Low,"Season scaffold derived from exact club spell 2002/03-2008/09, but season-level appearances/goals/assists/clean sheets/minutes were not reliably available in supplied evidence; numeric stats left blank."
Brandao,Shakhtar Donetsk,2000s,FW,2008/09,Shakhtar Donetsk,,,,,,Supplied candidate source / club spell evidence,https://www.allplayers.in.ua/ua/team_players/2,Low,"Season scaffold derived from exact club spell 2002/03-2008/09, but season-level appearances/goals/assists/clean sheets/minutes were not reliably available in supplied evidence; numeric stats left blank."
Gennadiy Zubov,Shakhtar Donetsk,1990s,RM/AM,1994/95,Shakhtar Donetsk,,,,,,Supplied candidate source / club spell evidence,https://www.allplayers.in.ua/ua/team_players/2,Low,"Season scaffold derived from exact club spell 1994/95-2003/04, but season-level appearances/goals/assists/clean sheets/minutes were not reliably available in supplied evidence; numeric stats left blank."
Gennadiy Zubov,Shakhtar Donetsk,1990s,RM/AM,1995/96,Shakhtar Donetsk,,,,,,Supplied candidate source / club spell evidence,https://www.allplayers.in.ua/ua/team_players/2,Low,"Season scaffold derived from exact club spell 1994/95-2003/04, but season-level appearances/goals/assists/clean sheets/minutes were not reliably available in supplied evidence; numeric stats left blank."
Gennadiy Zubov,Shakhtar Donetsk,1990s,RM/AM,1996/97,Shakhtar Donetsk,,,,,,Supplied candidate source / club spell evidence,https://www.allplayers.in.ua/ua/team_players/2,Low,"Season scaffold derived from exact club spell 1994/95-2003/04, but season-level appearances/goals/assists/clean sheets/minutes were not reliably available in supplied evidence; numeric stats left blank."
Gennadiy Zubov,Shakhtar Donetsk,1990s,RM/AM,1997/98,Shakhtar Donetsk,,,,,,Supplied candidate source / club spell evidence,https://www.allplayers.in.ua/ua/team_players/2,Low,"Season scaffold derived from exact club spell 1994/95-2003/04, but season-level appearances/goals/assists/clean sheets/minutes were not reliably available in supplied evidence; numeric stats left blank."
Gennadiy Zubov,Shakhtar Donetsk,1990s,RM/AM,1998/99,Shakhtar Donetsk,,,,,,Supplied candidate source / club spell evidence,https://www.allplayers.in.ua/ua/team_players/2,Low,"Season scaffold derived from exact club spell 1994/95-2003/04, but season-level appearances/goals/assists/clean sheets/minutes were not reliably available in supplied evidence; numeric stats left blank."
Gennadiy Zubov,Shakhtar Donetsk,1990s,RM/AM,1999/00,Shakhtar Donetsk,,,,,,Supplied candidate source / club spell evidence,https://www.allplayers.in.ua/ua/team_players/2,Low,"Season scaffold derived from exact club spell 1994/95-2003/04, but season-level appearances/goals/assists/clean sheets/minutes were not reliably available in supplied evidence; numeric stats left blank."
Gennadiy Zubov,Shakhtar Donetsk,2000s,RM/AM,2000/01,Shakhtar Donetsk,,,,,,Supplied candidate source / club spell evidence,https://www.allplayers.in.ua/ua/team_players/2,Low,"Season scaffold derived from exact club spell 1994/95-2003/04, but season-level appearances/goals/assists/clean sheets/minutes were not reliably available in supplied evidence; numeric stats left blank."
Gennadiy Zubov,Shakhtar Donetsk,2000s,RM/AM,2001/02,Shakhtar Donetsk,,,,,,Supplied candidate source / club spell evidence,https://www.allplayers.in.ua/ua/team_players/2,Low,"Season scaffold derived from exact club spell 1994/95-2003/04, but season-level appearances/goals/assists/clean sheets/minutes were not reliably available in supplied evidence; numeric stats left blank."
Gennadiy Zubov,Shakhtar Donetsk,2000s,RM/AM,2002/03,Shakhtar Donetsk,,,,,,Supplied candidate source / club spell evidence,https://www.allplayers.in.ua/ua/team_players/2,Low,"Season scaffold derived from exact club spell 1994/95-2003/04, but season-level appearances/goals/assists/clean sheets/minutes were not reliably available in supplied evidence; numeric stats left blank."
Gennadiy Zubov,Shakhtar Donetsk,2000s,RM/AM,2003/04,Shakhtar Donetsk,,,,,,Supplied candidate source / club spell evidence,https://www.allplayers.in.ua/ua/team_players/2,Low,"Season scaffold derived from exact club spell 1994/95-2003/04, but season-level appearances/goals/assists/clean sheets/minutes were not reliably available in supplied evidence; numeric stats left blank."
Olexiy Belik,Shakhtar Donetsk,2000s,FW,2000/01,Shakhtar Donetsk,,,,,,Supplied candidate source / club spell evidence,https://www.allplayers.in.ua/ua/team_players/2,Low,"Season scaffold derived from exact club spell 1999/00-2007/08, but season-level appearances/goals/assists/clean sheets/minutes were not reliably available in supplied evidence; numeric stats left blank."
Olexiy Belik,Shakhtar Donetsk,2000s,FW,2001/02,Shakhtar Donetsk,,,,,,Supplied candidate source / club spell evidence,https://www.allplayers.in.ua/ua/team_players/2,Low,"Season scaffold derived from exact club spell 1999/00-2007/08, but season-level appearances/goals/assists/clean sheets/minutes were not reliably available in supplied evidence; numeric stats left blank."
Olexiy Belik,Shakhtar Donetsk,2000s,FW,2002/03,Shakhtar Donetsk,,,,,,Supplied candidate source / club spell evidence,https://www.allplayers.in.ua/ua/team_players/2,Low,"Season scaffold derived from exact club spell 1999/00-2007/08, but season-level appearances/goals/assists/clean sheets/minutes were not reliably available in supplied evidence; numeric stats left blank."
Olexiy Belik,Shakhtar Donetsk,2000s,FW,2003/04,Shakhtar Donetsk,,,,,,Supplied candidate source / club spell evidence,https://www.allplayers.in.ua/ua/team_players/2,Low,"Season scaffold derived from exact club spell 1999/00-2007/08, but season-level appearances/goals/assists/clean sheets/minutes were not reliably available in supplied evidence; numeric stats left blank."
Olexiy Belik,Shakhtar Donetsk,2000s,FW,2004/05,Shakhtar Donetsk,,,,,,Supplied candidate source / club spell evidence,https://www.allplayers.in.ua/ua/team_players/2,Low,"Season scaffold derived from exact club spell 1999/00-2007/08, but season-level appearances/goals/assists/clean sheets/minutes were not reliably available in supplied evidence; numeric stats left blank."
Olexiy Belik,Shakhtar Donetsk,2000s,FW,2005/06,Shakhtar Donetsk,,,,,,Supplied candidate source / club spell evidence,https://www.allplayers.in.ua/ua/team_players/2,Low,"Season scaffold derived from exact club spell 1999/00-2007/08, but season-level appearances/goals/assists/clean sheets/minutes were not reliably available in supplied evidence; numeric stats left blank."
Olexiy Belik,Shakhtar Donetsk,2000s,FW,2006/07,Shakhtar Donetsk,,,,,,Supplied candidate source / club spell evidence,https://www.allplayers.in.ua/ua/team_players/2,Low,"Season scaffold derived from exact club spell 1999/00-2007/08, but season-level appearances/goals/assists/clean sheets/minutes were not reliably available in supplied evidence; numeric stats left blank."
Olexiy Belik,Shakhtar Donetsk,2000s,FW,2007/08,Shakhtar Donetsk,,,,,,Supplied candidate source / club spell evidence,https://www.allplayers.in.ua/ua/team_players/2,Low,"Season scaffold derived from exact club spell 1999/00-2007/08, but season-level appearances/goals/assists/clean sheets/minutes were not reliably available in supplied evidence; numeric stats left blank."
Elano,Shakhtar Donetsk,2000s,CM/AM,2004/05,Shakhtar Donetsk,,,,,,Supplied candidate source / club spell evidence,https://www.allplayers.in.ua/ua/team_players/2,Low,"Season scaffold derived from exact club spell 2004/05-2006/07, but season-level appearances/goals/assists/clean sheets/minutes were not reliably available in supplied evidence; numeric stats left blank."
Elano,Shakhtar Donetsk,2000s,CM/AM,2005/06,Shakhtar Donetsk,,,,,,Supplied candidate source / club spell evidence,https://www.allplayers.in.ua/ua/team_players/2,Low,"Season scaffold derived from exact club spell 2004/05-2006/07, but season-level appearances/goals/assists/clean sheets/minutes were not reliably available in supplied evidence; numeric stats left blank."
Elano,Shakhtar Donetsk,2000s,CM/AM,2006/07,Shakhtar Donetsk,,,,,,Supplied candidate source / club spell evidence,https://www.allplayers.in.ua/ua/team_players/2,Low,"Season scaffold derived from exact club spell 2004/05-2006/07, but season-level appearances/goals/assists/clean sheets/minutes were not reliably available in supplied evidence; numeric stats left blank."
Mariusz Lewandowski,Shakhtar Donetsk,2000s,DM/CB,2001/02,Shakhtar Donetsk,,,,,,Supplied candidate source / club spell evidence,https://www.allplayers.in.ua/ua/team_players/2,Low,"Season scaffold derived from exact club spell 2001/02-2009/10, but season-level appearances/goals/assists/clean sheets/minutes were not reliably available in supplied evidence; numeric stats left blank."
Mariusz Lewandowski,Shakhtar Donetsk,2000s,DM/CB,2002/03,Shakhtar Donetsk,,,,,,Supplied candidate source / club spell evidence,https://www.allplayers.in.ua/ua/team_players/2,Low,"Season scaffold derived from exact club spell 2001/02-2009/10, but season-level appearances/goals/assists/clean sheets/minutes were not reliably available in supplied evidence; numeric stats left blank."
Mariusz Lewandowski,Shakhtar Donetsk,2000s,DM/CB,2003/04,Shakhtar Donetsk,,,,,,Supplied candidate source / club spell evidence,https://www.allplayers.in.ua/ua/team_players/2,Low,"Season scaffold derived from exact club spell 2001/02-2009/10, but season-level appearances/goals/assists/clean sheets/minutes were not reliably available in supplied evidence; numeric stats left blank."
Mariusz Lewandowski,Shakhtar Donetsk,2000s,DM/CB,2004/05,Shakhtar Donetsk,,,,,,Supplied candidate source / club spell evidence,https://www.allplayers.in.ua/ua/team_players/2,Low,"Season scaffold derived from exact club spell 2001/02-2009/10, but season-level appearances/goals/assists/clean sheets/minutes were not reliably available in supplied evidence; numeric stats left blank."
Mariusz Lewandowski,Shakhtar Donetsk,2000s,DM/CB,2005/06,Shakhtar Donetsk,,,,,,Supplied candidate source / club spell evidence,https://www.allplayers.in.ua/ua/team_players/2,Low,"Season scaffold derived from exact club spell 2001/02-2009/10, but season-level appearances/goals/assists/clean sheets/minutes were not reliably available in supplied evidence; numeric stats left blank."
Mariusz Lewandowski,Shakhtar Donetsk,2000s,DM/CB,2006/07,Shakhtar Donetsk,,,,,,Supplied candidate source / club spell evidence,https://www.allplayers.in.ua/ua/team_players/2,Low,"Season scaffold derived from exact club spell 2001/02-2009/10, but season-level appearances/goals/assists/clean sheets/minutes were not reliably available in supplied evidence; numeric stats left blank."
Mariusz Lewandowski,Shakhtar Donetsk,2000s,DM/CB,2007/08,Shakhtar Donetsk,,,,,,Supplied candidate source / club spell evidence,https://www.allplayers.in.ua/ua/team_players/2,Low,"Season scaffold derived from exact club spell 2001/02-2009/10, but season-level appearances/goals/assists/clean sheets/minutes were not reliably available in supplied evidence; numeric stats left blank."
Mariusz Lewandowski,Shakhtar Donetsk,2000s,DM/CB,2008/09,Shakhtar Donetsk,,,,,,Supplied candidate source / club spell evidence,https://www.allplayers.in.ua/ua/team_players/2,Low,"Season scaffold derived from exact club spell 2001/02-2009/10, but season-level appearances/goals/assists/clean sheets/minutes were not reliably available in supplied evidence; numeric stats left blank."
Mariusz Lewandowski,Shakhtar Donetsk,2000s,DM/CB,2009/10,Shakhtar Donetsk,,,,,,Supplied candidate source / club spell evidence,https://www.allplayers.in.ua/ua/team_players/2,Low,"Season scaffold derived from exact club spell 2001/02-2009/10, but season-level appearances/goals/assists/clean sheets/minutes were not reliably available in supplied evidence; numeric stats left blank."
Serhiy Valyayev,Metalist Kharkiv,2000s,CM/DM,2005/06,Metalist Kharkiv,,,,,,Supplied candidate source / club spell evidence,https://www.allplayers.in.ua/ua/team_players/4,Low,"Season scaffold derived from exact club spell 2005/06-2011/12, but season-level appearances/goals/assists/clean sheets/minutes were not reliably available in supplied evidence; numeric stats left blank."
Serhiy Valyayev,Metalist Kharkiv,2000s,CM/DM,2006/07,Metalist Kharkiv,,,,,,Supplied candidate source / club spell evidence,https://www.allplayers.in.ua/ua/team_players/4,Low,"Season scaffold derived from exact club spell 2005/06-2011/12, but season-level appearances/goals/assists/clean sheets/minutes were not reliably available in supplied evidence; numeric stats left blank."
Serhiy Valyayev,Metalist Kharkiv,2000s,CM/DM,2007/08,Metalist Kharkiv,,,,,,Supplied candidate source / club spell evidence,https://www.allplayers.in.ua/ua/team_players/4,Low,"Season scaffold derived from exact club spell 2005/06-2011/12, but season-level appearances/goals/assists/clean sheets/minutes were not reliably available in supplied evidence; numeric stats left blank."
Serhiy Valyayev,Metalist Kharkiv,2000s,CM/DM,2008/09,Metalist Kharkiv,,,,,,Supplied candidate source / club spell evidence,https://www.allplayers.in.ua/ua/team_players/4,Low,"Season scaffold derived from exact club spell 2005/06-2011/12, but season-level appearances/goals/assists/clean sheets/minutes were not reliably available in supplied evidence; numeric stats left blank."
Serhiy Valyayev,Metalist Kharkiv,2000s,CM/DM,2009/10,Metalist Kharkiv,,,,,,Supplied candidate source / club spell evidence,https://www.allplayers.in.ua/ua/team_players/4,Low,"Season scaffold derived from exact club spell 2005/06-2011/12, but season-level appearances/goals/assists/clean sheets/minutes were not reliably available in supplied evidence; numeric stats left blank."
Serhiy Valyayev,Metalist Kharkiv,2010s,CM/DM,2010/11,Metalist Kharkiv,,,,,,Supplied candidate source / club spell evidence,https://www.allplayers.in.ua/ua/team_players/4,Low,"Season scaffold derived from exact club spell 2005/06-2011/12, but season-level appearances/goals/assists/clean sheets/minutes were not reliably available in supplied evidence; numeric stats left blank."
Serhiy Valyayev,Metalist Kharkiv,2010s,CM/DM,2011/12,Metalist Kharkiv,,,,,,Supplied candidate source / club spell evidence,https://www.allplayers.in.ua/ua/team_players/4,Low,"Season scaffold derived from exact club spell 2005/06-2011/12, but season-level appearances/goals/assists/clean sheets/minutes were not reliably available in supplied evidence; numeric stats left blank."
Oleksiy Godin,Metalurg Zaporizhya,2000s,CM/AM,2000/01,Metalurg Zaporizhya,,,,,,Supplied candidate source / club spell evidence,https://www.allplayers.in.ua/ua/team_players/11,Low,"Season scaffold derived from exact club spell 2000/01-2014/15, but season-level appearances/goals/assists/clean sheets/minutes were not reliably available in supplied evidence; numeric stats left blank."
Oleksiy Godin,Metalurg Zaporizhya,2000s,CM/AM,2001/02,Metalurg Zaporizhya,,,,,,Supplied candidate source / club spell evidence,https://www.allplayers.in.ua/ua/team_players/11,Low,"Season scaffold derived from exact club spell 2000/01-2014/15, but season-level appearances/goals/assists/clean sheets/minutes were not reliably available in supplied evidence; numeric stats left blank."
Oleksiy Godin,Metalurg Zaporizhya,2000s,CM/AM,2002/03,Metalurg Zaporizhya,,,,,,Supplied candidate source / club spell evidence,https://www.allplayers.in.ua/ua/team_players/11,Low,"Season scaffold derived from exact club spell 2000/01-2014/15, but season-level appearances/goals/assists/clean sheets/minutes were not reliably available in supplied evidence; numeric stats left blank."
Oleksiy Godin,Metalurg Zaporizhya,2000s,CM/AM,2003/04,Metalurg Zaporizhya,,,,,,Supplied candidate source / club spell evidence,https://www.allplayers.in.ua/ua/team_players/11,Low,"Season scaffold derived from exact club spell 2000/01-2014/15, but season-level appearances/goals/assists/clean sheets/minutes were not reliably available in supplied evidence; numeric stats left blank."
Oleksiy Godin,Metalurg Zaporizhya,2000s,CM/AM,2004/05,Metalurg Zaporizhya,,,,,,Supplied candidate source / club spell evidence,https://www.allplayers.in.ua/ua/team_players/11,Low,"Season scaffold derived from exact club spell 2000/01-2014/15, but season-level appearances/goals/assists/clean sheets/minutes were not reliably available in supplied evidence; numeric stats left blank."
Oleksiy Godin,Metalurg Zaporizhya,2000s,CM/AM,2005/06,Metalurg Zaporizhya,,,,,,Supplied candidate source / club spell evidence,https://www.allplayers.in.ua/ua/team_players/11,Low,"Season scaffold derived from exact club spell 2000/01-2014/15, but season-level appearances/goals/assists/clean sheets/minutes were not reliably available in supplied evidence; numeric stats left blank."
Oleksiy Godin,Metalurg Zaporizhya,2000s,CM/AM,2006/07,Metalurg Zaporizhya,,,,,,Supplied candidate source / club spell evidence,https://www.allplayers.in.ua/ua/team_players/11,Low,"Season scaffold derived from exact club spell 2000/01-2014/15, but season-level appearances/goals/assists/clean sheets/minutes were not reliably available in supplied evidence; numeric stats left blank."
Oleksiy Godin,Metalurg Zaporizhya,2000s,CM/AM,2007/08,Metalurg Zaporizhya,,,,,,Supplied candidate source / club spell evidence,https://www.allplayers.in.ua/ua/team_players/11,Low,"Season scaffold derived from exact club spell 2000/01-2014/15, but season-level appearances/goals/assists/clean sheets/minutes were not reliably available in supplied evidence; numeric stats left blank."
Oleksiy Godin,Metalurg Zaporizhya,2000s,CM/AM,2008/09,Metalurg Zaporizhya,,,,,,Supplied candidate source / club spell evidence,https://www.allplayers.in.ua/ua/team_players/11,Low,"Season scaffold derived from exact club spell 2000/01-2014/15, but season-level appearances/goals/assists/clean sheets/minutes were not reliably available in supplied evidence; numeric stats left blank."
Oleksiy Godin,Metalurg Zaporizhya,2000s,CM/AM,2009/10,Metalurg Zaporizhya,,,,,,Supplied candidate source / club spell evidence,https://www.allplayers.in.ua/ua/team_players/11,Low,"Season scaffold derived from exact club spell 2000/01-2014/15, but season-level appearances/goals/assists/clean sheets/minutes were not reliably available in supplied evidence; numeric stats left blank."
Oleksiy Godin,Metalurg Zaporizhya,2010s,CM/AM,2010/11,Metalurg Zaporizhya,,,,,,Supplied candidate source / club spell evidence,https://www.allplayers.in.ua/ua/team_players/11,Low,"Season scaffold derived from exact club spell 2000/01-2014/15, but season-level appearances/goals/assists/clean sheets/minutes were not reliably available in supplied evidence; numeric stats left blank."
Oleksiy Godin,Metalurg Zaporizhya,2010s,CM/AM,2011/12,Metalurg Zaporizhya,,,,,,Supplied candidate source / club spell evidence,https://www.allplayers.in.ua/ua/team_players/11,Low,"Season scaffold derived from exact club spell 2000/01-2014/15, but season-level appearances/goals/assists/clean sheets/minutes were not reliably available in supplied evidence; numeric stats left blank."
Oleksiy Godin,Metalurg Zaporizhya,2010s,CM/AM,2012/13,Metalurg Zaporizhya,,,,,,Supplied candidate source / club spell evidence,https://www.allplayers.in.ua/ua/team_players/11,Low,"Season scaffold derived from exact club spell 2000/01-2014/15, but season-level appearances/goals/assists/clean sheets/minutes were not reliably available in supplied evidence; numeric stats left blank."
Oleksiy Godin,Metalurg Zaporizhya,2010s,CM/AM,2013/14,Metalurg Zaporizhya,,,,,,Supplied candidate source / club spell evidence,https://www.allplayers.in.ua/ua/team_players/11,Low,"Season scaffold derived from exact club spell 2000/01-2014/15, but season-level appearances/goals/assists/clean sheets/minutes were not reliably available in supplied evidence; numeric stats left blank."
Oleksiy Godin,Metalurg Zaporizhya,2010s,CM/AM,2014/15,Metalurg Zaporizhya,,,,,,Supplied candidate source / club spell evidence,https://www.allplayers.in.ua/ua/team_players/11,Low,"Season scaffold derived from exact club spell 2000/01-2014/15, but season-level appearances/goals/assists/clean sheets/minutes were not reliably available in supplied evidence; numeric stats left blank."
Dmytro Nevmyvaka,Metalurg Zaporizhya,2000s,CB,2005/06,Metalurg Zaporizhya,,,,,,Supplied candidate source / club spell evidence,https://www.allplayers.in.ua/ua/team_players/11,Low,"Season scaffold derived from exact club spell 2005/06-2014/15, but season-level appearances/goals/assists/clean sheets/minutes were not reliably available in supplied evidence; numeric stats left blank."
Dmytro Nevmyvaka,Metalurg Zaporizhya,2000s,CB,2006/07,Metalurg Zaporizhya,,,,,,Supplied candidate source / club spell evidence,https://www.allplayers.in.ua/ua/team_players/11,Low,"Season scaffold derived from exact club spell 2005/06-2014/15, but season-level appearances/goals/assists/clean sheets/minutes were not reliably available in supplied evidence; numeric stats left blank."
Dmytro Nevmyvaka,Metalurg Zaporizhya,2000s,CB,2007/08,Metalurg Zaporizhya,,,,,,Supplied candidate source / club spell evidence,https://www.allplayers.in.ua/ua/team_players/11,Low,"Season scaffold derived from exact club spell 2005/06-2014/15, but season-level appearances/goals/assists/clean sheets/minutes were not reliably available in supplied evidence; numeric stats left blank."
Dmytro Nevmyvaka,Metalurg Zaporizhya,2000s,CB,2008/09,Metalurg Zaporizhya,,,,,,Supplied candidate source / club spell evidence,https://www.allplayers.in.ua/ua/team_players/11,Low,"Season scaffold derived from exact club spell 2005/06-2014/15, but season-level appearances/goals/assists/clean sheets/minutes were not reliably available in supplied evidence; numeric stats left blank."
Dmytro Nevmyvaka,Metalurg Zaporizhya,2000s,CB,2009/10,Metalurg Zaporizhya,,,,,,Supplied candidate source / club spell evidence,https://www.allplayers.in.ua/ua/team_players/11,Low,"Season scaffold derived from exact club spell 2005/06-2014/15, but season-level appearances/goals/assists/clean sheets/minutes were not reliably available in supplied evidence; numeric stats left blank."
Dmytro Nevmyvaka,Metalurg Zaporizhya,2010s,CB,2010/11,Metalurg Zaporizhya,,,,,,Supplied candidate source / club spell evidence,https://www.allplayers.in.ua/ua/team_players/11,Low,"Season scaffold derived from exact club spell 2005/06-2014/15, but season-level appearances/goals/assists/clean sheets/minutes were not reliably available in supplied evidence; numeric stats left blank."
Dmytro Nevmyvaka,Metalurg Zaporizhya,2010s,CB,2011/12,Metalurg Zaporizhya,,,,,,Supplied candidate source / club spell evidence,https://www.allplayers.in.ua/ua/team_players/11,Low,"Season scaffold derived from exact club spell 2005/06-2014/15, but season-level appearances/goals/assists/clean sheets/minutes were not reliably available in supplied evidence; numeric stats left blank."
Dmytro Nevmyvaka,Metalurg Zaporizhya,2010s,CB,2012/13,Metalurg Zaporizhya,,,,,,Supplied candidate source / club spell evidence,https://www.allplayers.in.ua/ua/team_players/11,Low,"Season scaffold derived from exact club spell 2005/06-2014/15, but season-level appearances/goals/assists/clean sheets/minutes were not reliably available in supplied evidence; numeric stats left blank."
Dmytro Nevmyvaka,Metalurg Zaporizhya,2010s,CB,2013/14,Metalurg Zaporizhya,,,,,,Supplied candidate source / club spell evidence,https://www.allplayers.in.ua/ua/team_players/11,Low,"Season scaffold derived from exact club spell 2005/06-2014/15, but season-level appearances/goals/assists/clean sheets/minutes were not reliably available in supplied evidence; numeric stats left blank."
Dmytro Nevmyvaka,Metalurg Zaporizhya,2010s,CB,2014/15,Metalurg Zaporizhya,,,,,,Supplied candidate source / club spell evidence,https://www.allplayers.in.ua/ua/team_players/11,Low,"Season scaffold derived from exact club spell 2005/06-2014/15, but season-level appearances/goals/assists/clean sheets/minutes were not reliably available in supplied evidence; numeric stats left blank."
Volodymyr Polevyi,Metalurg Zaporizhya,2000s,LB/LM,2008/09,Metalurg Zaporizhya,,,,,,Supplied candidate source / club spell evidence,https://www.allplayers.in.ua/ua/team_players/11,Low,"Season scaffold derived from exact club spell 2008/09-2013/14, but season-level appearances/goals/assists/clean sheets/minutes were not reliably available in supplied evidence; numeric stats left blank."
Volodymyr Polevyi,Metalurg Zaporizhya,2000s,LB/LM,2009/10,Metalurg Zaporizhya,,,,,,Supplied candidate source / club spell evidence,https://www.allplayers.in.ua/ua/team_players/11,Low,"Season scaffold derived from exact club spell 2008/09-2013/14, but season-level appearances/goals/assists/clean sheets/minutes were not reliably available in supplied evidence; numeric stats left blank."
Volodymyr Polevyi,Metalurg Zaporizhya,2010s,LB/LM,2010/11,Metalurg Zaporizhya,,,,,,Supplied candidate source / club spell evidence,https://www.allplayers.in.ua/ua/team_players/11,Low,"Season scaffold derived from exact club spell 2008/09-2013/14, but season-level appearances/goals/assists/clean sheets/minutes were not reliably available in supplied evidence; numeric stats left blank."
Volodymyr Polevyi,Metalurg Zaporizhya,2010s,LB/LM,2011/12,Metalurg Zaporizhya,,,,,,Supplied candidate source / club spell evidence,https://www.allplayers.in.ua/ua/team_players/11,Low,"Season scaffold derived from exact club spell 2008/09-2013/14, but season-level appearances/goals/assists/clean sheets/minutes were not reliably available in supplied evidence; numeric stats left blank."
Volodymyr Polevyi,Metalurg Zaporizhya,2010s,LB/LM,2012/13,Metalurg Zaporizhya,,,,,,Supplied candidate source / club spell evidence,https://www.allplayers.in.ua/ua/team_players/11,Low,"Season scaffold derived from exact club spell 2008/09-2013/14, but season-level appearances/goals/assists/clean sheets/minutes were not reliably available in supplied evidence; numeric stats left blank."
Volodymyr Polevyi,Metalurg Zaporizhya,2010s,LB/LM,2013/14,Metalurg Zaporizhya,,,,,,Supplied candidate source / club spell evidence,https://www.allplayers.in.ua/ua/team_players/11,Low,"Season scaffold derived from exact club spell 2008/09-2013/14, but season-level appearances/goals/assists/clean sheets/minutes were not reliably available in supplied evidence; numeric stats left blank."
Tymerlan Huseynov,Chornomorets Odesa,1990s,FW,1993/94,Chornomorets Odesa,,,,,,Supplied candidate source / club spell evidence,https://www.allplayers.in.ua/ua/team_players/5,Low,"Season scaffold derived from exact club spell 1993/94-1997/98, but season-level appearances/goals/assists/clean sheets/minutes were not reliably available in supplied evidence; numeric stats left blank."
Tymerlan Huseynov,Chornomorets Odesa,1990s,FW,1994/95,Chornomorets Odesa,,,,,,Supplied candidate source / club spell evidence,https://www.allplayers.in.ua/ua/team_players/5,Low,"Season scaffold derived from exact club spell 1993/94-1997/98, but season-level appearances/goals/assists/clean sheets/minutes were not reliably available in supplied evidence; numeric stats left blank."
Tymerlan Huseynov,Chornomorets Odesa,1990s,FW,1995/96,Chornomorets Odesa,,,,,,Supplied candidate source / club spell evidence,https://www.allplayers.in.ua/ua/team_players/5,Low,"Season scaffold derived from exact club spell 1993/94-1997/98, but season-level appearances/goals/assists/clean sheets/minutes were not reliably available in supplied evidence; numeric stats left blank."
Tymerlan Huseynov,Chornomorets Odesa,1990s,FW,1996/97,Chornomorets Odesa,,,,,,Supplied candidate source / club spell evidence,https://www.allplayers.in.ua/ua/team_players/5,Low,"Season scaffold derived from exact club spell 1993/94-1997/98, but season-level appearances/goals/assists/clean sheets/minutes were not reliably available in supplied evidence; numeric stats left blank."
Tymerlan Huseynov,Chornomorets Odesa,1990s,FW,1997/98,Chornomorets Odesa,,,,,,Supplied candidate source / club spell evidence,https://www.allplayers.in.ua/ua/team_players/5,Low,"Season scaffold derived from exact club spell 1993/94-1997/98, but season-level appearances/goals/assists/clean sheets/minutes were not reliably available in supplied evidence; numeric stats left blank."
Ihor Khudobyak,Karpaty Lviv,2000s,AM/CM,2005/06,Karpaty Lviv,,,,,,Supplied candidate source / club spell evidence,https://www.allplayers.in.ua/ua/team_players/6,Low,"Season scaffold derived from exact club spell 2005/06-2016/17, but season-level appearances/goals/assists/clean sheets/minutes were not reliably available in supplied evidence; numeric stats left blank."
Ihor Khudobyak,Karpaty Lviv,2000s,AM/CM,2006/07,Karpaty Lviv,,,,,,Supplied candidate source / club spell evidence,https://www.allplayers.in.ua/ua/team_players/6,Low,"Season scaffold derived from exact club spell 2005/06-2016/17, but season-level appearances/goals/assists/clean sheets/minutes were not reliably available in supplied evidence; numeric stats left blank."
Ihor Khudobyak,Karpaty Lviv,2000s,AM/CM,2007/08,Karpaty Lviv,,,,,,Supplied candidate source / club spell evidence,https://www.allplayers.in.ua/ua/team_players/6,Low,"Season scaffold derived from exact club spell 2005/06-2016/17, but season-level appearances/goals/assists/clean sheets/minutes were not reliably available in supplied evidence; numeric stats left blank."
Ihor Khudobyak,Karpaty Lviv,2000s,AM/CM,2008/09,Karpaty Lviv,,,,,,Supplied candidate source / club spell evidence,https://www.allplayers.in.ua/ua/team_players/6,Low,"Season scaffold derived from exact club spell 2005/06-2016/17, but season-level appearances/goals/assists/clean sheets/minutes were not reliably available in supplied evidence; numeric stats left blank."
Ihor Khudobyak,Karpaty Lviv,2000s,AM/CM,2009/10,Karpaty Lviv,,,,,,Supplied candidate source / club spell evidence,https://www.allplayers.in.ua/ua/team_players/6,Low,"Season scaffold derived from exact club spell 2005/06-2016/17, but season-level appearances/goals/assists/clean sheets/minutes were not reliably available in supplied evidence; numeric stats left blank."
Ihor Khudobyak,Karpaty Lviv,2010s,AM/CM,2010/11,Karpaty Lviv,,,,,,Supplied candidate source / club spell evidence,https://www.allplayers.in.ua/ua/team_players/6,Low,"Season scaffold derived from exact club spell 2005/06-2016/17, but season-level appearances/goals/assists/clean sheets/minutes were not reliably available in supplied evidence; numeric stats left blank."
Ihor Khudobyak,Karpaty Lviv,2010s,AM/CM,2011/12,Karpaty Lviv,,,,,,Supplied candidate source / club spell evidence,https://www.allplayers.in.ua/ua/team_players/6,Low,"Season scaffold derived from exact club spell 2005/06-2016/17, but season-level appearances/goals/assists/clean sheets/minutes were not reliably available in supplied evidence; numeric stats left blank."
Ihor Khudobyak,Karpaty Lviv,2010s,AM/CM,2012/13,Karpaty Lviv,,,,,,Supplied candidate source / club spell evidence,https://www.allplayers.in.ua/ua/team_players/6,Low,"Season scaffold derived from exact club spell 2005/06-2016/17, but season-level appearances/goals/assists/clean sheets/minutes were not reliably available in supplied evidence; numeric stats left blank."
Ihor Khudobyak,Karpaty Lviv,2010s,AM/CM,2013/14,Karpaty Lviv,,,,,,Supplied candidate source / club spell evidence,https://www.allplayers.in.ua/ua/team_players/6,Low,"Season scaffold derived from exact club spell 2005/06-2016/17, but season-level appearances/goals/assists/clean sheets/minutes were not reliably available in supplied evidence; numeric stats left blank."
Ihor Khudobyak,Karpaty Lviv,2010s,AM/CM,2014/15,Karpaty Lviv,,,,,,Supplied candidate source / club spell evidence,https://www.allplayers.in.ua/ua/team_players/6,Low,"Season scaffold derived from exact club spell 2005/06-2016/17, but season-level appearances/goals/assists/clean sheets/minutes were not reliably available in supplied evidence; numeric stats left blank."
Ihor Khudobyak,Karpaty Lviv,2010s,AM/CM,2015/16,Karpaty Lviv,,,,,,Supplied candidate source / club spell evidence,https://www.allplayers.in.ua/ua/team_players/6,Low,"Season scaffold derived from exact club spell 2005/06-2016/17, but season-level appearances/goals/assists/clean sheets/minutes were not reliably available in supplied evidence; numeric stats left blank."
Ihor Khudobyak,Karpaty Lviv,2010s,AM/CM,2016/17,Karpaty Lviv,,,,,,Supplied candidate source / club spell evidence,https://www.allplayers.in.ua/ua/team_players/6,Low,"Season scaffold derived from exact club spell 2005/06-2016/17, but season-level appearances/goals/assists/clean sheets/minutes were not reliably available in supplied evidence; numeric stats left blank."
Serhiy Kuznetsov,Karpaty Lviv,2000s,FW,2008/09,Karpaty Lviv,,,,,,Supplied candidate source / club spell evidence,https://www.allplayers.in.ua/ua/team_players/6,Low,"Season scaffold derived from exact club spell 2008/09-2011/12, but season-level appearances/goals/assists/clean sheets/minutes were not reliably available in supplied evidence; numeric stats left blank."
Serhiy Kuznetsov,Karpaty Lviv,2000s,FW,2009/10,Karpaty Lviv,,,,,,Supplied candidate source / club spell evidence,https://www.allplayers.in.ua/ua/team_players/6,Low,"Season scaffold derived from exact club spell 2008/09-2011/12, but season-level appearances/goals/assists/clean sheets/minutes were not reliably available in supplied evidence; numeric stats left blank."
Serhiy Kuznetsov,Karpaty Lviv,2010s,FW,2010/11,Karpaty Lviv,,,,,,Supplied candidate source / club spell evidence,https://www.allplayers.in.ua/ua/team_players/6,Low,"Season scaffold derived from exact club spell 2008/09-2011/12, but season-level appearances/goals/assists/clean sheets/minutes were not reliably available in supplied evidence; numeric stats left blank."
Serhiy Kuznetsov,Karpaty Lviv,2010s,FW,2011/12,Karpaty Lviv,,,,,,Supplied candidate source / club spell evidence,https://www.allplayers.in.ua/ua/team_players/6,Low,"Season scaffold derived from exact club spell 2008/09-2011/12, but season-level appearances/goals/assists/clean sheets/minutes were not reliably available in supplied evidence; numeric stats left blank."
Djordje Lazic,Metalurg Donetsk (- 2015),2000s,CM,2008/09,Metalurg Donetsk (- 2015),,,,,,Supplied candidate source / club spell evidence,https://www.allplayers.in.ua/ua/team_players/9,Low,"Season scaffold derived from exact club spell 2008/09-2012/13, but season-level appearances/goals/assists/clean sheets/minutes were not reliably available in supplied evidence; numeric stats left blank."
Djordje Lazic,Metalurg Donetsk (- 2015),2000s,CM,2009/10,Metalurg Donetsk (- 2015),,,,,,Supplied candidate source / club spell evidence,https://www.allplayers.in.ua/ua/team_players/9,Low,"Season scaffold derived from exact club spell 2008/09-2012/13, but season-level appearances/goals/assists/clean sheets/minutes were not reliably available in supplied evidence; numeric stats left blank."
Djordje Lazic,Metalurg Donetsk (- 2015),2010s,CM,2010/11,Metalurg Donetsk (- 2015),,,,,,Supplied candidate source / club spell evidence,https://www.allplayers.in.ua/ua/team_players/9,Low,"Season scaffold derived from exact club spell 2008/09-2012/13, but season-level appearances/goals/assists/clean sheets/minutes were not reliably available in supplied evidence; numeric stats left blank."
Djordje Lazic,Metalurg Donetsk (- 2015),2010s,CM,2011/12,Metalurg Donetsk (- 2015),,,,,,Supplied candidate source / club spell evidence,https://www.allplayers.in.ua/ua/team_players/9,Low,"Season scaffold derived from exact club spell 2008/09-2012/13, but season-level appearances/goals/assists/clean sheets/minutes were not reliably available in supplied evidence; numeric stats left blank."
Djordje Lazic,Metalurg Donetsk (- 2015),2010s,CM,2012/13,Metalurg Donetsk (- 2015),,,,,,Supplied candidate source / club spell evidence,https://www.allplayers.in.ua/ua/team_players/9,Low,"Season scaffold derived from exact club spell 2008/09-2012/13, but season-level appearances/goals/assists/clean sheets/minutes were not reliably available in supplied evidence; numeric stats left blank."
Serhiy Loginov,SC Dnipro-1,2010s,CB,2017/18,SC Dnipro-1,,,,,,Supplied candidate source / club spell evidence,https://www.allplayers.in.ua/ua/team_players/3056,Low,"Season scaffold derived from exact club spell 2017/18-2022/23, but season-level appearances/goals/assists/clean sheets/minutes were not reliably available in supplied evidence; numeric stats left blank."
Serhiy Loginov,SC Dnipro-1,2010s,CB,2018/19,SC Dnipro-1,,,,,,Supplied candidate source / club spell evidence,https://www.allplayers.in.ua/ua/team_players/3056,Low,"Season scaffold derived from exact club spell 2017/18-2022/23, but season-level appearances/goals/assists/clean sheets/minutes were not reliably available in supplied evidence; numeric stats left blank."
Serhiy Loginov,SC Dnipro-1,2010s,CB,2019/20,SC Dnipro-1,,,,,,Supplied candidate source / club spell evidence,https://www.allplayers.in.ua/ua/team_players/3056,Low,"Season scaffold derived from exact club spell 2017/18-2022/23, but season-level appearances/goals/assists/clean sheets/minutes were not reliably available in supplied evidence; numeric stats left blank."
Serhiy Loginov,SC Dnipro-1,2020s,CB,2020/21,SC Dnipro-1,,,,,,Supplied candidate source / club spell evidence,https://www.allplayers.in.ua/ua/team_players/3056,Low,"Season scaffold derived from exact club spell 2017/18-2022/23, but season-level appearances/goals/assists/clean sheets/minutes were not reliably available in supplied evidence; numeric stats left blank."
Serhiy Loginov,SC Dnipro-1,2020s,CB,2021/22,SC Dnipro-1,,,,,,Supplied candidate source / club spell evidence,https://www.allplayers.in.ua/ua/team_players/3056,Low,"Season scaffold derived from exact club spell 2017/18-2022/23, but season-level appearances/goals/assists/clean sheets/minutes were not reliably available in supplied evidence; numeric stats left blank."
Serhiy Loginov,SC Dnipro-1,2020s,CB,2022/23,SC Dnipro-1,,,,,,Supplied candidate source / club spell evidence,https://www.allplayers.in.ua/ua/team_players/3056,Low,"Season scaffold derived from exact club spell 2017/18-2022/23, but season-level appearances/goals/assists/clean sheets/minutes were not reliably available in supplied evidence; numeric stats left blank."
Ihor Kohut,SC Dnipro-1,2010s,CM,2017/18,SC Dnipro-1,,,,,,Supplied candidate source / club spell evidence,https://www.allplayers.in.ua/ua/team_players/3056,Low,"Season scaffold derived from exact club spell 2017/18-2022/23, but season-level appearances/goals/assists/clean sheets/minutes were not reliably available in supplied evidence; numeric stats left blank."
Ihor Kohut,SC Dnipro-1,2010s,CM,2018/19,SC Dnipro-1,,,,,,Supplied candidate source / club spell evidence,https://www.allplayers.in.ua/ua/team_players/3056,Low,"Season scaffold derived from exact club spell 2017/18-2022/23, but season-level appearances/goals/assists/clean sheets/minutes were not reliably available in supplied evidence; numeric stats left blank."
Ihor Kohut,SC Dnipro-1,2010s,CM,2019/20,SC Dnipro-1,,,,,,Supplied candidate source / club spell evidence,https://www.allplayers.in.ua/ua/team_players/3056,Low,"Season scaffold derived from exact club spell 2017/18-2022/23, but season-level appearances/goals/assists/clean sheets/minutes were not reliably available in supplied evidence; numeric stats left blank."
Ihor Kohut,SC Dnipro-1,2020s,CM,2020/21,SC Dnipro-1,,,,,,Supplied candidate source / club spell evidence,https://www.allplayers.in.ua/ua/team_players/3056,Low,"Season scaffold derived from exact club spell 2017/18-2022/23, but season-level appearances/goals/assists/clean sheets/minutes were not reliably available in supplied evidence; numeric stats left blank."
Ihor Kohut,SC Dnipro-1,2020s,CM,2021/22,SC Dnipro-1,,,,,,Supplied candidate source / club spell evidence,https://www.allplayers.in.ua/ua/team_players/3056,Low,"Season scaffold derived from exact club spell 2017/18-2022/23, but season-level appearances/goals/assists/clean sheets/minutes were not reliably available in supplied evidence; numeric stats left blank."
Ihor Kohut,SC Dnipro-1,2020s,CM,2022/23,SC Dnipro-1,,,,,,Supplied candidate source / club spell evidence,https://www.allplayers.in.ua/ua/team_players/3056,Low,"Season scaffold derived from exact club spell 2017/18-2022/23, but season-level appearances/goals/assists/clean sheets/minutes were not reliably available in supplied evidence; numeric stats left blank."
Oleksandr Nazarenko,SC Dnipro-1,2010s,LW/RW,2017/18,SC Dnipro-1,,,,,,Supplied candidate source / club spell evidence,https://www.allplayers.in.ua/ua/team_players/3056,Low,"Season scaffold derived from exact club spell 2017/18-2022/23, but season-level appearances/goals/assists/clean sheets/minutes were not reliably available in supplied evidence; numeric stats left blank."
Oleksandr Nazarenko,SC Dnipro-1,2010s,LW/RW,2018/19,SC Dnipro-1,,,,,,Supplied candidate source / club spell evidence,https://www.allplayers.in.ua/ua/team_players/3056,Low,"Season scaffold derived from exact club spell 2017/18-2022/23, but season-level appearances/goals/assists/clean sheets/minutes were not reliably available in supplied evidence; numeric stats left blank."
Oleksandr Nazarenko,SC Dnipro-1,2010s,LW/RW,2019/20,SC Dnipro-1,,,,,,Supplied candidate source / club spell evidence,https://www.allplayers.in.ua/ua/team_players/3056,Low,"Season scaffold derived from exact club spell 2017/18-2022/23, but season-level appearances/goals/assists/clean sheets/minutes were not reliably available in supplied evidence; numeric stats left blank."
Oleksandr Nazarenko,SC Dnipro-1,2020s,LW/RW,2020/21,SC Dnipro-1,,,,,,Supplied candidate source / club spell evidence,https://www.allplayers.in.ua/ua/team_players/3056,Low,"Season scaffold derived from exact club spell 2017/18-2022/23, but season-level appearances/goals/assists/clean sheets/minutes were not reliably available in supplied evidence; numeric stats left blank."
Oleksandr Nazarenko,SC Dnipro-1,2020s,LW/RW,2021/22,SC Dnipro-1,,,,,,Supplied candidate source / club spell evidence,https://www.allplayers.in.ua/ua/team_players/3056,Low,"Season scaffold derived from exact club spell 2017/18-2022/23, but season-level appearances/goals/assists/clean sheets/minutes were not reliably available in supplied evidence; numeric stats left blank."
Oleksandr Nazarenko,SC Dnipro-1,2020s,LW/RW,2022/23,SC Dnipro-1,,,,,,Supplied candidate source / club spell evidence,https://www.allplayers.in.ua/ua/team_players/3056,Low,"Season scaffold derived from exact club spell 2017/18-2022/23, but season-level appearances/goals/assists/clean sheets/minutes were not reliably available in supplied evidence; numeric stats left blank."
Tiberiu Ghioane,Dynamo Kyiv,2000s,Midfielder,2001/02,Dynamo Kyiv,,,,,,Supplied candidate source / club spell evidence,https://www.allplayers.in.ua/ua/team_players/1 ; https://www.allplayers.in.ua/ua/club_legioner/1,Low,"Season scaffold derived from exact club spell 2001/02-2010/11, but season-level appearances/goals/assists/clean sheets/minutes were not reliably available in supplied evidence; numeric stats left blank."
Tiberiu Ghioane,Dynamo Kyiv,2000s,Midfielder,2002/03,Dynamo Kyiv,,,,,,Supplied candidate source / club spell evidence,https://www.allplayers.in.ua/ua/team_players/1 ; https://www.allplayers.in.ua/ua/club_legioner/1,Low,"Season scaffold derived from exact club spell 2001/02-2010/11, but season-level appearances/goals/assists/clean sheets/minutes were not reliably available in supplied evidence; numeric stats left blank."
Tiberiu Ghioane,Dynamo Kyiv,2000s,Midfielder,2003/04,Dynamo Kyiv,,,,,,Supplied candidate source / club spell evidence,https://www.allplayers.in.ua/ua/team_players/1 ; https://www.allplayers.in.ua/ua/club_legioner/1,Low,"Season scaffold derived from exact club spell 2001/02-2010/11, but season-level appearances/goals/assists/clean sheets/minutes were not reliably available in supplied evidence; numeric stats left blank."
Tiberiu Ghioane,Dynamo Kyiv,2000s,Midfielder,2004/05,Dynamo Kyiv,,,,,,Supplied candidate source / club spell evidence,https://www.allplayers.in.ua/ua/team_players/1 ; https://www.allplayers.in.ua/ua/club_legioner/1,Low,"Season scaffold derived from exact club spell 2001/02-2010/11, but season-level appearances/goals/assists/clean sheets/minutes were not reliably available in supplied evidence; numeric stats left blank."
Tiberiu Ghioane,Dynamo Kyiv,2000s,Midfielder,2005/06,Dynamo Kyiv,,,,,,Supplied candidate source / club spell evidence,https://www.allplayers.in.ua/ua/team_players/1 ; https://www.allplayers.in.ua/ua/club_legioner/1,Low,"Season scaffold derived from exact club spell 2001/02-2010/11, but season-level appearances/goals/assists/clean sheets/minutes were not reliably available in supplied evidence; numeric stats left blank."
Tiberiu Ghioane,Dynamo Kyiv,2000s,Midfielder,2006/07,Dynamo Kyiv,,,,,,Supplied candidate source / club spell evidence,https://www.allplayers.in.ua/ua/team_players/1 ; https://www.allplayers.in.ua/ua/club_legioner/1,Low,"Season scaffold derived from exact club spell 2001/02-2010/11, but season-level appearances/goals/assists/clean sheets/minutes were not reliably available in supplied evidence; numeric stats left blank."
Tiberiu Ghioane,Dynamo Kyiv,2000s,Midfielder,2007/08,Dynamo Kyiv,,,,,,Supplied candidate source / club spell evidence,https://www.allplayers.in.ua/ua/team_players/1 ; https://www.allplayers.in.ua/ua/club_legioner/1,Low,"Season scaffold derived from exact club spell 2001/02-2010/11, but season-level appearances/goals/assists/clean sheets/minutes were not reliably available in supplied evidence; numeric stats left blank."
Tiberiu Ghioane,Dynamo Kyiv,2000s,Midfielder,2008/09,Dynamo Kyiv,,,,,,Supplied candidate source / club spell evidence,https://www.allplayers.in.ua/ua/team_players/1 ; https://www.allplayers.in.ua/ua/club_legioner/1,Low,"Season scaffold derived from exact club spell 2001/02-2010/11, but season-level appearances/goals/assists/clean sheets/minutes were not reliably available in supplied evidence; numeric stats left blank."
Tiberiu Ghioane,Dynamo Kyiv,2000s,Midfielder,2009/10,Dynamo Kyiv,,,,,,Supplied candidate source / club spell evidence,https://www.allplayers.in.ua/ua/team_players/1 ; https://www.allplayers.in.ua/ua/club_legioner/1,Low,"Season scaffold derived from exact club spell 2001/02-2010/11, but season-level appearances/goals/assists/clean sheets/minutes were not reliably available in supplied evidence; numeric stats left blank."
Tiberiu Ghioane,Dynamo Kyiv,2010s,Midfielder,2010/11,Dynamo Kyiv,,,,,,Supplied candidate source / club spell evidence,https://www.allplayers.in.ua/ua/team_players/1 ; https://www.allplayers.in.ua/ua/club_legioner/1,Low,"Season scaffold derived from exact club spell 2001/02-2010/11, but season-level appearances/goals/assists/clean sheets/minutes were not reliably available in supplied evidence; numeric stats left blank."
Badr El Kaddouri,Dynamo Kyiv,2000s,Defender,2002/03,Dynamo Kyiv,,,,,,Supplied candidate source / club spell evidence,https://www.allplayers.in.ua/ua/team_players/1 ; https://www.allplayers.in.ua/ua/legioner_scorers,Low,"Season scaffold derived from exact club spell 2002/03-2011/12, but season-level appearances/goals/assists/clean sheets/minutes were not reliably available in supplied evidence; numeric stats left blank."
Badr El Kaddouri,Dynamo Kyiv,2000s,Defender,2003/04,Dynamo Kyiv,,,,,,Supplied candidate source / club spell evidence,https://www.allplayers.in.ua/ua/team_players/1 ; https://www.allplayers.in.ua/ua/legioner_scorers,Low,"Season scaffold derived from exact club spell 2002/03-2011/12, but season-level appearances/goals/assists/clean sheets/minutes were not reliably available in supplied evidence; numeric stats left blank."
Badr El Kaddouri,Dynamo Kyiv,2000s,Defender,2004/05,Dynamo Kyiv,,,,,,Supplied candidate source / club spell evidence,https://www.allplayers.in.ua/ua/team_players/1 ; https://www.allplayers.in.ua/ua/legioner_scorers,Low,"Season scaffold derived from exact club spell 2002/03-2011/12, but season-level appearances/goals/assists/clean sheets/minutes were not reliably available in supplied evidence; numeric stats left blank."
Badr El Kaddouri,Dynamo Kyiv,2000s,Defender,2005/06,Dynamo Kyiv,,,,,,Supplied candidate source / club spell evidence,https://www.allplayers.in.ua/ua/team_players/1 ; https://www.allplayers.in.ua/ua/legioner_scorers,Low,"Season scaffold derived from exact club spell 2002/03-2011/12, but season-level appearances/goals/assists/clean sheets/minutes were not reliably available in supplied evidence; numeric stats left blank."
Badr El Kaddouri,Dynamo Kyiv,2000s,Defender,2006/07,Dynamo Kyiv,,,,,,Supplied candidate source / club spell evidence,https://www.allplayers.in.ua/ua/team_players/1 ; https://www.allplayers.in.ua/ua/legioner_scorers,Low,"Season scaffold derived from exact club spell 2002/03-2011/12, but season-level appearances/goals/assists/clean sheets/minutes were not reliably available in supplied evidence; numeric stats left blank."
Badr El Kaddouri,Dynamo Kyiv,2000s,Defender,2007/08,Dynamo Kyiv,,,,,,Supplied candidate source / club spell evidence,https://www.allplayers.in.ua/ua/team_players/1 ; https://www.allplayers.in.ua/ua/legioner_scorers,Low,"Season scaffold derived from exact club spell 2002/03-2011/12, but season-level appearances/goals/assists/clean sheets/minutes were not reliably available in supplied evidence; numeric stats left blank."
Badr El Kaddouri,Dynamo Kyiv,2000s,Defender,2008/09,Dynamo Kyiv,,,,,,Supplied candidate source / club spell evidence,https://www.allplayers.in.ua/ua/team_players/1 ; https://www.allplayers.in.ua/ua/legioner_scorers,Low,"Season scaffold derived from exact club spell 2002/03-2011/12, but season-level appearances/goals/assists/clean sheets/minutes were not reliably available in supplied evidence; numeric stats left blank."
Badr El Kaddouri,Dynamo Kyiv,2000s,Defender,2009/10,Dynamo Kyiv,,,,,,Supplied candidate source / club spell evidence,https://www.allplayers.in.ua/ua/team_players/1 ; https://www.allplayers.in.ua/ua/legioner_scorers,Low,"Season scaffold derived from exact club spell 2002/03-2011/12, but season-level appearances/goals/assists/clean sheets/minutes were not reliably available in supplied evidence; numeric stats left blank."
Badr El Kaddouri,Dynamo Kyiv,2010s,Defender,2010/11,Dynamo Kyiv,,,,,,Supplied candidate source / club spell evidence,https://www.allplayers.in.ua/ua/team_players/1 ; https://www.allplayers.in.ua/ua/legioner_scorers,Low,"Season scaffold derived from exact club spell 2002/03-2011/12, but season-level appearances/goals/assists/clean sheets/minutes were not reliably available in supplied evidence; numeric stats left blank."
Badr El Kaddouri,Dynamo Kyiv,2010s,Defender,2011/12,Dynamo Kyiv,,,,,,Supplied candidate source / club spell evidence,https://www.allplayers.in.ua/ua/team_players/1 ; https://www.allplayers.in.ua/ua/legioner_scorers,Low,"Season scaffold derived from exact club spell 2002/03-2011/12, but season-level appearances/goals/assists/clean sheets/minutes were not reliably available in supplied evidence; numeric stats left blank."
Oleksandr Aliyev,Dynamo Kyiv,2000s,Midfielder,2005/06,Dynamo Kyiv,,,,,,Supplied candidate source / club spell evidence,https://www.allplayers.in.ua/ua/team_players/1 ; https://www.allplayers.in.ua/ua/club_national_player/1,Low,"Season scaffold derived from exact club spell 2005/06-2010/11, but season-level appearances/goals/assists/clean sheets/minutes were not reliably available in supplied evidence; numeric stats left blank."
Oleksandr Aliyev,Dynamo Kyiv,2000s,Midfielder,2006/07,Dynamo Kyiv,,,,,,Supplied candidate source / club spell evidence,https://www.allplayers.in.ua/ua/team_players/1 ; https://www.allplayers.in.ua/ua/club_national_player/1,Low,"Season scaffold derived from exact club spell 2005/06-2010/11, but season-level appearances/goals/assists/clean sheets/minutes were not reliably available in supplied evidence; numeric stats left blank."
Oleksandr Aliyev,Dynamo Kyiv,2000s,Midfielder,2007/08,Dynamo Kyiv,,,,,,Supplied candidate source / club spell evidence,https://www.allplayers.in.ua/ua/team_players/1 ; https://www.allplayers.in.ua/ua/club_national_player/1,Low,"Season scaffold derived from exact club spell 2005/06-2010/11, but season-level appearances/goals/assists/clean sheets/minutes were not reliably available in supplied evidence; numeric stats left blank."
Oleksandr Aliyev,Dynamo Kyiv,2000s,Midfielder,2008/09,Dynamo Kyiv,,,,,,Supplied candidate source / club spell evidence,https://www.allplayers.in.ua/ua/team_players/1 ; https://www.allplayers.in.ua/ua/club_national_player/1,Low,"Season scaffold derived from exact club spell 2005/06-2010/11, but season-level appearances/goals/assists/clean sheets/minutes were not reliably available in supplied evidence; numeric stats left blank."
Oleksandr Aliyev,Dynamo Kyiv,2000s,Midfielder,2009/10,Dynamo Kyiv,,,,,,Supplied candidate source / club spell evidence,https://www.allplayers.in.ua/ua/team_players/1 ; https://www.allplayers.in.ua/ua/club_national_player/1,Low,"Season scaffold derived from exact club spell 2005/06-2010/11, but season-level appearances/goals/assists/clean sheets/minutes were not reliably available in supplied evidence; numeric stats left blank."
Oleksandr Aliyev,Dynamo Kyiv,2010s,Midfielder,2010/11,Dynamo Kyiv,,,,,,Supplied candidate source / club spell evidence,https://www.allplayers.in.ua/ua/team_players/1 ; https://www.allplayers.in.ua/ua/club_national_player/1,Low,"Season scaffold derived from exact club spell 2005/06-2010/11, but season-level appearances/goals/assists/clean sheets/minutes were not reliably available in supplied evidence; numeric stats left blank."
Artem Besyedin,Dynamo Kyiv,2010s,Forward,2016/17,Dynamo Kyiv,,,,,,Supplied candidate source / club spell evidence,https://www.allplayers.in.ua/ua/team_players/1 ; https://www.allplayers.in.ua/ua/club_national_player/1,Low,"Season scaffold derived from exact club spell 2016/17-2021/22, but season-level appearances/goals/assists/clean sheets/minutes were not reliably available in supplied evidence; numeric stats left blank."
Artem Besyedin,Dynamo Kyiv,2010s,Forward,2017/18,Dynamo Kyiv,,,,,,Supplied candidate source / club spell evidence,https://www.allplayers.in.ua/ua/team_players/1 ; https://www.allplayers.in.ua/ua/club_national_player/1,Low,"Season scaffold derived from exact club spell 2016/17-2021/22, but season-level appearances/goals/assists/clean sheets/minutes were not reliably available in supplied evidence; numeric stats left blank."
Artem Besyedin,Dynamo Kyiv,2010s,Forward,2018/19,Dynamo Kyiv,,,,,,Supplied candidate source / club spell evidence,https://www.allplayers.in.ua/ua/team_players/1 ; https://www.allplayers.in.ua/ua/club_national_player/1,Low,"Season scaffold derived from exact club spell 2016/17-2021/22, but season-level appearances/goals/assists/clean sheets/minutes were not reliably available in supplied evidence; numeric stats left blank."
Artem Besyedin,Dynamo Kyiv,2010s,Forward,2019/20,Dynamo Kyiv,,,,,,Supplied candidate source / club spell evidence,https://www.allplayers.in.ua/ua/team_players/1 ; https://www.allplayers.in.ua/ua/club_national_player/1,Low,"Season scaffold derived from exact club spell 2016/17-2021/22, but season-level appearances/goals/assists/clean sheets/minutes were not reliably available in supplied evidence; numeric stats left blank."
Artem Besyedin,Dynamo Kyiv,2020s,Forward,2020/21,Dynamo Kyiv,,,,,,Supplied candidate source / club spell evidence,https://www.allplayers.in.ua/ua/team_players/1 ; https://www.allplayers.in.ua/ua/club_national_player/1,Low,"Season scaffold derived from exact club spell 2016/17-2021/22, but season-level appearances/goals/assists/clean sheets/minutes were not reliably available in supplied evidence; numeric stats left blank."
Artem Besyedin,Dynamo Kyiv,2020s,Forward,2021/22,Dynamo Kyiv,,,,,,Supplied candidate source / club spell evidence,https://www.allplayers.in.ua/ua/team_players/1 ; https://www.allplayers.in.ua/ua/club_national_player/1,Low,"Season scaffold derived from exact club spell 2016/17-2021/22, but season-level appearances/goals/assists/clean sheets/minutes were not reliably available in supplied evidence; numeric stats left blank."
Yevhen Cheberyachko,Dnipro Dnipropetrovsk (- 2020),2010s,Defender,2010/11,Dnipro Dnipropetrovsk (- 2020),,,,,,Supplied candidate source / club spell evidence,https://www.allplayers.in.ua/ua/team_players/3 ; https://fcdnipro.com/news/30-znakovyh-gravcziv-dnipra.html,Low,"Season scaffold derived from exact club spell 2009/10-2016/17, but season-level appearances/goals/assists/clean sheets/minutes were not reliably available in supplied evidence; numeric stats left blank."
Yevhen Cheberyachko,Dnipro Dnipropetrovsk (- 2020),2010s,Defender,2011/12,Dnipro Dnipropetrovsk (- 2020),,,,,,Supplied candidate source / club spell evidence,https://www.allplayers.in.ua/ua/team_players/3 ; https://fcdnipro.com/news/30-znakovyh-gravcziv-dnipra.html,Low,"Season scaffold derived from exact club spell 2009/10-2016/17, but season-level appearances/goals/assists/clean sheets/minutes were not reliably available in supplied evidence; numeric stats left blank."
Yevhen Cheberyachko,Dnipro Dnipropetrovsk (- 2020),2010s,Defender,2012/13,Dnipro Dnipropetrovsk (- 2020),,,,,,Supplied candidate source / club spell evidence,https://www.allplayers.in.ua/ua/team_players/3 ; https://fcdnipro.com/news/30-znakovyh-gravcziv-dnipra.html,Low,"Season scaffold derived from exact club spell 2009/10-2016/17, but season-level appearances/goals/assists/clean sheets/minutes were not reliably available in supplied evidence; numeric stats left blank."
Yevhen Cheberyachko,Dnipro Dnipropetrovsk (- 2020),2010s,Defender,2013/14,Dnipro Dnipropetrovsk (- 2020),,,,,,Supplied candidate source / club spell evidence,https://www.allplayers.in.ua/ua/team_players/3 ; https://fcdnipro.com/news/30-znakovyh-gravcziv-dnipra.html,Low,"Season scaffold derived from exact club spell 2009/10-2016/17, but season-level appearances/goals/assists/clean sheets/minutes were not reliably available in supplied evidence; numeric stats left blank."
Yevhen Cheberyachko,Dnipro Dnipropetrovsk (- 2020),2010s,Defender,2014/15,Dnipro Dnipropetrovsk (- 2020),,,,,,Supplied candidate source / club spell evidence,https://www.allplayers.in.ua/ua/team_players/3 ; https://fcdnipro.com/news/30-znakovyh-gravcziv-dnipra.html,Low,"Season scaffold derived from exact club spell 2009/10-2016/17, but season-level appearances/goals/assists/clean sheets/minutes were not reliably available in supplied evidence; numeric stats left blank."
Yevhen Cheberyachko,Dnipro Dnipropetrovsk (- 2020),2010s,Defender,2015/16,Dnipro Dnipropetrovsk (- 2020),,,,,,Supplied candidate source / club spell evidence,https://www.allplayers.in.ua/ua/team_players/3 ; https://fcdnipro.com/news/30-znakovyh-gravcziv-dnipra.html,Low,"Season scaffold derived from exact club spell 2009/10-2016/17, but season-level appearances/goals/assists/clean sheets/minutes were not reliably available in supplied evidence; numeric stats left blank."
Yevhen Cheberyachko,Dnipro Dnipropetrovsk (- 2020),2010s,Defender,2016/17,Dnipro Dnipropetrovsk (- 2020),,,,,,Supplied candidate source / club spell evidence,https://www.allplayers.in.ua/ua/team_players/3 ; https://fcdnipro.com/news/30-znakovyh-gravcziv-dnipra.html,Low,"Season scaffold derived from exact club spell 2009/10-2016/17, but season-level appearances/goals/assists/clean sheets/minutes were not reliably available in supplied evidence; numeric stats left blank."
Vitaliy Mandzyuk,Dnipro Dnipropetrovsk (- 2020),2000s,Defender,2009/10,Dnipro Dnipropetrovsk (- 2020),,,,,,Supplied candidate source / club spell evidence,https://www.allplayers.in.ua/ua/team_players/3,Low,"Season scaffold derived from exact club spell 2009/10-2014/15, but season-level appearances/goals/assists/clean sheets/minutes were not reliably available in supplied evidence; numeric stats left blank."
Vitaliy Mandzyuk,Dnipro Dnipropetrovsk (- 2020),2010s,Defender,2010/11,Dnipro Dnipropetrovsk (- 2020),,,,,,Supplied candidate source / club spell evidence,https://www.allplayers.in.ua/ua/team_players/3,Low,"Season scaffold derived from exact club spell 2009/10-2014/15, but season-level appearances/goals/assists/clean sheets/minutes were not reliably available in supplied evidence; numeric stats left blank."
Vitaliy Mandzyuk,Dnipro Dnipropetrovsk (- 2020),2010s,Defender,2011/12,Dnipro Dnipropetrovsk (- 2020),,,,,,Supplied candidate source / club spell evidence,https://www.allplayers.in.ua/ua/team_players/3,Low,"Season scaffold derived from exact club spell 2009/10-2014/15, but season-level appearances/goals/assists/clean sheets/minutes were not reliably available in supplied evidence; numeric stats left blank."
Vitaliy Mandzyuk,Dnipro Dnipropetrovsk (- 2020),2010s,Defender,2012/13,Dnipro Dnipropetrovsk (- 2020),,,,,,Supplied candidate source / club spell evidence,https://www.allplayers.in.ua/ua/team_players/3,Low,"Season scaffold derived from exact club spell 2009/10-2014/15, but season-level appearances/goals/assists/clean sheets/minutes were not reliably available in supplied evidence; numeric stats left blank."
Vitaliy Mandzyuk,Dnipro Dnipropetrovsk (- 2020),2010s,Defender,2013/14,Dnipro Dnipropetrovsk (- 2020),,,,,,Supplied candidate source / club spell evidence,https://www.allplayers.in.ua/ua/team_players/3,Low,"Season scaffold derived from exact club spell 2009/10-2014/15, but season-level appearances/goals/assists/clean sheets/minutes were not reliably available in supplied evidence; numeric stats left blank."
Vitaliy Mandzyuk,Dnipro Dnipropetrovsk (- 2020),2010s,Defender,2014/15,Dnipro Dnipropetrovsk (- 2020),,,,,,Supplied candidate source / club spell evidence,https://www.allplayers.in.ua/ua/team_players/3,Low,"Season scaffold derived from exact club spell 2009/10-2014/15, but season-level appearances/goals/assists/clean sheets/minutes were not reliably available in supplied evidence; numeric stats left blank."
Ivan Strinic,Dnipro Dnipropetrovsk (- 2020),2010s,Defender,2010/11,Dnipro Dnipropetrovsk (- 2020),,,,,,Supplied candidate source / club spell evidence,https://www.allplayers.in.ua/ua/team_players/3 ; https://fcdnipro.com/news/30-znakovyh-gravcziv-dnipra.html,Low,"Season scaffold derived from exact club spell 2010/11-2014/15, but season-level appearances/goals/assists/clean sheets/minutes were not reliably available in supplied evidence; numeric stats left blank."
Ivan Strinic,Dnipro Dnipropetrovsk (- 2020),2010s,Defender,2011/12,Dnipro Dnipropetrovsk (- 2020),,,,,,Supplied candidate source / club spell evidence,https://www.allplayers.in.ua/ua/team_players/3 ; https://fcdnipro.com/news/30-znakovyh-gravcziv-dnipra.html,Low,"Season scaffold derived from exact club spell 2010/11-2014/15, but season-level appearances/goals/assists/clean sheets/minutes were not reliably available in supplied evidence; numeric stats left blank."
Ivan Strinic,Dnipro Dnipropetrovsk (- 2020),2010s,Defender,2012/13,Dnipro Dnipropetrovsk (- 2020),,,,,,Supplied candidate source / club spell evidence,https://www.allplayers.in.ua/ua/team_players/3 ; https://fcdnipro.com/news/30-znakovyh-gravcziv-dnipra.html,Low,"Season scaffold derived from exact club spell 2010/11-2014/15, but season-level appearances/goals/assists/clean sheets/minutes were not reliably available in supplied evidence; numeric stats left blank."
Ivan Strinic,Dnipro Dnipropetrovsk (- 2020),2010s,Defender,2013/14,Dnipro Dnipropetrovsk (- 2020),,,,,,Supplied candidate source / club spell evidence,https://www.allplayers.in.ua/ua/team_players/3 ; https://fcdnipro.com/news/30-znakovyh-gravcziv-dnipra.html,Low,"Season scaffold derived from exact club spell 2010/11-2014/15, but season-level appearances/goals/assists/clean sheets/minutes were not reliably available in supplied evidence; numeric stats left blank."
Ivan Strinic,Dnipro Dnipropetrovsk (- 2020),2010s,Defender,2014/15,Dnipro Dnipropetrovsk (- 2020),,,,,,Supplied candidate source / club spell evidence,https://www.allplayers.in.ua/ua/team_players/3 ; https://fcdnipro.com/news/30-znakovyh-gravcziv-dnipra.html,Low,"Season scaffold derived from exact club spell 2010/11-2014/15, but season-level appearances/goals/assists/clean sheets/minutes were not reliably available in supplied evidence; numeric stats left blank."
Jan Lastuvka,Dnipro Dnipropetrovsk (- 2020),2000s,Goalkeeper,2009/10,Dnipro Dnipropetrovsk (- 2020),,0,,,,Supplied candidate source / club spell evidence,https://www.allplayers.in.ua/ua/team_players/3,Medium,Season scaffold derived from exact club spell 2009/10-2015/16. Season goals set to 0 because sourced club-total goals for this club are 0; no season-level assists/clean sheets/minutes found in supplied evidence.
Jan Lastuvka,Dnipro Dnipropetrovsk (- 2020),2010s,Goalkeeper,2010/11,Dnipro Dnipropetrovsk (- 2020),,0,,,,Supplied candidate source / club spell evidence,https://www.allplayers.in.ua/ua/team_players/3,Medium,Season scaffold derived from exact club spell 2009/10-2015/16. Season goals set to 0 because sourced club-total goals for this club are 0; no season-level assists/clean sheets/minutes found in supplied evidence.
Jan Lastuvka,Dnipro Dnipropetrovsk (- 2020),2010s,Goalkeeper,2011/12,Dnipro Dnipropetrovsk (- 2020),,0,,,,Supplied candidate source / club spell evidence,https://www.allplayers.in.ua/ua/team_players/3,Medium,Season scaffold derived from exact club spell 2009/10-2015/16. Season goals set to 0 because sourced club-total goals for this club are 0; no season-level assists/clean sheets/minutes found in supplied evidence.
Jan Lastuvka,Dnipro Dnipropetrovsk (- 2020),2010s,Goalkeeper,2012/13,Dnipro Dnipropetrovsk (- 2020),,0,,,,Supplied candidate source / club spell evidence,https://www.allplayers.in.ua/ua/team_players/3,Medium,Season scaffold derived from exact club spell 2009/10-2015/16. Season goals set to 0 because sourced club-total goals for this club are 0; no season-level assists/clean sheets/minutes found in supplied evidence.
Jan Lastuvka,Dnipro Dnipropetrovsk (- 2020),2010s,Goalkeeper,2013/14,Dnipro Dnipropetrovsk (- 2020),,0,,,,Supplied candidate source / club spell evidence,https://www.allplayers.in.ua/ua/team_players/3,Medium,Season scaffold derived from exact club spell 2009/10-2015/16. Season goals set to 0 because sourced club-total goals for this club are 0; no season-level assists/clean sheets/minutes found in supplied evidence.
Jan Lastuvka,Dnipro Dnipropetrovsk (- 2020),2010s,Goalkeeper,2014/15,Dnipro Dnipropetrovsk (- 2020),,0,,,,Supplied candidate source / club spell evidence,https://www.allplayers.in.ua/ua/team_players/3,Medium,Season scaffold derived from exact club spell 2009/10-2015/16. Season goals set to 0 because sourced club-total goals for this club are 0; no season-level assists/clean sheets/minutes found in supplied evidence.
Jan Lastuvka,Dnipro Dnipropetrovsk (- 2020),2010s,Goalkeeper,2015/16,Dnipro Dnipropetrovsk (- 2020),,0,,,,Supplied candidate source / club spell evidence,https://www.allplayers.in.ua/ua/team_players/3,Medium,Season scaffold derived from exact club spell 2009/10-2015/16. Season goals set to 0 because sourced club-total goals for this club are 0; no season-level assists/clean sheets/minutes found in supplied evidence.
Artem Fedetskyi,Dnipro Dnipropetrovsk (- 2020),2010s,Defender,2012/13,Dnipro Dnipropetrovsk (- 2020),,,,,,Supplied candidate source / club spell evidence,https://www.allplayers.in.ua/ua/team_players/3 ; https://fcdnipro.com/news/30-znakovyh-gravcziv-dnipra.html,Low,"Season scaffold derived from exact club spell 2012/13-2015/16, but season-level appearances/goals/assists/clean sheets/minutes were not reliably available in supplied evidence; numeric stats left blank."
Artem Fedetskyi,Dnipro Dnipropetrovsk (- 2020),2010s,Defender,2013/14,Dnipro Dnipropetrovsk (- 2020),,,,,,Supplied candidate source / club spell evidence,https://www.allplayers.in.ua/ua/team_players/3 ; https://fcdnipro.com/news/30-znakovyh-gravcziv-dnipra.html,Low,"Season scaffold derived from exact club spell 2012/13-2015/16, but season-level appearances/goals/assists/clean sheets/minutes were not reliably available in supplied evidence; numeric stats left blank."
Artem Fedetskyi,Dnipro Dnipropetrovsk (- 2020),2010s,Defender,2014/15,Dnipro Dnipropetrovsk (- 2020),,,,,,Supplied candidate source / club spell evidence,https://www.allplayers.in.ua/ua/team_players/3 ; https://fcdnipro.com/news/30-znakovyh-gravcziv-dnipra.html,Low,"Season scaffold derived from exact club spell 2012/13-2015/16, but season-level appearances/goals/assists/clean sheets/minutes were not reliably available in supplied evidence; numeric stats left blank."
Artem Fedetskyi,Dnipro Dnipropetrovsk (- 2020),2010s,Defender,2015/16,Dnipro Dnipropetrovsk (- 2020),,,,,,Supplied candidate source / club spell evidence,https://www.allplayers.in.ua/ua/team_players/3 ; https://fcdnipro.com/news/30-znakovyh-gravcziv-dnipra.html,Low,"Season scaffold derived from exact club spell 2012/13-2015/16, but season-level appearances/goals/assists/clean sheets/minutes were not reliably available in supplied evidence; numeric stats left blank."
Samuel Inkoom,Dnipro Dnipropetrovsk (- 2020),2010s,Defender,2011/12,Dnipro Dnipropetrovsk (- 2020),,,,,,Supplied candidate source / club spell evidence,https://www.allplayers.in.ua/ua/team_players/3,Low,"Season scaffold derived from exact club spell 2011/12-2013/14, but season-level appearances/goals/assists/clean sheets/minutes were not reliably available in supplied evidence; numeric stats left blank."
Samuel Inkoom,Dnipro Dnipropetrovsk (- 2020),2010s,Defender,2012/13,Dnipro Dnipropetrovsk (- 2020),,,,,,Supplied candidate source / club spell evidence,https://www.allplayers.in.ua/ua/team_players/3,Low,"Season scaffold derived from exact club spell 2011/12-2013/14, but season-level appearances/goals/assists/clean sheets/minutes were not reliably available in supplied evidence; numeric stats left blank."
Samuel Inkoom,Dnipro Dnipropetrovsk (- 2020),2010s,Defender,2013/14,Dnipro Dnipropetrovsk (- 2020),,,,,,Supplied candidate source / club spell evidence,https://www.allplayers.in.ua/ua/team_players/3,Low,"Season scaffold derived from exact club spell 2011/12-2013/14, but season-level appearances/goals/assists/clean sheets/minutes were not reliably available in supplied evidence; numeric stats left blank."
Matheus,Dnipro Dnipropetrovsk (- 2020),2010s,Forward,2011/12,Dnipro Dnipropetrovsk (- 2020),,,,,,Supplied candidate source / club spell evidence,https://www.allplayers.in.ua/ua/team_scorers/3,Low,"Season scaffold derived from exact club spell 2011/12-2015/16, but season-level appearances/goals/assists/clean sheets/minutes were not reliably available in supplied evidence; numeric stats left blank."
Matheus,Dnipro Dnipropetrovsk (- 2020),2010s,Forward,2012/13,Dnipro Dnipropetrovsk (- 2020),,,,,,Supplied candidate source / club spell evidence,https://www.allplayers.in.ua/ua/team_scorers/3,Low,"Season scaffold derived from exact club spell 2011/12-2015/16, but season-level appearances/goals/assists/clean sheets/minutes were not reliably available in supplied evidence; numeric stats left blank."
Matheus,Dnipro Dnipropetrovsk (- 2020),2010s,Forward,2013/14,Dnipro Dnipropetrovsk (- 2020),,,,,,Supplied candidate source / club spell evidence,https://www.allplayers.in.ua/ua/team_scorers/3,Low,"Season scaffold derived from exact club spell 2011/12-2015/16, but season-level appearances/goals/assists/clean sheets/minutes were not reliably available in supplied evidence; numeric stats left blank."
Matheus,Dnipro Dnipropetrovsk (- 2020),2010s,Forward,2014/15,Dnipro Dnipropetrovsk (- 2020),,,,,,Supplied candidate source / club spell evidence,https://www.allplayers.in.ua/ua/team_scorers/3,Low,"Season scaffold derived from exact club spell 2011/12-2015/16, but season-level appearances/goals/assists/clean sheets/minutes were not reliably available in supplied evidence; numeric stats left blank."
Matheus,Dnipro Dnipropetrovsk (- 2020),2010s,Forward,2015/16,Dnipro Dnipropetrovsk (- 2020),,,,,,Supplied candidate source / club spell evidence,https://www.allplayers.in.ua/ua/team_scorers/3,Low,"Season scaffold derived from exact club spell 2011/12-2015/16, but season-level appearances/goals/assists/clean sheets/minutes were not reliably available in supplied evidence; numeric stats left blank."
Leo Matos,Dnipro Dnipropetrovsk (- 2020),2010s,Defender,2010/11,Dnipro Dnipropetrovsk (- 2020),,,,,,Supplied candidate source / club spell evidence,https://www.allplayers.in.ua/ua/team_players/3,Low,"Season scaffold derived from exact club spell 2010/11-2014/15, but season-level appearances/goals/assists/clean sheets/minutes were not reliably available in supplied evidence; numeric stats left blank."
Leo Matos,Dnipro Dnipropetrovsk (- 2020),2010s,Defender,2011/12,Dnipro Dnipropetrovsk (- 2020),,,,,,Supplied candidate source / club spell evidence,https://www.allplayers.in.ua/ua/team_players/3,Low,"Season scaffold derived from exact club spell 2010/11-2014/15, but season-level appearances/goals/assists/clean sheets/minutes were not reliably available in supplied evidence; numeric stats left blank."
Leo Matos,Dnipro Dnipropetrovsk (- 2020),2010s,Defender,2012/13,Dnipro Dnipropetrovsk (- 2020),,,,,,Supplied candidate source / club spell evidence,https://www.allplayers.in.ua/ua/team_players/3,Low,"Season scaffold derived from exact club spell 2010/11-2014/15, but season-level appearances/goals/assists/clean sheets/minutes were not reliably available in supplied evidence; numeric stats left blank."
Leo Matos,Dnipro Dnipropetrovsk (- 2020),2010s,Defender,2013/14,Dnipro Dnipropetrovsk (- 2020),,,,,,Supplied candidate source / club spell evidence,https://www.allplayers.in.ua/ua/team_players/3,Low,"Season scaffold derived from exact club spell 2010/11-2014/15, but season-level appearances/goals/assists/clean sheets/minutes were not reliably available in supplied evidence; numeric stats left blank."
Leo Matos,Dnipro Dnipropetrovsk (- 2020),2010s,Defender,2014/15,Dnipro Dnipropetrovsk (- 2020),,,,,,Supplied candidate source / club spell evidence,https://www.allplayers.in.ua/ua/team_players/3,Low,"Season scaffold derived from exact club spell 2010/11-2014/15, but season-level appearances/goals/assists/clean sheets/minutes were not reliably available in supplied evidence; numeric stats left blank."
Serhiy Mizin,Metalist Kharkiv,2000s,Midfielder,2001/02,Metalist Kharkiv,,,,,,Supplied candidate source / club spell evidence,https://www.allplayers.in.ua/ua/team_players/4 ; https://uk.wikipedia.org/wiki/Суперництво_футбольних_клубів_«Дніпро»_та_«Металіст»,Low,"Season scaffold derived from exact club spell 2001/02-2004/05, but season-level appearances/goals/assists/clean sheets/minutes were not reliably available in supplied evidence; numeric stats left blank."
Serhiy Mizin,Metalist Kharkiv,2000s,Midfielder,2002/03,Metalist Kharkiv,,,,,,Supplied candidate source / club spell evidence,https://www.allplayers.in.ua/ua/team_players/4 ; https://uk.wikipedia.org/wiki/Суперництво_футбольних_клубів_«Дніпро»_та_«Металіст»,Low,"Season scaffold derived from exact club spell 2001/02-2004/05, but season-level appearances/goals/assists/clean sheets/minutes were not reliably available in supplied evidence; numeric stats left blank."
Serhiy Mizin,Metalist Kharkiv,2000s,Midfielder,2003/04,Metalist Kharkiv,,,,,,Supplied candidate source / club spell evidence,https://www.allplayers.in.ua/ua/team_players/4 ; https://uk.wikipedia.org/wiki/Суперництво_футбольних_клубів_«Дніпро»_та_«Металіст»,Low,"Season scaffold derived from exact club spell 2001/02-2004/05, but season-level appearances/goals/assists/clean sheets/minutes were not reliably available in supplied evidence; numeric stats left blank."
Serhiy Mizin,Metalist Kharkiv,2000s,Midfielder,2004/05,Metalist Kharkiv,,,,,,Supplied candidate source / club spell evidence,https://www.allplayers.in.ua/ua/team_players/4 ; https://uk.wikipedia.org/wiki/Суперництво_футбольних_клубів_«Дніпро»_та_«Металіст»,Low,"Season scaffold derived from exact club spell 2001/02-2004/05, but season-level appearances/goals/assists/clean sheets/minutes were not reliably available in supplied evidence; numeric stats left blank."
Andriy Bordiyan,Metalist Kharkiv,2000s,Defender,2006/07,Metalist Kharkiv,,,,,,Supplied candidate source / club spell evidence,https://www.allplayers.in.ua/ua/team_players/4,Low,"Season scaffold derived from exact club spell 2006/07-2013/14, but season-level appearances/goals/assists/clean sheets/minutes were not reliably available in supplied evidence; numeric stats left blank."
Andriy Bordiyan,Metalist Kharkiv,2000s,Defender,2007/08,Metalist Kharkiv,,,,,,Supplied candidate source / club spell evidence,https://www.allplayers.in.ua/ua/team_players/4,Low,"Season scaffold derived from exact club spell 2006/07-2013/14, but season-level appearances/goals/assists/clean sheets/minutes were not reliably available in supplied evidence; numeric stats left blank."
Andriy Bordiyan,Metalist Kharkiv,2000s,Defender,2008/09,Metalist Kharkiv,,,,,,Supplied candidate source / club spell evidence,https://www.allplayers.in.ua/ua/team_players/4,Low,"Season scaffold derived from exact club spell 2006/07-2013/14, but season-level appearances/goals/assists/clean sheets/minutes were not reliably available in supplied evidence; numeric stats left blank."
Andriy Bordiyan,Metalist Kharkiv,2000s,Defender,2009/10,Metalist Kharkiv,,,,,,Supplied candidate source / club spell evidence,https://www.allplayers.in.ua/ua/team_players/4,Low,"Season scaffold derived from exact club spell 2006/07-2013/14, but season-level appearances/goals/assists/clean sheets/minutes were not reliably available in supplied evidence; numeric stats left blank."
Andriy Bordiyan,Metalist Kharkiv,2010s,Defender,2010/11,Metalist Kharkiv,,,,,,Supplied candidate source / club spell evidence,https://www.allplayers.in.ua/ua/team_players/4,Low,"Season scaffold derived from exact club spell 2006/07-2013/14, but season-level appearances/goals/assists/clean sheets/minutes were not reliably available in supplied evidence; numeric stats left blank."
Andriy Bordiyan,Metalist Kharkiv,2010s,Defender,2011/12,Metalist Kharkiv,,,,,,Supplied candidate source / club spell evidence,https://www.allplayers.in.ua/ua/team_players/4,Low,"Season scaffold derived from exact club spell 2006/07-2013/14, but season-level appearances/goals/assists/clean sheets/minutes were not reliably available in supplied evidence; numeric stats left blank."
Andriy Bordiyan,Metalist Kharkiv,2010s,Defender,2012/13,Metalist Kharkiv,,,,,,Supplied candidate source / club spell evidence,https://www.allplayers.in.ua/ua/team_players/4,Low,"Season scaffold derived from exact club spell 2006/07-2013/14, but season-level appearances/goals/assists/clean sheets/minutes were not reliably available in supplied evidence; numeric stats left blank."
Andriy Bordiyan,Metalist Kharkiv,2010s,Defender,2013/14,Metalist Kharkiv,,,,,,Supplied candidate source / club spell evidence,https://www.allplayers.in.ua/ua/team_players/4,Low,"Season scaffold derived from exact club spell 2006/07-2013/14, but season-level appearances/goals/assists/clean sheets/minutes were not reliably available in supplied evidence; numeric stats left blank."
Oleksandr Yaroshenko,Metalist Kharkiv,2000s,Midfielder,2005/06,Metalist Kharkiv,,,,,,Supplied candidate source / club spell evidence,https://www.allplayers.in.ua/ua/team_players/4,Low,"Season scaffold derived from exact club spell 2005/06-2008/09, but season-level appearances/goals/assists/clean sheets/minutes were not reliably available in supplied evidence; numeric stats left blank."
Oleksandr Yaroshenko,Metalist Kharkiv,2000s,Midfielder,2006/07,Metalist Kharkiv,,,,,,Supplied candidate source / club spell evidence,https://www.allplayers.in.ua/ua/team_players/4,Low,"Season scaffold derived from exact club spell 2005/06-2008/09, but season-level appearances/goals/assists/clean sheets/minutes were not reliably available in supplied evidence; numeric stats left blank."
Oleksandr Yaroshenko,Metalist Kharkiv,2000s,Midfielder,2007/08,Metalist Kharkiv,,,,,,Supplied candidate source / club spell evidence,https://www.allplayers.in.ua/ua/team_players/4,Low,"Season scaffold derived from exact club spell 2005/06-2008/09, but season-level appearances/goals/assists/clean sheets/minutes were not reliably available in supplied evidence; numeric stats left blank."
Oleksandr Yaroshenko,Metalist Kharkiv,2000s,Midfielder,2008/09,Metalist Kharkiv,,,,,,Supplied candidate source / club spell evidence,https://www.allplayers.in.ua/ua/team_players/4,Low,"Season scaffold derived from exact club spell 2005/06-2008/09, but season-level appearances/goals/assists/clean sheets/minutes were not reliably available in supplied evidence; numeric stats left blank."
Roman Shandruk,Metalist Kharkiv,2000s,Defender,2005/06,Metalist Kharkiv,,,,,,Supplied candidate source / club spell evidence,https://www.allplayers.in.ua/ua/team_players/4,Low,"Season scaffold derived from exact club spell 2005/06-2008/09, but season-level appearances/goals/assists/clean sheets/minutes were not reliably available in supplied evidence; numeric stats left blank."
Roman Shandruk,Metalist Kharkiv,2000s,Defender,2006/07,Metalist Kharkiv,,,,,,Supplied candidate source / club spell evidence,https://www.allplayers.in.ua/ua/team_players/4,Low,"Season scaffold derived from exact club spell 2005/06-2008/09, but season-level appearances/goals/assists/clean sheets/minutes were not reliably available in supplied evidence; numeric stats left blank."
Roman Shandruk,Metalist Kharkiv,2000s,Defender,2007/08,Metalist Kharkiv,,,,,,Supplied candidate source / club spell evidence,https://www.allplayers.in.ua/ua/team_players/4,Low,"Season scaffold derived from exact club spell 2005/06-2008/09, but season-level appearances/goals/assists/clean sheets/minutes were not reliably available in supplied evidence; numeric stats left blank."
Roman Shandruk,Metalist Kharkiv,2000s,Defender,2008/09,Metalist Kharkiv,,,,,,Supplied candidate source / club spell evidence,https://www.allplayers.in.ua/ua/team_players/4,Low,"Season scaffold derived from exact club spell 2005/06-2008/09, but season-level appearances/goals/assists/clean sheets/minutes were not reliably available in supplied evidence; numeric stats left blank."
Vitaliy Levchenko,Arsenal Kyiv ( -2019),2000s,Midfielder,2002/03,Arsenal Kyiv ( -2019),,,,,,Supplied candidate source / club spell evidence,https://www.allplayers.in.ua/ua/team_players/16,Low,"Season scaffold derived from exact club spell 2002/03-2008/09, but season-level appearances/goals/assists/clean sheets/minutes were not reliably available in supplied evidence; numeric stats left blank."
Vitaliy Levchenko,Arsenal Kyiv ( -2019),2000s,Midfielder,2003/04,Arsenal Kyiv ( -2019),,,,,,Supplied candidate source / club spell evidence,https://www.allplayers.in.ua/ua/team_players/16,Low,"Season scaffold derived from exact club spell 2002/03-2008/09, but season-level appearances/goals/assists/clean sheets/minutes were not reliably available in supplied evidence; numeric stats left blank."
Vitaliy Levchenko,Arsenal Kyiv ( -2019),2000s,Midfielder,2004/05,Arsenal Kyiv ( -2019),,,,,,Supplied candidate source / club spell evidence,https://www.allplayers.in.ua/ua/team_players/16,Low,"Season scaffold derived from exact club spell 2002/03-2008/09, but season-level appearances/goals/assists/clean sheets/minutes were not reliably available in supplied evidence; numeric stats left blank."
Vitaliy Levchenko,Arsenal Kyiv ( -2019),2000s,Midfielder,2005/06,Arsenal Kyiv ( -2019),,,,,,Supplied candidate source / club spell evidence,https://www.allplayers.in.ua/ua/team_players/16,Low,"Season scaffold derived from exact club spell 2002/03-2008/09, but season-level appearances/goals/assists/clean sheets/minutes were not reliably available in supplied evidence; numeric stats left blank."
Vitaliy Levchenko,Arsenal Kyiv ( -2019),2000s,Midfielder,2006/07,Arsenal Kyiv ( -2019),,,,,,Supplied candidate source / club spell evidence,https://www.allplayers.in.ua/ua/team_players/16,Low,"Season scaffold derived from exact club spell 2002/03-2008/09, but season-level appearances/goals/assists/clean sheets/minutes were not reliably available in supplied evidence; numeric stats left blank."
Vitaliy Levchenko,Arsenal Kyiv ( -2019),2000s,Midfielder,2007/08,Arsenal Kyiv ( -2019),,,,,,Supplied candidate source / club spell evidence,https://www.allplayers.in.ua/ua/team_players/16,Low,"Season scaffold derived from exact club spell 2002/03-2008/09, but season-level appearances/goals/assists/clean sheets/minutes were not reliably available in supplied evidence; numeric stats left blank."
Vitaliy Levchenko,Arsenal Kyiv ( -2019),2000s,Midfielder,2008/09,Arsenal Kyiv ( -2019),,,,,,Supplied candidate source / club spell evidence,https://www.allplayers.in.ua/ua/team_players/16,Low,"Season scaffold derived from exact club spell 2002/03-2008/09, but season-level appearances/goals/assists/clean sheets/minutes were not reliably available in supplied evidence; numeric stats left blank."
Serhiy Symonenko,Arsenal Kyiv ( -2019),2000s,Defender,2002/03,Arsenal Kyiv ( -2019),,,,,,Supplied candidate source / club spell evidence,https://www.allplayers.in.ua/ua/team_players/16,Low,"Season scaffold derived from exact club spell 2002/03-2007/08, but season-level appearances/goals/assists/clean sheets/minutes were not reliably available in supplied evidence; numeric stats left blank."
Serhiy Symonenko,Arsenal Kyiv ( -2019),2000s,Defender,2003/04,Arsenal Kyiv ( -2019),,,,,,Supplied candidate source / club spell evidence,https://www.allplayers.in.ua/ua/team_players/16,Low,"Season scaffold derived from exact club spell 2002/03-2007/08, but season-level appearances/goals/assists/clean sheets/minutes were not reliably available in supplied evidence; numeric stats left blank."
Serhiy Symonenko,Arsenal Kyiv ( -2019),2000s,Defender,2004/05,Arsenal Kyiv ( -2019),,,,,,Supplied candidate source / club spell evidence,https://www.allplayers.in.ua/ua/team_players/16,Low,"Season scaffold derived from exact club spell 2002/03-2007/08, but season-level appearances/goals/assists/clean sheets/minutes were not reliably available in supplied evidence; numeric stats left blank."
Serhiy Symonenko,Arsenal Kyiv ( -2019),2000s,Defender,2005/06,Arsenal Kyiv ( -2019),,,,,,Supplied candidate source / club spell evidence,https://www.allplayers.in.ua/ua/team_players/16,Low,"Season scaffold derived from exact club spell 2002/03-2007/08, but season-level appearances/goals/assists/clean sheets/minutes were not reliably available in supplied evidence; numeric stats left blank."
Serhiy Symonenko,Arsenal Kyiv ( -2019),2000s,Defender,2006/07,Arsenal Kyiv ( -2019),,,,,,Supplied candidate source / club spell evidence,https://www.allplayers.in.ua/ua/team_players/16,Low,"Season scaffold derived from exact club spell 2002/03-2007/08, but season-level appearances/goals/assists/clean sheets/minutes were not reliably available in supplied evidence; numeric stats left blank."
Serhiy Symonenko,Arsenal Kyiv ( -2019),2000s,Defender,2007/08,Arsenal Kyiv ( -2019),,,,,,Supplied candidate source / club spell evidence,https://www.allplayers.in.ua/ua/team_players/16,Low,"Season scaffold derived from exact club spell 2002/03-2007/08, but season-level appearances/goals/assists/clean sheets/minutes were not reliably available in supplied evidence; numeric stats left blank."
Andriy Khomin,Arsenal Kyiv ( -2019),2000s,Defender,2001/02,Arsenal Kyiv ( -2019),,,,,,Supplied candidate source / club spell evidence,https://www.allplayers.in.ua/ua/team_players/16,Low,"Season scaffold derived from exact club spell 2001/02-2005/06, but season-level appearances/goals/assists/clean sheets/minutes were not reliably available in supplied evidence; numeric stats left blank."
Andriy Khomin,Arsenal Kyiv ( -2019),2000s,Defender,2002/03,Arsenal Kyiv ( -2019),,,,,,Supplied candidate source / club spell evidence,https://www.allplayers.in.ua/ua/team_players/16,Low,"Season scaffold derived from exact club spell 2001/02-2005/06, but season-level appearances/goals/assists/clean sheets/minutes were not reliably available in supplied evidence; numeric stats left blank."
Andriy Khomin,Arsenal Kyiv ( -2019),2000s,Defender,2003/04,Arsenal Kyiv ( -2019),,,,,,Supplied candidate source / club spell evidence,https://www.allplayers.in.ua/ua/team_players/16,Low,"Season scaffold derived from exact club spell 2001/02-2005/06, but season-level appearances/goals/assists/clean sheets/minutes were not reliably available in supplied evidence; numeric stats left blank."
Andriy Khomin,Arsenal Kyiv ( -2019),2000s,Defender,2004/05,Arsenal Kyiv ( -2019),,,,,,Supplied candidate source / club spell evidence,https://www.allplayers.in.ua/ua/team_players/16,Low,"Season scaffold derived from exact club spell 2001/02-2005/06, but season-level appearances/goals/assists/clean sheets/minutes were not reliably available in supplied evidence; numeric stats left blank."
Andriy Khomin,Arsenal Kyiv ( -2019),2000s,Defender,2005/06,Arsenal Kyiv ( -2019),,,,,,Supplied candidate source / club spell evidence,https://www.allplayers.in.ua/ua/team_players/16,Low,"Season scaffold derived from exact club spell 2001/02-2005/06, but season-level appearances/goals/assists/clean sheets/minutes were not reliably available in supplied evidence; numeric stats left blank."
Oleksandr Hrytsay,Arsenal Kyiv ( -2019),2000s,Midfielder,2009/10,Arsenal Kyiv ( -2019),,,,,,Supplied candidate source / club spell evidence,https://www.allplayers.in.ua/ua/team_players/16 ; https://www.allplayers.in.ua/ua/team_squad/16/2009-2010,Low,"Season scaffold derived from exact club spell 2009/10-2013/14, but season-level appearances/goals/assists/clean sheets/minutes were not reliably available in supplied evidence; numeric stats left blank."
Oleksandr Hrytsay,Arsenal Kyiv ( -2019),2010s,Midfielder,2010/11,Arsenal Kyiv ( -2019),,,,,,Supplied candidate source / club spell evidence,https://www.allplayers.in.ua/ua/team_players/16 ; https://www.allplayers.in.ua/ua/team_squad/16/2009-2010,Low,"Season scaffold derived from exact club spell 2009/10-2013/14, but season-level appearances/goals/assists/clean sheets/minutes were not reliably available in supplied evidence; numeric stats left blank."
Oleksandr Hrytsay,Arsenal Kyiv ( -2019),2010s,Midfielder,2011/12,Arsenal Kyiv ( -2019),,,,,,Supplied candidate source / club spell evidence,https://www.allplayers.in.ua/ua/team_players/16 ; https://www.allplayers.in.ua/ua/team_squad/16/2009-2010,Low,"Season scaffold derived from exact club spell 2009/10-2013/14, but season-level appearances/goals/assists/clean sheets/minutes were not reliably available in supplied evidence; numeric stats left blank."
Oleksandr Hrytsay,Arsenal Kyiv ( -2019),2010s,Midfielder,2012/13,Arsenal Kyiv ( -2019),,,,,,Supplied candidate source / club spell evidence,https://www.allplayers.in.ua/ua/team_players/16 ; https://www.allplayers.in.ua/ua/team_squad/16/2009-2010,Low,"Season scaffold derived from exact club spell 2009/10-2013/14, but season-level appearances/goals/assists/clean sheets/minutes were not reliably available in supplied evidence; numeric stats left blank."
Oleksandr Hrytsay,Arsenal Kyiv ( -2019),2010s,Midfielder,2013/14,Arsenal Kyiv ( -2019),,,,,,Supplied candidate source / club spell evidence,https://www.allplayers.in.ua/ua/team_players/16 ; https://www.allplayers.in.ua/ua/team_squad/16/2009-2010,Low,"Season scaffold derived from exact club spell 2009/10-2013/14, but season-level appearances/goals/assists/clean sheets/minutes were not reliably available in supplied evidence; numeric stats left blank."
Mykyta Kamenyuka,Zorya Lugansk,2000s,Defender,2007/08,Zorya Lugansk,,,,,,Supplied candidate source / club spell evidence,https://www.allplayers.in.ua/ua/team_players/13,Low,"Season scaffold derived from exact club spell 2007/08-2018/19, but season-level appearances/goals/assists/clean sheets/minutes were not reliably available in supplied evidence; numeric stats left blank."
Mykyta Kamenyuka,Zorya Lugansk,2000s,Defender,2008/09,Zorya Lugansk,,,,,,Supplied candidate source / club spell evidence,https://www.allplayers.in.ua/ua/team_players/13,Low,"Season scaffold derived from exact club spell 2007/08-2018/19, but season-level appearances/goals/assists/clean sheets/minutes were not reliably available in supplied evidence; numeric stats left blank."
Mykyta Kamenyuka,Zorya Lugansk,2000s,Defender,2009/10,Zorya Lugansk,,,,,,Supplied candidate source / club spell evidence,https://www.allplayers.in.ua/ua/team_players/13,Low,"Season scaffold derived from exact club spell 2007/08-2018/19, but season-level appearances/goals/assists/clean sheets/minutes were not reliably available in supplied evidence; numeric stats left blank."
Mykyta Kamenyuka,Zorya Lugansk,2010s,Defender,2010/11,Zorya Lugansk,,,,,,Supplied candidate source / club spell evidence,https://www.allplayers.in.ua/ua/team_players/13,Low,"Season scaffold derived from exact club spell 2007/08-2018/19, but season-level appearances/goals/assists/clean sheets/minutes were not reliably available in supplied evidence; numeric stats left blank."
Mykyta Kamenyuka,Zorya Lugansk,2010s,Defender,2011/12,Zorya Lugansk,,,,,,Supplied candidate source / club spell evidence,https://www.allplayers.in.ua/ua/team_players/13,Low,"Season scaffold derived from exact club spell 2007/08-2018/19, but season-level appearances/goals/assists/clean sheets/minutes were not reliably available in supplied evidence; numeric stats left blank."
Mykyta Kamenyuka,Zorya Lugansk,2010s,Defender,2012/13,Zorya Lugansk,,,,,,Supplied candidate source / club spell evidence,https://www.allplayers.in.ua/ua/team_players/13,Low,"Season scaffold derived from exact club spell 2007/08-2018/19, but season-level appearances/goals/assists/clean sheets/minutes were not reliably available in supplied evidence; numeric stats left blank."
Mykyta Kamenyuka,Zorya Lugansk,2010s,Defender,2013/14,Zorya Lugansk,,,,,,Supplied candidate source / club spell evidence,https://www.allplayers.in.ua/ua/team_players/13,Low,"Season scaffold derived from exact club spell 2007/08-2018/19, but season-level appearances/goals/assists/clean sheets/minutes were not reliably available in supplied evidence; numeric stats left blank."
Mykyta Kamenyuka,Zorya Lugansk,2010s,Defender,2014/15,Zorya Lugansk,,,,,,Supplied candidate source / club spell evidence,https://www.allplayers.in.ua/ua/team_players/13,Low,"Season scaffold derived from exact club spell 2007/08-2018/19, but season-level appearances/goals/assists/clean sheets/minutes were not reliably available in supplied evidence; numeric stats left blank."
Mykyta Kamenyuka,Zorya Lugansk,2010s,Defender,2015/16,Zorya Lugansk,,,,,,Supplied candidate source / club spell evidence,https://www.allplayers.in.ua/ua/team_players/13,Low,"Season scaffold derived from exact club spell 2007/08-2018/19, but season-level appearances/goals/assists/clean sheets/minutes were not reliably available in supplied evidence; numeric stats left blank."
Mykyta Kamenyuka,Zorya Lugansk,2010s,Defender,2016/17,Zorya Lugansk,,,,,,Supplied candidate source / club spell evidence,https://www.allplayers.in.ua/ua/team_players/13,Low,"Season scaffold derived from exact club spell 2007/08-2018/19, but season-level appearances/goals/assists/clean sheets/minutes were not reliably available in supplied evidence; numeric stats left blank."
Mykyta Kamenyuka,Zorya Lugansk,2010s,Defender,2017/18,Zorya Lugansk,,,,,,Supplied candidate source / club spell evidence,https://www.allplayers.in.ua/ua/team_players/13,Low,"Season scaffold derived from exact club spell 2007/08-2018/19, but season-level appearances/goals/assists/clean sheets/minutes were not reliably available in supplied evidence; numeric stats left blank."
Mykyta Kamenyuka,Zorya Lugansk,2010s,Defender,2018/19,Zorya Lugansk,,,,,,Supplied candidate source / club spell evidence,https://www.allplayers.in.ua/ua/team_players/13,Low,"Season scaffold derived from exact club spell 2007/08-2018/19, but season-level appearances/goals/assists/clean sheets/minutes were not reliably available in supplied evidence; numeric stats left blank."
Zeljko Ljubenovic,Zorya Lugansk,2010s,Midfielder,2012/13,Zorya Lugansk,,,,,,Supplied candidate source / club spell evidence,https://www.allplayers.in.ua/ua/team_players/13,Low,"Season scaffold derived from exact club spell 2012/13-2017/18, but season-level appearances/goals/assists/clean sheets/minutes were not reliably available in supplied evidence; numeric stats left blank."
Zeljko Ljubenovic,Zorya Lugansk,2010s,Midfielder,2013/14,Zorya Lugansk,,,,,,Supplied candidate source / club spell evidence,https://www.allplayers.in.ua/ua/team_players/13,Low,"Season scaffold derived from exact club spell 2012/13-2017/18, but season-level appearances/goals/assists/clean sheets/minutes were not reliably available in supplied evidence; numeric stats left blank."
Zeljko Ljubenovic,Zorya Lugansk,2010s,Midfielder,2014/15,Zorya Lugansk,,,,,,Supplied candidate source / club spell evidence,https://www.allplayers.in.ua/ua/team_players/13,Low,"Season scaffold derived from exact club spell 2012/13-2017/18, but season-level appearances/goals/assists/clean sheets/minutes were not reliably available in supplied evidence; numeric stats left blank."
Zeljko Ljubenovic,Zorya Lugansk,2010s,Midfielder,2015/16,Zorya Lugansk,,,,,,Supplied candidate source / club spell evidence,https://www.allplayers.in.ua/ua/team_players/13,Low,"Season scaffold derived from exact club spell 2012/13-2017/18, but season-level appearances/goals/assists/clean sheets/minutes were not reliably available in supplied evidence; numeric stats left blank."
Zeljko Ljubenovic,Zorya Lugansk,2010s,Midfielder,2016/17,Zorya Lugansk,,,,,,Supplied candidate source / club spell evidence,https://www.allplayers.in.ua/ua/team_players/13,Low,"Season scaffold derived from exact club spell 2012/13-2017/18, but season-level appearances/goals/assists/clean sheets/minutes were not reliably available in supplied evidence; numeric stats left blank."
Zeljko Ljubenovic,Zorya Lugansk,2010s,Midfielder,2017/18,Zorya Lugansk,,,,,,Supplied candidate source / club spell evidence,https://www.allplayers.in.ua/ua/team_players/13,Low,"Season scaffold derived from exact club spell 2012/13-2017/18, but season-level appearances/goals/assists/clean sheets/minutes were not reliably available in supplied evidence; numeric stats left blank."
Oleksandr Karavayev,Zorya Lugansk,2010s,Midfielder / Defender,2014/15,Zorya Lugansk,,,,,,Supplied candidate source / club spell evidence,https://www.allplayers.in.ua/ua/team_players/13,Low,"Season scaffold derived from exact club spell 2014/15-2016/17, but season-level appearances/goals/assists/clean sheets/minutes were not reliably available in supplied evidence; numeric stats left blank."
Oleksandr Karavayev,Zorya Lugansk,2010s,Midfielder / Defender,2015/16,Zorya Lugansk,,,,,,Supplied candidate source / club spell evidence,https://www.allplayers.in.ua/ua/team_players/13,Low,"Season scaffold derived from exact club spell 2014/15-2016/17, but season-level appearances/goals/assists/clean sheets/minutes were not reliably available in supplied evidence; numeric stats left blank."
Oleksandr Karavayev,Zorya Lugansk,2010s,Midfielder / Defender,2016/17,Zorya Lugansk,,,,,,Supplied candidate source / club spell evidence,https://www.allplayers.in.ua/ua/team_players/13,Low,"Season scaffold derived from exact club spell 2014/15-2016/17, but season-level appearances/goals/assists/clean sheets/minutes were not reliably available in supplied evidence; numeric stats left blank."
Dmytro Bilyi,Zorya Lugansk,2000s,Defender,2009/10,Zorya Lugansk,,,,,,Supplied candidate source / club spell evidence,https://www.allplayers.in.ua/ua/team_players/13,Low,"Season scaffold derived from exact club spell 2009/10-2013/14, but season-level appearances/goals/assists/clean sheets/minutes were not reliably available in supplied evidence; numeric stats left blank."
Dmytro Bilyi,Zorya Lugansk,2010s,Defender,2010/11,Zorya Lugansk,,,,,,Supplied candidate source / club spell evidence,https://www.allplayers.in.ua/ua/team_players/13,Low,"Season scaffold derived from exact club spell 2009/10-2013/14, but season-level appearances/goals/assists/clean sheets/minutes were not reliably available in supplied evidence; numeric stats left blank."
Dmytro Bilyi,Zorya Lugansk,2010s,Defender,2011/12,Zorya Lugansk,,,,,,Supplied candidate source / club spell evidence,https://www.allplayers.in.ua/ua/team_players/13,Low,"Season scaffold derived from exact club spell 2009/10-2013/14, but season-level appearances/goals/assists/clean sheets/minutes were not reliably available in supplied evidence; numeric stats left blank."
Dmytro Bilyi,Zorya Lugansk,2010s,Defender,2012/13,Zorya Lugansk,,,,,,Supplied candidate source / club spell evidence,https://www.allplayers.in.ua/ua/team_players/13,Low,"Season scaffold derived from exact club spell 2009/10-2013/14, but season-level appearances/goals/assists/clean sheets/minutes were not reliably available in supplied evidence; numeric stats left blank."
Dmytro Bilyi,Zorya Lugansk,2010s,Defender,2013/14,Zorya Lugansk,,,,,,Supplied candidate source / club spell evidence,https://www.allplayers.in.ua/ua/team_players/13,Low,"Season scaffold derived from exact club spell 2009/10-2013/14, but season-level appearances/goals/assists/clean sheets/minutes were not reliably available in supplied evidence; numeric stats left blank."
Vitaliy Rudenko,Chornomorets Odesa,1990s,Goalkeeper,1999/00,Chornomorets Odesa,,0,,,,Supplied candidate source / club spell evidence,https://uk.wikipedia.org/wiki/Статистика_та_рекорди_ФК_«Чорноморець»_Одеса ; https://www.allplayers.in.ua/ua/team_players/5,Medium,Season scaffold derived from exact club spell 1999/00-2012/13. Season goals set to 0 because sourced club-total goals for this club are 0; no season-level assists/clean sheets/minutes found in supplied evidence.
Vitaliy Rudenko,Chornomorets Odesa,2000s,Goalkeeper,2000/01,Chornomorets Odesa,,0,,,,Supplied candidate source / club spell evidence,https://uk.wikipedia.org/wiki/Статистика_та_рекорди_ФК_«Чорноморець»_Одеса ; https://www.allplayers.in.ua/ua/team_players/5,Medium,Season scaffold derived from exact club spell 1999/00-2012/13. Season goals set to 0 because sourced club-total goals for this club are 0; no season-level assists/clean sheets/minutes found in supplied evidence.
Vitaliy Rudenko,Chornomorets Odesa,2000s,Goalkeeper,2001/02,Chornomorets Odesa,,0,,,,Supplied candidate source / club spell evidence,https://uk.wikipedia.org/wiki/Статистика_та_рекорди_ФК_«Чорноморець»_Одеса ; https://www.allplayers.in.ua/ua/team_players/5,Medium,Season scaffold derived from exact club spell 1999/00-2012/13. Season goals set to 0 because sourced club-total goals for this club are 0; no season-level assists/clean sheets/minutes found in supplied evidence.
Vitaliy Rudenko,Chornomorets Odesa,2000s,Goalkeeper,2002/03,Chornomorets Odesa,,0,,,,Supplied candidate source / club spell evidence,https://uk.wikipedia.org/wiki/Статистика_та_рекорди_ФК_«Чорноморець»_Одеса ; https://www.allplayers.in.ua/ua/team_players/5,Medium,Season scaffold derived from exact club spell 1999/00-2012/13. Season goals set to 0 because sourced club-total goals for this club are 0; no season-level assists/clean sheets/minutes found in supplied evidence.
Vitaliy Rudenko,Chornomorets Odesa,2000s,Goalkeeper,2003/04,Chornomorets Odesa,,0,,,,Supplied candidate source / club spell evidence,https://uk.wikipedia.org/wiki/Статистика_та_рекорди_ФК_«Чорноморець»_Одеса ; https://www.allplayers.in.ua/ua/team_players/5,Medium,Season scaffold derived from exact club spell 1999/00-2012/13. Season goals set to 0 because sourced club-total goals for this club are 0; no season-level assists/clean sheets/minutes found in supplied evidence.
Vitaliy Rudenko,Chornomorets Odesa,2000s,Goalkeeper,2004/05,Chornomorets Odesa,,0,,,,Supplied candidate source / club spell evidence,https://uk.wikipedia.org/wiki/Статистика_та_рекорди_ФК_«Чорноморець»_Одеса ; https://www.allplayers.in.ua/ua/team_players/5,Medium,Season scaffold derived from exact club spell 1999/00-2012/13. Season goals set to 0 because sourced club-total goals for this club are 0; no season-level assists/clean sheets/minutes found in supplied evidence.
Vitaliy Rudenko,Chornomorets Odesa,2000s,Goalkeeper,2005/06,Chornomorets Odesa,,0,,,,Supplied candidate source / club spell evidence,https://uk.wikipedia.org/wiki/Статистика_та_рекорди_ФК_«Чорноморець»_Одеса ; https://www.allplayers.in.ua/ua/team_players/5,Medium,Season scaffold derived from exact club spell 1999/00-2012/13. Season goals set to 0 because sourced club-total goals for this club are 0; no season-level assists/clean sheets/minutes found in supplied evidence.
Vitaliy Rudenko,Chornomorets Odesa,2000s,Goalkeeper,2006/07,Chornomorets Odesa,,0,,,,Supplied candidate source / club spell evidence,https://uk.wikipedia.org/wiki/Статистика_та_рекорди_ФК_«Чорноморець»_Одеса ; https://www.allplayers.in.ua/ua/team_players/5,Medium,Season scaffold derived from exact club spell 1999/00-2012/13. Season goals set to 0 because sourced club-total goals for this club are 0; no season-level assists/clean sheets/minutes found in supplied evidence.
Vitaliy Rudenko,Chornomorets Odesa,2000s,Goalkeeper,2007/08,Chornomorets Odesa,,0,,,,Supplied candidate source / club spell evidence,https://uk.wikipedia.org/wiki/Статистика_та_рекорди_ФК_«Чорноморець»_Одеса ; https://www.allplayers.in.ua/ua/team_players/5,Medium,Season scaffold derived from exact club spell 1999/00-2012/13. Season goals set to 0 because sourced club-total goals for this club are 0; no season-level assists/clean sheets/minutes found in supplied evidence.
Vitaliy Rudenko,Chornomorets Odesa,2000s,Goalkeeper,2008/09,Chornomorets Odesa,,0,,,,Supplied candidate source / club spell evidence,https://uk.wikipedia.org/wiki/Статистика_та_рекорди_ФК_«Чорноморець»_Одеса ; https://www.allplayers.in.ua/ua/team_players/5,Medium,Season scaffold derived from exact club spell 1999/00-2012/13. Season goals set to 0 because sourced club-total goals for this club are 0; no season-level assists/clean sheets/minutes found in supplied evidence.
Vitaliy Rudenko,Chornomorets Odesa,2000s,Goalkeeper,2009/10,Chornomorets Odesa,,0,,,,Supplied candidate source / club spell evidence,https://uk.wikipedia.org/wiki/Статистика_та_рекорди_ФК_«Чорноморець»_Одеса ; https://www.allplayers.in.ua/ua/team_players/5,Medium,Season scaffold derived from exact club spell 1999/00-2012/13. Season goals set to 0 because sourced club-total goals for this club are 0; no season-level assists/clean sheets/minutes found in supplied evidence.
Vitaliy Rudenko,Chornomorets Odesa,2010s,Goalkeeper,2010/11,Chornomorets Odesa,,0,,,,Supplied candidate source / club spell evidence,https://uk.wikipedia.org/wiki/Статистика_та_рекорди_ФК_«Чорноморець»_Одеса ; https://www.allplayers.in.ua/ua/team_players/5,Medium,Season scaffold derived from exact club spell 1999/00-2012/13. Season goals set to 0 because sourced club-total goals for this club are 0; no season-level assists/clean sheets/minutes found in supplied evidence.
Vitaliy Rudenko,Chornomorets Odesa,2010s,Goalkeeper,2011/12,Chornomorets Odesa,,0,,,,Supplied candidate source / club spell evidence,https://uk.wikipedia.org/wiki/Статистика_та_рекорди_ФК_«Чорноморець»_Одеса ; https://www.allplayers.in.ua/ua/team_players/5,Medium,Season scaffold derived from exact club spell 1999/00-2012/13. Season goals set to 0 because sourced club-total goals for this club are 0; no season-level assists/clean sheets/minutes found in supplied evidence.
Vitaliy Rudenko,Chornomorets Odesa,2010s,Goalkeeper,2012/13,Chornomorets Odesa,,0,,,,Supplied candidate source / club spell evidence,https://uk.wikipedia.org/wiki/Статистика_та_рекорди_ФК_«Чорноморець»_Одеса ; https://www.allplayers.in.ua/ua/team_players/5,Medium,Season scaffold derived from exact club spell 1999/00-2012/13. Season goals set to 0 because sourced club-total goals for this club are 0; no season-level assists/clean sheets/minutes found in supplied evidence.
Oleksandr Zotov,Chornomorets Odesa,2000s,Midfielder,2005/06,Chornomorets Odesa,,,,,,Supplied candidate source / club spell evidence,https://www.allplayers.in.ua/ua/top_players ; https://www.allplayers.in.ua/ua/team_players/5,Low,"Season scaffold derived from exact club spell 2005/06-2013/14, but season-level appearances/goals/assists/clean sheets/minutes were not reliably available in supplied evidence; numeric stats left blank."
Oleksandr Zotov,Chornomorets Odesa,2000s,Midfielder,2006/07,Chornomorets Odesa,,,,,,Supplied candidate source / club spell evidence,https://www.allplayers.in.ua/ua/top_players ; https://www.allplayers.in.ua/ua/team_players/5,Low,"Season scaffold derived from exact club spell 2005/06-2013/14, but season-level appearances/goals/assists/clean sheets/minutes were not reliably available in supplied evidence; numeric stats left blank."
Oleksandr Zotov,Chornomorets Odesa,2000s,Midfielder,2007/08,Chornomorets Odesa,,,,,,Supplied candidate source / club spell evidence,https://www.allplayers.in.ua/ua/top_players ; https://www.allplayers.in.ua/ua/team_players/5,Low,"Season scaffold derived from exact club spell 2005/06-2013/14, but season-level appearances/goals/assists/clean sheets/minutes were not reliably available in supplied evidence; numeric stats left blank."
Oleksandr Zotov,Chornomorets Odesa,2000s,Midfielder,2008/09,Chornomorets Odesa,,,,,,Supplied candidate source / club spell evidence,https://www.allplayers.in.ua/ua/top_players ; https://www.allplayers.in.ua/ua/team_players/5,Low,"Season scaffold derived from exact club spell 2005/06-2013/14, but season-level appearances/goals/assists/clean sheets/minutes were not reliably available in supplied evidence; numeric stats left blank."
Oleksandr Zotov,Chornomorets Odesa,2000s,Midfielder,2009/10,Chornomorets Odesa,,,,,,Supplied candidate source / club spell evidence,https://www.allplayers.in.ua/ua/top_players ; https://www.allplayers.in.ua/ua/team_players/5,Low,"Season scaffold derived from exact club spell 2005/06-2013/14, but season-level appearances/goals/assists/clean sheets/minutes were not reliably available in supplied evidence; numeric stats left blank."
Oleksandr Zotov,Chornomorets Odesa,2010s,Midfielder,2010/11,Chornomorets Odesa,,,,,,Supplied candidate source / club spell evidence,https://www.allplayers.in.ua/ua/top_players ; https://www.allplayers.in.ua/ua/team_players/5,Low,"Season scaffold derived from exact club spell 2005/06-2013/14, but season-level appearances/goals/assists/clean sheets/minutes were not reliably available in supplied evidence; numeric stats left blank."
Oleksandr Zotov,Chornomorets Odesa,2010s,Midfielder,2011/12,Chornomorets Odesa,,,,,,Supplied candidate source / club spell evidence,https://www.allplayers.in.ua/ua/top_players ; https://www.allplayers.in.ua/ua/team_players/5,Low,"Season scaffold derived from exact club spell 2005/06-2013/14, but season-level appearances/goals/assists/clean sheets/minutes were not reliably available in supplied evidence; numeric stats left blank."
Oleksandr Zotov,Chornomorets Odesa,2010s,Midfielder,2012/13,Chornomorets Odesa,,,,,,Supplied candidate source / club spell evidence,https://www.allplayers.in.ua/ua/top_players ; https://www.allplayers.in.ua/ua/team_players/5,Low,"Season scaffold derived from exact club spell 2005/06-2013/14, but season-level appearances/goals/assists/clean sheets/minutes were not reliably available in supplied evidence; numeric stats left blank."
Oleksandr Zotov,Chornomorets Odesa,2010s,Midfielder,2013/14,Chornomorets Odesa,,,,,,Supplied candidate source / club spell evidence,https://www.allplayers.in.ua/ua/top_players ; https://www.allplayers.in.ua/ua/team_players/5,Low,"Season scaffold derived from exact club spell 2005/06-2013/14, but season-level appearances/goals/assists/clean sheets/minutes were not reliably available in supplied evidence; numeric stats left blank."
Oleksiy Hai,Chornomorets Odesa,2010s,Midfielder,2013/14,Chornomorets Odesa,,,,,,Supplied candidate source / club spell evidence,https://uk.wikipedia.org/wiki/Статистика_та_рекорди_ФК_«Чорноморець»_Одеса ; https://www.allplayers.in.ua/ua/national_career/437,Low,"Season scaffold derived from exact club spell 2013/14-2014/15, but season-level appearances/goals/assists/clean sheets/minutes were not reliably available in supplied evidence; numeric stats left blank."
Oleksiy Hai,Chornomorets Odesa,2010s,Midfielder,2014/15,Chornomorets Odesa,,,,,,Supplied candidate source / club spell evidence,https://uk.wikipedia.org/wiki/Статистика_та_рекорди_ФК_«Чорноморець»_Одеса ; https://www.allplayers.in.ua/ua/national_career/437,Low,"Season scaffold derived from exact club spell 2013/14-2014/15, but season-level appearances/goals/assists/clean sheets/minutes were not reliably available in supplied evidence; numeric stats left blank."
Dmytro Bezotosnyi,Chornomorets Odesa,2010s,Goalkeeper,2011/12,Chornomorets Odesa,,0,,,,Supplied candidate source / club spell evidence,https://uk.wikipedia.org/wiki/Статистика_та_рекорди_ФК_«Чорноморець»_Одеса ; https://www.allplayers.in.ua/ua/team_players/5,Medium,Season scaffold derived from exact club spell 2011/12-2014/15. Season goals set to 0 because sourced club-total goals for this club are 0; no season-level assists/clean sheets/minutes found in supplied evidence.
Dmytro Bezotosnyi,Chornomorets Odesa,2010s,Goalkeeper,2012/13,Chornomorets Odesa,,0,,,,Supplied candidate source / club spell evidence,https://uk.wikipedia.org/wiki/Статистика_та_рекорди_ФК_«Чорноморець»_Одеса ; https://www.allplayers.in.ua/ua/team_players/5,Medium,Season scaffold derived from exact club spell 2011/12-2014/15. Season goals set to 0 because sourced club-total goals for this club are 0; no season-level assists/clean sheets/minutes found in supplied evidence.
Dmytro Bezotosnyi,Chornomorets Odesa,2010s,Goalkeeper,2013/14,Chornomorets Odesa,,0,,,,Supplied candidate source / club spell evidence,https://uk.wikipedia.org/wiki/Статистика_та_рекорди_ФК_«Чорноморець»_Одеса ; https://www.allplayers.in.ua/ua/team_players/5,Medium,Season scaffold derived from exact club spell 2011/12-2014/15. Season goals set to 0 because sourced club-total goals for this club are 0; no season-level assists/clean sheets/minutes found in supplied evidence.
Dmytro Bezotosnyi,Chornomorets Odesa,2010s,Goalkeeper,2014/15,Chornomorets Odesa,,0,,,,Supplied candidate source / club spell evidence,https://uk.wikipedia.org/wiki/Статистика_та_рекорди_ФК_«Чорноморець»_Одеса ; https://www.allplayers.in.ua/ua/team_players/5,Medium,Season scaffold derived from exact club spell 2011/12-2014/15. Season goals set to 0 because sourced club-total goals for this club are 0; no season-level assists/clean sheets/minutes found in supplied evidence.
Oleksandr Didenko,Chornomorets Odesa,2000s,Forward,2006/07,Chornomorets Odesa,,,,,,Supplied candidate source / club spell evidence,https://www.allplayers.in.ua/ua/team_players/5,Low,"Season scaffold derived from exact club spell 2006/07-2011/12, but season-level appearances/goals/assists/clean sheets/minutes were not reliably available in supplied evidence; numeric stats left blank."
Oleksandr Didenko,Chornomorets Odesa,2000s,Forward,2007/08,Chornomorets Odesa,,,,,,Supplied candidate source / club spell evidence,https://www.allplayers.in.ua/ua/team_players/5,Low,"Season scaffold derived from exact club spell 2006/07-2011/12, but season-level appearances/goals/assists/clean sheets/minutes were not reliably available in supplied evidence; numeric stats left blank."
Oleksandr Didenko,Chornomorets Odesa,2000s,Forward,2008/09,Chornomorets Odesa,,,,,,Supplied candidate source / club spell evidence,https://www.allplayers.in.ua/ua/team_players/5,Low,"Season scaffold derived from exact club spell 2006/07-2011/12, but season-level appearances/goals/assists/clean sheets/minutes were not reliably available in supplied evidence; numeric stats left blank."
Oleksandr Didenko,Chornomorets Odesa,2000s,Forward,2009/10,Chornomorets Odesa,,,,,,Supplied candidate source / club spell evidence,https://www.allplayers.in.ua/ua/team_players/5,Low,"Season scaffold derived from exact club spell 2006/07-2011/12, but season-level appearances/goals/assists/clean sheets/minutes were not reliably available in supplied evidence; numeric stats left blank."
Oleksandr Didenko,Chornomorets Odesa,2010s,Forward,2010/11,Chornomorets Odesa,,,,,,Supplied candidate source / club spell evidence,https://www.allplayers.in.ua/ua/team_players/5,Low,"Season scaffold derived from exact club spell 2006/07-2011/12, but season-level appearances/goals/assists/clean sheets/minutes were not reliably available in supplied evidence; numeric stats left blank."
Oleksandr Didenko,Chornomorets Odesa,2010s,Forward,2011/12,Chornomorets Odesa,,,,,,Supplied candidate source / club spell evidence,https://www.allplayers.in.ua/ua/team_players/5,Low,"Season scaffold derived from exact club spell 2006/07-2011/12, but season-level appearances/goals/assists/clean sheets/minutes were not reliably available in supplied evidence; numeric stats left blank."
Vladimir Dishlenkovic,Metalurg Donetsk (- 2015),2000s,Goalkeeper,2005/06,Metalurg Donetsk (- 2015),,0,,,,Supplied candidate source / club spell evidence,https://www.allplayers.in.ua/ua/team_players/9,Medium,Season scaffold derived from exact club spell 2005/06-2012/13. Season goals set to 0 because sourced club-total goals for this club are 0; no season-level assists/clean sheets/minutes found in supplied evidence.
Vladimir Dishlenkovic,Metalurg Donetsk (- 2015),2000s,Goalkeeper,2006/07,Metalurg Donetsk (- 2015),,0,,,,Supplied candidate source / club spell evidence,https://www.allplayers.in.ua/ua/team_players/9,Medium,Season scaffold derived from exact club spell 2005/06-2012/13. Season goals set to 0 because sourced club-total goals for this club are 0; no season-level assists/clean sheets/minutes found in supplied evidence.
Vladimir Dishlenkovic,Metalurg Donetsk (- 2015),2000s,Goalkeeper,2007/08,Metalurg Donetsk (- 2015),,0,,,,Supplied candidate source / club spell evidence,https://www.allplayers.in.ua/ua/team_players/9,Medium,Season scaffold derived from exact club spell 2005/06-2012/13. Season goals set to 0 because sourced club-total goals for this club are 0; no season-level assists/clean sheets/minutes found in supplied evidence.
Vladimir Dishlenkovic,Metalurg Donetsk (- 2015),2000s,Goalkeeper,2008/09,Metalurg Donetsk (- 2015),,0,,,,Supplied candidate source / club spell evidence,https://www.allplayers.in.ua/ua/team_players/9,Medium,Season scaffold derived from exact club spell 2005/06-2012/13. Season goals set to 0 because sourced club-total goals for this club are 0; no season-level assists/clean sheets/minutes found in supplied evidence.
Vladimir Dishlenkovic,Metalurg Donetsk (- 2015),2000s,Goalkeeper,2009/10,Metalurg Donetsk (- 2015),,0,,,,Supplied candidate source / club spell evidence,https://www.allplayers.in.ua/ua/team_players/9,Medium,Season scaffold derived from exact club spell 2005/06-2012/13. Season goals set to 0 because sourced club-total goals for this club are 0; no season-level assists/clean sheets/minutes found in supplied evidence.
Vladimir Dishlenkovic,Metalurg Donetsk (- 2015),2010s,Goalkeeper,2010/11,Metalurg Donetsk (- 2015),,0,,,,Supplied candidate source / club spell evidence,https://www.allplayers.in.ua/ua/team_players/9,Medium,Season scaffold derived from exact club spell 2005/06-2012/13. Season goals set to 0 because sourced club-total goals for this club are 0; no season-level assists/clean sheets/minutes found in supplied evidence.
Vladimir Dishlenkovic,Metalurg Donetsk (- 2015),2010s,Goalkeeper,2011/12,Metalurg Donetsk (- 2015),,0,,,,Supplied candidate source / club spell evidence,https://www.allplayers.in.ua/ua/team_players/9,Medium,Season scaffold derived from exact club spell 2005/06-2012/13. Season goals set to 0 because sourced club-total goals for this club are 0; no season-level assists/clean sheets/minutes found in supplied evidence.
Vladimir Dishlenkovic,Metalurg Donetsk (- 2015),2010s,Goalkeeper,2012/13,Metalurg Donetsk (- 2015),,0,,,,Supplied candidate source / club spell evidence,https://www.allplayers.in.ua/ua/team_players/9,Medium,Season scaffold derived from exact club spell 2005/06-2012/13. Season goals set to 0 because sourced club-total goals for this club are 0; no season-level assists/clean sheets/minutes found in supplied evidence.
Cyriac,Metalurg Donetsk (- 2015),2010s,Forward,2011/12,Metalurg Donetsk (- 2015),,,,,,Supplied candidate source / club spell evidence,https://www.allplayers.in.ua/ua/team_players/9,Low,"Season scaffold derived from exact club spell 2011/12-2014/15, but season-level appearances/goals/assists/clean sheets/minutes were not reliably available in supplied evidence; numeric stats left blank."
Cyriac,Metalurg Donetsk (- 2015),2010s,Forward,2012/13,Metalurg Donetsk (- 2015),,,,,,Supplied candidate source / club spell evidence,https://www.allplayers.in.ua/ua/team_players/9,Low,"Season scaffold derived from exact club spell 2011/12-2014/15, but season-level appearances/goals/assists/clean sheets/minutes were not reliably available in supplied evidence; numeric stats left blank."
Cyriac,Metalurg Donetsk (- 2015),2010s,Forward,2013/14,Metalurg Donetsk (- 2015),,,,,,Supplied candidate source / club spell evidence,https://www.allplayers.in.ua/ua/team_players/9,Low,"Season scaffold derived from exact club spell 2011/12-2014/15, but season-level appearances/goals/assists/clean sheets/minutes were not reliably available in supplied evidence; numeric stats left blank."
Cyriac,Metalurg Donetsk (- 2015),2010s,Forward,2014/15,Metalurg Donetsk (- 2015),,,,,,Supplied candidate source / club spell evidence,https://www.allplayers.in.ua/ua/team_players/9,Low,"Season scaffold derived from exact club spell 2011/12-2014/15, but season-level appearances/goals/assists/clean sheets/minutes were not reliably available in supplied evidence; numeric stats left blank."
Velizar Dimitrov,Metalurg Donetsk (- 2015),2000s,Midfielder,2008/09,Metalurg Donetsk (- 2015),,,,,,Supplied candidate source / club spell evidence,https://www.allplayers.in.ua/ua/team_players/9,Low,"Season scaffold derived from exact club spell 2008/09-2011/12, but season-level appearances/goals/assists/clean sheets/minutes were not reliably available in supplied evidence; numeric stats left blank."
Velizar Dimitrov,Metalurg Donetsk (- 2015),2000s,Midfielder,2009/10,Metalurg Donetsk (- 2015),,,,,,Supplied candidate source / club spell evidence,https://www.allplayers.in.ua/ua/team_players/9,Low,"Season scaffold derived from exact club spell 2008/09-2011/12, but season-level appearances/goals/assists/clean sheets/minutes were not reliably available in supplied evidence; numeric stats left blank."
Velizar Dimitrov,Metalurg Donetsk (- 2015),2010s,Midfielder,2010/11,Metalurg Donetsk (- 2015),,,,,,Supplied candidate source / club spell evidence,https://www.allplayers.in.ua/ua/team_players/9,Low,"Season scaffold derived from exact club spell 2008/09-2011/12, but season-level appearances/goals/assists/clean sheets/minutes were not reliably available in supplied evidence; numeric stats left blank."
Velizar Dimitrov,Metalurg Donetsk (- 2015),2010s,Midfielder,2011/12,Metalurg Donetsk (- 2015),,,,,,Supplied candidate source / club spell evidence,https://www.allplayers.in.ua/ua/team_players/9,Low,"Season scaffold derived from exact club spell 2008/09-2011/12, but season-level appearances/goals/assists/clean sheets/minutes were not reliably available in supplied evidence; numeric stats left blank."
Alexandru Suvorov,Metalurg Donetsk (- 2015),2010s,Midfielder,2010/11,Metalurg Donetsk (- 2015),,,,,,Supplied candidate source / club spell evidence,https://www.allplayers.in.ua/ua/team_players/9,Low,"Season scaffold derived from exact club spell 2010/11-2012/13, but season-level appearances/goals/assists/clean sheets/minutes were not reliably available in supplied evidence; numeric stats left blank."
Alexandru Suvorov,Metalurg Donetsk (- 2015),2010s,Midfielder,2011/12,Metalurg Donetsk (- 2015),,,,,,Supplied candidate source / club spell evidence,https://www.allplayers.in.ua/ua/team_players/9,Low,"Season scaffold derived from exact club spell 2010/11-2012/13, but season-level appearances/goals/assists/clean sheets/minutes were not reliably available in supplied evidence; numeric stats left blank."
Alexandru Suvorov,Metalurg Donetsk (- 2015),2010s,Midfielder,2012/13,Metalurg Donetsk (- 2015),,,,,,Supplied candidate source / club spell evidence,https://www.allplayers.in.ua/ua/team_players/9,Low,"Season scaffold derived from exact club spell 2010/11-2012/13, but season-level appearances/goals/assists/clean sheets/minutes were not reliably available in supplied evidence; numeric stats left blank."
Ihor Oshchypko,Karpaty Lviv,2000s,Defender,2008/09,Karpaty Lviv,,,,,,Supplied candidate source / club spell evidence,https://www.allplayers.in.ua/ua/team_players/6,Low,"Season scaffold derived from exact club spell 2008/09-2012/13, but season-level appearances/goals/assists/clean sheets/minutes were not reliably available in supplied evidence; numeric stats left blank."
Ihor Oshchypko,Karpaty Lviv,2000s,Defender,2009/10,Karpaty Lviv,,,,,,Supplied candidate source / club spell evidence,https://www.allplayers.in.ua/ua/team_players/6,Low,"Season scaffold derived from exact club spell 2008/09-2012/13, but season-level appearances/goals/assists/clean sheets/minutes were not reliably available in supplied evidence; numeric stats left blank."
Ihor Oshchypko,Karpaty Lviv,2010s,Defender,2010/11,Karpaty Lviv,,,,,,Supplied candidate source / club spell evidence,https://www.allplayers.in.ua/ua/team_players/6,Low,"Season scaffold derived from exact club spell 2008/09-2012/13, but season-level appearances/goals/assists/clean sheets/minutes were not reliably available in supplied evidence; numeric stats left blank."
Ihor Oshchypko,Karpaty Lviv,2010s,Defender,2011/12,Karpaty Lviv,,,,,,Supplied candidate source / club spell evidence,https://www.allplayers.in.ua/ua/team_players/6,Low,"Season scaffold derived from exact club spell 2008/09-2012/13, but season-level appearances/goals/assists/clean sheets/minutes were not reliably available in supplied evidence; numeric stats left blank."
Ihor Oshchypko,Karpaty Lviv,2010s,Defender,2012/13,Karpaty Lviv,,,,,,Supplied candidate source / club spell evidence,https://www.allplayers.in.ua/ua/team_players/6,Low,"Season scaffold derived from exact club spell 2008/09-2012/13, but season-level appearances/goals/assists/clean sheets/minutes were not reliably available in supplied evidence; numeric stats left blank."
Sambou Yatabare,Karpaty Lviv,2010s,Midfielder,2011/12,Karpaty Lviv,,,,,,Supplied candidate source / club spell evidence,https://www.allplayers.in.ua/ua/team_players/6 ; https://www.allplayers.in.ua/ua/club_legioner/6,Low,"Season scaffold derived from exact club spell 2011/12-2012/13, but season-level appearances/goals/assists/clean sheets/minutes were not reliably available in supplied evidence; numeric stats left blank."
Sambou Yatabare,Karpaty Lviv,2010s,Midfielder,2012/13,Karpaty Lviv,,,,,,Supplied candidate source / club spell evidence,https://www.allplayers.in.ua/ua/team_players/6 ; https://www.allplayers.in.ua/ua/club_legioner/6,Low,"Season scaffold derived from exact club spell 2011/12-2012/13, but season-level appearances/goals/assists/clean sheets/minutes were not reliably available in supplied evidence; numeric stats left blank."
Maicon,Volyn Lutsk,2010s,Forward,2010/11,Volyn Lutsk,,,,,,Supplied candidate source / club spell evidence,https://www.allplayers.in.ua/ua/team_players/14 ; https://www.allplayers.in.ua/ua/team_scorers/14,Low,"Season scaffold derived from exact club spell 2010/11-2011/12, but season-level appearances/goals/assists/clean sheets/minutes were not reliably available in supplied evidence; numeric stats left blank."
Maicon,Volyn Lutsk,2010s,Forward,2011/12,Volyn Lutsk,,,,,,Supplied candidate source / club spell evidence,https://www.allplayers.in.ua/ua/team_players/14 ; https://www.allplayers.in.ua/ua/team_scorers/14,Low,"Season scaffold derived from exact club spell 2010/11-2011/12, but season-level appearances/goals/assists/clean sheets/minutes were not reliably available in supplied evidence; numeric stats left blank."
Andriy Hitchenko,FC Oleksandriya,2010s,Defender,2016/17,FC Oleksandriya,,,,,,Supplied candidate source / club spell evidence,https://www.allplayers.in.ua/ua/team_players/25,Low,"Season scaffold derived from exact club spell 2016/17-2020/21, but season-level appearances/goals/assists/clean sheets/minutes were not reliably available in supplied evidence; numeric stats left blank."
Andriy Hitchenko,FC Oleksandriya,2010s,Defender,2017/18,FC Oleksandriya,,,,,,Supplied candidate source / club spell evidence,https://www.allplayers.in.ua/ua/team_players/25,Low,"Season scaffold derived from exact club spell 2016/17-2020/21, but season-level appearances/goals/assists/clean sheets/minutes were not reliably available in supplied evidence; numeric stats left blank."
Andriy Hitchenko,FC Oleksandriya,2010s,Defender,2018/19,FC Oleksandriya,,,,,,Supplied candidate source / club spell evidence,https://www.allplayers.in.ua/ua/team_players/25,Low,"Season scaffold derived from exact club spell 2016/17-2020/21, but season-level appearances/goals/assists/clean sheets/minutes were not reliably available in supplied evidence; numeric stats left blank."
Andriy Hitchenko,FC Oleksandriya,2010s,Defender,2019/20,FC Oleksandriya,,,,,,Supplied candidate source / club spell evidence,https://www.allplayers.in.ua/ua/team_players/25,Low,"Season scaffold derived from exact club spell 2016/17-2020/21, but season-level appearances/goals/assists/clean sheets/minutes were not reliably available in supplied evidence; numeric stats left blank."
Andriy Hitchenko,FC Oleksandriya,2020s,Defender,2020/21,FC Oleksandriya,,,,,,Supplied candidate source / club spell evidence,https://www.allplayers.in.ua/ua/team_players/25,Low,"Season scaffold derived from exact club spell 2016/17-2020/21, but season-level appearances/goals/assists/clean sheets/minutes were not reliably available in supplied evidence; numeric stats left blank."
