scope,runs,id,title_ua,title_en,competition,count,frequency,frequency_percent
overall,120000,1,Кєнти,Kents,Both,0,0,0
overall,120000,2,Файне місто,Faine Misto,Both,502,0.004183333333333333,0.41833333333333333
overall,120000,3,Третя сила,The Third Force,Both,204,0.0017,0.16999999999999998
overall,120000,4,Мрія Луческу,Lucescu’s Dream,Both,0,0,0
overall,120000,5,Іноземний легіон,Foreign Legion,Both,0,0,0
overall,120000,6,Слава Україні!,Slava Ukraini!,Both,12018,0.10015,10.015
overall,120000,7,Донбас порожняк не гонить,Donbas Delivers,Both,20,0.00016666666666666666,0.016666666666666666
overall,120000,8,Крим — це Україна!,Crimea Is Ukraine!,Both,1414,0.011783333333333333,1.1783333333333332
overall,120000,9,Кубок Львову!,Cup to Lviv!,Cup,92,0.0007666666666666667,0.07666666666666667
overall,120000,10,Зрада,Zrada,Both,64508,0.5375666666666666,53.75666666666666
overall,120000,11,За Вами виїхала СБУ,SBU Is Coming for You,Both,19950,0.16625,16.625
overall,120000,12,Перед каждою ігрою!..,Before Every Game!..,League,10464,0.0872,8.72
overall,120000,13,"Здається, Бог наказує нас за щось","Apparently, God Punishes Us",Both,31082,0.2590166666666667,25.901666666666667
overall,120000,14,Перші назавжди,First Forever,League,26,0.00021666666666666666,0.021666666666666667
overall,120000,15,Весна 1999,Spring 1999,Both,12,0.0001,0.01
overall,120000,16,Стамбул 2009,Istanbul 2009,Cup,4,0.000033333333333333335,0.0033333333333333335
overall,120000,17,Варшава 2015,Warsaw 2015,Cup,4,0.000033333333333333335,0.0033333333333333335
overall,120000,18,Ударна пара,Strike Partnership,Both,0,0,0
overall,120000,19,Золотий м’яч,Ballon d’Or,Both,10,0.00008333333333333333,0.008333333333333333
overall,120000,20,СаШо,SaSho,Cup,42,0.00035,0.034999999999999996
overall,120000,21,Німеччина 2006,Germany 2006,Both,0,0,0
overall,120000,22,Перший Кубок,The First Cup,Cup,2,0.000016666666666666667,0.0016666666666666668
overall,120000,23,Непереможні,Invincibles,League,0,0,0
overall,120000,24,Безкомпромісні,No Compromises,League,12,0.0001,0.01
overall,120000,25,Ідеально збалансовано,Perfectly Balanced,League,822,0.00685,0.685
overall,120000,26,Потужно,Powerful Stuff,League,0,0,0
overall,120000,27,Сухий закон,Prohibition,Both,10,0.00008333333333333333,0.008333333333333333
overall,120000,28,На класі,Pure Class,Cup,36,0.0003,0.03
overall,120000,29,Нерви зі сталі,Nerves of Steel,Cup,58,0.00048333333333333334,0.04833333333333333
overall,120000,30,Завдання провалено успішно,Task Failed Successfully,Cup,0,0,0
overall,120000,31,Я так бачу,Trust My Eyes,Both,319,0.0026583333333333333,0.2658333333333333
overall,120000,32,Монобільшість,Single-Party Majority,Both,0,0,0
overall,120000,33,Коаліція,Coalition,Both,24072,0.2006,20.06
overall,120000,34,Три мушкетери,The Three Musketeers,Both,36,0.0003,0.03
overall,120000,35,Автобус припарковано,Bus Parked,Both,30,0.00025,0.025
overall,120000,36,"Гдє «Дінамо», гдє?",Where TF “Dynamo” at?,Both,8,0.00006666666666666667,0.006666666666666667
overall,120000,37,На благо города і всєх харьковчан,For the Good of Kharkiv and All of the Citizens,Both,6,0.00005,0.005
overall,120000,38,Ящик горілки,A Crate of Vodka,Both,218,0.0018166666666666667,0.18166666666666667
overall,120000,39,Полтавська битва,Battle of Poltava,Cup,30,0.00025,0.025
overall,120000,40,Дніпровський тандем,Dnipro Tandem,Both,28,0.00023333333333333333,0.023333333333333334
overall,120000,41,Серце «Шахтаря»,Heart of Shakhtar,Both,2,0.000016666666666666667,0.0016666666666666668
overall,120000,42,Бразильський трикутник,Brazilian Triangle,Both,0,0,0
overall,120000,43,Слава нації,"Good Evening, We Are from Ukraine",Both,24,0.0002,0.02
overall,120000,44,ООН,United Nations,Both,52,0.0004333333333333333,0.043333333333333335
overall,120000,45,Балканський експрес,Balkan Express,Both,4,0.000033333333333333335,0.0033333333333333335
overall,120000,46,Латиноамериканський квартал,Latin Quarter,Both,2,0.000016666666666666667,0.0016666666666666668
overall,120000,47,Різні епохи. Один склад.,Different Eras. One Squad.,Both,25470,0.21225,21.224999999999998
overall,120000,48,Жити по-новому,Living a New Way,Both,6848,0.05706666666666667,5.706666666666667
overall,120000,49,Назад у 90-ті,Back to the ’90s,Both,856,0.0071333333333333335,0.7133333333333334
overall,120000,50,Пропало все. Господи допоможи,Everything Is Lost. God Save Us All,League,2,0.000016666666666666667,0.0016666666666666668
overall,120000,51,Нічия влаштовує,A Draw Will Do,League,248,0.0020666666666666667,0.20666666666666667
overall,120000,52,"Маємо те, що маємо",It Is What It Is,League,1898,0.015816666666666666,1.5816666666666666
overall,120000,53,На тоненького,By a Thread,League,0,0,0
overall,120000,54,Бавовна,Bavovna,League,0,0,0
overall,120000,55,Захист для слабаків,Defense Optional,League,46,0.00038333333333333334,0.03833333333333334
overall,120000,56,Лото «Забава»,The Lottery,Cup,76,0.0006333333333333333,0.06333333333333332
overall,120000,57,На 120-й,In the 120th,Cup,18,0.00015,0.015
overall,120000,58,"Пливли-пливли, а на березі...",Ch-ch-ch-choke Me!,Cup,912,0.0076,0.76
overall,120000,59,"I Am from Bosnia, Take Me to America","I Am from Bosnia, Take Me to America",Both,256,0.0021333333333333334,0.21333333333333335
overall,120000,60,На мінімалках,Bare Minimum,Cup,26,0.00021666666666666666,0.021666666666666667
overall,120000,61,Динамівські серця,Hearts of “Dynamo”,Both,12,0.0001,0.01
overall,120000,62,Фінал 2006,Final 2006,Cup,10,0.00008333333333333333,0.008333333333333333
overall,120000,63,Легенда «Барселони»,Barcelona’s Legend,Both,324,0.0027,0.27
overall,120000,64,Промислова революція,Industrial Revolution,Both,3150,0.02625,2.625
overall,120000,65,Два крила,Two Wings,Both,10,0.00008333333333333333,0.008333333333333333
overall,120000,66,Крізь роки,Through the Years,Both,46,0.00038333333333333334,0.03833333333333334
overall,120000,67,Кобзарі,The Kobzars,Both,0,0,0
overall,120000,68,Акт Злуки,Act of Unity,Both,12480,0.104,10.4
overall,120000,69,Кордони 1991,Borders of 1991,Both,208,0.0017333333333333333,0.17333333333333334
overall,120000,70,Львівське метро,Lviv Metro,Both,884,0.007366666666666666,0.7366666666666666
overall,120000,71,Котлета по-київськи,Chicken Kyiv,Both,546,0.00455,0.455
overall,120000,72,Кубок світу,World Cup,Both,0,0,0
overall,120000,73,Кубок Африки,Africa Cup,Both,0,0,0
overall,120000,74,День бабака,Groundhog Day,Cup,692,0.0057666666666666665,0.5766666666666667
overall,120000,75,Стара школа,Old School,Both,107,0.0008916666666666667,0.08916666666666667
overall,120000,76,Так!,Yes!,Both,5790,0.04825,4.825
overall,120000,77,Покращення вже сьогодні,A Better Life Today,Both,11780,0.09816666666666667,9.816666666666666
overall,120000,78,Опорник із Запоріжжя,CDM from Zaporizhzhia,Both,1292,0.010766666666666667,1.0766666666666667
overall,120000,79,Мужики,The Lads,Both,764,0.006366666666666666,0.6366666666666666
overall,120000,80,Бойся Бога і пацанов с Крівова Рога,Fear God and Chaps from Kryvyi Rih,Both,912,0.0076,0.76
overall,120000,81,Олександрійське диво,Oleksandriya Miracle,Both,102,0.00085,0.08499999999999999
overall,120000,82,Ковалівка в Європі,Kovalivka in Europe,Both,190,0.0015833333333333333,0.15833333333333333
overall,120000,83,Потримай моє пиво,Hold My Beer,Both,384,0.0032,0.32
overall,120000,84,Українське класичне,Ukrainian Clásico,Both,444,0.0037,0.37
overall,120000,85,"Ми всі різні, але ми українці",United Ukraine,Both,2582,0.021516666666666667,2.151666666666667
overall,120000,86,Міміно,Mimino,Both,40,0.0003333333333333333,0.03333333333333333
overall,120000,87,Суперорли,Super Eagles,Both,12,0.0001,0.01
overall,120000,88,Лінія Мажино,Maginot Line,Both,0,0,0
overall,120000,89,П’ять пальців,Five Fingers,Both,30570,0.25475,25.474999999999998
overall,120000,90,П’ятий елемент,The Fifth Element,Both,114,0.00095,0.095
overall,120000,91,Тризуб,Tryzub,Both,19106,0.15921666666666667,15.921666666666667
overall,120000,92,Дуплет,Double Tap,Both,2856,0.0238,2.3800000000000003
overall,120000,93,Це нормально,This Is Fine,League,18,0.00015,0.015
overall,120000,94,Кийов і Львов не указ Ужгородови,Kyiv and Lviv Don’t Rule Uzhorod,Both,4118,0.03431666666666667,3.431666666666667
overall,120000,95,Албанська мафія,"Ti Shqipëri, më jep nder",Both,22,0.00018333333333333334,0.018333333333333333
competition:league,60000,1,Кєнти,Kents,Both,0,0,0
competition:league,60000,2,Файне місто,Faine Misto,Both,0,0,0
competition:league,60000,3,Третя сила,The Third Force,Both,66,0.0011,0.11
competition:league,60000,4,Мрія Луческу,Lucescu’s Dream,Both,0,0,0
competition:league,60000,5,Іноземний легіон,Foreign Legion,Both,0,0,0
competition:league,60000,6,Слава Україні!,Slava Ukraini!,Both,5262,0.0877,8.77
competition:league,60000,7,Донбас порожняк не гонить,Donbas Delivers,Both,12,0.0002,0.02
competition:league,60000,8,Крим — це Україна!,Crimea Is Ukraine!,Both,710,0.011833333333333333,1.1833333333333333
competition:league,60000,9,Кубок Львову!,Cup to Lviv!,Cup,0,0,0
competition:league,60000,10,Зрада,Zrada,Both,30916,0.5152666666666667,51.526666666666664
competition:league,60000,11,За Вами виїхала СБУ,SBU Is Coming for You,Both,9002,0.15003333333333332,15.003333333333332
competition:league,60000,12,Перед каждою ігрою!..,Before Every Game!..,League,10464,0.1744,17.44
competition:league,60000,13,"Здається, Бог наказує нас за щось","Apparently, God Punishes Us",Both,9838,0.16396666666666668,16.39666666666667
competition:league,60000,14,Перші назавжди,First Forever,League,26,0.0004333333333333333,0.043333333333333335
competition:league,60000,15,Весна 1999,Spring 1999,Both,6,0.0001,0.01
competition:league,60000,16,Стамбул 2009,Istanbul 2009,Cup,0,0,0
competition:league,60000,17,Варшава 2015,Warsaw 2015,Cup,0,0,0
competition:league,60000,18,Ударна пара,Strike Partnership,Both,0,0,0
competition:league,60000,19,Золотий м’яч,Ballon d’Or,Both,4,0.00006666666666666667,0.006666666666666667
competition:league,60000,20,СаШо,SaSho,Cup,0,0,0
competition:league,60000,21,Німеччина 2006,Germany 2006,Both,0,0,0
competition:league,60000,22,Перший Кубок,The First Cup,Cup,0,0,0
competition:league,60000,23,Непереможні,Invincibles,League,0,0,0
competition:league,60000,24,Безкомпромісні,No Compromises,League,12,0.0002,0.02
competition:league,60000,25,Ідеально збалансовано,Perfectly Balanced,League,822,0.0137,1.37
competition:league,60000,26,Потужно,Powerful Stuff,League,0,0,0
competition:league,60000,27,Сухий закон,Prohibition,Both,2,0.000033333333333333335,0.0033333333333333335
competition:league,60000,28,На класі,Pure Class,Cup,0,0,0
competition:league,60000,29,Нерви зі сталі,Nerves of Steel,Cup,0,0,0
competition:league,60000,30,Завдання провалено успішно,Task Failed Successfully,Cup,0,0,0
competition:league,60000,31,Я так бачу,Trust My Eyes,Both,161,0.002683333333333333,0.2683333333333333
competition:league,60000,32,Монобільшість,Single-Party Majority,Both,0,0,0
competition:league,60000,33,Коаліція,Coalition,Both,10656,0.1776,17.76
competition:league,60000,34,Три мушкетери,The Three Musketeers,Both,26,0.0004333333333333333,0.043333333333333335
competition:league,60000,35,Автобус припарковано,Bus Parked,Both,6,0.0001,0.01
competition:league,60000,36,"Гдє «Дінамо», гдє?",Where TF “Dynamo” at?,Both,4,0.00006666666666666667,0.006666666666666667
competition:league,60000,37,На благо города і всєх харьковчан,For the Good of Kharkiv and All of the Citizens,Both,2,0.000033333333333333335,0.0033333333333333335
competition:league,60000,38,Ящик горілки,A Crate of Vodka,Both,98,0.0016333333333333334,0.16333333333333333
competition:league,60000,39,Полтавська битва,Battle of Poltava,Cup,0,0,0
competition:league,60000,40,Дніпровський тандем,Dnipro Tandem,Both,18,0.0003,0.03
competition:league,60000,41,Серце «Шахтаря»,Heart of Shakhtar,Both,2,0.000033333333333333335,0.0033333333333333335
competition:league,60000,42,Бразильський трикутник,Brazilian Triangle,Both,0,0,0
competition:league,60000,43,Слава нації,"Good Evening, We Are from Ukraine",Both,5,0.00008333333333333333,0.008333333333333333
competition:league,60000,44,ООН,United Nations,Both,34,0.0005666666666666667,0.05666666666666667
competition:league,60000,45,Балканський експрес,Balkan Express,Both,4,0.00006666666666666667,0.006666666666666667
competition:league,60000,46,Латиноамериканський квартал,Latin Quarter,Both,2,0.000033333333333333335,0.0033333333333333335
competition:league,60000,47,Різні епохи. Один склад.,Different Eras. One Squad.,Both,6416,0.10693333333333334,10.693333333333333
competition:league,60000,48,Жити по-новому,Living a New Way,Both,4972,0.08286666666666667,8.286666666666667
competition:league,60000,49,Назад у 90-ті,Back to the ’90s,Both,2,0.000033333333333333335,0.0033333333333333335
competition:league,60000,50,Пропало все. Господи допоможи,Everything Is Lost. God Save Us All,League,2,0.000033333333333333335,0.0033333333333333335
competition:league,60000,51,Нічия влаштовує,A Draw Will Do,League,248,0.0041333333333333335,0.41333333333333333
competition:league,60000,52,"Маємо те, що маємо",It Is What It Is,League,1898,0.03163333333333333,3.163333333333333
competition:league,60000,53,На тоненького,By a Thread,League,0,0,0
competition:league,60000,54,Бавовна,Bavovna,League,0,0,0
competition:league,60000,55,Захист для слабаків,Defense Optional,League,46,0.0007666666666666667,0.07666666666666667
competition:league,60000,56,Лото «Забава»,The Lottery,Cup,0,0,0
competition:league,60000,57,На 120-й,In the 120th,Cup,0,0,0
competition:league,60000,58,"Пливли-пливли, а на березі...",Ch-ch-ch-choke Me!,Cup,0,0,0
competition:league,60000,59,"I Am from Bosnia, Take Me to America","I Am from Bosnia, Take Me to America",Both,144,0.0024,0.24
competition:league,60000,60,На мінімалках,Bare Minimum,Cup,0,0,0
competition:league,60000,61,Динамівські серця,Hearts of “Dynamo”,Both,6,0.0001,0.01
competition:league,60000,62,Фінал 2006,Final 2006,Cup,0,0,0
competition:league,60000,63,Легенда «Барселони»,Barcelona’s Legend,Both,156,0.0026,0.26
competition:league,60000,64,Промислова революція,Industrial Revolution,Both,1736,0.028933333333333332,2.893333333333333
competition:league,60000,65,Два крила,Two Wings,Both,2,0.000033333333333333335,0.0033333333333333335
competition:league,60000,66,Крізь роки,Through the Years,Both,18,0.0003,0.03
competition:league,60000,67,Кобзарі,The Kobzars,Both,0,0,0
competition:league,60000,68,Акт Злуки,Act of Unity,Both,6956,0.11593333333333333,11.593333333333334
competition:league,60000,69,Кордони 1991,Borders of 1991,Both,106,0.0017666666666666666,0.17666666666666667
competition:league,60000,70,Львівське метро,Lviv Metro,Both,476,0.007933333333333334,0.7933333333333334
competition:league,60000,71,Котлета по-київськи,Chicken Kyiv,Both,218,0.0036333333333333335,0.36333333333333334
competition:league,60000,72,Кубок світу,World Cup,Both,0,0,0
competition:league,60000,73,Кубок Африки,Africa Cup,Both,0,0,0
competition:league,60000,74,День бабака,Groundhog Day,Cup,0,0,0
competition:league,60000,75,Стара школа,Old School,Both,54,0.0009,0.09
competition:league,60000,76,Так!,Yes!,Both,3212,0.053533333333333336,5.3533333333333335
competition:league,60000,77,Покращення вже сьогодні,A Better Life Today,Both,8334,0.1389,13.889999999999999
competition:league,60000,78,Опорник із Запоріжжя,CDM from Zaporizhzhia,Both,684,0.0114,1.1400000000000001
competition:league,60000,79,Мужики,The Lads,Both,458,0.007633333333333333,0.7633333333333333
competition:league,60000,80,Бойся Бога і пацанов с Крівова Рога,Fear God and Chaps from Kryvyi Rih,Both,488,0.008133333333333333,0.8133333333333332
competition:league,60000,81,Олександрійське диво,Oleksandriya Miracle,Both,98,0.0016333333333333334,0.16333333333333333
competition:league,60000,82,Ковалівка в Європі,Kovalivka in Europe,Both,114,0.0019,0.19
competition:league,60000,83,Потримай моє пиво,Hold My Beer,Both,288,0.0048,0.48
competition:league,60000,84,Українське класичне,Ukrainian Clásico,Both,284,0.004733333333333333,0.47333333333333333
competition:league,60000,85,"Ми всі різні, але ми українці",United Ukraine,Both,1042,0.017366666666666666,1.7366666666666666
competition:league,60000,86,Міміно,Mimino,Both,24,0.0004,0.04
competition:league,60000,87,Суперорли,Super Eagles,Both,6,0.0001,0.01
competition:league,60000,88,Лінія Мажино,Maginot Line,Both,0,0,0
competition:league,60000,89,П’ять пальців,Five Fingers,Both,14950,0.24916666666666668,24.916666666666668
competition:league,60000,90,П’ятий елемент,The Fifth Element,Both,56,0.0009333333333333333,0.09333333333333334
competition:league,60000,91,Тризуб,Tryzub,Both,9108,0.1518,15.18
competition:league,60000,92,Дуплет,Double Tap,Both,1796,0.029933333333333333,2.993333333333333
competition:league,60000,93,Це нормально,This Is Fine,League,18,0.0003,0.03
competition:league,60000,94,Кийов і Львов не указ Ужгородови,Kyiv and Lviv Don’t Rule Uzhorod,Both,2188,0.03646666666666667,3.646666666666667
competition:league,60000,95,Албанська мафія,"Ti Shqipëri, më jep nder",Both,12,0.0002,0.02
formation:4-4-2,40000,1,Кєнти,Kents,Both,0,0,0
formation:4-4-2,40000,2,Файне місто,Faine Misto,Both,138,0.00345,0.345
formation:4-4-2,40000,3,Третя сила,The Third Force,Both,62,0.00155,0.155
formation:4-4-2,40000,4,Мрія Луческу,Lucescu’s Dream,Both,0,0,0
formation:4-4-2,40000,5,Іноземний легіон,Foreign Legion,Both,0,0,0
formation:4-4-2,40000,6,Слава Україні!,Slava Ukraini!,Both,3848,0.0962,9.62
formation:4-4-2,40000,7,Донбас порожняк не гонить,Donbas Delivers,Both,6,0.00015,0.015
formation:4-4-2,40000,8,Крим — це Україна!,Crimea Is Ukraine!,Both,524,0.0131,1.31
formation:4-4-2,40000,9,Кубок Львову!,Cup to Lviv!,Cup,22,0.00055,0.055
formation:4-4-2,40000,10,Зрада,Zrada,Both,21380,0.5345,53.449999999999996
formation:4-4-2,40000,11,За Вами виїхала СБУ,SBU Is Coming for You,Both,6698,0.16745,16.744999999999997
formation:4-4-2,40000,12,Перед каждою ігрою!..,Before Every Game!..,League,3442,0.08605,8.605
formation:4-4-2,40000,13,"Здається, Бог наказує нас за щось","Apparently, God Punishes Us",Both,10132,0.2533,25.330000000000002
formation:4-4-2,40000,14,Перші назавжди,First Forever,League,8,0.0002,0.02
formation:4-4-2,40000,15,Весна 1999,Spring 1999,Both,4,0.0001,0.01
formation:4-4-2,40000,16,Стамбул 2009,Istanbul 2009,Cup,0,0,0
formation:4-4-2,40000,17,Варшава 2015,Warsaw 2015,Cup,2,0.00005,0.005
formation:4-4-2,40000,18,Ударна пара,Strike Partnership,Both,0,0,0
formation:4-4-2,40000,19,Золотий м’яч,Ballon d’Or,Both,6,0.00015,0.015
formation:4-4-2,40000,20,СаШо,SaSho,Cup,16,0.0004,0.04
formation:4-4-2,40000,21,Німеччина 2006,Germany 2006,Both,0,0,0
formation:4-4-2,40000,22,Перший Кубок,The First Cup,Cup,0,0,0
formation:4-4-2,40000,23,Непереможні,Invincibles,League,0,0,0
formation:4-4-2,40000,24,Безкомпромісні,No Compromises,League,2,0.00005,0.005
formation:4-4-2,40000,25,Ідеально збалансовано,Perfectly Balanced,League,272,0.0068,0.6799999999999999
formation:4-4-2,40000,26,Потужно,Powerful Stuff,League,0,0,0
formation:4-4-2,40000,27,Сухий закон,Prohibition,Both,4,0.0001,0.01
formation:4-4-2,40000,28,На класі,Pure Class,Cup,20,0.0005,0.05
formation:4-4-2,40000,29,Нерви зі сталі,Nerves of Steel,Cup,16,0.0004,0.04
formation:4-4-2,40000,30,Завдання провалено успішно,Task Failed Successfully,Cup,0,0,0
formation:4-4-2,40000,31,Я так бачу,Trust My Eyes,Both,107,0.002675,0.26749999999999996
formation:4-4-2,40000,32,Монобільшість,Single-Party Majority,Both,0,0,0
formation:4-4-2,40000,33,Коаліція,Coalition,Both,7804,0.1951,19.509999999999998
formation:4-4-2,40000,34,Три мушкетери,The Three Musketeers,Both,0,0,0
formation:4-4-2,40000,35,Автобус припарковано,Bus Parked,Both,0,0,0
formation:4-4-2,40000,36,"Гдє «Дінамо», гдє?",Where TF “Dynamo” at?,Both,2,0.00005,0.005
formation:4-4-2,40000,37,На благо города і всєх харьковчан,For the Good of Kharkiv and All of the Citizens,Both,0,0,0
formation:4-4-2,40000,38,Ящик горілки,A Crate of Vodka,Both,74,0.00185,0.185
formation:4-4-2,40000,39,Полтавська битва,Battle of Poltava,Cup,10,0.00025,0.025
formation:4-4-2,40000,40,Дніпровський тандем,Dnipro Tandem,Both,4,0.0001,0.01
formation:4-4-2,40000,41,Серце «Шахтаря»,Heart of Shakhtar,Both,2,0.00005,0.005
formation:4-4-2,40000,42,Бразильський трикутник,Brazilian Triangle,Both,0,0,0
formation:4-4-2,40000,43,Слава нації,"Good Evening, We Are from Ukraine",Both,9,0.000225,0.0225
formation:4-4-2,40000,44,ООН,United Nations,Both,16,0.0004,0.04
formation:4-4-2,40000,45,Балканський експрес,Balkan Express,Both,0,0,0
formation:4-4-2,40000,46,Латиноамериканський квартал,Latin Quarter,Both,0,0,0
formation:4-4-2,40000,47,Різні епохи. Один склад.,Different Eras. One Squad.,Both,8324,0.2081,20.810000000000002
formation:4-4-2,40000,48,Жити по-новому,Living a New Way,Both,2306,0.05765,5.765
formation:4-4-2,40000,49,Назад у 90-ті,Back to the ’90s,Both,270,0.00675,0.675
formation:4-4-2,40000,50,Пропало все. Господи допоможи,Everything Is Lost. God Save Us All,League,0,0,0
formation:4-4-2,40000,51,Нічия влаштовує,A Draw Will Do,League,72,0.0018,0.18
formation:4-4-2,40000,52,"Маємо те, що маємо",It Is What It Is,League,654,0.01635,1.635
formation:4-4-2,40000,53,На тоненького,By a Thread,League,0,0,0
formation:4-4-2,40000,54,Бавовна,Bavovna,League,0,0,0
formation:4-4-2,40000,55,Захист для слабаків,Defense Optional,League,18,0.00045,0.045
formation:4-4-2,40000,56,Лото «Забава»,The Lottery,Cup,22,0.00055,0.055
formation:4-4-2,40000,57,На 120-й,In the 120th,Cup,8,0.0002,0.02
formation:4-4-2,40000,58,"Пливли-пливли, а на березі...",Ch-ch-ch-choke Me!,Cup,332,0.0083,0.83
formation:4-4-2,40000,59,"I Am from Bosnia, Take Me to America","I Am from Bosnia, Take Me to America",Both,82,0.00205,0.20500000000000002
formation:4-4-2,40000,60,На мінімалках,Bare Minimum,Cup,12,0.0003,0.03
formation:4-4-2,40000,61,Динамівські серця,Hearts of “Dynamo”,Both,2,0.00005,0.005
formation:4-4-2,40000,62,Фінал 2006,Final 2006,Cup,2,0.00005,0.005
formation:4-4-2,40000,63,Легенда «Барселони»,Barcelona’s Legend,Both,60,0.0015,0.15
formation:4-4-2,40000,64,Промислова революція,Industrial Revolution,Both,1102,0.02755,2.7550000000000003
formation:4-4-2,40000,65,Два крила,Two Wings,Both,4,0.0001,0.01
formation:4-4-2,40000,66,Крізь роки,Through the Years,Both,16,0.0004,0.04
formation:4-4-2,40000,67,Кобзарі,The Kobzars,Both,0,0,0
formation:4-4-2,40000,68,Акт Злуки,Act of Unity,Both,4100,0.1025,10.25
formation:4-4-2,40000,69,Кордони 1991,Borders of 1991,Both,70,0.00175,0.17500000000000002
formation:4-4-2,40000,70,Львівське метро,Lviv Metro,Both,288,0.0072,0.72
formation:4-4-2,40000,71,Котлета по-київськи,Chicken Kyiv,Both,200,0.005,0.5
formation:4-4-2,40000,72,Кубок світу,World Cup,Both,0,0,0
formation:4-4-2,40000,73,Кубок Африки,Africa Cup,Both,0,0,0
formation:4-4-2,40000,74,День бабака,Groundhog Day,Cup,264,0.0066,0.66
formation:4-4-2,40000,75,Стара школа,Old School,Both,107,0.002675,0.26749999999999996
formation:4-4-2,40000,76,Так!,Yes!,Both,1882,0.04705,4.705
formation:4-4-2,40000,77,Покращення вже сьогодні,A Better Life Today,Both,4046,0.10115,10.115
formation:4-4-2,40000,78,Опорник із Запоріжжя,CDM from Zaporizhzhia,Both,562,0.01405,1.405
formation:4-4-2,40000,79,Мужики,The Lads,Both,308,0.0077,0.77
formation:4-4-2,40000,80,Бойся Бога і пацанов с Крівова Рога,Fear God and Chaps from Kryvyi Rih,Both,284,0.0071,0.7100000000000001
formation:4-4-2,40000,81,Олександрійське диво,Oleksandriya Miracle,Both,36,0.0009,0.09
formation:4-4-2,40000,82,Ковалівка в Європі,Kovalivka in Europe,Both,64,0.0016,0.16
formation:4-4-2,40000,83,Потримай моє пиво,Hold My Beer,Both,130,0.00325,0.325
formation:4-4-2,40000,84,Українське класичне,Ukrainian Clásico,Both,158,0.00395,0.395
formation:4-4-2,40000,85,"Ми всі різні, але ми українці",United Ukraine,Both,794,0.01985,1.9849999999999999
formation:4-4-2,40000,86,Міміно,Mimino,Both,14,0.00035,0.034999999999999996
formation:4-4-2,40000,87,Суперорли,Super Eagles,Both,10,0.00025,0.025
formation:4-4-2,40000,88,Лінія Мажино,Maginot Line,Both,0,0,0
formation:4-4-2,40000,89,П’ять пальців,Five Fingers,Both,0,0,0
formation:4-4-2,40000,90,П’ятий елемент,The Fifth Element,Both,0,0,0
formation:4-4-2,40000,91,Тризуб,Tryzub,Both,0,0,0
formation:4-4-2,40000,92,Дуплет,Double Tap,Both,1010,0.02525,2.5250000000000004
formation:4-4-2,40000,93,Це нормально,This Is Fine,League,6,0.00015,0.015
formation:4-4-2,40000,94,Кийов і Львов не указ Ужгородови,Kyiv and Lviv Don’t Rule Uzhorod,Both,1354,0.03385,3.385
formation:4-4-2,40000,95,Албанська мафія,"Ti Shqipëri, më jep nder",Both,6,0.00015,0.015
mode:normal,60000,1,Кєнти,Kents,Both,0,0,0
mode:normal,60000,2,Файне місто,Faine Misto,Both,251,0.004183333333333333,0.41833333333333333
mode:normal,60000,3,Третя сила,The Third Force,Both,102,0.0017,0.16999999999999998
mode:normal,60000,4,Мрія Луческу,Lucescu’s Dream,Both,0,0,0
mode:normal,60000,5,Іноземний легіон,Foreign Legion,Both,0,0,0
mode:normal,60000,6,Слава Україні!,Slava Ukraini!,Both,6009,0.10015,10.015
mode:normal,60000,7,Донбас порожняк не гонить,Donbas Delivers,Both,10,0.00016666666666666666,0.016666666666666666
mode:normal,60000,8,Крим — це Україна!,Crimea Is Ukraine!,Both,707,0.011783333333333333,1.1783333333333332
mode:normal,60000,9,Кубок Львову!,Cup to Lviv!,Cup,46,0.0007666666666666667,0.07666666666666667
mode:normal,60000,10,Зрада,Zrada,Both,32254,0.5375666666666666,53.75666666666666
mode:normal,60000,11,За Вами виїхала СБУ,SBU Is Coming for You,Both,9975,0.16625,16.625
mode:normal,60000,12,Перед каждою ігрою!..,Before Every Game!..,League,5232,0.0872,8.72
mode:normal,60000,13,"Здається, Бог наказує нас за щось","Apparently, God Punishes Us",Both,15541,0.2590166666666667,25.901666666666667
mode:normal,60000,14,Перші назавжди,First Forever,League,13,0.00021666666666666666,0.021666666666666667
mode:normal,60000,15,Весна 1999,Spring 1999,Both,6,0.0001,0.01
mode:normal,60000,16,Стамбул 2009,Istanbul 2009,Cup,2,0.000033333333333333335,0.0033333333333333335
mode:normal,60000,17,Варшава 2015,Warsaw 2015,Cup,2,0.000033333333333333335,0.0033333333333333335
mode:normal,60000,18,Ударна пара,Strike Partnership,Both,0,0,0
mode:normal,60000,19,Золотий м’яч,Ballon d’Or,Both,5,0.00008333333333333333,0.008333333333333333
mode:normal,60000,20,СаШо,SaSho,Cup,21,0.00035,0.034999999999999996
mode:normal,60000,21,Німеччина 2006,Germany 2006,Both,0,0,0
mode:normal,60000,22,Перший Кубок,The First Cup,Cup,1,0.000016666666666666667,0.0016666666666666668
mode:normal,60000,23,Непереможні,Invincibles,League,0,0,0
mode:normal,60000,24,Безкомпромісні,No Compromises,League,6,0.0001,0.01
mode:normal,60000,25,Ідеально збалансовано,Perfectly Balanced,League,411,0.00685,0.685
mode:normal,60000,26,Потужно,Powerful Stuff,League,0,0,0
mode:normal,60000,27,Сухий закон,Prohibition,Both,5,0.00008333333333333333,0.008333333333333333
mode:normal,60000,28,На класі,Pure Class,Cup,18,0.0003,0.03
mode:normal,60000,29,Нерви зі сталі,Nerves of Steel,Cup,29,0.00048333333333333334,0.04833333333333333
mode:normal,60000,30,Завдання провалено успішно,Task Failed Successfully,Cup,0,0,0
mode:normal,60000,31,Я так бачу,Trust My Eyes,Both,0,0,0
mode:normal,60000,32,Монобільшість,Single-Party Majority,Both,0,0,0
mode:normal,60000,33,Коаліція,Coalition,Both,12036,0.2006,20.06
mode:normal,60000,34,Три мушкетери,The Three Musketeers,Both,18,0.0003,0.03
mode:normal,60000,35,Автобус припарковано,Bus Parked,Both,15,0.00025,0.025
mode:normal,60000,36,"Гдє «Дінамо», гдє?",Where TF “Dynamo” at?,Both,4,0.00006666666666666667,0.006666666666666667
mode:normal,60000,37,На благо города і всєх харьковчан,For the Good of Kharkiv and All of the Citizens,Both,3,0.00005,0.005
mode:normal,60000,38,Ящик горілки,A Crate of Vodka,Both,109,0.0018166666666666667,0.18166666666666667
mode:normal,60000,39,Полтавська битва,Battle of Poltava,Cup,15,0.00025,0.025
mode:normal,60000,40,Дніпровський тандем,Dnipro Tandem,Both,14,0.00023333333333333333,0.023333333333333334
mode:normal,60000,41,Серце «Шахтаря»,Heart of Shakhtar,Both,1,0.000016666666666666667,0.0016666666666666668
mode:normal,60000,42,Бразильський трикутник,Brazilian Triangle,Both,0,0,0
mode:normal,60000,43,Слава нації,"Good Evening, We Are from Ukraine",Both,0,0,0
mode:normal,60000,44,ООН,United Nations,Both,26,0.0004333333333333333,0.043333333333333335
mode:normal,60000,45,Балканський експрес,Balkan Express,Both,2,0.000033333333333333335,0.0033333333333333335
mode:normal,60000,46,Латиноамериканський квартал,Latin Quarter,Both,1,0.000016666666666666667,0.0016666666666666668
mode:normal,60000,47,Різні епохи. Один склад.,Different Eras. One Squad.,Both,12735,0.21225,21.224999999999998
mode:normal,60000,48,Жити по-новому,Living a New Way,Both,3424,0.05706666666666667,5.706666666666667
mode:normal,60000,49,Назад у 90-ті,Back to the ’90s,Both,428,0.0071333333333333335,0.7133333333333334
mode:normal,60000,50,Пропало все. Господи допоможи,Everything Is Lost. God Save Us All,League,1,0.000016666666666666667,0.0016666666666666668
mode:normal,60000,51,Нічия влаштовує,A Draw Will Do,League,124,0.0020666666666666667,0.20666666666666667
mode:normal,60000,52,"Маємо те, що маємо",It Is What It Is,League,949,0.015816666666666666,1.5816666666666666
mode:normal,60000,53,На тоненького,By a Thread,League,0,0,0
mode:normal,60000,54,Бавовна,Bavovna,League,0,0,0
mode:normal,60000,55,Захист для слабаків,Defense Optional,League,23,0.00038333333333333334,0.03833333333333334
mode:normal,60000,56,Лото «Забава»,The Lottery,Cup,38,0.0006333333333333333,0.06333333333333332
mode:normal,60000,57,На 120-й,In the 120th,Cup,9,0.00015,0.015
mode:normal,60000,58,"Пливли-пливли, а на березі...",Ch-ch-ch-choke Me!,Cup,456,0.0076,0.76
mode:normal,60000,59,"I Am from Bosnia, Take Me to America","I Am from Bosnia, Take Me to America",Both,128,0.0021333333333333334,0.21333333333333335
mode:normal,60000,60,На мінімалках,Bare Minimum,Cup,13,0.00021666666666666666,0.021666666666666667
mode:normal,60000,61,Динамівські серця,Hearts of “Dynamo”,Both,6,0.0001,0.01
mode:normal,60000,62,Фінал 2006,Final 2006,Cup,5,0.00008333333333333333,0.008333333333333333
mode:normal,60000,63,Легенда «Барселони»,Barcelona’s Legend,Both,162,0.0027,0.27
mode:normal,60000,64,Промислова революція,Industrial Revolution,Both,1575,0.02625,2.625
mode:normal,60000,65,Два крила,Two Wings,Both,5,0.00008333333333333333,0.008333333333333333
mode:normal,60000,66,Крізь роки,Through the Years,Both,23,0.00038333333333333334,0.03833333333333334
mode:normal,60000,67,Кобзарі,The Kobzars,Both,0,0,0
mode:normal,60000,68,Акт Злуки,Act of Unity,Both,6240,0.104,10.4
mode:normal,60000,69,Кордони 1991,Borders of 1991,Both,104,0.0017333333333333333,0.17333333333333334
mode:normal,60000,70,Львівське метро,Lviv Metro,Both,442,0.007366666666666666,0.7366666666666666
mode:normal,60000,71,Котлета по-київськи,Chicken Kyiv,Both,273,0.00455,0.455
mode:normal,60000,72,Кубок світу,World Cup,Both,0,0,0
mode:normal,60000,73,Кубок Африки,Africa Cup,Both,0,0,0
mode:normal,60000,74,День бабака,Groundhog Day,Cup,346,0.0057666666666666665,0.5766666666666667
mode:normal,60000,75,Стара школа,Old School,Both,0,0,0
mode:normal,60000,76,Так!,Yes!,Both,2895,0.04825,4.825
mode:normal,60000,77,Покращення вже сьогодні,A Better Life Today,Both,5890,0.09816666666666667,9.816666666666666
mode:normal,60000,78,Опорник із Запоріжжя,CDM from Zaporizhzhia,Both,646,0.010766666666666667,1.0766666666666667
mode:normal,60000,79,Мужики,The Lads,Both,382,0.006366666666666666,0.6366666666666666
mode:normal,60000,80,Бойся Бога і пацанов с Крівова Рога,Fear God and Chaps from Kryvyi Rih,Both,456,0.0076,0.76
mode:normal,60000,81,Олександрійське диво,Oleksandriya Miracle,Both,51,0.00085,0.08499999999999999
mode:normal,60000,82,Ковалівка в Європі,Kovalivka in Europe,Both,95,0.0015833333333333333,0.15833333333333333
mode:normal,60000,83,Потримай моє пиво,Hold My Beer,Both,192,0.0032,0.32
mode:normal,60000,84,Українське класичне,Ukrainian Clásico,Both,222,0.0037,0.37
mode:normal,60000,85,"Ми всі різні, але ми українці",United Ukraine,Both,1291,0.021516666666666667,2.151666666666667
mode:normal,60000,86,Міміно,Mimino,Both,20,0.0003333333333333333,0.03333333333333333
mode:normal,60000,87,Суперорли,Super Eagles,Both,6,0.0001,0.01
mode:normal,60000,88,Лінія Мажино,Maginot Line,Both,0,0,0
mode:normal,60000,89,П’ять пальців,Five Fingers,Both,15285,0.25475,25.474999999999998
mode:normal,60000,90,П’ятий елемент,The Fifth Element,Both,57,0.00095,0.095
mode:normal,60000,91,Тризуб,Tryzub,Both,9553,0.15921666666666667,15.921666666666667
mode:normal,60000,92,Дуплет,Double Tap,Both,1428,0.0238,2.3800000000000003
mode:normal,60000,93,Це нормально,This Is Fine,League,9,0.00015,0.015
mode:normal,60000,94,Кийов і Львов не указ Ужгородови,Kyiv and Lviv Don’t Rule Uzhorod,Both,2059,0.03431666666666667,3.431666666666667
mode:normal,60000,95,Албанська мафія,"Ti Shqipëri, më jep nder",Both,11,0.00018333333333333334,0.018333333333333333
competition:league|formation:4-4-2|mode:normal,10000,1,Кєнти,Kents,Both,0,0,0
competition:league|formation:4-4-2|mode:normal,10000,2,Файне місто,Faine Misto,Both,0,0,0
competition:league|formation:4-4-2|mode:normal,10000,3,Третя сила,The Third Force,Both,11,0.0011,0.11
competition:league|formation:4-4-2|mode:normal,10000,4,Мрія Луческу,Lucescu’s Dream,Both,0,0,0
competition:league|formation:4-4-2|mode:normal,10000,5,Іноземний легіон,Foreign Legion,Both,0,0,0
competition:league|formation:4-4-2|mode:normal,10000,6,Слава Україні!,Slava Ukraini!,Both,836,0.0836,8.36
competition:league|formation:4-4-2|mode:normal,10000,7,Донбас порожняк не гонить,Donbas Delivers,Both,1,0.0001,0.01
competition:league|formation:4-4-2|mode:normal,10000,8,Крим — це Україна!,Crimea Is Ukraine!,Both,127,0.0127,1.27
competition:league|formation:4-4-2|mode:normal,10000,9,Кубок Львову!,Cup to Lviv!,Cup,0,0,0
competition:league|formation:4-4-2|mode:normal,10000,10,Зрада,Zrada,Both,5140,0.514,51.4
competition:league|formation:4-4-2|mode:normal,10000,11,За Вами виїхала СБУ,SBU Is Coming for You,Both,1517,0.1517,15.17
competition:league|formation:4-4-2|mode:normal,10000,12,Перед каждою ігрою!..,Before Every Game!..,League,1721,0.1721,17.21
competition:league|formation:4-4-2|mode:normal,10000,13,"Здається, Бог наказує нас за щось","Apparently, God Punishes Us",Both,1594,0.1594,15.939999999999998
competition:league|formation:4-4-2|mode:normal,10000,14,Перші назавжди,First Forever,League,4,0.0004,0.04
competition:league|formation:4-4-2|mode:normal,10000,15,Весна 1999,Spring 1999,Both,2,0.0002,0.02
competition:league|formation:4-4-2|mode:normal,10000,16,Стамбул 2009,Istanbul 2009,Cup,0,0,0
competition:league|formation:4-4-2|mode:normal,10000,17,Варшава 2015,Warsaw 2015,Cup,0,0,0
competition:league|formation:4-4-2|mode:normal,10000,18,Ударна пара,Strike Partnership,Both,0,0,0
competition:league|formation:4-4-2|mode:normal,10000,19,Золотий м’яч,Ballon d’Or,Both,1,0.0001,0.01
competition:league|formation:4-4-2|mode:normal,10000,20,СаШо,SaSho,Cup,0,0,0
competition:league|formation:4-4-2|mode:normal,10000,21,Німеччина 2006,Germany 2006,Both,0,0,0
competition:league|formation:4-4-2|mode:normal,10000,22,Перший Кубок,The First Cup,Cup,0,0,0
competition:league|formation:4-4-2|mode:normal,10000,23,Непереможні,Invincibles,League,0,0,0
competition:league|formation:4-4-2|mode:normal,10000,24,Безкомпромісні,No Compromises,League,1,0.0001,0.01
competition:league|formation:4-4-2|mode:normal,10000,25,Ідеально збалансовано,Perfectly Balanced,League,136,0.0136,1.3599999999999999
competition:league|formation:4-4-2|mode:normal,10000,26,Потужно,Powerful Stuff,League,0,0,0
competition:league|formation:4-4-2|mode:normal,10000,27,Сухий закон,Prohibition,Both,1,0.0001,0.01
competition:league|formation:4-4-2|mode:normal,10000,28,На класі,Pure Class,Cup,0,0,0
competition:league|formation:4-4-2|mode:normal,10000,29,Нерви зі сталі,Nerves of Steel,Cup,0,0,0
competition:league|formation:4-4-2|mode:normal,10000,30,Завдання провалено успішно,Task Failed Successfully,Cup,0,0,0
competition:league|formation:4-4-2|mode:normal,10000,31,Я так бачу,Trust My Eyes,Both,0,0,0
competition:league|formation:4-4-2|mode:normal,10000,32,Монобільшість,Single-Party Majority,Both,0,0,0
competition:league|formation:4-4-2|mode:normal,10000,33,Коаліція,Coalition,Both,1681,0.1681,16.81
competition:league|formation:4-4-2|mode:normal,10000,34,Три мушкетери,The Three Musketeers,Both,0,0,0
competition:league|formation:4-4-2|mode:normal,10000,35,Автобус припарковано,Bus Parked,Both,0,0,0
competition:league|formation:4-4-2|mode:normal,10000,36,"Гдє «Дінамо», гдє?",Where TF “Dynamo” at?,Both,0,0,0
competition:league|formation:4-4-2|mode:normal,10000,37,На благо города і всєх харьковчан,For the Good of Kharkiv and All of the Citizens,Both,0,0,0
competition:league|formation:4-4-2|mode:normal,10000,38,Ящик горілки,A Crate of Vodka,Both,17,0.0017,0.16999999999999998
competition:league|formation:4-4-2|mode:normal,10000,39,Полтавська битва,Battle of Poltava,Cup,0,0,0
competition:league|formation:4-4-2|mode:normal,10000,40,Дніпровський тандем,Dnipro Tandem,Both,1,0.0001,0.01
competition:league|formation:4-4-2|mode:normal,10000,41,Серце «Шахтаря»,Heart of Shakhtar,Both,1,0.0001,0.01
competition:league|formation:4-4-2|mode:normal,10000,42,Бразильський трикутник,Brazilian Triangle,Both,0,0,0
competition:league|formation:4-4-2|mode:normal,10000,43,Слава нації,"Good Evening, We Are from Ukraine",Both,0,0,0
competition:league|formation:4-4-2|mode:normal,10000,44,ООН,United Nations,Both,5,0.0005,0.05
competition:league|formation:4-4-2|mode:normal,10000,45,Балканський експрес,Balkan Express,Both,0,0,0
competition:league|formation:4-4-2|mode:normal,10000,46,Латиноамериканський квартал,Latin Quarter,Both,0,0,0
competition:league|formation:4-4-2|mode:normal,10000,47,Різні епохи. Один склад.,Different Eras. One Squad.,Both,1014,0.1014,10.14
competition:league|formation:4-4-2|mode:normal,10000,48,Жити по-новому,Living a New Way,Both,814,0.0814,8.14
competition:league|formation:4-4-2|mode:normal,10000,49,Назад у 90-ті,Back to the ’90s,Both,0,0,0
competition:league|formation:4-4-2|mode:normal,10000,50,Пропало все. Господи допоможи,Everything Is Lost. God Save Us All,League,0,0,0
competition:league|formation:4-4-2|mode:normal,10000,51,Нічия влаштовує,A Draw Will Do,League,36,0.0036,0.36
competition:league|formation:4-4-2|mode:normal,10000,52,"Маємо те, що маємо",It Is What It Is,League,327,0.0327,3.27
competition:league|formation:4-4-2|mode:normal,10000,53,На тоненького,By a Thread,League,0,0,0
competition:league|formation:4-4-2|mode:normal,10000,54,Бавовна,Bavovna,League,0,0,0
competition:league|formation:4-4-2|mode:normal,10000,55,Захист для слабаків,Defense Optional,League,9,0.0009,0.09
competition:league|formation:4-4-2|mode:normal,10000,56,Лото «Забава»,The Lottery,Cup,0,0,0
competition:league|formation:4-4-2|mode:normal,10000,57,На 120-й,In the 120th,Cup,0,0,0
competition:league|formation:4-4-2|mode:normal,10000,58,"Пливли-пливли, а на березі...",Ch-ch-ch-choke Me!,Cup,0,0,0
competition:league|formation:4-4-2|mode:normal,10000,59,"I Am from Bosnia, Take Me to America","I Am from Bosnia, Take Me to America",Both,24,0.0024,0.24
competition:league|formation:4-4-2|mode:normal,10000,60,На мінімалках,Bare Minimum,Cup,0,0,0
competition:league|formation:4-4-2|mode:normal,10000,61,Динамівські серця,Hearts of “Dynamo”,Both,0,0,0
competition:league|formation:4-4-2|mode:normal,10000,62,Фінал 2006,Final 2006,Cup,0,0,0
competition:league|formation:4-4-2|mode:normal,10000,63,Легенда «Барселони»,Barcelona’s Legend,Both,12,0.0012,0.12
competition:league|formation:4-4-2|mode:normal,10000,64,Промислова революція,Industrial Revolution,Both,287,0.0287,2.87
competition:league|formation:4-4-2|mode:normal,10000,65,Два крила,Two Wings,Both,0,0,0
competition:league|formation:4-4-2|mode:normal,10000,66,Крізь роки,Through the Years,Both,4,0.0004,0.04
competition:league|formation:4-4-2|mode:normal,10000,67,Кобзарі,The Kobzars,Both,0,0,0
competition:league|formation:4-4-2|mode:normal,10000,68,Акт Злуки,Act of Unity,Both,1157,0.1157,11.57
competition:league|formation:4-4-2|mode:normal,10000,69,Кордони 1991,Borders of 1991,Both,19,0.0019,0.19
competition:league|formation:4-4-2|mode:normal,10000,70,Львівське метро,Lviv Metro,Both,78,0.0078,0.7799999999999999
competition:league|formation:4-4-2|mode:normal,10000,71,Котлета по-київськи,Chicken Kyiv,Both,42,0.0042,0.42
competition:league|formation:4-4-2|mode:normal,10000,72,Кубок світу,World Cup,Both,0,0,0
competition:league|formation:4-4-2|mode:normal,10000,73,Кубок Африки,Africa Cup,Both,0,0,0
competition:league|formation:4-4-2|mode:normal,10000,74,День бабака,Groundhog Day,Cup,0,0,0
competition:league|formation:4-4-2|mode:normal,10000,75,Стара школа,Old School,Both,0,0,0
competition:league|formation:4-4-2|mode:normal,10000,76,Так!,Yes!,Both,524,0.0524,5.24
competition:league|formation:4-4-2|mode:normal,10000,77,Покращення вже сьогодні,A Better Life Today,Both,1422,0.1422,14.219999999999999
competition:league|formation:4-4-2|mode:normal,10000,78,Опорник із Запоріжжя,CDM from Zaporizhzhia,Both,158,0.0158,1.58
competition:league|formation:4-4-2|mode:normal,10000,79,Мужики,The Lads,Both,89,0.0089,0.89
competition:league|formation:4-4-2|mode:normal,10000,80,Бойся Бога і пацанов с Крівова Рога,Fear God and Chaps from Kryvyi Rih,Both,76,0.0076,0.76
competition:league|formation:4-4-2|mode:normal,10000,81,Олександрійське диво,Oleksandriya Miracle,Both,17,0.0017,0.16999999999999998
competition:league|formation:4-4-2|mode:normal,10000,82,Ковалівка в Європі,Kovalivka in Europe,Both,18,0.0018,0.18
competition:league|formation:4-4-2|mode:normal,10000,83,Потримай моє пиво,Hold My Beer,Both,49,0.0049,0.49
competition:league|formation:4-4-2|mode:normal,10000,84,Українське класичне,Ukrainian Clásico,Both,50,0.005,0.5
competition:league|formation:4-4-2|mode:normal,10000,85,"Ми всі різні, але ми українці",United Ukraine,Both,150,0.015,1.5
competition:league|formation:4-4-2|mode:normal,10000,86,Міміно,Mimino,Both,5,0.0005,0.05
competition:league|formation:4-4-2|mode:normal,10000,87,Суперорли,Super Eagles,Both,2,0.0002,0.02
competition:league|formation:4-4-2|mode:normal,10000,88,Лінія Мажино,Maginot Line,Both,0,0,0
competition:league|formation:4-4-2|mode:normal,10000,89,П’ять пальців,Five Fingers,Both,0,0,0
competition:league|formation:4-4-2|mode:normal,10000,90,П’ятий елемент,The Fifth Element,Both,0,0,0
competition:league|formation:4-4-2|mode:normal,10000,91,Тризуб,Tryzub,Both,0,0,0
competition:league|formation:4-4-2|mode:normal,10000,92,Дуплет,Double Tap,Both,316,0.0316,3.16
competition:league|formation:4-4-2|mode:normal,10000,93,Це нормально,This Is Fine,League,3,0.0003,0.03
competition:league|formation:4-4-2|mode:normal,10000,94,Кийов і Львов не указ Ужгородови,Kyiv and Lviv Don’t Rule Uzhorod,Both,371,0.0371,3.71
competition:league|formation:4-4-2|mode:normal,10000,95,Албанська мафія,"Ti Shqipëri, më jep nder",Both,1,0.0001,0.01
mode:hardcore,60000,1,Кєнти,Kents,Both,0,0,0
mode:hardcore,60000,2,Файне місто,Faine Misto,Both,251,0.004183333333333333,0.41833333333333333
mode:hardcore,60000,3,Третя сила,The Third Force,Both,102,0.0017,0.16999999999999998
mode:hardcore,60000,4,Мрія Луческу,Lucescu’s Dream,Both,0,0,0
mode:hardcore,60000,5,Іноземний легіон,Foreign Legion,Both,0,0,0
mode:hardcore,60000,6,Слава Україні!,Slava Ukraini!,Both,6009,0.10015,10.015
mode:hardcore,60000,7,Донбас порожняк не гонить,Donbas Delivers,Both,10,0.00016666666666666666,0.016666666666666666
mode:hardcore,60000,8,Крим — це Україна!,Crimea Is Ukraine!,Both,707,0.011783333333333333,1.1783333333333332
mode:hardcore,60000,9,Кубок Львову!,Cup to Lviv!,Cup,46,0.0007666666666666667,0.07666666666666667
mode:hardcore,60000,10,Зрада,Zrada,Both,32254,0.5375666666666666,53.75666666666666
mode:hardcore,60000,11,За Вами виїхала СБУ,SBU Is Coming for You,Both,9975,0.16625,16.625
mode:hardcore,60000,12,Перед каждою ігрою!..,Before Every Game!..,League,5232,0.0872,8.72
mode:hardcore,60000,13,"Здається, Бог наказує нас за щось","Apparently, God Punishes Us",Both,15541,0.2590166666666667,25.901666666666667
mode:hardcore,60000,14,Перші назавжди,First Forever,League,13,0.00021666666666666666,0.021666666666666667
mode:hardcore,60000,15,Весна 1999,Spring 1999,Both,6,0.0001,0.01
mode:hardcore,60000,16,Стамбул 2009,Istanbul 2009,Cup,2,0.000033333333333333335,0.0033333333333333335
mode:hardcore,60000,17,Варшава 2015,Warsaw 2015,Cup,2,0.000033333333333333335,0.0033333333333333335
mode:hardcore,60000,18,Ударна пара,Strike Partnership,Both,0,0,0
mode:hardcore,60000,19,Золотий м’яч,Ballon d’Or,Both,5,0.00008333333333333333,0.008333333333333333
mode:hardcore,60000,20,СаШо,SaSho,Cup,21,0.00035,0.034999999999999996
mode:hardcore,60000,21,Німеччина 2006,Germany 2006,Both,0,0,0
mode:hardcore,60000,22,Перший Кубок,The First Cup,Cup,1,0.000016666666666666667,0.0016666666666666668
mode:hardcore,60000,23,Непереможні,Invincibles,League,0,0,0
mode:hardcore,60000,24,Безкомпромісні,No Compromises,League,6,0.0001,0.01
mode:hardcore,60000,25,Ідеально збалансовано,Perfectly Balanced,League,411,0.00685,0.685
mode:hardcore,60000,26,Потужно,Powerful Stuff,League,0,0,0
mode:hardcore,60000,27,Сухий закон,Prohibition,Both,5,0.00008333333333333333,0.008333333333333333
mode:hardcore,60000,28,На класі,Pure Class,Cup,18,0.0003,0.03
mode:hardcore,60000,29,Нерви зі сталі,Nerves of Steel,Cup,29,0.00048333333333333334,0.04833333333333333
mode:hardcore,60000,30,Завдання провалено успішно,Task Failed Successfully,Cup,0,0,0
mode:hardcore,60000,31,Я так бачу,Trust My Eyes,Both,319,0.005316666666666667,0.5316666666666666
mode:hardcore,60000,32,Монобільшість,Single-Party Majority,Both,0,0,0
mode:hardcore,60000,33,Коаліція,Coalition,Both,12036,0.2006,20.06
mode:hardcore,60000,34,Три мушкетери,The Three Musketeers,Both,18,0.0003,0.03
mode:hardcore,60000,35,Автобус припарковано,Bus Parked,Both,15,0.00025,0.025
mode:hardcore,60000,36,"Гдє «Дінамо», гдє?",Where TF “Dynamo” at?,Both,4,0.00006666666666666667,0.006666666666666667
mode:hardcore,60000,37,На благо города і всєх харьковчан,For the Good of Kharkiv and All of the Citizens,Both,3,0.00005,0.005
mode:hardcore,60000,38,Ящик горілки,A Crate of Vodka,Both,109,0.0018166666666666667,0.18166666666666667
mode:hardcore,60000,39,Полтавська битва,Battle of Poltava,Cup,15,0.00025,0.025
mode:hardcore,60000,40,Дніпровський тандем,Dnipro Tandem,Both,14,0.00023333333333333333,0.023333333333333334
mode:hardcore,60000,41,Серце «Шахтаря»,Heart of Shakhtar,Both,1,0.000016666666666666667,0.0016666666666666668
mode:hardcore,60000,42,Бразильський трикутник,Brazilian Triangle,Both,0,0,0
mode:hardcore,60000,43,Слава нації,"Good Evening, We Are from Ukraine",Both,24,0.0004,0.04
mode:hardcore,60000,44,ООН,United Nations,Both,26,0.0004333333333333333,0.043333333333333335
mode:hardcore,60000,45,Балканський експрес,Balkan Express,Both,2,0.000033333333333333335,0.0033333333333333335
mode:hardcore,60000,46,Латиноамериканський квартал,Latin Quarter,Both,1,0.000016666666666666667,0.0016666666666666668
mode:hardcore,60000,47,Різні епохи. Один склад.,Different Eras. One Squad.,Both,12735,0.21225,21.224999999999998
mode:hardcore,60000,48,Жити по-новому,Living a New Way,Both,3424,0.05706666666666667,5.706666666666667
mode:hardcore,60000,49,Назад у 90-ті,Back to the ’90s,Both,428,0.0071333333333333335,0.7133333333333334
mode:hardcore,60000,50,Пропало все. Господи допоможи,Everything Is Lost. God Save Us All,League,1,0.000016666666666666667,0.0016666666666666668
mode:hardcore,60000,51,Нічия влаштовує,A Draw Will Do,League,124,0.0020666666666666667,0.20666666666666667
mode:hardcore,60000,52,"Маємо те, що маємо",It Is What It Is,League,949,0.015816666666666666,1.5816666666666666
mode:hardcore,60000,53,На тоненького,By a Thread,League,0,0,0
mode:hardcore,60000,54,Бавовна,Bavovna,League,0,0,0
mode:hardcore,60000,55,Захист для слабаків,Defense Optional,League,23,0.00038333333333333334,0.03833333333333334
mode:hardcore,60000,56,Лото «Забава»,The Lottery,Cup,38,0.0006333333333333333,0.06333333333333332
mode:hardcore,60000,57,На 120-й,In the 120th,Cup,9,0.00015,0.015
mode:hardcore,60000,58,"Пливли-пливли, а на березі...",Ch-ch-ch-choke Me!,Cup,456,0.0076,0.76
mode:hardcore,60000,59,"I Am from Bosnia, Take Me to America","I Am from Bosnia, Take Me to America",Both,128,0.0021333333333333334,0.21333333333333335
mode:hardcore,60000,60,На мінімалках,Bare Minimum,Cup,13,0.00021666666666666666,0.021666666666666667
mode:hardcore,60000,61,Динамівські серця,Hearts of “Dynamo”,Both,6,0.0001,0.01
mode:hardcore,60000,62,Фінал 2006,Final 2006,Cup,5,0.00008333333333333333,0.008333333333333333
mode:hardcore,60000,63,Легенда «Барселони»,Barcelona’s Legend,Both,162,0.0027,0.27
mode:hardcore,60000,64,Промислова революція,Industrial Revolution,Both,1575,0.02625,2.625
mode:hardcore,60000,65,Два крила,Two Wings,Both,5,0.00008333333333333333,0.008333333333333333
mode:hardcore,60000,66,Крізь роки,Through the Years,Both,23,0.00038333333333333334,0.03833333333333334
mode:hardcore,60000,67,Кобзарі,The Kobzars,Both,0,0,0
mode:hardcore,60000,68,Акт Злуки,Act of Unity,Both,6240,0.104,10.4
mode:hardcore,60000,69,Кордони 1991,Borders of 1991,Both,104,0.0017333333333333333,0.17333333333333334
mode:hardcore,60000,70,Львівське метро,Lviv Metro,Both,442,0.007366666666666666,0.7366666666666666
mode:hardcore,60000,71,Котлета по-київськи,Chicken Kyiv,Both,273,0.00455,0.455
mode:hardcore,60000,72,Кубок світу,World Cup,Both,0,0,0
mode:hardcore,60000,73,Кубок Африки,Africa Cup,Both,0,0,0
mode:hardcore,60000,74,День бабака,Groundhog Day,Cup,346,0.0057666666666666665,0.5766666666666667
mode:hardcore,60000,75,Стара школа,Old School,Both,107,0.0017833333333333334,0.17833333333333334
mode:hardcore,60000,76,Так!,Yes!,Both,2895,0.04825,4.825
mode:hardcore,60000,77,Покращення вже сьогодні,A Better Life Today,Both,5890,0.09816666666666667,9.816666666666666
mode:hardcore,60000,78,Опорник із Запоріжжя,CDM from Zaporizhzhia,Both,646,0.010766666666666667,1.0766666666666667
mode:hardcore,60000,79,Мужики,The Lads,Both,382,0.006366666666666666,0.6366666666666666
mode:hardcore,60000,80,Бойся Бога і пацанов с Крівова Рога,Fear God and Chaps from Kryvyi Rih,Both,456,0.0076,0.76
mode:hardcore,60000,81,Олександрійське диво,Oleksandriya Miracle,Both,51,0.00085,0.08499999999999999
mode:hardcore,60000,82,Ковалівка в Європі,Kovalivka in Europe,Both,95,0.0015833333333333333,0.15833333333333333
mode:hardcore,60000,83,Потримай моє пиво,Hold My Beer,Both,192,0.0032,0.32
mode:hardcore,60000,84,Українське класичне,Ukrainian Clásico,Both,222,0.0037,0.37
mode:hardcore,60000,85,"Ми всі різні, але ми українці",United Ukraine,Both,1291,0.021516666666666667,2.151666666666667
mode:hardcore,60000,86,Міміно,Mimino,Both,20,0.0003333333333333333,0.03333333333333333
mode:hardcore,60000,87,Суперорли,Super Eagles,Both,6,0.0001,0.01
mode:hardcore,60000,88,Лінія Мажино,Maginot Line,Both,0,0,0
mode:hardcore,60000,89,П’ять пальців,Five Fingers,Both,15285,0.25475,25.474999999999998
mode:hardcore,60000,90,П’ятий елемент,The Fifth Element,Both,57,0.00095,0.095
mode:hardcore,60000,91,Тризуб,Tryzub,Both,9553,0.15921666666666667,15.921666666666667
mode:hardcore,60000,92,Дуплет,Double Tap,Both,1428,0.0238,2.3800000000000003
mode:hardcore,60000,93,Це нормально,This Is Fine,League,9,0.00015,0.015
mode:hardcore,60000,94,Кийов і Львов не указ Ужгородови,Kyiv and Lviv Don’t Rule Uzhorod,Both,2059,0.03431666666666667,3.431666666666667
mode:hardcore,60000,95,Албанська мафія,"Ti Shqipëri, më jep nder",Both,11,0.00018333333333333334,0.018333333333333333
competition:league|formation:4-4-2|mode:hardcore,10000,1,Кєнти,Kents,Both,0,0,0
competition:league|formation:4-4-2|mode:hardcore,10000,2,Файне місто,Faine Misto,Both,0,0,0
competition:league|formation:4-4-2|mode:hardcore,10000,3,Третя сила,The Third Force,Both,11,0.0011,0.11
competition:league|formation:4-4-2|mode:hardcore,10000,4,Мрія Луческу,Lucescu’s Dream,Both,0,0,0
competition:league|formation:4-4-2|mode:hardcore,10000,5,Іноземний легіон,Foreign Legion,Both,0,0,0
competition:league|formation:4-4-2|mode:hardcore,10000,6,Слава Україні!,Slava Ukraini!,Both,836,0.0836,8.36
competition:league|formation:4-4-2|mode:hardcore,10000,7,Донбас порожняк не гонить,Donbas Delivers,Both,1,0.0001,0.01
competition:league|formation:4-4-2|mode:hardcore,10000,8,Крим — це Україна!,Crimea Is Ukraine!,Both,127,0.0127,1.27
competition:league|formation:4-4-2|mode:hardcore,10000,9,Кубок Львову!,Cup to Lviv!,Cup,0,0,0
competition:league|formation:4-4-2|mode:hardcore,10000,10,Зрада,Zrada,Both,5140,0.514,51.4
competition:league|formation:4-4-2|mode:hardcore,10000,11,За Вами виїхала СБУ,SBU Is Coming for You,Both,1517,0.1517,15.17
competition:league|formation:4-4-2|mode:hardcore,10000,12,Перед каждою ігрою!..,Before Every Game!..,League,1721,0.1721,17.21
competition:league|formation:4-4-2|mode:hardcore,10000,13,"Здається, Бог наказує нас за щось","Apparently, God Punishes Us",Both,1594,0.1594,15.939999999999998
competition:league|formation:4-4-2|mode:hardcore,10000,14,Перші назавжди,First Forever,League,4,0.0004,0.04
competition:league|formation:4-4-2|mode:hardcore,10000,15,Весна 1999,Spring 1999,Both,2,0.0002,0.02
competition:league|formation:4-4-2|mode:hardcore,10000,16,Стамбул 2009,Istanbul 2009,Cup,0,0,0
competition:league|formation:4-4-2|mode:hardcore,10000,17,Варшава 2015,Warsaw 2015,Cup,0,0,0
competition:league|formation:4-4-2|mode:hardcore,10000,18,Ударна пара,Strike Partnership,Both,0,0,0
competition:league|formation:4-4-2|mode:hardcore,10000,19,Золотий м’яч,Ballon d’Or,Both,1,0.0001,0.01
competition:league|formation:4-4-2|mode:hardcore,10000,20,СаШо,SaSho,Cup,0,0,0
competition:league|formation:4-4-2|mode:hardcore,10000,21,Німеччина 2006,Germany 2006,Both,0,0,0
competition:league|formation:4-4-2|mode:hardcore,10000,22,Перший Кубок,The First Cup,Cup,0,0,0
competition:league|formation:4-4-2|mode:hardcore,10000,23,Непереможні,Invincibles,League,0,0,0
competition:league|formation:4-4-2|mode:hardcore,10000,24,Безкомпромісні,No Compromises,League,1,0.0001,0.01
competition:league|formation:4-4-2|mode:hardcore,10000,25,Ідеально збалансовано,Perfectly Balanced,League,136,0.0136,1.3599999999999999
competition:league|formation:4-4-2|mode:hardcore,10000,26,Потужно,Powerful Stuff,League,0,0,0
competition:league|formation:4-4-2|mode:hardcore,10000,27,Сухий закон,Prohibition,Both,1,0.0001,0.01
competition:league|formation:4-4-2|mode:hardcore,10000,28,На класі,Pure Class,Cup,0,0,0
competition:league|formation:4-4-2|mode:hardcore,10000,29,Нерви зі сталі,Nerves of Steel,Cup,0,0,0
competition:league|formation:4-4-2|mode:hardcore,10000,30,Завдання провалено успішно,Task Failed Successfully,Cup,0,0,0
competition:league|formation:4-4-2|mode:hardcore,10000,31,Я так бачу,Trust My Eyes,Both,54,0.0054,0.54
competition:league|formation:4-4-2|mode:hardcore,10000,32,Монобільшість,Single-Party Majority,Both,0,0,0
competition:league|formation:4-4-2|mode:hardcore,10000,33,Коаліція,Coalition,Both,1681,0.1681,16.81
competition:league|formation:4-4-2|mode:hardcore,10000,34,Три мушкетери,The Three Musketeers,Both,0,0,0
competition:league|formation:4-4-2|mode:hardcore,10000,35,Автобус припарковано,Bus Parked,Both,0,0,0
competition:league|formation:4-4-2|mode:hardcore,10000,36,"Гдє «Дінамо», гдє?",Where TF “Dynamo” at?,Both,0,0,0
competition:league|formation:4-4-2|mode:hardcore,10000,37,На благо города і всєх харьковчан,For the Good of Kharkiv and All of the Citizens,Both,0,0,0
competition:league|formation:4-4-2|mode:hardcore,10000,38,Ящик горілки,A Crate of Vodka,Both,17,0.0017,0.16999999999999998
competition:league|formation:4-4-2|mode:hardcore,10000,39,Полтавська битва,Battle of Poltava,Cup,0,0,0
competition:league|formation:4-4-2|mode:hardcore,10000,40,Дніпровський тандем,Dnipro Tandem,Both,1,0.0001,0.01
competition:league|formation:4-4-2|mode:hardcore,10000,41,Серце «Шахтаря»,Heart of Shakhtar,Both,1,0.0001,0.01
competition:league|formation:4-4-2|mode:hardcore,10000,42,Бразильський трикутник,Brazilian Triangle,Both,0,0,0
competition:league|formation:4-4-2|mode:hardcore,10000,43,Слава нації,"Good Evening, We Are from Ukraine",Both,3,0.0003,0.03
competition:league|formation:4-4-2|mode:hardcore,10000,44,ООН,United Nations,Both,5,0.0005,0.05
competition:league|formation:4-4-2|mode:hardcore,10000,45,Балканський експрес,Balkan Express,Both,0,0,0
competition:league|formation:4-4-2|mode:hardcore,10000,46,Латиноамериканський квартал,Latin Quarter,Both,0,0,0
competition:league|formation:4-4-2|mode:hardcore,10000,47,Різні епохи. Один склад.,Different Eras. One Squad.,Both,1014,0.1014,10.14
competition:league|formation:4-4-2|mode:hardcore,10000,48,Жити по-новому,Living a New Way,Both,814,0.0814,8.14
competition:league|formation:4-4-2|mode:hardcore,10000,49,Назад у 90-ті,Back to the ’90s,Both,0,0,0
competition:league|formation:4-4-2|mode:hardcore,10000,50,Пропало все. Господи допоможи,Everything Is Lost. God Save Us All,League,0,0,0
competition:league|formation:4-4-2|mode:hardcore,10000,51,Нічия влаштовує,A Draw Will Do,League,36,0.0036,0.36
competition:league|formation:4-4-2|mode:hardcore,10000,52,"Маємо те, що маємо",It Is What It Is,League,327,0.0327,3.27
competition:league|formation:4-4-2|mode:hardcore,10000,53,На тоненького,By a Thread,League,0,0,0
competition:league|formation:4-4-2|mode:hardcore,10000,54,Бавовна,Bavovna,League,0,0,0
competition:league|formation:4-4-2|mode:hardcore,10000,55,Захист для слабаків,Defense Optional,League,9,0.0009,0.09
competition:league|formation:4-4-2|mode:hardcore,10000,56,Лото «Забава»,The Lottery,Cup,0,0,0
competition:league|formation:4-4-2|mode:hardcore,10000,57,На 120-й,In the 120th,Cup,0,0,0
competition:league|formation:4-4-2|mode:hardcore,10000,58,"Пливли-пливли, а на березі...",Ch-ch-ch-choke Me!,Cup,0,0,0
competition:league|formation:4-4-2|mode:hardcore,10000,59,"I Am from Bosnia, Take Me to America","I Am from Bosnia, Take Me to America",Both,24,0.0024,0.24
competition:league|formation:4-4-2|mode:hardcore,10000,60,На мінімалках,Bare Minimum,Cup,0,0,0
competition:league|formation:4-4-2|mode:hardcore,10000,61,Динамівські серця,Hearts of “Dynamo”,Both,0,0,0
competition:league|formation:4-4-2|mode:hardcore,10000,62,Фінал 2006,Final 2006,Cup,0,0,0
competition:league|formation:4-4-2|mode:hardcore,10000,63,Легенда «Барселони»,Barcelona’s Legend,Both,12,0.0012,0.12
competition:league|formation:4-4-2|mode:hardcore,10000,64,Промислова революція,Industrial Revolution,Both,287,0.0287,2.87
competition:league|formation:4-4-2|mode:hardcore,10000,65,Два крила,Two Wings,Both,0,0,0
competition:league|formation:4-4-2|mode:hardcore,10000,66,Крізь роки,Through the Years,Both,4,0.0004,0.04
competition:league|formation:4-4-2|mode:hardcore,10000,67,Кобзарі,The Kobzars,Both,0,0,0
competition:league|formation:4-4-2|mode:hardcore,10000,68,Акт Злуки,Act of Unity,Both,1157,0.1157,11.57
competition:league|formation:4-4-2|mode:hardcore,10000,69,Кордони 1991,Borders of 1991,Both,19,0.0019,0.19
competition:league|formation:4-4-2|mode:hardcore,10000,70,Львівське метро,Lviv Metro,Both,78,0.0078,0.7799999999999999
competition:league|formation:4-4-2|mode:hardcore,10000,71,Котлета по-київськи,Chicken Kyiv,Both,42,0.0042,0.42
competition:league|formation:4-4-2|mode:hardcore,10000,72,Кубок світу,World Cup,Both,0,0,0
competition:league|formation:4-4-2|mode:hardcore,10000,73,Кубок Африки,Africa Cup,Both,0,0,0
competition:league|formation:4-4-2|mode:hardcore,10000,74,День бабака,Groundhog Day,Cup,0,0,0
competition:league|formation:4-4-2|mode:hardcore,10000,75,Стара школа,Old School,Both,54,0.0054,0.54
competition:league|formation:4-4-2|mode:hardcore,10000,76,Так!,Yes!,Both,524,0.0524,5.24
competition:league|formation:4-4-2|mode:hardcore,10000,77,Покращення вже сьогодні,A Better Life Today,Both,1422,0.1422,14.219999999999999
competition:league|formation:4-4-2|mode:hardcore,10000,78,Опорник із Запоріжжя,CDM from Zaporizhzhia,Both,158,0.0158,1.58
competition:league|formation:4-4-2|mode:hardcore,10000,79,Мужики,The Lads,Both,89,0.0089,0.89
competition:league|formation:4-4-2|mode:hardcore,10000,80,Бойся Бога і пацанов с Крівова Рога,Fear God and Chaps from Kryvyi Rih,Both,76,0.0076,0.76
competition:league|formation:4-4-2|mode:hardcore,10000,81,Олександрійське диво,Oleksandriya Miracle,Both,17,0.0017,0.16999999999999998
competition:league|formation:4-4-2|mode:hardcore,10000,82,Ковалівка в Європі,Kovalivka in Europe,Both,18,0.0018,0.18
competition:league|formation:4-4-2|mode:hardcore,10000,83,Потримай моє пиво,Hold My Beer,Both,49,0.0049,0.49
competition:league|formation:4-4-2|mode:hardcore,10000,84,Українське класичне,Ukrainian Clásico,Both,50,0.005,0.5
competition:league|formation:4-4-2|mode:hardcore,10000,85,"Ми всі різні, але ми українці",United Ukraine,Both,150,0.015,1.5
competition:league|formation:4-4-2|mode:hardcore,10000,86,Міміно,Mimino,Both,5,0.0005,0.05
competition:league|formation:4-4-2|mode:hardcore,10000,87,Суперорли,Super Eagles,Both,2,0.0002,0.02
competition:league|formation:4-4-2|mode:hardcore,10000,88,Лінія Мажино,Maginot Line,Both,0,0,0
competition:league|formation:4-4-2|mode:hardcore,10000,89,П’ять пальців,Five Fingers,Both,0,0,0
competition:league|formation:4-4-2|mode:hardcore,10000,90,П’ятий елемент,The Fifth Element,Both,0,0,0
competition:league|formation:4-4-2|mode:hardcore,10000,91,Тризуб,Tryzub,Both,0,0,0
competition:league|formation:4-4-2|mode:hardcore,10000,92,Дуплет,Double Tap,Both,316,0.0316,3.16
competition:league|formation:4-4-2|mode:hardcore,10000,93,Це нормально,This Is Fine,League,3,0.0003,0.03
competition:league|formation:4-4-2|mode:hardcore,10000,94,Кийов і Львов не указ Ужгородови,Kyiv and Lviv Don’t Rule Uzhorod,Both,371,0.0371,3.71
competition:league|formation:4-4-2|mode:hardcore,10000,95,Албанська мафія,"Ti Shqipëri, më jep nder",Both,1,0.0001,0.01
formation:3-5-2,40000,1,Кєнти,Kents,Both,0,0,0
formation:3-5-2,40000,2,Файне місто,Faine Misto,Both,178,0.00445,0.445
formation:3-5-2,40000,3,Третя сила,The Third Force,Both,88,0.0022,0.22
formation:3-5-2,40000,4,Мрія Луческу,Lucescu’s Dream,Both,0,0,0
formation:3-5-2,40000,5,Іноземний легіон,Foreign Legion,Both,0,0,0
formation:3-5-2,40000,6,Слава Україні!,Slava Ukraini!,Both,3748,0.0937,9.370000000000001
formation:3-5-2,40000,7,Донбас порожняк не гонить,Donbas Delivers,Both,8,0.0002,0.02
formation:3-5-2,40000,8,Крим — це Україна!,Crimea Is Ukraine!,Both,446,0.01115,1.115
formation:3-5-2,40000,9,Кубок Львову!,Cup to Lviv!,Cup,36,0.0009,0.09
formation:3-5-2,40000,10,Зрада,Zrada,Both,21898,0.54745,54.745
formation:3-5-2,40000,11,За Вами виїхала СБУ,SBU Is Coming for You,Both,6984,0.1746,17.46
formation:3-5-2,40000,12,Перед каждою ігрою!..,Before Every Game!..,League,3200,0.08,8
formation:3-5-2,40000,13,"Здається, Бог наказує нас за щось","Apparently, God Punishes Us",Both,9998,0.24995,24.995
formation:3-5-2,40000,14,Перші назавжди,First Forever,League,16,0.0004,0.04
formation:3-5-2,40000,15,Весна 1999,Spring 1999,Both,4,0.0001,0.01
formation:3-5-2,40000,16,Стамбул 2009,Istanbul 2009,Cup,2,0.00005,0.005
formation:3-5-2,40000,17,Варшава 2015,Warsaw 2015,Cup,2,0.00005,0.005
formation:3-5-2,40000,18,Ударна пара,Strike Partnership,Both,0,0,0
formation:3-5-2,40000,19,Золотий м’яч,Ballon d’Or,Both,4,0.0001,0.01
formation:3-5-2,40000,20,СаШо,SaSho,Cup,14,0.00035,0.034999999999999996
formation:3-5-2,40000,21,Німеччина 2006,Germany 2006,Both,0,0,0
formation:3-5-2,40000,22,Перший Кубок,The First Cup,Cup,2,0.00005,0.005
formation:3-5-2,40000,23,Непереможні,Invincibles,League,0,0,0
formation:3-5-2,40000,24,Безкомпромісні,No Compromises,League,6,0.00015,0.015
formation:3-5-2,40000,25,Ідеально збалансовано,Perfectly Balanced,League,254,0.00635,0.635
formation:3-5-2,40000,26,Потужно,Powerful Stuff,League,0,0,0
formation:3-5-2,40000,27,Сухий закон,Prohibition,Both,4,0.0001,0.01
formation:3-5-2,40000,28,На класі,Pure Class,Cup,6,0.00015,0.015
formation:3-5-2,40000,29,Нерви зі сталі,Nerves of Steel,Cup,22,0.00055,0.055
formation:3-5-2,40000,30,Завдання провалено успішно,Task Failed Successfully,Cup,0,0,0
formation:3-5-2,40000,31,Я так бачу,Trust My Eyes,Both,127,0.003175,0.3175
formation:3-5-2,40000,32,Монобільшість,Single-Party Majority,Both,0,0,0
formation:3-5-2,40000,33,Коаліція,Coalition,Both,8072,0.2018,20.18
formation:3-5-2,40000,34,Три мушкетери,The Three Musketeers,Both,36,0.0009,0.09
formation:3-5-2,40000,35,Автобус припарковано,Bus Parked,Both,0,0,0
formation:3-5-2,40000,36,"Гдє «Дінамо», гдє?",Where TF “Dynamo” at?,Both,4,0.0001,0.01
formation:3-5-2,40000,37,На благо города і всєх харьковчан,For the Good of Kharkiv and All of the Citizens,Both,4,0.0001,0.01
formation:3-5-2,40000,38,Ящик горілки,A Crate of Vodka,Both,68,0.0017,0.16999999999999998
formation:3-5-2,40000,39,Полтавська битва,Battle of Poltava,Cup,10,0.00025,0.025
formation:3-5-2,40000,40,Дніпровський тандем,Dnipro Tandem,Both,20,0.0005,0.05
formation:3-5-2,40000,41,Серце «Шахтаря»,Heart of Shakhtar,Both,0,0,0
formation:3-5-2,40000,42,Бразильський трикутник,Brazilian Triangle,Both,0,0,0
formation:3-5-2,40000,43,Слава нації,"Good Evening, We Are from Ukraine",Both,8,0.0002,0.02
formation:3-5-2,40000,44,ООН,United Nations,Both,18,0.00045,0.045
formation:3-5-2,40000,45,Балканський експрес,Balkan Express,Both,4,0.0001,0.01
formation:3-5-2,40000,46,Латиноамериканський квартал,Latin Quarter,Both,0,0,0
formation:3-5-2,40000,47,Різні епохи. Один склад.,Different Eras. One Squad.,Both,8628,0.2157,21.57
formation:3-5-2,40000,48,Жити по-новому,Living a New Way,Both,2210,0.05525,5.525
formation:3-5-2,40000,49,Назад у 90-ті,Back to the ’90s,Both,260,0.0065,0.65
formation:3-5-2,40000,50,Пропало все. Господи допоможи,Everything Is Lost. God Save Us All,League,0,0,0
formation:3-5-2,40000,51,Нічия влаштовує,A Draw Will Do,League,88,0.0022,0.22
formation:3-5-2,40000,52,"Маємо те, що маємо",It Is What It Is,League,664,0.0166,1.66
formation:3-5-2,40000,53,На тоненького,By a Thread,League,0,0,0
formation:3-5-2,40000,54,Бавовна,Bavovna,League,0,0,0
formation:3-5-2,40000,55,Захист для слабаків,Defense Optional,League,16,0.0004,0.04
formation:3-5-2,40000,56,Лото «Забава»,The Lottery,Cup,30,0.00075,0.075
formation:3-5-2,40000,57,На 120-й,In the 120th,Cup,8,0.0002,0.02
formation:3-5-2,40000,58,"Пливли-пливли, а на березі...",Ch-ch-ch-choke Me!,Cup,340,0.0085,0.8500000000000001
formation:3-5-2,40000,59,"I Am from Bosnia, Take Me to America","I Am from Bosnia, Take Me to America",Both,82,0.00205,0.20500000000000002
formation:3-5-2,40000,60,На мінімалках,Bare Minimum,Cup,6,0.00015,0.015
formation:3-5-2,40000,61,Динамівські серця,Hearts of “Dynamo”,Both,4,0.0001,0.01
formation:3-5-2,40000,62,Фінал 2006,Final 2006,Cup,6,0.00015,0.015
formation:3-5-2,40000,63,Легенда «Барселони»,Barcelona’s Legend,Both,130,0.00325,0.325
formation:3-5-2,40000,64,Промислова революція,Industrial Revolution,Both,982,0.02455,2.455
formation:3-5-2,40000,65,Два крила,Two Wings,Both,6,0.00015,0.015
formation:3-5-2,40000,66,Крізь роки,Through the Years,Both,16,0.0004,0.04
formation:3-5-2,40000,67,Кобзарі,The Kobzars,Both,0,0,0
formation:3-5-2,40000,68,Акт Злуки,Act of Unity,Both,4154,0.10385,10.385
formation:3-5-2,40000,69,Кордони 1991,Borders of 1991,Both,78,0.00195,0.19499999999999998
formation:3-5-2,40000,70,Львівське метро,Lviv Metro,Both,300,0.0075,0.75
formation:3-5-2,40000,71,Котлета по-київськи,Chicken Kyiv,Both,192,0.0048,0.48
formation:3-5-2,40000,72,Кубок світу,World Cup,Both,0,0,0
formation:3-5-2,40000,73,Кубок Африки,Africa Cup,Both,0,0,0
formation:3-5-2,40000,74,День бабака,Groundhog Day,Cup,236,0.0059,0.59
formation:3-5-2,40000,75,Стара школа,Old School,Both,0,0,0
formation:3-5-2,40000,76,Так!,Yes!,Both,1870,0.04675,4.675
formation:3-5-2,40000,77,Покращення вже сьогодні,A Better Life Today,Both,3842,0.09605,9.605
formation:3-5-2,40000,78,Опорник із Запоріжжя,CDM from Zaporizhzhia,Both,360,0.009,0.8999999999999999
formation:3-5-2,40000,79,Мужики,The Lads,Both,246,0.00615,0.615
formation:3-5-2,40000,80,Бойся Бога і пацанов с Крівова Рога,Fear God and Chaps from Kryvyi Rih,Both,340,0.0085,0.8500000000000001
formation:3-5-2,40000,81,Олександрійське диво,Oleksandriya Miracle,Both,32,0.0008,0.08
formation:3-5-2,40000,82,Ковалівка в Європі,Kovalivka in Europe,Both,74,0.00185,0.185
formation:3-5-2,40000,83,Потримай моє пиво,Hold My Beer,Both,122,0.00305,0.305
formation:3-5-2,40000,84,Українське класичне,Ukrainian Clásico,Both,148,0.0037,0.37
formation:3-5-2,40000,85,"Ми всі різні, але ми українці",United Ukraine,Both,840,0.021,2.1
formation:3-5-2,40000,86,Міміно,Mimino,Both,14,0.00035,0.034999999999999996
formation:3-5-2,40000,87,Суперорли,Super Eagles,Both,2,0.00005,0.005
formation:3-5-2,40000,88,Лінія Мажино,Maginot Line,Both,0,0,0
formation:3-5-2,40000,89,П’ять пальців,Five Fingers,Both,0,0,0
formation:3-5-2,40000,90,П’ятий елемент,The Fifth Element,Both,114,0.00285,0.28500000000000003
formation:3-5-2,40000,91,Тризуб,Tryzub,Both,19106,0.47765,47.765
formation:3-5-2,40000,92,Дуплет,Double Tap,Both,886,0.02215,2.215
formation:3-5-2,40000,93,Це нормально,This Is Fine,League,4,0.0001,0.01
formation:3-5-2,40000,94,Кийов і Львов не указ Ужгородови,Kyiv and Lviv Don’t Rule Uzhorod,Both,1386,0.03465,3.465
formation:3-5-2,40000,95,Албанська мафія,"Ti Shqipëri, më jep nder",Both,10,0.00025,0.025
competition:league|formation:3-5-2|mode:normal,10000,1,Кєнти,Kents,Both,0,0,0
competition:league|formation:3-5-2|mode:normal,10000,2,Файне місто,Faine Misto,Both,0,0,0
competition:league|formation:3-5-2|mode:normal,10000,3,Третя сила,The Third Force,Both,14,0.0014,0.13999999999999999
competition:league|formation:3-5-2|mode:normal,10000,4,Мрія Луческу,Lucescu’s Dream,Both,0,0,0
competition:league|formation:3-5-2|mode:normal,10000,5,Іноземний легіон,Foreign Legion,Both,0,0,0
competition:league|formation:3-5-2|mode:normal,10000,6,Слава Україні!,Slava Ukraini!,Both,819,0.0819,8.19
competition:league|formation:3-5-2|mode:normal,10000,7,Донбас порожняк не гонить,Donbas Delivers,Both,2,0.0002,0.02
competition:league|formation:3-5-2|mode:normal,10000,8,Крим — це Україна!,Crimea Is Ukraine!,Both,117,0.0117,1.17
competition:league|formation:3-5-2|mode:normal,10000,9,Кубок Львову!,Cup to Lviv!,Cup,0,0,0
competition:league|formation:3-5-2|mode:normal,10000,10,Зрада,Zrada,Both,5274,0.5274,52.739999999999995
competition:league|formation:3-5-2|mode:normal,10000,11,За Вами виїхала СБУ,SBU Is Coming for You,Both,1559,0.1559,15.590000000000002
competition:league|formation:3-5-2|mode:normal,10000,12,Перед каждою ігрою!..,Before Every Game!..,League,1600,0.16,16
competition:league|formation:3-5-2|mode:normal,10000,13,"Здається, Бог наказує нас за щось","Apparently, God Punishes Us",Both,1532,0.1532,15.32
competition:league|formation:3-5-2|mode:normal,10000,14,Перші назавжди,First Forever,League,8,0.0008,0.08
competition:league|formation:3-5-2|mode:normal,10000,15,Весна 1999,Spring 1999,Both,0,0,0
competition:league|formation:3-5-2|mode:normal,10000,16,Стамбул 2009,Istanbul 2009,Cup,0,0,0
competition:league|formation:3-5-2|mode:normal,10000,17,Варшава 2015,Warsaw 2015,Cup,0,0,0
competition:league|formation:3-5-2|mode:normal,10000,18,Ударна пара,Strike Partnership,Both,0,0,0
competition:league|formation:3-5-2|mode:normal,10000,19,Золотий м’яч,Ballon d’Or,Both,1,0.0001,0.01
competition:league|formation:3-5-2|mode:normal,10000,20,СаШо,SaSho,Cup,0,0,0
competition:league|formation:3-5-2|mode:normal,10000,21,Німеччина 2006,Germany 2006,Both,0,0,0
competition:league|formation:3-5-2|mode:normal,10000,22,Перший Кубок,The First Cup,Cup,0,0,0
competition:league|formation:3-5-2|mode:normal,10000,23,Непереможні,Invincibles,League,0,0,0
competition:league|formation:3-5-2|mode:normal,10000,24,Безкомпромісні,No Compromises,League,3,0.0003,0.03
competition:league|formation:3-5-2|mode:normal,10000,25,Ідеально збалансовано,Perfectly Balanced,League,127,0.0127,1.27
competition:league|formation:3-5-2|mode:normal,10000,26,Потужно,Powerful Stuff,League,0,0,0
competition:league|formation:3-5-2|mode:normal,10000,27,Сухий закон,Prohibition,Both,0,0,0
competition:league|formation:3-5-2|mode:normal,10000,28,На класі,Pure Class,Cup,0,0,0
competition:league|formation:3-5-2|mode:normal,10000,29,Нерви зі сталі,Nerves of Steel,Cup,0,0,0
competition:league|formation:3-5-2|mode:normal,10000,30,Завдання провалено успішно,Task Failed Successfully,Cup,0,0,0
competition:league|formation:3-5-2|mode:normal,10000,31,Я так бачу,Trust My Eyes,Both,0,0,0
competition:league|formation:3-5-2|mode:normal,10000,32,Монобільшість,Single-Party Majority,Both,0,0,0
competition:league|formation:3-5-2|mode:normal,10000,33,Коаліція,Coalition,Both,1832,0.1832,18.32
competition:league|formation:3-5-2|mode:normal,10000,34,Три мушкетери,The Three Musketeers,Both,13,0.0013,0.13
competition:league|formation:3-5-2|mode:normal,10000,35,Автобус припарковано,Bus Parked,Both,0,0,0
competition:league|formation:3-5-2|mode:normal,10000,36,"Гдє «Дінамо», гдє?",Where TF “Dynamo” at?,Both,1,0.0001,0.01
competition:league|formation:3-5-2|mode:normal,10000,37,На благо города і всєх харьковчан,For the Good of Kharkiv and All of the Citizens,Both,1,0.0001,0.01
competition:league|formation:3-5-2|mode:normal,10000,38,Ящик горілки,A Crate of Vodka,Both,15,0.0015,0.15
competition:league|formation:3-5-2|mode:normal,10000,39,Полтавська битва,Battle of Poltava,Cup,0,0,0
competition:league|formation:3-5-2|mode:normal,10000,40,Дніпровський тандем,Dnipro Tandem,Both,7,0.0007,0.06999999999999999
competition:league|formation:3-5-2|mode:normal,10000,41,Серце «Шахтаря»,Heart of Shakhtar,Both,0,0,0
competition:league|formation:3-5-2|mode:normal,10000,42,Бразильський трикутник,Brazilian Triangle,Both,0,0,0
competition:league|formation:3-5-2|mode:normal,10000,43,Слава нації,"Good Evening, We Are from Ukraine",Both,0,0,0
competition:league|formation:3-5-2|mode:normal,10000,44,ООН,United Nations,Both,8,0.0008,0.08
competition:league|formation:3-5-2|mode:normal,10000,45,Балканський експрес,Balkan Express,Both,2,0.0002,0.02
competition:league|formation:3-5-2|mode:normal,10000,46,Латиноамериканський квартал,Latin Quarter,Both,0,0,0
competition:league|formation:3-5-2|mode:normal,10000,47,Різні епохи. Один склад.,Different Eras. One Squad.,Both,1107,0.1107,11.07
competition:league|formation:3-5-2|mode:normal,10000,48,Жити по-новому,Living a New Way,Both,813,0.0813,8.129999999999999
competition:league|formation:3-5-2|mode:normal,10000,49,Назад у 90-ті,Back to the ’90s,Both,1,0.0001,0.01
competition:league|formation:3-5-2|mode:normal,10000,50,Пропало все. Господи допоможи,Everything Is Lost. God Save Us All,League,0,0,0
competition:league|formation:3-5-2|mode:normal,10000,51,Нічия влаштовує,A Draw Will Do,League,44,0.0044,0.44
competition:league|formation:3-5-2|mode:normal,10000,52,"Маємо те, що маємо",It Is What It Is,League,332,0.0332,3.32
competition:league|formation:3-5-2|mode:normal,10000,53,На тоненького,By a Thread,League,0,0,0
competition:league|formation:3-5-2|mode:normal,10000,54,Бавовна,Bavovna,League,0,0,0
competition:league|formation:3-5-2|mode:normal,10000,55,Захист для слабаків,Defense Optional,League,8,0.0008,0.08
competition:league|formation:3-5-2|mode:normal,10000,56,Лото «Забава»,The Lottery,Cup,0,0,0
competition:league|formation:3-5-2|mode:normal,10000,57,На 120-й,In the 120th,Cup,0,0,0
competition:league|formation:3-5-2|mode:normal,10000,58,"Пливли-пливли, а на березі...",Ch-ch-ch-choke Me!,Cup,0,0,0
competition:league|formation:3-5-2|mode:normal,10000,59,"I Am from Bosnia, Take Me to America","I Am from Bosnia, Take Me to America",Both,25,0.0025,0.25
competition:league|formation:3-5-2|mode:normal,10000,60,На мінімалках,Bare Minimum,Cup,0,0,0
competition:league|formation:3-5-2|mode:normal,10000,61,Динамівські серця,Hearts of “Dynamo”,Both,0,0,0
competition:league|formation:3-5-2|mode:normal,10000,62,Фінал 2006,Final 2006,Cup,0,0,0
competition:league|formation:3-5-2|mode:normal,10000,63,Легенда «Барселони»,Barcelona’s Legend,Both,32,0.0032,0.32
competition:league|formation:3-5-2|mode:normal,10000,64,Промислова революція,Industrial Revolution,Both,269,0.0269,2.69
competition:league|formation:3-5-2|mode:normal,10000,65,Два крила,Two Wings,Both,1,0.0001,0.01
competition:league|formation:3-5-2|mode:normal,10000,66,Крізь роки,Through the Years,Both,4,0.0004,0.04
competition:league|formation:3-5-2|mode:normal,10000,67,Кобзарі,The Kobzars,Both,0,0,0
competition:league|formation:3-5-2|mode:normal,10000,68,Акт Злуки,Act of Unity,Both,1159,0.1159,11.59
competition:league|formation:3-5-2|mode:normal,10000,69,Кордони 1991,Borders of 1991,Both,23,0.0023,0.22999999999999998
competition:league|formation:3-5-2|mode:normal,10000,70,Львівське метро,Lviv Metro,Both,77,0.0077,0.77
competition:league|formation:3-5-2|mode:normal,10000,71,Котлета по-київськи,Chicken Kyiv,Both,36,0.0036,0.36
competition:league|formation:3-5-2|mode:normal,10000,72,Кубок світу,World Cup,Both,0,0,0
competition:league|formation:3-5-2|mode:normal,10000,73,Кубок Африки,Africa Cup,Both,0,0,0
competition:league|formation:3-5-2|mode:normal,10000,74,День бабака,Groundhog Day,Cup,0,0,0
competition:league|formation:3-5-2|mode:normal,10000,75,Стара школа,Old School,Both,0,0,0
competition:league|formation:3-5-2|mode:normal,10000,76,Так!,Yes!,Both,498,0.0498,4.9799999999999995
competition:league|formation:3-5-2|mode:normal,10000,77,Покращення вже сьогодні,A Better Life Today,Both,1365,0.1365,13.65
competition:league|formation:3-5-2|mode:normal,10000,78,Опорник із Запоріжжя,CDM from Zaporizhzhia,Both,87,0.0087,0.8699999999999999
competition:league|formation:3-5-2|mode:normal,10000,79,Мужики,The Lads,Both,71,0.0071,0.7100000000000001
competition:league|formation:3-5-2|mode:normal,10000,80,Бойся Бога і пацанов с Крівова Рога,Fear God and Chaps from Kryvyi Rih,Both,90,0.009,0.8999999999999999
competition:league|formation:3-5-2|mode:normal,10000,81,Олександрійське диво,Oleksandriya Miracle,Both,15,0.0015,0.15
competition:league|formation:3-5-2|mode:normal,10000,82,Ковалівка в Європі,Kovalivka in Europe,Both,24,0.0024,0.24
competition:league|formation:3-5-2|mode:normal,10000,83,Потримай моє пиво,Hold My Beer,Both,47,0.0047,0.47000000000000003
competition:league|formation:3-5-2|mode:normal,10000,84,Українське класичне,Ukrainian Clásico,Both,47,0.0047,0.47000000000000003
competition:league|formation:3-5-2|mode:normal,10000,85,"Ми всі різні, але ми українці",United Ukraine,Both,171,0.0171,1.71
competition:league|formation:3-5-2|mode:normal,10000,86,Міміно,Mimino,Both,4,0.0004,0.04
competition:league|formation:3-5-2|mode:normal,10000,87,Суперорли,Super Eagles,Both,1,0.0001,0.01
competition:league|formation:3-5-2|mode:normal,10000,88,Лінія Мажино,Maginot Line,Both,0,0,0
competition:league|formation:3-5-2|mode:normal,10000,89,П’ять пальців,Five Fingers,Both,0,0,0
competition:league|formation:3-5-2|mode:normal,10000,90,П’ятий елемент,The Fifth Element,Both,28,0.0028,0.27999999999999997
competition:league|formation:3-5-2|mode:normal,10000,91,Тризуб,Tryzub,Both,4554,0.4554,45.540000000000006
competition:league|formation:3-5-2|mode:normal,10000,92,Дуплет,Double Tap,Both,273,0.0273,2.73
competition:league|formation:3-5-2|mode:normal,10000,93,Це нормально,This Is Fine,League,2,0.0002,0.02
competition:league|formation:3-5-2|mode:normal,10000,94,Кийов і Львов не указ Ужгородови,Kyiv and Lviv Don’t Rule Uzhorod,Both,362,0.0362,3.62
competition:league|formation:3-5-2|mode:normal,10000,95,Албанська мафія,"Ti Shqipëri, më jep nder",Both,4,0.0004,0.04
competition:league|formation:3-5-2|mode:hardcore,10000,1,Кєнти,Kents,Both,0,0,0
competition:league|formation:3-5-2|mode:hardcore,10000,2,Файне місто,Faine Misto,Both,0,0,0
competition:league|formation:3-5-2|mode:hardcore,10000,3,Третя сила,The Third Force,Both,14,0.0014,0.13999999999999999
competition:league|formation:3-5-2|mode:hardcore,10000,4,Мрія Луческу,Lucescu’s Dream,Both,0,0,0
competition:league|formation:3-5-2|mode:hardcore,10000,5,Іноземний легіон,Foreign Legion,Both,0,0,0
competition:league|formation:3-5-2|mode:hardcore,10000,6,Слава Україні!,Slava Ukraini!,Both,819,0.0819,8.19
competition:league|formation:3-5-2|mode:hardcore,10000,7,Донбас порожняк не гонить,Donbas Delivers,Both,2,0.0002,0.02
competition:league|formation:3-5-2|mode:hardcore,10000,8,Крим — це Україна!,Crimea Is Ukraine!,Both,117,0.0117,1.17
competition:league|formation:3-5-2|mode:hardcore,10000,9,Кубок Львову!,Cup to Lviv!,Cup,0,0,0
competition:league|formation:3-5-2|mode:hardcore,10000,10,Зрада,Zrada,Both,5274,0.5274,52.739999999999995
competition:league|formation:3-5-2|mode:hardcore,10000,11,За Вами виїхала СБУ,SBU Is Coming for You,Both,1559,0.1559,15.590000000000002
competition:league|formation:3-5-2|mode:hardcore,10000,12,Перед каждою ігрою!..,Before Every Game!..,League,1600,0.16,16
competition:league|formation:3-5-2|mode:hardcore,10000,13,"Здається, Бог наказує нас за щось","Apparently, God Punishes Us",Both,1532,0.1532,15.32
competition:league|formation:3-5-2|mode:hardcore,10000,14,Перші назавжди,First Forever,League,8,0.0008,0.08
competition:league|formation:3-5-2|mode:hardcore,10000,15,Весна 1999,Spring 1999,Both,0,0,0
competition:league|formation:3-5-2|mode:hardcore,10000,16,Стамбул 2009,Istanbul 2009,Cup,0,0,0
competition:league|formation:3-5-2|mode:hardcore,10000,17,Варшава 2015,Warsaw 2015,Cup,0,0,0
competition:league|formation:3-5-2|mode:hardcore,10000,18,Ударна пара,Strike Partnership,Both,0,0,0
competition:league|formation:3-5-2|mode:hardcore,10000,19,Золотий м’яч,Ballon d’Or,Both,1,0.0001,0.01
competition:league|formation:3-5-2|mode:hardcore,10000,20,СаШо,SaSho,Cup,0,0,0
competition:league|formation:3-5-2|mode:hardcore,10000,21,Німеччина 2006,Germany 2006,Both,0,0,0
competition:league|formation:3-5-2|mode:hardcore,10000,22,Перший Кубок,The First Cup,Cup,0,0,0
competition:league|formation:3-5-2|mode:hardcore,10000,23,Непереможні,Invincibles,League,0,0,0
competition:league|formation:3-5-2|mode:hardcore,10000,24,Безкомпромісні,No Compromises,League,3,0.0003,0.03
competition:league|formation:3-5-2|mode:hardcore,10000,25,Ідеально збалансовано,Perfectly Balanced,League,127,0.0127,1.27
competition:league|formation:3-5-2|mode:hardcore,10000,26,Потужно,Powerful Stuff,League,0,0,0
competition:league|formation:3-5-2|mode:hardcore,10000,27,Сухий закон,Prohibition,Both,0,0,0
competition:league|formation:3-5-2|mode:hardcore,10000,28,На класі,Pure Class,Cup,0,0,0
competition:league|formation:3-5-2|mode:hardcore,10000,29,Нерви зі сталі,Nerves of Steel,Cup,0,0,0
competition:league|formation:3-5-2|mode:hardcore,10000,30,Завдання провалено успішно,Task Failed Successfully,Cup,0,0,0
competition:league|formation:3-5-2|mode:hardcore,10000,31,Я так бачу,Trust My Eyes,Both,67,0.0067,0.67
competition:league|formation:3-5-2|mode:hardcore,10000,32,Монобільшість,Single-Party Majority,Both,0,0,0
competition:league|formation:3-5-2|mode:hardcore,10000,33,Коаліція,Coalition,Both,1832,0.1832,18.32
competition:league|formation:3-5-2|mode:hardcore,10000,34,Три мушкетери,The Three Musketeers,Both,13,0.0013,0.13
competition:league|formation:3-5-2|mode:hardcore,10000,35,Автобус припарковано,Bus Parked,Both,0,0,0
competition:league|formation:3-5-2|mode:hardcore,10000,36,"Гдє «Дінамо», гдє?",Where TF “Dynamo” at?,Both,1,0.0001,0.01
competition:league|formation:3-5-2|mode:hardcore,10000,37,На благо города і всєх харьковчан,For the Good of Kharkiv and All of the Citizens,Both,1,0.0001,0.01
competition:league|formation:3-5-2|mode:hardcore,10000,38,Ящик горілки,A Crate of Vodka,Both,15,0.0015,0.15
competition:league|formation:3-5-2|mode:hardcore,10000,39,Полтавська битва,Battle of Poltava,Cup,0,0,0
competition:league|formation:3-5-2|mode:hardcore,10000,40,Дніпровський тандем,Dnipro Tandem,Both,7,0.0007,0.06999999999999999
competition:league|formation:3-5-2|mode:hardcore,10000,41,Серце «Шахтаря»,Heart of Shakhtar,Both,0,0,0
competition:league|formation:3-5-2|mode:hardcore,10000,42,Бразильський трикутник,Brazilian Triangle,Both,0,0,0
competition:league|formation:3-5-2|mode:hardcore,10000,43,Слава нації,"Good Evening, We Are from Ukraine",Both,2,0.0002,0.02
competition:league|formation:3-5-2|mode:hardcore,10000,44,ООН,United Nations,Both,8,0.0008,0.08
competition:league|formation:3-5-2|mode:hardcore,10000,45,Балканський експрес,Balkan Express,Both,2,0.0002,0.02
competition:league|formation:3-5-2|mode:hardcore,10000,46,Латиноамериканський квартал,Latin Quarter,Both,0,0,0
competition:league|formation:3-5-2|mode:hardcore,10000,47,Різні епохи. Один склад.,Different Eras. One Squad.,Both,1107,0.1107,11.07
competition:league|formation:3-5-2|mode:hardcore,10000,48,Жити по-новому,Living a New Way,Both,813,0.0813,8.129999999999999
competition:league|formation:3-5-2|mode:hardcore,10000,49,Назад у 90-ті,Back to the ’90s,Both,1,0.0001,0.01
competition:league|formation:3-5-2|mode:hardcore,10000,50,Пропало все. Господи допоможи,Everything Is Lost. God Save Us All,League,0,0,0
competition:league|formation:3-5-2|mode:hardcore,10000,51,Нічия влаштовує,A Draw Will Do,League,44,0.0044,0.44
competition:league|formation:3-5-2|mode:hardcore,10000,52,"Маємо те, що маємо",It Is What It Is,League,332,0.0332,3.32
competition:league|formation:3-5-2|mode:hardcore,10000,53,На тоненького,By a Thread,League,0,0,0
competition:league|formation:3-5-2|mode:hardcore,10000,54,Бавовна,Bavovna,League,0,0,0
competition:league|formation:3-5-2|mode:hardcore,10000,55,Захист для слабаків,Defense Optional,League,8,0.0008,0.08
competition:league|formation:3-5-2|mode:hardcore,10000,56,Лото «Забава»,The Lottery,Cup,0,0,0
competition:league|formation:3-5-2|mode:hardcore,10000,57,На 120-й,In the 120th,Cup,0,0,0
competition:league|formation:3-5-2|mode:hardcore,10000,58,"Пливли-пливли, а на березі...",Ch-ch-ch-choke Me!,Cup,0,0,0
competition:league|formation:3-5-2|mode:hardcore,10000,59,"I Am from Bosnia, Take Me to America","I Am from Bosnia, Take Me to America",Both,25,0.0025,0.25
competition:league|formation:3-5-2|mode:hardcore,10000,60,На мінімалках,Bare Minimum,Cup,0,0,0
competition:league|formation:3-5-2|mode:hardcore,10000,61,Динамівські серця,Hearts of “Dynamo”,Both,0,0,0
competition:league|formation:3-5-2|mode:hardcore,10000,62,Фінал 2006,Final 2006,Cup,0,0,0
competition:league|formation:3-5-2|mode:hardcore,10000,63,Легенда «Барселони»,Barcelona’s Legend,Both,32,0.0032,0.32
competition:league|formation:3-5-2|mode:hardcore,10000,64,Промислова революція,Industrial Revolution,Both,269,0.0269,2.69
competition:league|formation:3-5-2|mode:hardcore,10000,65,Два крила,Two Wings,Both,1,0.0001,0.01
competition:league|formation:3-5-2|mode:hardcore,10000,66,Крізь роки,Through the Years,Both,4,0.0004,0.04
competition:league|formation:3-5-2|mode:hardcore,10000,67,Кобзарі,The Kobzars,Both,0,0,0
competition:league|formation:3-5-2|mode:hardcore,10000,68,Акт Злуки,Act of Unity,Both,1159,0.1159,11.59
competition:league|formation:3-5-2|mode:hardcore,10000,69,Кордони 1991,Borders of 1991,Both,23,0.0023,0.22999999999999998
competition:league|formation:3-5-2|mode:hardcore,10000,70,Львівське метро,Lviv Metro,Both,77,0.0077,0.77
competition:league|formation:3-5-2|mode:hardcore,10000,71,Котлета по-київськи,Chicken Kyiv,Both,36,0.0036,0.36
competition:league|formation:3-5-2|mode:hardcore,10000,72,Кубок світу,World Cup,Both,0,0,0
competition:league|formation:3-5-2|mode:hardcore,10000,73,Кубок Африки,Africa Cup,Both,0,0,0
competition:league|formation:3-5-2|mode:hardcore,10000,74,День бабака,Groundhog Day,Cup,0,0,0
competition:league|formation:3-5-2|mode:hardcore,10000,75,Стара школа,Old School,Both,0,0,0
competition:league|formation:3-5-2|mode:hardcore,10000,76,Так!,Yes!,Both,498,0.0498,4.9799999999999995
competition:league|formation:3-5-2|mode:hardcore,10000,77,Покращення вже сьогодні,A Better Life Today,Both,1365,0.1365,13.65
competition:league|formation:3-5-2|mode:hardcore,10000,78,Опорник із Запоріжжя,CDM from Zaporizhzhia,Both,87,0.0087,0.8699999999999999
competition:league|formation:3-5-2|mode:hardcore,10000,79,Мужики,The Lads,Both,71,0.0071,0.7100000000000001
competition:league|formation:3-5-2|mode:hardcore,10000,80,Бойся Бога і пацанов с Крівова Рога,Fear God and Chaps from Kryvyi Rih,Both,90,0.009,0.8999999999999999
competition:league|formation:3-5-2|mode:hardcore,10000,81,Олександрійське диво,Oleksandriya Miracle,Both,15,0.0015,0.15
competition:league|formation:3-5-2|mode:hardcore,10000,82,Ковалівка в Європі,Kovalivka in Europe,Both,24,0.0024,0.24
competition:league|formation:3-5-2|mode:hardcore,10000,83,Потримай моє пиво,Hold My Beer,Both,47,0.0047,0.47000000000000003
competition:league|formation:3-5-2|mode:hardcore,10000,84,Українське класичне,Ukrainian Clásico,Both,47,0.0047,0.47000000000000003
competition:league|formation:3-5-2|mode:hardcore,10000,85,"Ми всі різні, але ми українці",United Ukraine,Both,171,0.0171,1.71
competition:league|formation:3-5-2|mode:hardcore,10000,86,Міміно,Mimino,Both,4,0.0004,0.04
competition:league|formation:3-5-2|mode:hardcore,10000,87,Суперорли,Super Eagles,Both,1,0.0001,0.01
competition:league|formation:3-5-2|mode:hardcore,10000,88,Лінія Мажино,Maginot Line,Both,0,0,0
competition:league|formation:3-5-2|mode:hardcore,10000,89,П’ять пальців,Five Fingers,Both,0,0,0
competition:league|formation:3-5-2|mode:hardcore,10000,90,П’ятий елемент,The Fifth Element,Both,28,0.0028,0.27999999999999997
competition:league|formation:3-5-2|mode:hardcore,10000,91,Тризуб,Tryzub,Both,4554,0.4554,45.540000000000006
competition:league|formation:3-5-2|mode:hardcore,10000,92,Дуплет,Double Tap,Both,273,0.0273,2.73
competition:league|formation:3-5-2|mode:hardcore,10000,93,Це нормально,This Is Fine,League,2,0.0002,0.02
competition:league|formation:3-5-2|mode:hardcore,10000,94,Кийов і Львов не указ Ужгородови,Kyiv and Lviv Don’t Rule Uzhorod,Both,362,0.0362,3.62
competition:league|formation:3-5-2|mode:hardcore,10000,95,Албанська мафія,"Ti Shqipëri, më jep nder",Both,4,0.0004,0.04
formation:5-3-2,40000,1,Кєнти,Kents,Both,0,0,0
formation:5-3-2,40000,2,Файне місто,Faine Misto,Both,186,0.00465,0.46499999999999997
formation:5-3-2,40000,3,Третя сила,The Third Force,Both,54,0.00135,0.135
formation:5-3-2,40000,4,Мрія Луческу,Lucescu’s Dream,Both,0,0,0
formation:5-3-2,40000,5,Іноземний легіон,Foreign Legion,Both,0,0,0
formation:5-3-2,40000,6,Слава Україні!,Slava Ukraini!,Both,4422,0.11055,11.055
formation:5-3-2,40000,7,Донбас порожняк не гонить,Donbas Delivers,Both,6,0.00015,0.015
formation:5-3-2,40000,8,Крим — це Україна!,Crimea Is Ukraine!,Both,444,0.0111,1.11
formation:5-3-2,40000,9,Кубок Львову!,Cup to Lviv!,Cup,34,0.00085,0.08499999999999999
formation:5-3-2,40000,10,Зрада,Zrada,Both,21230,0.53075,53.075
formation:5-3-2,40000,11,За Вами виїхала СБУ,SBU Is Coming for You,Both,6268,0.1567,15.67
formation:5-3-2,40000,12,Перед каждою ігрою!..,Before Every Game!..,League,3822,0.09555,9.555
formation:5-3-2,40000,13,"Здається, Бог наказує нас за щось","Apparently, God Punishes Us",Both,10952,0.2738,27.38
formation:5-3-2,40000,14,Перші назавжди,First Forever,League,2,0.00005,0.005
formation:5-3-2,40000,15,Весна 1999,Spring 1999,Both,4,0.0001,0.01
formation:5-3-2,40000,16,Стамбул 2009,Istanbul 2009,Cup,2,0.00005,0.005
formation:5-3-2,40000,17,Варшава 2015,Warsaw 2015,Cup,0,0,0
formation:5-3-2,40000,18,Ударна пара,Strike Partnership,Both,0,0,0
formation:5-3-2,40000,19,Золотий м’яч,Ballon d’Or,Both,0,0,0
formation:5-3-2,40000,20,СаШо,SaSho,Cup,12,0.0003,0.03
formation:5-3-2,40000,21,Німеччина 2006,Germany 2006,Both,0,0,0
formation:5-3-2,40000,22,Перший Кубок,The First Cup,Cup,0,0,0
formation:5-3-2,40000,23,Непереможні,Invincibles,League,0,0,0
formation:5-3-2,40000,24,Безкомпромісні,No Compromises,League,4,0.0001,0.01
formation:5-3-2,40000,25,Ідеально збалансовано,Perfectly Balanced,League,296,0.0074,0.74
formation:5-3-2,40000,26,Потужно,Powerful Stuff,League,0,0,0
formation:5-3-2,40000,27,Сухий закон,Prohibition,Both,2,0.00005,0.005
formation:5-3-2,40000,28,На класі,Pure Class,Cup,10,0.00025,0.025
formation:5-3-2,40000,29,Нерви зі сталі,Nerves of Steel,Cup,20,0.0005,0.05
formation:5-3-2,40000,30,Завдання провалено успішно,Task Failed Successfully,Cup,0,0,0
formation:5-3-2,40000,31,Я так бачу,Trust My Eyes,Both,85,0.002125,0.21250000000000002
formation:5-3-2,40000,32,Монобільшість,Single-Party Majority,Both,0,0,0
formation:5-3-2,40000,33,Коаліція,Coalition,Both,8196,0.2049,20.49
formation:5-3-2,40000,34,Три мушкетери,The Three Musketeers,Both,0,0,0
formation:5-3-2,40000,35,Автобус припарковано,Bus Parked,Both,30,0.00075,0.075
formation:5-3-2,40000,36,"Гдє «Дінамо», гдє?",Where TF “Dynamo” at?,Both,2,0.00005,0.005
formation:5-3-2,40000,37,На благо города і всєх харьковчан,For the Good of Kharkiv and All of the Citizens,Both,2,0.00005,0.005
formation:5-3-2,40000,38,Ящик горілки,A Crate of Vodka,Both,76,0.0019,0.19
formation:5-3-2,40000,39,Полтавська битва,Battle of Poltava,Cup,10,0.00025,0.025
formation:5-3-2,40000,40,Дніпровський тандем,Dnipro Tandem,Both,4,0.0001,0.01
formation:5-3-2,40000,41,Серце «Шахтаря»,Heart of Shakhtar,Both,0,0,0
formation:5-3-2,40000,42,Бразильський трикутник,Brazilian Triangle,Both,0,0,0
formation:5-3-2,40000,43,Слава нації,"Good Evening, We Are from Ukraine",Both,7,0.000175,0.017499999999999998
formation:5-3-2,40000,44,ООН,United Nations,Both,18,0.00045,0.045
formation:5-3-2,40000,45,Балканський експрес,Balkan Express,Both,0,0,0
formation:5-3-2,40000,46,Латиноамериканський квартал,Latin Quarter,Both,2,0.00005,0.005
formation:5-3-2,40000,47,Різні епохи. Один склад.,Different Eras. One Squad.,Both,8518,0.21295,21.295
formation:5-3-2,40000,48,Жити по-новому,Living a New Way,Both,2332,0.0583,5.83
formation:5-3-2,40000,49,Назад у 90-ті,Back to the ’90s,Both,326,0.00815,0.815
formation:5-3-2,40000,50,Пропало все. Господи допоможи,Everything Is Lost. God Save Us All,League,2,0.00005,0.005
formation:5-3-2,40000,51,Нічия влаштовує,A Draw Will Do,League,88,0.0022,0.22
formation:5-3-2,40000,52,"Маємо те, що маємо",It Is What It Is,League,580,0.0145,1.4500000000000002
formation:5-3-2,40000,53,На тоненького,By a Thread,League,0,0,0
formation:5-3-2,40000,54,Бавовна,Bavovna,League,0,0,0
formation:5-3-2,40000,55,Захист для слабаків,Defense Optional,League,12,0.0003,0.03
formation:5-3-2,40000,56,Лото «Забава»,The Lottery,Cup,24,0.0006,0.06
formation:5-3-2,40000,57,На 120-й,In the 120th,Cup,2,0.00005,0.005
formation:5-3-2,40000,58,"Пливли-пливли, а на березі...",Ch-ch-ch-choke Me!,Cup,240,0.006,0.6
formation:5-3-2,40000,59,"I Am from Bosnia, Take Me to America","I Am from Bosnia, Take Me to America",Both,92,0.0023,0.22999999999999998
formation:5-3-2,40000,60,На мінімалках,Bare Minimum,Cup,8,0.0002,0.02
formation:5-3-2,40000,61,Динамівські серця,Hearts of “Dynamo”,Both,6,0.00015,0.015
formation:5-3-2,40000,62,Фінал 2006,Final 2006,Cup,2,0.00005,0.005
formation:5-3-2,40000,63,Легенда «Барселони»,Barcelona’s Legend,Both,134,0.00335,0.335
formation:5-3-2,40000,64,Промислова революція,Industrial Revolution,Both,1066,0.02665,2.665
formation:5-3-2,40000,65,Два крила,Two Wings,Both,0,0,0
formation:5-3-2,40000,66,Крізь роки,Through the Years,Both,14,0.00035,0.034999999999999996
formation:5-3-2,40000,67,Кобзарі,The Kobzars,Both,0,0,0
formation:5-3-2,40000,68,Акт Злуки,Act of Unity,Both,4226,0.10565,10.565
formation:5-3-2,40000,69,Кордони 1991,Borders of 1991,Both,60,0.0015,0.15
formation:5-3-2,40000,70,Львівське метро,Lviv Metro,Both,296,0.0074,0.74
formation:5-3-2,40000,71,Котлета по-київськи,Chicken Kyiv,Both,154,0.00385,0.385
formation:5-3-2,40000,72,Кубок світу,World Cup,Both,0,0,0
formation:5-3-2,40000,73,Кубок Африки,Africa Cup,Both,0,0,0
formation:5-3-2,40000,74,День бабака,Groundhog Day,Cup,192,0.0048,0.48
formation:5-3-2,40000,75,Стара школа,Old School,Both,0,0,0
formation:5-3-2,40000,76,Так!,Yes!,Both,2038,0.05095,5.095000000000001
formation:5-3-2,40000,77,Покращення вже сьогодні,A Better Life Today,Both,3892,0.0973,9.73
formation:5-3-2,40000,78,Опорник із Запоріжжя,CDM from Zaporizhzhia,Both,370,0.00925,0.9249999999999999
formation:5-3-2,40000,79,Мужики,The Lads,Both,210,0.00525,0.525
formation:5-3-2,40000,80,Бойся Бога і пацанов с Крівова Рога,Fear God and Chaps from Kryvyi Rih,Both,288,0.0072,0.72
formation:5-3-2,40000,81,Олександрійське диво,Oleksandriya Miracle,Both,34,0.00085,0.08499999999999999
formation:5-3-2,40000,82,Ковалівка в Європі,Kovalivka in Europe,Both,52,0.0013,0.13
formation:5-3-2,40000,83,Потримай моє пиво,Hold My Beer,Both,132,0.0033,0.33
formation:5-3-2,40000,84,Українське класичне,Ukrainian Clásico,Both,138,0.00345,0.345
formation:5-3-2,40000,85,"Ми всі різні, але ми українці",United Ukraine,Both,948,0.0237,2.37
formation:5-3-2,40000,86,Міміно,Mimino,Both,12,0.0003,0.03
formation:5-3-2,40000,87,Суперорли,Super Eagles,Both,0,0,0
formation:5-3-2,40000,88,Лінія Мажино,Maginot Line,Both,0,0,0
formation:5-3-2,40000,89,П’ять пальців,Five Fingers,Both,30570,0.76425,76.425
formation:5-3-2,40000,90,П’ятий елемент,The Fifth Element,Both,0,0,0
formation:5-3-2,40000,91,Тризуб,Tryzub,Both,0,0,0
formation:5-3-2,40000,92,Дуплет,Double Tap,Both,960,0.024,2.4
formation:5-3-2,40000,93,Це нормально,This Is Fine,League,8,0.0002,0.02
formation:5-3-2,40000,94,Кийов і Львов не указ Ужгородови,Kyiv and Lviv Don’t Rule Uzhorod,Both,1378,0.03445,3.4450000000000003
formation:5-3-2,40000,95,Албанська мафія,"Ti Shqipëri, më jep nder",Both,6,0.00015,0.015
competition:league|formation:5-3-2|mode:normal,10000,1,Кєнти,Kents,Both,0,0,0
competition:league|formation:5-3-2|mode:normal,10000,2,Файне місто,Faine Misto,Both,0,0,0
competition:league|formation:5-3-2|mode:normal,10000,3,Третя сила,The Third Force,Both,8,0.0008,0.08
competition:league|formation:5-3-2|mode:normal,10000,4,Мрія Луческу,Lucescu’s Dream,Both,0,0,0
competition:league|formation:5-3-2|mode:normal,10000,5,Іноземний легіон,Foreign Legion,Both,0,0,0
competition:league|formation:5-3-2|mode:normal,10000,6,Слава Україні!,Slava Ukraini!,Both,976,0.0976,9.76
competition:league|formation:5-3-2|mode:normal,10000,7,Донбас порожняк не гонить,Donbas Delivers,Both,3,0.0003,0.03
competition:league|formation:5-3-2|mode:normal,10000,8,Крим — це Україна!,Crimea Is Ukraine!,Both,111,0.0111,1.11
competition:league|formation:5-3-2|mode:normal,10000,9,Кубок Львову!,Cup to Lviv!,Cup,0,0,0
competition:league|formation:5-3-2|mode:normal,10000,10,Зрада,Zrada,Both,5044,0.5044,50.44
competition:league|formation:5-3-2|mode:normal,10000,11,За Вами виїхала СБУ,SBU Is Coming for You,Both,1425,0.1425,14.249999999999998
competition:league|formation:5-3-2|mode:normal,10000,12,Перед каждою ігрою!..,Before Every Game!..,League,1911,0.1911,19.11
competition:league|formation:5-3-2|mode:normal,10000,13,"Здається, Бог наказує нас за щось","Apparently, God Punishes Us",Both,1793,0.1793,17.93
competition:league|formation:5-3-2|mode:normal,10000,14,Перші назавжди,First Forever,League,1,0.0001,0.01
competition:league|formation:5-3-2|mode:normal,10000,15,Весна 1999,Spring 1999,Both,1,0.0001,0.01
competition:league|formation:5-3-2|mode:normal,10000,16,Стамбул 2009,Istanbul 2009,Cup,0,0,0
competition:league|formation:5-3-2|mode:normal,10000,17,Варшава 2015,Warsaw 2015,Cup,0,0,0
competition:league|formation:5-3-2|mode:normal,10000,18,Ударна пара,Strike Partnership,Both,0,0,0
competition:league|formation:5-3-2|mode:normal,10000,19,Золотий м’яч,Ballon d’Or,Both,0,0,0
competition:league|formation:5-3-2|mode:normal,10000,20,СаШо,SaSho,Cup,0,0,0
competition:league|formation:5-3-2|mode:normal,10000,21,Німеччина 2006,Germany 2006,Both,0,0,0
competition:league|formation:5-3-2|mode:normal,10000,22,Перший Кубок,The First Cup,Cup,0,0,0
competition:league|formation:5-3-2|mode:normal,10000,23,Непереможні,Invincibles,League,0,0,0
competition:league|formation:5-3-2|mode:normal,10000,24,Безкомпромісні,No Compromises,League,2,0.0002,0.02
competition:league|formation:5-3-2|mode:normal,10000,25,Ідеально збалансовано,Perfectly Balanced,League,148,0.0148,1.48
competition:league|formation:5-3-2|mode:normal,10000,26,Потужно,Powerful Stuff,League,0,0,0
competition:league|formation:5-3-2|mode:normal,10000,27,Сухий закон,Prohibition,Both,0,0,0
competition:league|formation:5-3-2|mode:normal,10000,28,На класі,Pure Class,Cup,0,0,0
competition:league|formation:5-3-2|mode:normal,10000,29,Нерви зі сталі,Nerves of Steel,Cup,0,0,0
competition:league|formation:5-3-2|mode:normal,10000,30,Завдання провалено успішно,Task Failed Successfully,Cup,0,0,0
competition:league|formation:5-3-2|mode:normal,10000,31,Я так бачу,Trust My Eyes,Both,0,0,0
competition:league|formation:5-3-2|mode:normal,10000,32,Монобільшість,Single-Party Majority,Both,0,0,0
competition:league|formation:5-3-2|mode:normal,10000,33,Коаліція,Coalition,Both,1815,0.1815,18.15
competition:league|formation:5-3-2|mode:normal,10000,34,Три мушкетери,The Three Musketeers,Both,0,0,0
competition:league|formation:5-3-2|mode:normal,10000,35,Автобус припарковано,Bus Parked,Both,3,0.0003,0.03
competition:league|formation:5-3-2|mode:normal,10000,36,"Гдє «Дінамо», гдє?",Where TF “Dynamo” at?,Both,1,0.0001,0.01
competition:league|formation:5-3-2|mode:normal,10000,37,На благо города і всєх харьковчан,For the Good of Kharkiv and All of the Citizens,Both,0,0,0
competition:league|formation:5-3-2|mode:normal,10000,38,Ящик горілки,A Crate of Vodka,Both,17,0.0017,0.16999999999999998
competition:league|formation:5-3-2|mode:normal,10000,39,Полтавська битва,Battle of Poltava,Cup,0,0,0
competition:league|formation:5-3-2|mode:normal,10000,40,Дніпровський тандем,Dnipro Tandem,Both,1,0.0001,0.01
competition:league|formation:5-3-2|mode:normal,10000,41,Серце «Шахтаря»,Heart of Shakhtar,Both,0,0,0
competition:league|formation:5-3-2|mode:normal,10000,42,Бразильський трикутник,Brazilian Triangle,Both,0,0,0
competition:league|formation:5-3-2|mode:normal,10000,43,Слава нації,"Good Evening, We Are from Ukraine",Both,0,0,0
competition:league|formation:5-3-2|mode:normal,10000,44,ООН,United Nations,Both,4,0.0004,0.04
competition:league|formation:5-3-2|mode:normal,10000,45,Балканський експрес,Balkan Express,Both,0,0,0
competition:league|formation:5-3-2|mode:normal,10000,46,Латиноамериканський квартал,Latin Quarter,Both,1,0.0001,0.01
competition:league|formation:5-3-2|mode:normal,10000,47,Різні епохи. Один склад.,Different Eras. One Squad.,Both,1087,0.1087,10.870000000000001
competition:league|formation:5-3-2|mode:normal,10000,48,Жити по-новому,Living a New Way,Both,859,0.0859,8.59
competition:league|formation:5-3-2|mode:normal,10000,49,Назад у 90-ті,Back to the ’90s,Both,0,0,0
competition:league|formation:5-3-2|mode:normal,10000,50,Пропало все. Господи допоможи,Everything Is Lost. God Save Us All,League,1,0.0001,0.01
competition:league|formation:5-3-2|mode:normal,10000,51,Нічия влаштовує,A Draw Will Do,League,44,0.0044,0.44
competition:league|formation:5-3-2|mode:normal,10000,52,"Маємо те, що маємо",It Is What It Is,League,290,0.029,2.9000000000000004
competition:league|formation:5-3-2|mode:normal,10000,53,На тоненького,By a Thread,League,0,0,0
competition:league|formation:5-3-2|mode:normal,10000,54,Бавовна,Bavovna,League,0,0,0
competition:league|formation:5-3-2|mode:normal,10000,55,Захист для слабаків,Defense Optional,League,6,0.0006,0.06
competition:league|formation:5-3-2|mode:normal,10000,56,Лото «Забава»,The Lottery,Cup,0,0,0
competition:league|formation:5-3-2|mode:normal,10000,57,На 120-й,In the 120th,Cup,0,0,0
competition:league|formation:5-3-2|mode:normal,10000,58,"Пливли-пливли, а на березі...",Ch-ch-ch-choke Me!,Cup,0,0,0
competition:league|formation:5-3-2|mode:normal,10000,59,"I Am from Bosnia, Take Me to America","I Am from Bosnia, Take Me to America",Both,23,0.0023,0.22999999999999998
competition:league|formation:5-3-2|mode:normal,10000,60,На мінімалках,Bare Minimum,Cup,0,0,0
competition:league|formation:5-3-2|mode:normal,10000,61,Динамівські серця,Hearts of “Dynamo”,Both,3,0.0003,0.03
competition:league|formation:5-3-2|mode:normal,10000,62,Фінал 2006,Final 2006,Cup,0,0,0
competition:league|formation:5-3-2|mode:normal,10000,63,Легенда «Барселони»,Barcelona’s Legend,Both,34,0.0034,0.33999999999999997
competition:league|formation:5-3-2|mode:normal,10000,64,Промислова революція,Industrial Revolution,Both,312,0.0312,3.1199999999999997
competition:league|formation:5-3-2|mode:normal,10000,65,Два крила,Two Wings,Both,0,0,0
competition:league|formation:5-3-2|mode:normal,10000,66,Крізь роки,Through the Years,Both,1,0.0001,0.01
competition:league|formation:5-3-2|mode:normal,10000,67,Кобзарі,The Kobzars,Both,0,0,0
competition:league|formation:5-3-2|mode:normal,10000,68,Акт Злуки,Act of Unity,Both,1162,0.1162,11.62
competition:league|formation:5-3-2|mode:normal,10000,69,Кордони 1991,Borders of 1991,Both,11,0.0011,0.11
competition:league|formation:5-3-2|mode:normal,10000,70,Львівське метро,Lviv Metro,Both,83,0.0083,0.83
competition:league|formation:5-3-2|mode:normal,10000,71,Котлета по-київськи,Chicken Kyiv,Both,31,0.0031,0.31
competition:league|formation:5-3-2|mode:normal,10000,72,Кубок світу,World Cup,Both,0,0,0
competition:league|formation:5-3-2|mode:normal,10000,73,Кубок Африки,Africa Cup,Both,0,0,0
competition:league|formation:5-3-2|mode:normal,10000,74,День бабака,Groundhog Day,Cup,0,0,0
competition:league|formation:5-3-2|mode:normal,10000,75,Стара школа,Old School,Both,0,0,0
competition:league|formation:5-3-2|mode:normal,10000,76,Так!,Yes!,Both,584,0.0584,5.84
competition:league|formation:5-3-2|mode:normal,10000,77,Покращення вже сьогодні,A Better Life Today,Both,1380,0.138,13.8
competition:league|formation:5-3-2|mode:normal,10000,78,Опорник із Запоріжжя,CDM from Zaporizhzhia,Both,97,0.0097,0.97
competition:league|formation:5-3-2|mode:normal,10000,79,Мужики,The Lads,Both,69,0.0069,0.69
competition:league|formation:5-3-2|mode:normal,10000,80,Бойся Бога і пацанов с Крівова Рога,Fear God and Chaps from Kryvyi Rih,Both,78,0.0078,0.7799999999999999
competition:league|formation:5-3-2|mode:normal,10000,81,Олександрійське диво,Oleksandriya Miracle,Both,17,0.0017,0.16999999999999998
competition:league|formation:5-3-2|mode:normal,10000,82,Ковалівка в Європі,Kovalivka in Europe,Both,15,0.0015,0.15
competition:league|formation:5-3-2|mode:normal,10000,83,Потримай моє пиво,Hold My Beer,Both,48,0.0048,0.48
competition:league|formation:5-3-2|mode:normal,10000,84,Українське класичне,Ukrainian Clásico,Both,45,0.0045,0.44999999999999996
competition:league|formation:5-3-2|mode:normal,10000,85,"Ми всі різні, але ми українці",United Ukraine,Both,200,0.02,2
competition:league|formation:5-3-2|mode:normal,10000,86,Міміно,Mimino,Both,3,0.0003,0.03
competition:league|formation:5-3-2|mode:normal,10000,87,Суперорли,Super Eagles,Both,0,0,0
competition:league|formation:5-3-2|mode:normal,10000,88,Лінія Мажино,Maginot Line,Both,0,0,0
competition:league|formation:5-3-2|mode:normal,10000,89,П’ять пальців,Five Fingers,Both,7475,0.7475,74.75
competition:league|formation:5-3-2|mode:normal,10000,90,П’ятий елемент,The Fifth Element,Both,0,0,0
competition:league|formation:5-3-2|mode:normal,10000,91,Тризуб,Tryzub,Both,0,0,0
competition:league|formation:5-3-2|mode:normal,10000,92,Дуплет,Double Tap,Both,309,0.0309,3.09
competition:league|formation:5-3-2|mode:normal,10000,93,Це нормально,This Is Fine,League,4,0.0004,0.04
competition:league|formation:5-3-2|mode:normal,10000,94,Кийов і Львов не указ Ужгородови,Kyiv and Lviv Don’t Rule Uzhorod,Both,361,0.0361,3.61
competition:league|formation:5-3-2|mode:normal,10000,95,Албанська мафія,"Ti Shqipëri, më jep nder",Both,1,0.0001,0.01
competition:league|formation:5-3-2|mode:hardcore,10000,1,Кєнти,Kents,Both,0,0,0
competition:league|formation:5-3-2|mode:hardcore,10000,2,Файне місто,Faine Misto,Both,0,0,0
competition:league|formation:5-3-2|mode:hardcore,10000,3,Третя сила,The Third Force,Both,8,0.0008,0.08
competition:league|formation:5-3-2|mode:hardcore,10000,4,Мрія Луческу,Lucescu’s Dream,Both,0,0,0
competition:league|formation:5-3-2|mode:hardcore,10000,5,Іноземний легіон,Foreign Legion,Both,0,0,0
competition:league|formation:5-3-2|mode:hardcore,10000,6,Слава Україні!,Slava Ukraini!,Both,976,0.0976,9.76
competition:league|formation:5-3-2|mode:hardcore,10000,7,Донбас порожняк не гонить,Donbas Delivers,Both,3,0.0003,0.03
competition:league|formation:5-3-2|mode:hardcore,10000,8,Крим — це Україна!,Crimea Is Ukraine!,Both,111,0.0111,1.11
competition:league|formation:5-3-2|mode:hardcore,10000,9,Кубок Львову!,Cup to Lviv!,Cup,0,0,0
competition:league|formation:5-3-2|mode:hardcore,10000,10,Зрада,Zrada,Both,5044,0.5044,50.44
competition:league|formation:5-3-2|mode:hardcore,10000,11,За Вами виїхала СБУ,SBU Is Coming for You,Both,1425,0.1425,14.249999999999998
competition:league|formation:5-3-2|mode:hardcore,10000,12,Перед каждою ігрою!..,Before Every Game!..,League,1911,0.1911,19.11
competition:league|formation:5-3-2|mode:hardcore,10000,13,"Здається, Бог наказує нас за щось","Apparently, God Punishes Us",Both,1793,0.1793,17.93
competition:league|formation:5-3-2|mode:hardcore,10000,14,Перші назавжди,First Forever,League,1,0.0001,0.01
competition:league|formation:5-3-2|mode:hardcore,10000,15,Весна 1999,Spring 1999,Both,1,0.0001,0.01
competition:league|formation:5-3-2|mode:hardcore,10000,16,Стамбул 2009,Istanbul 2009,Cup,0,0,0
competition:league|formation:5-3-2|mode:hardcore,10000,17,Варшава 2015,Warsaw 2015,Cup,0,0,0
competition:league|formation:5-3-2|mode:hardcore,10000,18,Ударна пара,Strike Partnership,Both,0,0,0
competition:league|formation:5-3-2|mode:hardcore,10000,19,Золотий м’яч,Ballon d’Or,Both,0,0,0
competition:league|formation:5-3-2|mode:hardcore,10000,20,СаШо,SaSho,Cup,0,0,0
competition:league|formation:5-3-2|mode:hardcore,10000,21,Німеччина 2006,Germany 2006,Both,0,0,0
competition:league|formation:5-3-2|mode:hardcore,10000,22,Перший Кубок,The First Cup,Cup,0,0,0
competition:league|formation:5-3-2|mode:hardcore,10000,23,Непереможні,Invincibles,League,0,0,0
competition:league|formation:5-3-2|mode:hardcore,10000,24,Безкомпромісні,No Compromises,League,2,0.0002,0.02
competition:league|formation:5-3-2|mode:hardcore,10000,25,Ідеально збалансовано,Perfectly Balanced,League,148,0.0148,1.48
competition:league|formation:5-3-2|mode:hardcore,10000,26,Потужно,Powerful Stuff,League,0,0,0
competition:league|formation:5-3-2|mode:hardcore,10000,27,Сухий закон,Prohibition,Both,0,0,0
competition:league|formation:5-3-2|mode:hardcore,10000,28,На класі,Pure Class,Cup,0,0,0
competition:league|formation:5-3-2|mode:hardcore,10000,29,Нерви зі сталі,Nerves of Steel,Cup,0,0,0
competition:league|formation:5-3-2|mode:hardcore,10000,30,Завдання провалено успішно,Task Failed Successfully,Cup,0,0,0
competition:league|formation:5-3-2|mode:hardcore,10000,31,Я так бачу,Trust My Eyes,Both,40,0.004,0.4
competition:league|formation:5-3-2|mode:hardcore,10000,32,Монобільшість,Single-Party Majority,Both,0,0,0
competition:league|formation:5-3-2|mode:hardcore,10000,33,Коаліція,Coalition,Both,1815,0.1815,18.15
competition:league|formation:5-3-2|mode:hardcore,10000,34,Три мушкетери,The Three Musketeers,Both,0,0,0
competition:league|formation:5-3-2|mode:hardcore,10000,35,Автобус припарковано,Bus Parked,Both,3,0.0003,0.03
competition:league|formation:5-3-2|mode:hardcore,10000,36,"Гдє «Дінамо», гдє?",Where TF “Dynamo” at?,Both,1,0.0001,0.01
competition:league|formation:5-3-2|mode:hardcore,10000,37,На благо города і всєх харьковчан,For the Good of Kharkiv and All of the Citizens,Both,0,0,0
competition:league|formation:5-3-2|mode:hardcore,10000,38,Ящик горілки,A Crate of Vodka,Both,17,0.0017,0.16999999999999998
competition:league|formation:5-3-2|mode:hardcore,10000,39,Полтавська битва,Battle of Poltava,Cup,0,0,0
competition:league|formation:5-3-2|mode:hardcore,10000,40,Дніпровський тандем,Dnipro Tandem,Both,1,0.0001,0.01
competition:league|formation:5-3-2|mode:hardcore,10000,41,Серце «Шахтаря»,Heart of Shakhtar,Both,0,0,0
competition:league|formation:5-3-2|mode:hardcore,10000,42,Бразильський трикутник,Brazilian Triangle,Both,0,0,0
competition:league|formation:5-3-2|mode:hardcore,10000,43,Слава нації,"Good Evening, We Are from Ukraine",Both,0,0,0
competition:league|formation:5-3-2|mode:hardcore,10000,44,ООН,United Nations,Both,4,0.0004,0.04
competition:league|formation:5-3-2|mode:hardcore,10000,45,Балканський експрес,Balkan Express,Both,0,0,0
competition:league|formation:5-3-2|mode:hardcore,10000,46,Латиноамериканський квартал,Latin Quarter,Both,1,0.0001,0.01
competition:league|formation:5-3-2|mode:hardcore,10000,47,Різні епохи. Один склад.,Different Eras. One Squad.,Both,1087,0.1087,10.870000000000001
competition:league|formation:5-3-2|mode:hardcore,10000,48,Жити по-новому,Living a New Way,Both,859,0.0859,8.59
competition:league|formation:5-3-2|mode:hardcore,10000,49,Назад у 90-ті,Back to the ’90s,Both,0,0,0
competition:league|formation:5-3-2|mode:hardcore,10000,50,Пропало все. Господи допоможи,Everything Is Lost. God Save Us All,League,1,0.0001,0.01
competition:league|formation:5-3-2|mode:hardcore,10000,51,Нічия влаштовує,A Draw Will Do,League,44,0.0044,0.44
competition:league|formation:5-3-2|mode:hardcore,10000,52,"Маємо те, що маємо",It Is What It Is,League,290,0.029,2.9000000000000004
competition:league|formation:5-3-2|mode:hardcore,10000,53,На тоненького,By a Thread,League,0,0,0
competition:league|formation:5-3-2|mode:hardcore,10000,54,Бавовна,Bavovna,League,0,0,0
competition:league|formation:5-3-2|mode:hardcore,10000,55,Захист для слабаків,Defense Optional,League,6,0.0006,0.06
competition:league|formation:5-3-2|mode:hardcore,10000,56,Лото «Забава»,The Lottery,Cup,0,0,0
competition:league|formation:5-3-2|mode:hardcore,10000,57,На 120-й,In the 120th,Cup,0,0,0
competition:league|formation:5-3-2|mode:hardcore,10000,58,"Пливли-пливли, а на березі...",Ch-ch-ch-choke Me!,Cup,0,0,0
competition:league|formation:5-3-2|mode:hardcore,10000,59,"I Am from Bosnia, Take Me to America","I Am from Bosnia, Take Me to America",Both,23,0.0023,0.22999999999999998
competition:league|formation:5-3-2|mode:hardcore,10000,60,На мінімалках,Bare Minimum,Cup,0,0,0
competition:league|formation:5-3-2|mode:hardcore,10000,61,Динамівські серця,Hearts of “Dynamo”,Both,3,0.0003,0.03
competition:league|formation:5-3-2|mode:hardcore,10000,62,Фінал 2006,Final 2006,Cup,0,0,0
competition:league|formation:5-3-2|mode:hardcore,10000,63,Легенда «Барселони»,Barcelona’s Legend,Both,34,0.0034,0.33999999999999997
competition:league|formation:5-3-2|mode:hardcore,10000,64,Промислова революція,Industrial Revolution,Both,312,0.0312,3.1199999999999997
competition:league|formation:5-3-2|mode:hardcore,10000,65,Два крила,Two Wings,Both,0,0,0
competition:league|formation:5-3-2|mode:hardcore,10000,66,Крізь роки,Through the Years,Both,1,0.0001,0.01
competition:league|formation:5-3-2|mode:hardcore,10000,67,Кобзарі,The Kobzars,Both,0,0,0
competition:league|formation:5-3-2|mode:hardcore,10000,68,Акт Злуки,Act of Unity,Both,1162,0.1162,11.62
competition:league|formation:5-3-2|mode:hardcore,10000,69,Кордони 1991,Borders of 1991,Both,11,0.0011,0.11
competition:league|formation:5-3-2|mode:hardcore,10000,70,Львівське метро,Lviv Metro,Both,83,0.0083,0.83
competition:league|formation:5-3-2|mode:hardcore,10000,71,Котлета по-київськи,Chicken Kyiv,Both,31,0.0031,0.31
competition:league|formation:5-3-2|mode:hardcore,10000,72,Кубок світу,World Cup,Both,0,0,0
competition:league|formation:5-3-2|mode:hardcore,10000,73,Кубок Африки,Africa Cup,Both,0,0,0
competition:league|formation:5-3-2|mode:hardcore,10000,74,День бабака,Groundhog Day,Cup,0,0,0
competition:league|formation:5-3-2|mode:hardcore,10000,75,Стара школа,Old School,Both,0,0,0
competition:league|formation:5-3-2|mode:hardcore,10000,76,Так!,Yes!,Both,584,0.0584,5.84
competition:league|formation:5-3-2|mode:hardcore,10000,77,Покращення вже сьогодні,A Better Life Today,Both,1380,0.138,13.8
competition:league|formation:5-3-2|mode:hardcore,10000,78,Опорник із Запоріжжя,CDM from Zaporizhzhia,Both,97,0.0097,0.97
competition:league|formation:5-3-2|mode:hardcore,10000,79,Мужики,The Lads,Both,69,0.0069,0.69
competition:league|formation:5-3-2|mode:hardcore,10000,80,Бойся Бога і пацанов с Крівова Рога,Fear God and Chaps from Kryvyi Rih,Both,78,0.0078,0.7799999999999999
competition:league|formation:5-3-2|mode:hardcore,10000,81,Олександрійське диво,Oleksandriya Miracle,Both,17,0.0017,0.16999999999999998
competition:league|formation:5-3-2|mode:hardcore,10000,82,Ковалівка в Європі,Kovalivka in Europe,Both,15,0.0015,0.15
competition:league|formation:5-3-2|mode:hardcore,10000,83,Потримай моє пиво,Hold My Beer,Both,48,0.0048,0.48
competition:league|formation:5-3-2|mode:hardcore,10000,84,Українське класичне,Ukrainian Clásico,Both,45,0.0045,0.44999999999999996
competition:league|formation:5-3-2|mode:hardcore,10000,85,"Ми всі різні, але ми українці",United Ukraine,Both,200,0.02,2
competition:league|formation:5-3-2|mode:hardcore,10000,86,Міміно,Mimino,Both,3,0.0003,0.03
competition:league|formation:5-3-2|mode:hardcore,10000,87,Суперорли,Super Eagles,Both,0,0,0
competition:league|formation:5-3-2|mode:hardcore,10000,88,Лінія Мажино,Maginot Line,Both,0,0,0
competition:league|formation:5-3-2|mode:hardcore,10000,89,П’ять пальців,Five Fingers,Both,7475,0.7475,74.75
competition:league|formation:5-3-2|mode:hardcore,10000,90,П’ятий елемент,The Fifth Element,Both,0,0,0
competition:league|formation:5-3-2|mode:hardcore,10000,91,Тризуб,Tryzub,Both,0,0,0
competition:league|formation:5-3-2|mode:hardcore,10000,92,Дуплет,Double Tap,Both,309,0.0309,3.09
competition:league|formation:5-3-2|mode:hardcore,10000,93,Це нормально,This Is Fine,League,4,0.0004,0.04
competition:league|formation:5-3-2|mode:hardcore,10000,94,Кийов і Львов не указ Ужгородови,Kyiv and Lviv Don’t Rule Uzhorod,Both,361,0.0361,3.61
competition:league|formation:5-3-2|mode:hardcore,10000,95,Албанська мафія,"Ti Shqipëri, më jep nder",Both,1,0.0001,0.01
competition:cup,60000,1,Кєнти,Kents,Both,0,0,0
competition:cup,60000,2,Файне місто,Faine Misto,Both,502,0.008366666666666666,0.8366666666666667
competition:cup,60000,3,Третя сила,The Third Force,Both,138,0.0023,0.22999999999999998
competition:cup,60000,4,Мрія Луческу,Lucescu’s Dream,Both,0,0,0
competition:cup,60000,5,Іноземний легіон,Foreign Legion,Both,0,0,0
competition:cup,60000,6,Слава Україні!,Slava Ukraini!,Both,6756,0.1126,11.26
competition:cup,60000,7,Донбас порожняк не гонить,Donbas Delivers,Both,8,0.00013333333333333334,0.013333333333333334
competition:cup,60000,8,Крим — це Україна!,Crimea Is Ukraine!,Both,704,0.011733333333333333,1.1733333333333333
competition:cup,60000,9,Кубок Львову!,Cup to Lviv!,Cup,92,0.0015333333333333334,0.15333333333333335
competition:cup,60000,10,Зрада,Zrada,Both,33592,0.5598666666666666,55.986666666666665
competition:cup,60000,11,За Вами виїхала СБУ,SBU Is Coming for You,Both,10948,0.18246666666666667,18.246666666666666
competition:cup,60000,12,Перед каждою ігрою!..,Before Every Game!..,League,0,0,0
competition:cup,60000,13,"Здається, Бог наказує нас за щось","Apparently, God Punishes Us",Both,21244,0.35406666666666664,35.406666666666666
competition:cup,60000,14,Перші назавжди,First Forever,League,0,0,0
competition:cup,60000,15,Весна 1999,Spring 1999,Both,6,0.0001,0.01
competition:cup,60000,16,Стамбул 2009,Istanbul 2009,Cup,4,0.00006666666666666667,0.006666666666666667
competition:cup,60000,17,Варшава 2015,Warsaw 2015,Cup,4,0.00006666666666666667,0.006666666666666667
competition:cup,60000,18,Ударна пара,Strike Partnership,Both,0,0,0
competition:cup,60000,19,Золотий м’яч,Ballon d’Or,Both,6,0.0001,0.01
competition:cup,60000,20,СаШо,SaSho,Cup,42,0.0007,0.06999999999999999
competition:cup,60000,21,Німеччина 2006,Germany 2006,Both,0,0,0
competition:cup,60000,22,Перший Кубок,The First Cup,Cup,2,0.000033333333333333335,0.0033333333333333335
competition:cup,60000,23,Непереможні,Invincibles,League,0,0,0
competition:cup,60000,24,Безкомпромісні,No Compromises,League,0,0,0
competition:cup,60000,25,Ідеально збалансовано,Perfectly Balanced,League,0,0,0
competition:cup,60000,26,Потужно,Powerful Stuff,League,0,0,0
competition:cup,60000,27,Сухий закон,Prohibition,Both,8,0.00013333333333333334,0.013333333333333334
competition:cup,60000,28,На класі,Pure Class,Cup,36,0.0006,0.06
competition:cup,60000,29,Нерви зі сталі,Nerves of Steel,Cup,58,0.0009666666666666667,0.09666666666666666
competition:cup,60000,30,Завдання провалено успішно,Task Failed Successfully,Cup,0,0,0
competition:cup,60000,31,Я так бачу,Trust My Eyes,Both,158,0.0026333333333333334,0.26333333333333336
competition:cup,60000,32,Монобільшість,Single-Party Majority,Both,0,0,0
competition:cup,60000,33,Коаліція,Coalition,Both,13416,0.2236,22.36
competition:cup,60000,34,Три мушкетери,The Three Musketeers,Both,10,0.00016666666666666666,0.016666666666666666
competition:cup,60000,35,Автобус припарковано,Bus Parked,Both,24,0.0004,0.04
competition:cup,60000,36,"Гдє «Дінамо», гдє?",Where TF “Dynamo” at?,Both,4,0.00006666666666666667,0.006666666666666667
competition:cup,60000,37,На благо города і всєх харьковчан,For the Good of Kharkiv and All of the Citizens,Both,4,0.00006666666666666667,0.006666666666666667
competition:cup,60000,38,Ящик горілки,A Crate of Vodka,Both,120,0.002,0.2
competition:cup,60000,39,Полтавська битва,Battle of Poltava,Cup,30,0.0005,0.05
competition:cup,60000,40,Дніпровський тандем,Dnipro Tandem,Both,10,0.00016666666666666666,0.016666666666666666
competition:cup,60000,41,Серце «Шахтаря»,Heart of Shakhtar,Both,0,0,0
competition:cup,60000,42,Бразильський трикутник,Brazilian Triangle,Both,0,0,0
competition:cup,60000,43,Слава нації,"Good Evening, We Are from Ukraine",Both,19,0.00031666666666666665,0.03166666666666666
competition:cup,60000,44,ООН,United Nations,Both,18,0.0003,0.03
competition:cup,60000,45,Балканський експрес,Balkan Express,Both,0,0,0
competition:cup,60000,46,Латиноамериканський квартал,Latin Quarter,Both,0,0,0
competition:cup,60000,47,Різні епохи. Один склад.,Different Eras. One Squad.,Both,19054,0.31756666666666666,31.756666666666668
competition:cup,60000,48,Жити по-новому,Living a New Way,Both,1876,0.031266666666666665,3.1266666666666665
competition:cup,60000,49,Назад у 90-ті,Back to the ’90s,Both,854,0.014233333333333334,1.4233333333333333
competition:cup,60000,50,Пропало все. Господи допоможи,Everything Is Lost. God Save Us All,League,0,0,0
competition:cup,60000,51,Нічия влаштовує,A Draw Will Do,League,0,0,0
competition:cup,60000,52,"Маємо те, що маємо",It Is What It Is,League,0,0,0
competition:cup,60000,53,На тоненького,By a Thread,League,0,0,0
competition:cup,60000,54,Бавовна,Bavovna,League,0,0,0
competition:cup,60000,55,Захист для слабаків,Defense Optional,League,0,0,0
competition:cup,60000,56,Лото «Забава»,The Lottery,Cup,76,0.0012666666666666666,0.12666666666666665
competition:cup,60000,57,На 120-й,In the 120th,Cup,18,0.0003,0.03
competition:cup,60000,58,"Пливли-пливли, а на березі...",Ch-ch-ch-choke Me!,Cup,912,0.0152,1.52
competition:cup,60000,59,"I Am from Bosnia, Take Me to America","I Am from Bosnia, Take Me to America",Both,112,0.0018666666666666666,0.18666666666666668
competition:cup,60000,60,На мінімалках,Bare Minimum,Cup,26,0.0004333333333333333,0.043333333333333335
competition:cup,60000,61,Динамівські серця,Hearts of “Dynamo”,Both,6,0.0001,0.01
competition:cup,60000,62,Фінал 2006,Final 2006,Cup,10,0.00016666666666666666,0.016666666666666666
competition:cup,60000,63,Легенда «Барселони»,Barcelona’s Legend,Both,168,0.0028,0.27999999999999997
competition:cup,60000,64,Промислова революція,Industrial Revolution,Both,1414,0.023566666666666666,2.3566666666666665
competition:cup,60000,65,Два крила,Two Wings,Both,8,0.00013333333333333334,0.013333333333333334
competition:cup,60000,66,Крізь роки,Through the Years,Both,28,0.00046666666666666666,0.04666666666666667
competition:cup,60000,67,Кобзарі,The Kobzars,Both,0,0,0
competition:cup,60000,68,Акт Злуки,Act of Unity,Both,5524,0.09206666666666667,9.206666666666667
competition:cup,60000,69,Кордони 1991,Borders of 1991,Both,102,0.0017,0.16999999999999998
competition:cup,60000,70,Львівське метро,Lviv Metro,Both,408,0.0068,0.6799999999999999
competition:cup,60000,71,Котлета по-київськи,Chicken Kyiv,Both,328,0.0054666666666666665,0.5466666666666666
competition:cup,60000,72,Кубок світу,World Cup,Both,0,0,0
competition:cup,60000,73,Кубок Африки,Africa Cup,Both,0,0,0
competition:cup,60000,74,День бабака,Groundhog Day,Cup,692,0.011533333333333333,1.1533333333333333
competition:cup,60000,75,Стара школа,Old School,Both,53,0.0008833333333333333,0.08833333333333333
competition:cup,60000,76,Так!,Yes!,Both,2578,0.04296666666666667,4.296666666666667
competition:cup,60000,77,Покращення вже сьогодні,A Better Life Today,Both,3446,0.057433333333333336,5.743333333333334
competition:cup,60000,78,Опорник із Запоріжжя,CDM from Zaporizhzhia,Both,608,0.010133333333333333,1.0133333333333332
competition:cup,60000,79,Мужики,The Lads,Both,306,0.0051,0.51
competition:cup,60000,80,Бойся Бога і пацанов с Крівова Рога,Fear God and Chaps from Kryvyi Rih,Both,424,0.007066666666666666,0.7066666666666667
competition:cup,60000,81,Олександрійське диво,Oleksandriya Miracle,Both,4,0.00006666666666666667,0.006666666666666667
competition:cup,60000,82,Ковалівка в Європі,Kovalivka in Europe,Both,76,0.0012666666666666666,0.12666666666666665
competition:cup,60000,83,Потримай моє пиво,Hold My Beer,Both,96,0.0016,0.16
competition:cup,60000,84,Українське класичне,Ukrainian Clásico,Both,160,0.0026666666666666666,0.26666666666666666
competition:cup,60000,85,"Ми всі різні, але ми українці",United Ukraine,Both,1540,0.025666666666666667,2.566666666666667
competition:cup,60000,86,Міміно,Mimino,Both,16,0.0002666666666666667,0.02666666666666667
competition:cup,60000,87,Суперорли,Super Eagles,Both,6,0.0001,0.01
competition:cup,60000,88,Лінія Мажино,Maginot Line,Both,0,0,0
competition:cup,60000,89,П’ять пальців,Five Fingers,Both,15620,0.26033333333333336,26.033333333333335
competition:cup,60000,90,П’ятий елемент,The Fifth Element,Both,58,0.0009666666666666667,0.09666666666666666
competition:cup,60000,91,Тризуб,Tryzub,Both,9998,0.16663333333333333,16.663333333333334
competition:cup,60000,92,Дуплет,Double Tap,Both,1060,0.017666666666666667,1.7666666666666668
competition:cup,60000,93,Це нормально,This Is Fine,League,0,0,0
competition:cup,60000,94,Кийов і Львов не указ Ужгородови,Kyiv and Lviv Don’t Rule Uzhorod,Both,1930,0.03216666666666667,3.216666666666667
competition:cup,60000,95,Албанська мафія,"Ti Shqipëri, më jep nder",Both,10,0.00016666666666666666,0.016666666666666666
competition:cup|formation:4-4-2|mode:normal,10000,1,Кєнти,Kents,Both,0,0,0
competition:cup|formation:4-4-2|mode:normal,10000,2,Файне місто,Faine Misto,Both,69,0.0069,0.69
competition:cup|formation:4-4-2|mode:normal,10000,3,Третя сила,The Third Force,Both,20,0.002,0.2
competition:cup|formation:4-4-2|mode:normal,10000,4,Мрія Луческу,Lucescu’s Dream,Both,0,0,0
competition:cup|formation:4-4-2|mode:normal,10000,5,Іноземний легіон,Foreign Legion,Both,0,0,0
competition:cup|formation:4-4-2|mode:normal,10000,6,Слава Україні!,Slava Ukraini!,Both,1088,0.1088,10.879999999999999
competition:cup|formation:4-4-2|mode:normal,10000,7,Донбас порожняк не гонить,Donbas Delivers,Both,2,0.0002,0.02
competition:cup|formation:4-4-2|mode:normal,10000,8,Крим — це Україна!,Crimea Is Ukraine!,Both,135,0.0135,1.35
competition:cup|formation:4-4-2|mode:normal,10000,9,Кубок Львову!,Cup to Lviv!,Cup,11,0.0011,0.11
competition:cup|formation:4-4-2|mode:normal,10000,10,Зрада,Zrada,Both,5550,0.555,55.50000000000001
competition:cup|formation:4-4-2|mode:normal,10000,11,За Вами виїхала СБУ,SBU Is Coming for You,Both,1832,0.1832,18.32
competition:cup|formation:4-4-2|mode:normal,10000,12,Перед каждою ігрою!..,Before Every Game!..,League,0,0,0
competition:cup|formation:4-4-2|mode:normal,10000,13,"Здається, Бог наказує нас за щось","Apparently, God Punishes Us",Both,3472,0.3472,34.72
competition:cup|formation:4-4-2|mode:normal,10000,14,Перші назавжди,First Forever,League,0,0,0
competition:cup|formation:4-4-2|mode:normal,10000,15,Весна 1999,Spring 1999,Both,0,0,0
competition:cup|formation:4-4-2|mode:normal,10000,16,Стамбул 2009,Istanbul 2009,Cup,0,0,0
competition:cup|formation:4-4-2|mode:normal,10000,17,Варшава 2015,Warsaw 2015,Cup,1,0.0001,0.01
competition:cup|formation:4-4-2|mode:normal,10000,18,Ударна пара,Strike Partnership,Both,0,0,0
competition:cup|formation:4-4-2|mode:normal,10000,19,Золотий м’яч,Ballon d’Or,Both,2,0.0002,0.02
competition:cup|formation:4-4-2|mode:normal,10000,20,СаШо,SaSho,Cup,8,0.0008,0.08
competition:cup|formation:4-4-2|mode:normal,10000,21,Німеччина 2006,Germany 2006,Both,0,0,0
competition:cup|formation:4-4-2|mode:normal,10000,22,Перший Кубок,The First Cup,Cup,0,0,0
competition:cup|formation:4-4-2|mode:normal,10000,23,Непереможні,Invincibles,League,0,0,0
competition:cup|formation:4-4-2|mode:normal,10000,24,Безкомпромісні,No Compromises,League,0,0,0
competition:cup|formation:4-4-2|mode:normal,10000,25,Ідеально збалансовано,Perfectly Balanced,League,0,0,0
competition:cup|formation:4-4-2|mode:normal,10000,26,Потужно,Powerful Stuff,League,0,0,0
competition:cup|formation:4-4-2|mode:normal,10000,27,Сухий закон,Prohibition,Both,1,0.0001,0.01
competition:cup|formation:4-4-2|mode:normal,10000,28,На класі,Pure Class,Cup,10,0.001,0.1
competition:cup|formation:4-4-2|mode:normal,10000,29,Нерви зі сталі,Nerves of Steel,Cup,8,0.0008,0.08
competition:cup|formation:4-4-2|mode:normal,10000,30,Завдання провалено успішно,Task Failed Successfully,Cup,0,0,0
competition:cup|formation:4-4-2|mode:normal,10000,31,Я так бачу,Trust My Eyes,Both,0,0,0
competition:cup|formation:4-4-2|mode:normal,10000,32,Монобільшість,Single-Party Majority,Both,0,0,0
competition:cup|formation:4-4-2|mode:normal,10000,33,Коаліція,Coalition,Both,2221,0.2221,22.21
competition:cup|formation:4-4-2|mode:normal,10000,34,Три мушкетери,The Three Musketeers,Both,0,0,0
competition:cup|formation:4-4-2|mode:normal,10000,35,Автобус припарковано,Bus Parked,Both,0,0,0
competition:cup|formation:4-4-2|mode:normal,10000,36,"Гдє «Дінамо», гдє?",Where TF “Dynamo” at?,Both,1,0.0001,0.01
competition:cup|formation:4-4-2|mode:normal,10000,37,На благо города і всєх харьковчан,For the Good of Kharkiv and All of the Citizens,Both,0,0,0
competition:cup|formation:4-4-2|mode:normal,10000,38,Ящик горілки,A Crate of Vodka,Both,20,0.002,0.2
competition:cup|formation:4-4-2|mode:normal,10000,39,Полтавська битва,Battle of Poltava,Cup,5,0.0005,0.05
competition:cup|formation:4-4-2|mode:normal,10000,40,Дніпровський тандем,Dnipro Tandem,Both,1,0.0001,0.01
competition:cup|formation:4-4-2|mode:normal,10000,41,Серце «Шахтаря»,Heart of Shakhtar,Both,0,0,0
competition:cup|formation:4-4-2|mode:normal,10000,42,Бразильський трикутник,Brazilian Triangle,Both,0,0,0
competition:cup|formation:4-4-2|mode:normal,10000,43,Слава нації,"Good Evening, We Are from Ukraine",Both,0,0,0
competition:cup|formation:4-4-2|mode:normal,10000,44,ООН,United Nations,Both,3,0.0003,0.03
competition:cup|formation:4-4-2|mode:normal,10000,45,Балканський експрес,Balkan Express,Both,0,0,0
competition:cup|formation:4-4-2|mode:normal,10000,46,Латиноамериканський квартал,Latin Quarter,Both,0,0,0
competition:cup|formation:4-4-2|mode:normal,10000,47,Різні епохи. Один склад.,Different Eras. One Squad.,Both,3148,0.3148,31.480000000000004
competition:cup|formation:4-4-2|mode:normal,10000,48,Жити по-новому,Living a New Way,Both,339,0.0339,3.39
competition:cup|formation:4-4-2|mode:normal,10000,49,Назад у 90-ті,Back to the ’90s,Both,135,0.0135,1.35
competition:cup|formation:4-4-2|mode:normal,10000,50,Пропало все. Господи допоможи,Everything Is Lost. God Save Us All,League,0,0,0
competition:cup|formation:4-4-2|mode:normal,10000,51,Нічия влаштовує,A Draw Will Do,League,0,0,0
competition:cup|formation:4-4-2|mode:normal,10000,52,"Маємо те, що маємо",It Is What It Is,League,0,0,0
competition:cup|formation:4-4-2|mode:normal,10000,53,На тоненького,By a Thread,League,0,0,0
competition:cup|formation:4-4-2|mode:normal,10000,54,Бавовна,Bavovna,League,0,0,0
competition:cup|formation:4-4-2|mode:normal,10000,55,Захист для слабаків,Defense Optional,League,0,0,0
competition:cup|formation:4-4-2|mode:normal,10000,56,Лото «Забава»,The Lottery,Cup,11,0.0011,0.11
competition:cup|formation:4-4-2|mode:normal,10000,57,На 120-й,In the 120th,Cup,4,0.0004,0.04
competition:cup|formation:4-4-2|mode:normal,10000,58,"Пливли-пливли, а на березі...",Ch-ch-ch-choke Me!,Cup,166,0.0166,1.66
competition:cup|formation:4-4-2|mode:normal,10000,59,"I Am from Bosnia, Take Me to America","I Am from Bosnia, Take Me to America",Both,17,0.0017,0.16999999999999998
competition:cup|formation:4-4-2|mode:normal,10000,60,На мінімалках,Bare Minimum,Cup,6,0.0006,0.06
competition:cup|formation:4-4-2|mode:normal,10000,61,Динамівські серця,Hearts of “Dynamo”,Both,1,0.0001,0.01
competition:cup|formation:4-4-2|mode:normal,10000,62,Фінал 2006,Final 2006,Cup,1,0.0001,0.01
competition:cup|formation:4-4-2|mode:normal,10000,63,Легенда «Барселони»,Barcelona’s Legend,Both,18,0.0018,0.18
competition:cup|formation:4-4-2|mode:normal,10000,64,Промислова революція,Industrial Revolution,Both,264,0.0264,2.64
competition:cup|formation:4-4-2|mode:normal,10000,65,Два крила,Two Wings,Both,2,0.0002,0.02
competition:cup|formation:4-4-2|mode:normal,10000,66,Крізь роки,Through the Years,Both,4,0.0004,0.04
competition:cup|formation:4-4-2|mode:normal,10000,67,Кобзарі,The Kobzars,Both,0,0,0
competition:cup|formation:4-4-2|mode:normal,10000,68,Акт Злуки,Act of Unity,Both,893,0.0893,8.93
competition:cup|formation:4-4-2|mode:normal,10000,69,Кордони 1991,Borders of 1991,Both,16,0.0016,0.16
competition:cup|formation:4-4-2|mode:normal,10000,70,Львівське метро,Lviv Metro,Both,66,0.0066,0.66
competition:cup|formation:4-4-2|mode:normal,10000,71,Котлета по-київськи,Chicken Kyiv,Both,58,0.0058,0.58
competition:cup|formation:4-4-2|mode:normal,10000,72,Кубок світу,World Cup,Both,0,0,0
competition:cup|formation:4-4-2|mode:normal,10000,73,Кубок Африки,Africa Cup,Both,0,0,0
competition:cup|formation:4-4-2|mode:normal,10000,74,День бабака,Groundhog Day,Cup,132,0.0132,1.32
competition:cup|formation:4-4-2|mode:normal,10000,75,Стара школа,Old School,Both,0,0,0
competition:cup|formation:4-4-2|mode:normal,10000,76,Так!,Yes!,Both,417,0.0417,4.17
competition:cup|formation:4-4-2|mode:normal,10000,77,Покращення вже сьогодні,A Better Life Today,Both,601,0.0601,6.01
competition:cup|formation:4-4-2|mode:normal,10000,78,Опорник із Запоріжжя,CDM from Zaporizhzhia,Both,123,0.0123,1.23
competition:cup|formation:4-4-2|mode:normal,10000,79,Мужики,The Lads,Both,65,0.0065,0.65
competition:cup|formation:4-4-2|mode:normal,10000,80,Бойся Бога і пацанов с Крівова Рога,Fear God and Chaps from Kryvyi Rih,Both,66,0.0066,0.66
competition:cup|formation:4-4-2|mode:normal,10000,81,Олександрійське диво,Oleksandriya Miracle,Both,1,0.0001,0.01
competition:cup|formation:4-4-2|mode:normal,10000,82,Ковалівка в Європі,Kovalivka in Europe,Both,14,0.0014,0.13999999999999999
competition:cup|formation:4-4-2|mode:normal,10000,83,Потримай моє пиво,Hold My Beer,Both,16,0.0016,0.16
competition:cup|formation:4-4-2|mode:normal,10000,84,Українське класичне,Ukrainian Clásico,Both,29,0.0029,0.29
competition:cup|formation:4-4-2|mode:normal,10000,85,"Ми всі різні, але ми українці",United Ukraine,Both,247,0.0247,2.4699999999999998
competition:cup|formation:4-4-2|mode:normal,10000,86,Міміно,Mimino,Both,2,0.0002,0.02
competition:cup|formation:4-4-2|mode:normal,10000,87,Суперорли,Super Eagles,Both,3,0.0003,0.03
competition:cup|formation:4-4-2|mode:normal,10000,88,Лінія Мажино,Maginot Line,Both,0,0,0
competition:cup|formation:4-4-2|mode:normal,10000,89,П’ять пальців,Five Fingers,Both,0,0,0
competition:cup|formation:4-4-2|mode:normal,10000,90,П’ятий елемент,The Fifth Element,Both,0,0,0
competition:cup|formation:4-4-2|mode:normal,10000,91,Тризуб,Tryzub,Both,0,0,0
competition:cup|formation:4-4-2|mode:normal,10000,92,Дуплет,Double Tap,Both,189,0.0189,1.8900000000000001
competition:cup|formation:4-4-2|mode:normal,10000,93,Це нормально,This Is Fine,League,0,0,0
competition:cup|formation:4-4-2|mode:normal,10000,94,Кийов і Львов не указ Ужгородови,Kyiv and Lviv Don’t Rule Uzhorod,Both,306,0.0306,3.06
competition:cup|formation:4-4-2|mode:normal,10000,95,Албанська мафія,"Ti Shqipëri, më jep nder",Both,2,0.0002,0.02
competition:cup|formation:4-4-2|mode:hardcore,10000,1,Кєнти,Kents,Both,0,0,0
competition:cup|formation:4-4-2|mode:hardcore,10000,2,Файне місто,Faine Misto,Both,69,0.0069,0.69
competition:cup|formation:4-4-2|mode:hardcore,10000,3,Третя сила,The Third Force,Both,20,0.002,0.2
competition:cup|formation:4-4-2|mode:hardcore,10000,4,Мрія Луческу,Lucescu’s Dream,Both,0,0,0
competition:cup|formation:4-4-2|mode:hardcore,10000,5,Іноземний легіон,Foreign Legion,Both,0,0,0
competition:cup|formation:4-4-2|mode:hardcore,10000,6,Слава Україні!,Slava Ukraini!,Both,1088,0.1088,10.879999999999999
competition:cup|formation:4-4-2|mode:hardcore,10000,7,Донбас порожняк не гонить,Donbas Delivers,Both,2,0.0002,0.02
competition:cup|formation:4-4-2|mode:hardcore,10000,8,Крим — це Україна!,Crimea Is Ukraine!,Both,135,0.0135,1.35
competition:cup|formation:4-4-2|mode:hardcore,10000,9,Кубок Львову!,Cup to Lviv!,Cup,11,0.0011,0.11
competition:cup|formation:4-4-2|mode:hardcore,10000,10,Зрада,Zrada,Both,5550,0.555,55.50000000000001
competition:cup|formation:4-4-2|mode:hardcore,10000,11,За Вами виїхала СБУ,SBU Is Coming for You,Both,1832,0.1832,18.32
competition:cup|formation:4-4-2|mode:hardcore,10000,12,Перед каждою ігрою!..,Before Every Game!..,League,0,0,0
competition:cup|formation:4-4-2|mode:hardcore,10000,13,"Здається, Бог наказує нас за щось","Apparently, God Punishes Us",Both,3472,0.3472,34.72
competition:cup|formation:4-4-2|mode:hardcore,10000,14,Перші назавжди,First Forever,League,0,0,0
competition:cup|formation:4-4-2|mode:hardcore,10000,15,Весна 1999,Spring 1999,Both,0,0,0
competition:cup|formation:4-4-2|mode:hardcore,10000,16,Стамбул 2009,Istanbul 2009,Cup,0,0,0
competition:cup|formation:4-4-2|mode:hardcore,10000,17,Варшава 2015,Warsaw 2015,Cup,1,0.0001,0.01
competition:cup|formation:4-4-2|mode:hardcore,10000,18,Ударна пара,Strike Partnership,Both,0,0,0
competition:cup|formation:4-4-2|mode:hardcore,10000,19,Золотий м’яч,Ballon d’Or,Both,2,0.0002,0.02
competition:cup|formation:4-4-2|mode:hardcore,10000,20,СаШо,SaSho,Cup,8,0.0008,0.08
competition:cup|formation:4-4-2|mode:hardcore,10000,21,Німеччина 2006,Germany 2006,Both,0,0,0
competition:cup|formation:4-4-2|mode:hardcore,10000,22,Перший Кубок,The First Cup,Cup,0,0,0
competition:cup|formation:4-4-2|mode:hardcore,10000,23,Непереможні,Invincibles,League,0,0,0
competition:cup|formation:4-4-2|mode:hardcore,10000,24,Безкомпромісні,No Compromises,League,0,0,0
competition:cup|formation:4-4-2|mode:hardcore,10000,25,Ідеально збалансовано,Perfectly Balanced,League,0,0,0
competition:cup|formation:4-4-2|mode:hardcore,10000,26,Потужно,Powerful Stuff,League,0,0,0
competition:cup|formation:4-4-2|mode:hardcore,10000,27,Сухий закон,Prohibition,Both,1,0.0001,0.01
competition:cup|formation:4-4-2|mode:hardcore,10000,28,На класі,Pure Class,Cup,10,0.001,0.1
competition:cup|formation:4-4-2|mode:hardcore,10000,29,Нерви зі сталі,Nerves of Steel,Cup,8,0.0008,0.08
competition:cup|formation:4-4-2|mode:hardcore,10000,30,Завдання провалено успішно,Task Failed Successfully,Cup,0,0,0
competition:cup|formation:4-4-2|mode:hardcore,10000,31,Я так бачу,Trust My Eyes,Both,53,0.0053,0.53
competition:cup|formation:4-4-2|mode:hardcore,10000,32,Монобільшість,Single-Party Majority,Both,0,0,0
competition:cup|formation:4-4-2|mode:hardcore,10000,33,Коаліція,Coalition,Both,2221,0.2221,22.21
competition:cup|formation:4-4-2|mode:hardcore,10000,34,Три мушкетери,The Three Musketeers,Both,0,0,0
competition:cup|formation:4-4-2|mode:hardcore,10000,35,Автобус припарковано,Bus Parked,Both,0,0,0
competition:cup|formation:4-4-2|mode:hardcore,10000,36,"Гдє «Дінамо», гдє?",Where TF “Dynamo” at?,Both,1,0.0001,0.01
competition:cup|formation:4-4-2|mode:hardcore,10000,37,На благо города і всєх харьковчан,For the Good of Kharkiv and All of the Citizens,Both,0,0,0
competition:cup|formation:4-4-2|mode:hardcore,10000,38,Ящик горілки,A Crate of Vodka,Both,20,0.002,0.2
competition:cup|formation:4-4-2|mode:hardcore,10000,39,Полтавська битва,Battle of Poltava,Cup,5,0.0005,0.05
competition:cup|formation:4-4-2|mode:hardcore,10000,40,Дніпровський тандем,Dnipro Tandem,Both,1,0.0001,0.01
competition:cup|formation:4-4-2|mode:hardcore,10000,41,Серце «Шахтаря»,Heart of Shakhtar,Both,0,0,0
competition:cup|formation:4-4-2|mode:hardcore,10000,42,Бразильський трикутник,Brazilian Triangle,Both,0,0,0
competition:cup|formation:4-4-2|mode:hardcore,10000,43,Слава нації,"Good Evening, We Are from Ukraine",Both,6,0.0006,0.06
competition:cup|formation:4-4-2|mode:hardcore,10000,44,ООН,United Nations,Both,3,0.0003,0.03
competition:cup|formation:4-4-2|mode:hardcore,10000,45,Балканський експрес,Balkan Express,Both,0,0,0
competition:cup|formation:4-4-2|mode:hardcore,10000,46,Латиноамериканський квартал,Latin Quarter,Both,0,0,0
competition:cup|formation:4-4-2|mode:hardcore,10000,47,Різні епохи. Один склад.,Different Eras. One Squad.,Both,3148,0.3148,31.480000000000004
competition:cup|formation:4-4-2|mode:hardcore,10000,48,Жити по-новому,Living a New Way,Both,339,0.0339,3.39
competition:cup|formation:4-4-2|mode:hardcore,10000,49,Назад у 90-ті,Back to the ’90s,Both,135,0.0135,1.35
competition:cup|formation:4-4-2|mode:hardcore,10000,50,Пропало все. Господи допоможи,Everything Is Lost. God Save Us All,League,0,0,0
competition:cup|formation:4-4-2|mode:hardcore,10000,51,Нічия влаштовує,A Draw Will Do,League,0,0,0
competition:cup|formation:4-4-2|mode:hardcore,10000,52,"Маємо те, що маємо",It Is What It Is,League,0,0,0
competition:cup|formation:4-4-2|mode:hardcore,10000,53,На тоненького,By a Thread,League,0,0,0
competition:cup|formation:4-4-2|mode:hardcore,10000,54,Бавовна,Bavovna,League,0,0,0
competition:cup|formation:4-4-2|mode:hardcore,10000,55,Захист для слабаків,Defense Optional,League,0,0,0
competition:cup|formation:4-4-2|mode:hardcore,10000,56,Лото «Забава»,The Lottery,Cup,11,0.0011,0.11
competition:cup|formation:4-4-2|mode:hardcore,10000,57,На 120-й,In the 120th,Cup,4,0.0004,0.04
competition:cup|formation:4-4-2|mode:hardcore,10000,58,"Пливли-пливли, а на березі...",Ch-ch-ch-choke Me!,Cup,166,0.0166,1.66
competition:cup|formation:4-4-2|mode:hardcore,10000,59,"I Am from Bosnia, Take Me to America","I Am from Bosnia, Take Me to America",Both,17,0.0017,0.16999999999999998
competition:cup|formation:4-4-2|mode:hardcore,10000,60,На мінімалках,Bare Minimum,Cup,6,0.0006,0.06
competition:cup|formation:4-4-2|mode:hardcore,10000,61,Динамівські серця,Hearts of “Dynamo”,Both,1,0.0001,0.01
competition:cup|formation:4-4-2|mode:hardcore,10000,62,Фінал 2006,Final 2006,Cup,1,0.0001,0.01
competition:cup|formation:4-4-2|mode:hardcore,10000,63,Легенда «Барселони»,Barcelona’s Legend,Both,18,0.0018,0.18
competition:cup|formation:4-4-2|mode:hardcore,10000,64,Промислова революція,Industrial Revolution,Both,264,0.0264,2.64
competition:cup|formation:4-4-2|mode:hardcore,10000,65,Два крила,Two Wings,Both,2,0.0002,0.02
competition:cup|formation:4-4-2|mode:hardcore,10000,66,Крізь роки,Through the Years,Both,4,0.0004,0.04
competition:cup|formation:4-4-2|mode:hardcore,10000,67,Кобзарі,The Kobzars,Both,0,0,0
competition:cup|formation:4-4-2|mode:hardcore,10000,68,Акт Злуки,Act of Unity,Both,893,0.0893,8.93
competition:cup|formation:4-4-2|mode:hardcore,10000,69,Кордони 1991,Borders of 1991,Both,16,0.0016,0.16
competition:cup|formation:4-4-2|mode:hardcore,10000,70,Львівське метро,Lviv Metro,Both,66,0.0066,0.66
competition:cup|formation:4-4-2|mode:hardcore,10000,71,Котлета по-київськи,Chicken Kyiv,Both,58,0.0058,0.58
competition:cup|formation:4-4-2|mode:hardcore,10000,72,Кубок світу,World Cup,Both,0,0,0
competition:cup|formation:4-4-2|mode:hardcore,10000,73,Кубок Африки,Africa Cup,Both,0,0,0
competition:cup|formation:4-4-2|mode:hardcore,10000,74,День бабака,Groundhog Day,Cup,132,0.0132,1.32
competition:cup|formation:4-4-2|mode:hardcore,10000,75,Стара школа,Old School,Both,53,0.0053,0.53
competition:cup|formation:4-4-2|mode:hardcore,10000,76,Так!,Yes!,Both,417,0.0417,4.17
competition:cup|formation:4-4-2|mode:hardcore,10000,77,Покращення вже сьогодні,A Better Life Today,Both,601,0.0601,6.01
competition:cup|formation:4-4-2|mode:hardcore,10000,78,Опорник із Запоріжжя,CDM from Zaporizhzhia,Both,123,0.0123,1.23
competition:cup|formation:4-4-2|mode:hardcore,10000,79,Мужики,The Lads,Both,65,0.0065,0.65
competition:cup|formation:4-4-2|mode:hardcore,10000,80,Бойся Бога і пацанов с Крівова Рога,Fear God and Chaps from Kryvyi Rih,Both,66,0.0066,0.66
competition:cup|formation:4-4-2|mode:hardcore,10000,81,Олександрійське диво,Oleksandriya Miracle,Both,1,0.0001,0.01
competition:cup|formation:4-4-2|mode:hardcore,10000,82,Ковалівка в Європі,Kovalivka in Europe,Both,14,0.0014,0.13999999999999999
competition:cup|formation:4-4-2|mode:hardcore,10000,83,Потримай моє пиво,Hold My Beer,Both,16,0.0016,0.16
competition:cup|formation:4-4-2|mode:hardcore,10000,84,Українське класичне,Ukrainian Clásico,Both,29,0.0029,0.29
competition:cup|formation:4-4-2|mode:hardcore,10000,85,"Ми всі різні, але ми українці",United Ukraine,Both,247,0.0247,2.4699999999999998
competition:cup|formation:4-4-2|mode:hardcore,10000,86,Міміно,Mimino,Both,2,0.0002,0.02
competition:cup|formation:4-4-2|mode:hardcore,10000,87,Суперорли,Super Eagles,Both,3,0.0003,0.03
competition:cup|formation:4-4-2|mode:hardcore,10000,88,Лінія Мажино,Maginot Line,Both,0,0,0
competition:cup|formation:4-4-2|mode:hardcore,10000,89,П’ять пальців,Five Fingers,Both,0,0,0
competition:cup|formation:4-4-2|mode:hardcore,10000,90,П’ятий елемент,The Fifth Element,Both,0,0,0
competition:cup|formation:4-4-2|mode:hardcore,10000,91,Тризуб,Tryzub,Both,0,0,0
competition:cup|formation:4-4-2|mode:hardcore,10000,92,Дуплет,Double Tap,Both,189,0.0189,1.8900000000000001
competition:cup|formation:4-4-2|mode:hardcore,10000,93,Це нормально,This Is Fine,League,0,0,0
competition:cup|formation:4-4-2|mode:hardcore,10000,94,Кийов і Львов не указ Ужгородови,Kyiv and Lviv Don’t Rule Uzhorod,Both,306,0.0306,3.06
competition:cup|formation:4-4-2|mode:hardcore,10000,95,Албанська мафія,"Ti Shqipëri, më jep nder",Both,2,0.0002,0.02
competition:cup|formation:3-5-2|mode:normal,10000,1,Кєнти,Kents,Both,0,0,0
competition:cup|formation:3-5-2|mode:normal,10000,2,Файне місто,Faine Misto,Both,89,0.0089,0.89
competition:cup|formation:3-5-2|mode:normal,10000,3,Третя сила,The Third Force,Both,30,0.003,0.3
competition:cup|formation:3-5-2|mode:normal,10000,4,Мрія Луческу,Lucescu’s Dream,Both,0,0,0
competition:cup|formation:3-5-2|mode:normal,10000,5,Іноземний легіон,Foreign Legion,Both,0,0,0
competition:cup|formation:3-5-2|mode:normal,10000,6,Слава Україні!,Slava Ukraini!,Both,1055,0.1055,10.549999999999999
competition:cup|formation:3-5-2|mode:normal,10000,7,Донбас порожняк не гонить,Donbas Delivers,Both,2,0.0002,0.02
competition:cup|formation:3-5-2|mode:normal,10000,8,Крим — це Україна!,Crimea Is Ukraine!,Both,106,0.0106,1.06
competition:cup|formation:3-5-2|mode:normal,10000,9,Кубок Львову!,Cup to Lviv!,Cup,18,0.0018,0.18
competition:cup|formation:3-5-2|mode:normal,10000,10,Зрада,Zrada,Both,5675,0.5675,56.75
competition:cup|formation:3-5-2|mode:normal,10000,11,За Вами виїхала СБУ,SBU Is Coming for You,Both,1933,0.1933,19.33
competition:cup|formation:3-5-2|mode:normal,10000,12,Перед каждою ігрою!..,Before Every Game!..,League,0,0,0
competition:cup|formation:3-5-2|mode:normal,10000,13,"Здається, Бог наказує нас за щось","Apparently, God Punishes Us",Both,3467,0.3467,34.67
competition:cup|formation:3-5-2|mode:normal,10000,14,Перші назавжди,First Forever,League,0,0,0
competition:cup|formation:3-5-2|mode:normal,10000,15,Весна 1999,Spring 1999,Both,2,0.0002,0.02
competition:cup|formation:3-5-2|mode:normal,10000,16,Стамбул 2009,Istanbul 2009,Cup,1,0.0001,0.01
competition:cup|formation:3-5-2|mode:normal,10000,17,Варшава 2015,Warsaw 2015,Cup,1,0.0001,0.01
competition:cup|formation:3-5-2|mode:normal,10000,18,Ударна пара,Strike Partnership,Both,0,0,0
competition:cup|formation:3-5-2|mode:normal,10000,19,Золотий м’яч,Ballon d’Or,Both,1,0.0001,0.01
competition:cup|formation:3-5-2|mode:normal,10000,20,СаШо,SaSho,Cup,7,0.0007,0.06999999999999999
competition:cup|formation:3-5-2|mode:normal,10000,21,Німеччина 2006,Germany 2006,Both,0,0,0
competition:cup|formation:3-5-2|mode:normal,10000,22,Перший Кубок,The First Cup,Cup,1,0.0001,0.01
competition:cup|formation:3-5-2|mode:normal,10000,23,Непереможні,Invincibles,League,0,0,0
competition:cup|formation:3-5-2|mode:normal,10000,24,Безкомпромісні,No Compromises,League,0,0,0
competition:cup|formation:3-5-2|mode:normal,10000,25,Ідеально збалансовано,Perfectly Balanced,League,0,0,0
competition:cup|formation:3-5-2|mode:normal,10000,26,Потужно,Powerful Stuff,League,0,0,0
competition:cup|formation:3-5-2|mode:normal,10000,27,Сухий закон,Prohibition,Both,2,0.0002,0.02
competition:cup|formation:3-5-2|mode:normal,10000,28,На класі,Pure Class,Cup,3,0.0003,0.03
competition:cup|formation:3-5-2|mode:normal,10000,29,Нерви зі сталі,Nerves of Steel,Cup,11,0.0011,0.11
competition:cup|formation:3-5-2|mode:normal,10000,30,Завдання провалено успішно,Task Failed Successfully,Cup,0,0,0
competition:cup|formation:3-5-2|mode:normal,10000,31,Я так бачу,Trust My Eyes,Both,0,0,0
competition:cup|formation:3-5-2|mode:normal,10000,32,Монобільшість,Single-Party Majority,Both,0,0,0
competition:cup|formation:3-5-2|mode:normal,10000,33,Коаліція,Coalition,Both,2204,0.2204,22.040000000000003
competition:cup|formation:3-5-2|mode:normal,10000,34,Три мушкетери,The Three Musketeers,Both,5,0.0005,0.05
competition:cup|formation:3-5-2|mode:normal,10000,35,Автобус припарковано,Bus Parked,Both,0,0,0
competition:cup|formation:3-5-2|mode:normal,10000,36,"Гдє «Дінамо», гдє?",Where TF “Dynamo” at?,Both,1,0.0001,0.01
competition:cup|formation:3-5-2|mode:normal,10000,37,На благо города і всєх харьковчан,For the Good of Kharkiv and All of the Citizens,Both,1,0.0001,0.01
competition:cup|formation:3-5-2|mode:normal,10000,38,Ящик горілки,A Crate of Vodka,Both,19,0.0019,0.19
competition:cup|formation:3-5-2|mode:normal,10000,39,Полтавська битва,Battle of Poltava,Cup,5,0.0005,0.05
competition:cup|formation:3-5-2|mode:normal,10000,40,Дніпровський тандем,Dnipro Tandem,Both,3,0.0003,0.03
competition:cup|formation:3-5-2|mode:normal,10000,41,Серце «Шахтаря»,Heart of Shakhtar,Both,0,0,0
competition:cup|formation:3-5-2|mode:normal,10000,42,Бразильський трикутник,Brazilian Triangle,Both,0,0,0
competition:cup|formation:3-5-2|mode:normal,10000,43,Слава нації,"Good Evening, We Are from Ukraine",Both,0,0,0
competition:cup|formation:3-5-2|mode:normal,10000,44,ООН,United Nations,Both,1,0.0001,0.01
competition:cup|formation:3-5-2|mode:normal,10000,45,Балканський експрес,Balkan Express,Both,0,0,0
competition:cup|formation:3-5-2|mode:normal,10000,46,Латиноамериканський квартал,Latin Quarter,Both,0,0,0
competition:cup|formation:3-5-2|mode:normal,10000,47,Різні епохи. Один склад.,Different Eras. One Squad.,Both,3207,0.3207,32.07
competition:cup|formation:3-5-2|mode:normal,10000,48,Жити по-новому,Living a New Way,Both,292,0.0292,2.92
competition:cup|formation:3-5-2|mode:normal,10000,49,Назад у 90-ті,Back to the ’90s,Both,129,0.0129,1.29
competition:cup|formation:3-5-2|mode:normal,10000,50,Пропало все. Господи допоможи,Everything Is Lost. God Save Us All,League,0,0,0
competition:cup|formation:3-5-2|mode:normal,10000,51,Нічия влаштовує,A Draw Will Do,League,0,0,0
competition:cup|formation:3-5-2|mode:normal,10000,52,"Маємо те, що маємо",It Is What It Is,League,0,0,0
competition:cup|formation:3-5-2|mode:normal,10000,53,На тоненького,By a Thread,League,0,0,0
competition:cup|formation:3-5-2|mode:normal,10000,54,Бавовна,Bavovna,League,0,0,0
competition:cup|formation:3-5-2|mode:normal,10000,55,Захист для слабаків,Defense Optional,League,0,0,0
competition:cup|formation:3-5-2|mode:normal,10000,56,Лото «Забава»,The Lottery,Cup,15,0.0015,0.15
competition:cup|formation:3-5-2|mode:normal,10000,57,На 120-й,In the 120th,Cup,4,0.0004,0.04
competition:cup|formation:3-5-2|mode:normal,10000,58,"Пливли-пливли, а на березі...",Ch-ch-ch-choke Me!,Cup,170,0.017,1.7000000000000002
competition:cup|formation:3-5-2|mode:normal,10000,59,"I Am from Bosnia, Take Me to America","I Am from Bosnia, Take Me to America",Both,16,0.0016,0.16
competition:cup|formation:3-5-2|mode:normal,10000,60,На мінімалках,Bare Minimum,Cup,3,0.0003,0.03
competition:cup|formation:3-5-2|mode:normal,10000,61,Динамівські серця,Hearts of “Dynamo”,Both,2,0.0002,0.02
competition:cup|formation:3-5-2|mode:normal,10000,62,Фінал 2006,Final 2006,Cup,3,0.0003,0.03
competition:cup|formation:3-5-2|mode:normal,10000,63,Легенда «Барселони»,Barcelona’s Legend,Both,33,0.0033,0.33
competition:cup|formation:3-5-2|mode:normal,10000,64,Промислова революція,Industrial Revolution,Both,222,0.0222,2.22
competition:cup|formation:3-5-2|mode:normal,10000,65,Два крила,Two Wings,Both,2,0.0002,0.02
competition:cup|formation:3-5-2|mode:normal,10000,66,Крізь роки,Through the Years,Both,4,0.0004,0.04
competition:cup|formation:3-5-2|mode:normal,10000,67,Кобзарі,The Kobzars,Both,0,0,0
competition:cup|formation:3-5-2|mode:normal,10000,68,Акт Злуки,Act of Unity,Both,918,0.0918,9.180000000000001
competition:cup|formation:3-5-2|mode:normal,10000,69,Кордони 1991,Borders of 1991,Both,16,0.0016,0.16
competition:cup|formation:3-5-2|mode:normal,10000,70,Львівське метро,Lviv Metro,Both,73,0.0073,0.73
competition:cup|formation:3-5-2|mode:normal,10000,71,Котлета по-київськи,Chicken Kyiv,Both,60,0.006,0.6
competition:cup|formation:3-5-2|mode:normal,10000,72,Кубок світу,World Cup,Both,0,0,0
competition:cup|formation:3-5-2|mode:normal,10000,73,Кубок Африки,Africa Cup,Both,0,0,0
competition:cup|formation:3-5-2|mode:normal,10000,74,День бабака,Groundhog Day,Cup,118,0.0118,1.18
competition:cup|formation:3-5-2|mode:normal,10000,75,Стара школа,Old School,Both,0,0,0
competition:cup|formation:3-5-2|mode:normal,10000,76,Так!,Yes!,Both,437,0.0437,4.37
competition:cup|formation:3-5-2|mode:normal,10000,77,Покращення вже сьогодні,A Better Life Today,Both,556,0.0556,5.56
competition:cup|formation:3-5-2|mode:normal,10000,78,Опорник із Запоріжжя,CDM from Zaporizhzhia,Both,93,0.0093,0.9299999999999999
competition:cup|formation:3-5-2|mode:normal,10000,79,Мужики,The Lads,Both,52,0.0052,0.52
competition:cup|formation:3-5-2|mode:normal,10000,80,Бойся Бога і пацанов с Крівова Рога,Fear God and Chaps from Kryvyi Rih,Both,80,0.008,0.8
competition:cup|formation:3-5-2|mode:normal,10000,81,Олександрійське диво,Oleksandriya Miracle,Both,1,0.0001,0.01
competition:cup|formation:3-5-2|mode:normal,10000,82,Ковалівка в Європі,Kovalivka in Europe,Both,13,0.0013,0.13
competition:cup|formation:3-5-2|mode:normal,10000,83,Потримай моє пиво,Hold My Beer,Both,14,0.0014,0.13999999999999999
competition:cup|formation:3-5-2|mode:normal,10000,84,Українське класичне,Ukrainian Clásico,Both,27,0.0027,0.27
competition:cup|formation:3-5-2|mode:normal,10000,85,"Ми всі різні, але ми українці",United Ukraine,Both,249,0.0249,2.4899999999999998
competition:cup|formation:3-5-2|mode:normal,10000,86,Міміно,Mimino,Both,3,0.0003,0.03
competition:cup|formation:3-5-2|mode:normal,10000,87,Суперорли,Super Eagles,Both,0,0,0
competition:cup|formation:3-5-2|mode:normal,10000,88,Лінія Мажино,Maginot Line,Both,0,0,0
competition:cup|formation:3-5-2|mode:normal,10000,89,П’ять пальців,Five Fingers,Both,0,0,0
competition:cup|formation:3-5-2|mode:normal,10000,90,П’ятий елемент,The Fifth Element,Both,29,0.0029,0.29
competition:cup|formation:3-5-2|mode:normal,10000,91,Тризуб,Tryzub,Both,4999,0.4999,49.99
competition:cup|formation:3-5-2|mode:normal,10000,92,Дуплет,Double Tap,Both,170,0.017,1.7000000000000002
competition:cup|formation:3-5-2|mode:normal,10000,93,Це нормально,This Is Fine,League,0,0,0
competition:cup|formation:3-5-2|mode:normal,10000,94,Кийов і Львов не указ Ужгородови,Kyiv and Lviv Don’t Rule Uzhorod,Both,331,0.0331,3.3099999999999996
competition:cup|formation:3-5-2|mode:normal,10000,95,Албанська мафія,"Ti Shqipëri, më jep nder",Both,1,0.0001,0.01
competition:cup|formation:3-5-2|mode:hardcore,10000,1,Кєнти,Kents,Both,0,0,0
competition:cup|formation:3-5-2|mode:hardcore,10000,2,Файне місто,Faine Misto,Both,89,0.0089,0.89
competition:cup|formation:3-5-2|mode:hardcore,10000,3,Третя сила,The Third Force,Both,30,0.003,0.3
competition:cup|formation:3-5-2|mode:hardcore,10000,4,Мрія Луческу,Lucescu’s Dream,Both,0,0,0
competition:cup|formation:3-5-2|mode:hardcore,10000,5,Іноземний легіон,Foreign Legion,Both,0,0,0
competition:cup|formation:3-5-2|mode:hardcore,10000,6,Слава Україні!,Slava Ukraini!,Both,1055,0.1055,10.549999999999999
competition:cup|formation:3-5-2|mode:hardcore,10000,7,Донбас порожняк не гонить,Donbas Delivers,Both,2,0.0002,0.02
competition:cup|formation:3-5-2|mode:hardcore,10000,8,Крим — це Україна!,Crimea Is Ukraine!,Both,106,0.0106,1.06
competition:cup|formation:3-5-2|mode:hardcore,10000,9,Кубок Львову!,Cup to Lviv!,Cup,18,0.0018,0.18
competition:cup|formation:3-5-2|mode:hardcore,10000,10,Зрада,Zrada,Both,5675,0.5675,56.75
competition:cup|formation:3-5-2|mode:hardcore,10000,11,За Вами виїхала СБУ,SBU Is Coming for You,Both,1933,0.1933,19.33
competition:cup|formation:3-5-2|mode:hardcore,10000,12,Перед каждою ігрою!..,Before Every Game!..,League,0,0,0
competition:cup|formation:3-5-2|mode:hardcore,10000,13,"Здається, Бог наказує нас за щось","Apparently, God Punishes Us",Both,3467,0.3467,34.67
competition:cup|formation:3-5-2|mode:hardcore,10000,14,Перші назавжди,First Forever,League,0,0,0
competition:cup|formation:3-5-2|mode:hardcore,10000,15,Весна 1999,Spring 1999,Both,2,0.0002,0.02
competition:cup|formation:3-5-2|mode:hardcore,10000,16,Стамбул 2009,Istanbul 2009,Cup,1,0.0001,0.01
competition:cup|formation:3-5-2|mode:hardcore,10000,17,Варшава 2015,Warsaw 2015,Cup,1,0.0001,0.01
competition:cup|formation:3-5-2|mode:hardcore,10000,18,Ударна пара,Strike Partnership,Both,0,0,0
competition:cup|formation:3-5-2|mode:hardcore,10000,19,Золотий м’яч,Ballon d’Or,Both,1,0.0001,0.01
competition:cup|formation:3-5-2|mode:hardcore,10000,20,СаШо,SaSho,Cup,7,0.0007,0.06999999999999999
competition:cup|formation:3-5-2|mode:hardcore,10000,21,Німеччина 2006,Germany 2006,Both,0,0,0
competition:cup|formation:3-5-2|mode:hardcore,10000,22,Перший Кубок,The First Cup,Cup,1,0.0001,0.01
competition:cup|formation:3-5-2|mode:hardcore,10000,23,Непереможні,Invincibles,League,0,0,0
competition:cup|formation:3-5-2|mode:hardcore,10000,24,Безкомпромісні,No Compromises,League,0,0,0
competition:cup|formation:3-5-2|mode:hardcore,10000,25,Ідеально збалансовано,Perfectly Balanced,League,0,0,0
competition:cup|formation:3-5-2|mode:hardcore,10000,26,Потужно,Powerful Stuff,League,0,0,0
competition:cup|formation:3-5-2|mode:hardcore,10000,27,Сухий закон,Prohibition,Both,2,0.0002,0.02
competition:cup|formation:3-5-2|mode:hardcore,10000,28,На класі,Pure Class,Cup,3,0.0003,0.03
competition:cup|formation:3-5-2|mode:hardcore,10000,29,Нерви зі сталі,Nerves of Steel,Cup,11,0.0011,0.11
competition:cup|formation:3-5-2|mode:hardcore,10000,30,Завдання провалено успішно,Task Failed Successfully,Cup,0,0,0
competition:cup|formation:3-5-2|mode:hardcore,10000,31,Я так бачу,Trust My Eyes,Both,60,0.006,0.6
competition:cup|formation:3-5-2|mode:hardcore,10000,32,Монобільшість,Single-Party Majority,Both,0,0,0
competition:cup|formation:3-5-2|mode:hardcore,10000,33,Коаліція,Coalition,Both,2204,0.2204,22.040000000000003
competition:cup|formation:3-5-2|mode:hardcore,10000,34,Три мушкетери,The Three Musketeers,Both,5,0.0005,0.05
competition:cup|formation:3-5-2|mode:hardcore,10000,35,Автобус припарковано,Bus Parked,Both,0,0,0
competition:cup|formation:3-5-2|mode:hardcore,10000,36,"Гдє «Дінамо», гдє?",Where TF “Dynamo” at?,Both,1,0.0001,0.01
competition:cup|formation:3-5-2|mode:hardcore,10000,37,На благо города і всєх харьковчан,For the Good of Kharkiv and All of the Citizens,Both,1,0.0001,0.01
competition:cup|formation:3-5-2|mode:hardcore,10000,38,Ящик горілки,A Crate of Vodka,Both,19,0.0019,0.19
competition:cup|formation:3-5-2|mode:hardcore,10000,39,Полтавська битва,Battle of Poltava,Cup,5,0.0005,0.05
competition:cup|formation:3-5-2|mode:hardcore,10000,40,Дніпровський тандем,Dnipro Tandem,Both,3,0.0003,0.03
competition:cup|formation:3-5-2|mode:hardcore,10000,41,Серце «Шахтаря»,Heart of Shakhtar,Both,0,0,0
competition:cup|formation:3-5-2|mode:hardcore,10000,42,Бразильський трикутник,Brazilian Triangle,Both,0,0,0
competition:cup|formation:3-5-2|mode:hardcore,10000,43,Слава нації,"Good Evening, We Are from Ukraine",Both,6,0.0006,0.06
competition:cup|formation:3-5-2|mode:hardcore,10000,44,ООН,United Nations,Both,1,0.0001,0.01
competition:cup|formation:3-5-2|mode:hardcore,10000,45,Балканський експрес,Balkan Express,Both,0,0,0
competition:cup|formation:3-5-2|mode:hardcore,10000,46,Латиноамериканський квартал,Latin Quarter,Both,0,0,0
competition:cup|formation:3-5-2|mode:hardcore,10000,47,Різні епохи. Один склад.,Different Eras. One Squad.,Both,3207,0.3207,32.07
competition:cup|formation:3-5-2|mode:hardcore,10000,48,Жити по-новому,Living a New Way,Both,292,0.0292,2.92
competition:cup|formation:3-5-2|mode:hardcore,10000,49,Назад у 90-ті,Back to the ’90s,Both,129,0.0129,1.29
competition:cup|formation:3-5-2|mode:hardcore,10000,50,Пропало все. Господи допоможи,Everything Is Lost. God Save Us All,League,0,0,0
competition:cup|formation:3-5-2|mode:hardcore,10000,51,Нічия влаштовує,A Draw Will Do,League,0,0,0
competition:cup|formation:3-5-2|mode:hardcore,10000,52,"Маємо те, що маємо",It Is What It Is,League,0,0,0
competition:cup|formation:3-5-2|mode:hardcore,10000,53,На тоненького,By a Thread,League,0,0,0
competition:cup|formation:3-5-2|mode:hardcore,10000,54,Бавовна,Bavovna,League,0,0,0
competition:cup|formation:3-5-2|mode:hardcore,10000,55,Захист для слабаків,Defense Optional,League,0,0,0
competition:cup|formation:3-5-2|mode:hardcore,10000,56,Лото «Забава»,The Lottery,Cup,15,0.0015,0.15
competition:cup|formation:3-5-2|mode:hardcore,10000,57,На 120-й,In the 120th,Cup,4,0.0004,0.04
competition:cup|formation:3-5-2|mode:hardcore,10000,58,"Пливли-пливли, а на березі...",Ch-ch-ch-choke Me!,Cup,170,0.017,1.7000000000000002
competition:cup|formation:3-5-2|mode:hardcore,10000,59,"I Am from Bosnia, Take Me to America","I Am from Bosnia, Take Me to America",Both,16,0.0016,0.16
competition:cup|formation:3-5-2|mode:hardcore,10000,60,На мінімалках,Bare Minimum,Cup,3,0.0003,0.03
competition:cup|formation:3-5-2|mode:hardcore,10000,61,Динамівські серця,Hearts of “Dynamo”,Both,2,0.0002,0.02
competition:cup|formation:3-5-2|mode:hardcore,10000,62,Фінал 2006,Final 2006,Cup,3,0.0003,0.03
competition:cup|formation:3-5-2|mode:hardcore,10000,63,Легенда «Барселони»,Barcelona’s Legend,Both,33,0.0033,0.33
competition:cup|formation:3-5-2|mode:hardcore,10000,64,Промислова революція,Industrial Revolution,Both,222,0.0222,2.22
competition:cup|formation:3-5-2|mode:hardcore,10000,65,Два крила,Two Wings,Both,2,0.0002,0.02
competition:cup|formation:3-5-2|mode:hardcore,10000,66,Крізь роки,Through the Years,Both,4,0.0004,0.04
competition:cup|formation:3-5-2|mode:hardcore,10000,67,Кобзарі,The Kobzars,Both,0,0,0
competition:cup|formation:3-5-2|mode:hardcore,10000,68,Акт Злуки,Act of Unity,Both,918,0.0918,9.180000000000001
competition:cup|formation:3-5-2|mode:hardcore,10000,69,Кордони 1991,Borders of 1991,Both,16,0.0016,0.16
competition:cup|formation:3-5-2|mode:hardcore,10000,70,Львівське метро,Lviv Metro,Both,73,0.0073,0.73
competition:cup|formation:3-5-2|mode:hardcore,10000,71,Котлета по-київськи,Chicken Kyiv,Both,60,0.006,0.6
competition:cup|formation:3-5-2|mode:hardcore,10000,72,Кубок світу,World Cup,Both,0,0,0
competition:cup|formation:3-5-2|mode:hardcore,10000,73,Кубок Африки,Africa Cup,Both,0,0,0
competition:cup|formation:3-5-2|mode:hardcore,10000,74,День бабака,Groundhog Day,Cup,118,0.0118,1.18
competition:cup|formation:3-5-2|mode:hardcore,10000,75,Стара школа,Old School,Both,0,0,0
competition:cup|formation:3-5-2|mode:hardcore,10000,76,Так!,Yes!,Both,437,0.0437,4.37
competition:cup|formation:3-5-2|mode:hardcore,10000,77,Покращення вже сьогодні,A Better Life Today,Both,556,0.0556,5.56
competition:cup|formation:3-5-2|mode:hardcore,10000,78,Опорник із Запоріжжя,CDM from Zaporizhzhia,Both,93,0.0093,0.9299999999999999
competition:cup|formation:3-5-2|mode:hardcore,10000,79,Мужики,The Lads,Both,52,0.0052,0.52
competition:cup|formation:3-5-2|mode:hardcore,10000,80,Бойся Бога і пацанов с Крівова Рога,Fear God and Chaps from Kryvyi Rih,Both,80,0.008,0.8
competition:cup|formation:3-5-2|mode:hardcore,10000,81,Олександрійське диво,Oleksandriya Miracle,Both,1,0.0001,0.01
competition:cup|formation:3-5-2|mode:hardcore,10000,82,Ковалівка в Європі,Kovalivka in Europe,Both,13,0.0013,0.13
competition:cup|formation:3-5-2|mode:hardcore,10000,83,Потримай моє пиво,Hold My Beer,Both,14,0.0014,0.13999999999999999
competition:cup|formation:3-5-2|mode:hardcore,10000,84,Українське класичне,Ukrainian Clásico,Both,27,0.0027,0.27
competition:cup|formation:3-5-2|mode:hardcore,10000,85,"Ми всі різні, але ми українці",United Ukraine,Both,249,0.0249,2.4899999999999998
competition:cup|formation:3-5-2|mode:hardcore,10000,86,Міміно,Mimino,Both,3,0.0003,0.03
competition:cup|formation:3-5-2|mode:hardcore,10000,87,Суперорли,Super Eagles,Both,0,0,0
competition:cup|formation:3-5-2|mode:hardcore,10000,88,Лінія Мажино,Maginot Line,Both,0,0,0
competition:cup|formation:3-5-2|mode:hardcore,10000,89,П’ять пальців,Five Fingers,Both,0,0,0
competition:cup|formation:3-5-2|mode:hardcore,10000,90,П’ятий елемент,The Fifth Element,Both,29,0.0029,0.29
competition:cup|formation:3-5-2|mode:hardcore,10000,91,Тризуб,Tryzub,Both,4999,0.4999,49.99
competition:cup|formation:3-5-2|mode:hardcore,10000,92,Дуплет,Double Tap,Both,170,0.017,1.7000000000000002
competition:cup|formation:3-5-2|mode:hardcore,10000,93,Це нормально,This Is Fine,League,0,0,0
competition:cup|formation:3-5-2|mode:hardcore,10000,94,Кийов і Львов не указ Ужгородови,Kyiv and Lviv Don’t Rule Uzhorod,Both,331,0.0331,3.3099999999999996
competition:cup|formation:3-5-2|mode:hardcore,10000,95,Албанська мафія,"Ti Shqipëri, më jep nder",Both,1,0.0001,0.01
competition:cup|formation:5-3-2|mode:normal,10000,1,Кєнти,Kents,Both,0,0,0
competition:cup|formation:5-3-2|mode:normal,10000,2,Файне місто,Faine Misto,Both,93,0.0093,0.9299999999999999
competition:cup|formation:5-3-2|mode:normal,10000,3,Третя сила,The Third Force,Both,19,0.0019,0.19
competition:cup|formation:5-3-2|mode:normal,10000,4,Мрія Луческу,Lucescu’s Dream,Both,0,0,0
competition:cup|formation:5-3-2|mode:normal,10000,5,Іноземний легіон,Foreign Legion,Both,0,0,0
competition:cup|formation:5-3-2|mode:normal,10000,6,Слава Україні!,Slava Ukraini!,Both,1235,0.1235,12.35
competition:cup|formation:5-3-2|mode:normal,10000,7,Донбас порожняк не гонить,Donbas Delivers,Both,0,0,0
competition:cup|formation:5-3-2|mode:normal,10000,8,Крим — це Україна!,Crimea Is Ukraine!,Both,111,0.0111,1.11
competition:cup|formation:5-3-2|mode:normal,10000,9,Кубок Львову!,Cup to Lviv!,Cup,17,0.0017,0.16999999999999998
competition:cup|formation:5-3-2|mode:normal,10000,10,Зрада,Zrada,Both,5571,0.5571,55.71
competition:cup|formation:5-3-2|mode:normal,10000,11,За Вами виїхала СБУ,SBU Is Coming for You,Both,1709,0.1709,17.09
competition:cup|formation:5-3-2|mode:normal,10000,12,Перед каждою ігрою!..,Before Every Game!..,League,0,0,0
competition:cup|formation:5-3-2|mode:normal,10000,13,"Здається, Бог наказує нас за щось","Apparently, God Punishes Us",Both,3683,0.3683,36.83
competition:cup|formation:5-3-2|mode:normal,10000,14,Перші назавжди,First Forever,League,0,0,0
competition:cup|formation:5-3-2|mode:normal,10000,15,Весна 1999,Spring 1999,Both,1,0.0001,0.01
competition:cup|formation:5-3-2|mode:normal,10000,16,Стамбул 2009,Istanbul 2009,Cup,1,0.0001,0.01
competition:cup|formation:5-3-2|mode:normal,10000,17,Варшава 2015,Warsaw 2015,Cup,0,0,0
competition:cup|formation:5-3-2|mode:normal,10000,18,Ударна пара,Strike Partnership,Both,0,0,0
competition:cup|formation:5-3-2|mode:normal,10000,19,Золотий м’яч,Ballon d’Or,Both,0,0,0
competition:cup|formation:5-3-2|mode:normal,10000,20,СаШо,SaSho,Cup,6,0.0006,0.06
competition:cup|formation:5-3-2|mode:normal,10000,21,Німеччина 2006,Germany 2006,Both,0,0,0
competition:cup|formation:5-3-2|mode:normal,10000,22,Перший Кубок,The First Cup,Cup,0,0,0
competition:cup|formation:5-3-2|mode:normal,10000,23,Непереможні,Invincibles,League,0,0,0
competition:cup|formation:5-3-2|mode:normal,10000,24,Безкомпромісні,No Compromises,League,0,0,0
competition:cup|formation:5-3-2|mode:normal,10000,25,Ідеально збалансовано,Perfectly Balanced,League,0,0,0
competition:cup|formation:5-3-2|mode:normal,10000,26,Потужно,Powerful Stuff,League,0,0,0
competition:cup|formation:5-3-2|mode:normal,10000,27,Сухий закон,Prohibition,Both,1,0.0001,0.01
competition:cup|formation:5-3-2|mode:normal,10000,28,На класі,Pure Class,Cup,5,0.0005,0.05
competition:cup|formation:5-3-2|mode:normal,10000,29,Нерви зі сталі,Nerves of Steel,Cup,10,0.001,0.1
competition:cup|formation:5-3-2|mode:normal,10000,30,Завдання провалено успішно,Task Failed Successfully,Cup,0,0,0
competition:cup|formation:5-3-2|mode:normal,10000,31,Я так бачу,Trust My Eyes,Both,0,0,0
competition:cup|formation:5-3-2|mode:normal,10000,32,Монобільшість,Single-Party Majority,Both,0,0,0
competition:cup|formation:5-3-2|mode:normal,10000,33,Коаліція,Coalition,Both,2283,0.2283,22.830000000000002
competition:cup|formation:5-3-2|mode:normal,10000,34,Три мушкетери,The Three Musketeers,Both,0,0,0
competition:cup|formation:5-3-2|mode:normal,10000,35,Автобус припарковано,Bus Parked,Both,12,0.0012,0.12
competition:cup|formation:5-3-2|mode:normal,10000,36,"Гдє «Дінамо», гдє?",Where TF “Dynamo” at?,Both,0,0,0
competition:cup|formation:5-3-2|mode:normal,10000,37,На благо города і всєх харьковчан,For the Good of Kharkiv and All of the Citizens,Both,1,0.0001,0.01
competition:cup|formation:5-3-2|mode:normal,10000,38,Ящик горілки,A Crate of Vodka,Both,21,0.0021,0.21
competition:cup|formation:5-3-2|mode:normal,10000,39,Полтавська битва,Battle of Poltava,Cup,5,0.0005,0.05
competition:cup|formation:5-3-2|mode:normal,10000,40,Дніпровський тандем,Dnipro Tandem,Both,1,0.0001,0.01
competition:cup|formation:5-3-2|mode:normal,10000,41,Серце «Шахтаря»,Heart of Shakhtar,Both,0,0,0
competition:cup|formation:5-3-2|mode:normal,10000,42,Бразильський трикутник,Brazilian Triangle,Both,0,0,0
competition:cup|formation:5-3-2|mode:normal,10000,43,Слава нації,"Good Evening, We Are from Ukraine",Both,0,0,0
competition:cup|formation:5-3-2|mode:normal,10000,44,ООН,United Nations,Both,5,0.0005,0.05
competition:cup|formation:5-3-2|mode:normal,10000,45,Балканський експрес,Balkan Express,Both,0,0,0
competition:cup|formation:5-3-2|mode:normal,10000,46,Латиноамериканський квартал,Latin Quarter,Both,0,0,0
competition:cup|formation:5-3-2|mode:normal,10000,47,Різні епохи. Один склад.,Different Eras. One Squad.,Both,3172,0.3172,31.72
competition:cup|formation:5-3-2|mode:normal,10000,48,Жити по-новому,Living a New Way,Both,307,0.0307,3.0700000000000003
competition:cup|formation:5-3-2|mode:normal,10000,49,Назад у 90-ті,Back to the ’90s,Both,163,0.0163,1.63
competition:cup|formation:5-3-2|mode:normal,10000,50,Пропало все. Господи допоможи,Everything Is Lost. God Save Us All,League,0,0,0
competition:cup|formation:5-3-2|mode:normal,10000,51,Нічия влаштовує,A Draw Will Do,League,0,0,0
competition:cup|formation:5-3-2|mode:normal,10000,52,"Маємо те, що маємо",It Is What It Is,League,0,0,0
competition:cup|formation:5-3-2|mode:normal,10000,53,На тоненького,By a Thread,League,0,0,0
competition:cup|formation:5-3-2|mode:normal,10000,54,Бавовна,Bavovna,League,0,0,0
competition:cup|formation:5-3-2|mode:normal,10000,55,Захист для слабаків,Defense Optional,League,0,0,0
competition:cup|formation:5-3-2|mode:normal,10000,56,Лото «Забава»,The Lottery,Cup,12,0.0012,0.12
competition:cup|formation:5-3-2|mode:normal,10000,57,На 120-й,In the 120th,Cup,1,0.0001,0.01
competition:cup|formation:5-3-2|mode:normal,10000,58,"Пливли-пливли, а на березі...",Ch-ch-ch-choke Me!,Cup,120,0.012,1.2
competition:cup|formation:5-3-2|mode:normal,10000,59,"I Am from Bosnia, Take Me to America","I Am from Bosnia, Take Me to America",Both,23,0.0023,0.22999999999999998
competition:cup|formation:5-3-2|mode:normal,10000,60,На мінімалках,Bare Minimum,Cup,4,0.0004,0.04
competition:cup|formation:5-3-2|mode:normal,10000,61,Динамівські серця,Hearts of “Dynamo”,Both,0,0,0
competition:cup|formation:5-3-2|mode:normal,10000,62,Фінал 2006,Final 2006,Cup,1,0.0001,0.01
competition:cup|formation:5-3-2|mode:normal,10000,63,Легенда «Барселони»,Barcelona’s Legend,Both,33,0.0033,0.33
competition:cup|formation:5-3-2|mode:normal,10000,64,Промислова революція,Industrial Revolution,Both,221,0.0221,2.21
competition:cup|formation:5-3-2|mode:normal,10000,65,Два крила,Two Wings,Both,0,0,0
competition:cup|formation:5-3-2|mode:normal,10000,66,Крізь роки,Through the Years,Both,6,0.0006,0.06
competition:cup|formation:5-3-2|mode:normal,10000,67,Кобзарі,The Kobzars,Both,0,0,0
competition:cup|formation:5-3-2|mode:normal,10000,68,Акт Злуки,Act of Unity,Both,951,0.0951,9.51
competition:cup|formation:5-3-2|mode:normal,10000,69,Кордони 1991,Borders of 1991,Both,19,0.0019,0.19
competition:cup|formation:5-3-2|mode:normal,10000,70,Львівське метро,Lviv Metro,Both,65,0.0065,0.65
competition:cup|formation:5-3-2|mode:normal,10000,71,Котлета по-київськи,Chicken Kyiv,Both,46,0.0046,0.45999999999999996
competition:cup|formation:5-3-2|mode:normal,10000,72,Кубок світу,World Cup,Both,0,0,0
competition:cup|formation:5-3-2|mode:normal,10000,73,Кубок Африки,Africa Cup,Both,0,0,0
competition:cup|formation:5-3-2|mode:normal,10000,74,День бабака,Groundhog Day,Cup,96,0.0096,0.96
competition:cup|formation:5-3-2|mode:normal,10000,75,Стара школа,Old School,Both,0,0,0
competition:cup|formation:5-3-2|mode:normal,10000,76,Так!,Yes!,Both,435,0.0435,4.35
competition:cup|formation:5-3-2|mode:normal,10000,77,Покращення вже сьогодні,A Better Life Today,Both,566,0.0566,5.66
competition:cup|formation:5-3-2|mode:normal,10000,78,Опорник із Запоріжжя,CDM from Zaporizhzhia,Both,88,0.0088,0.88
competition:cup|formation:5-3-2|mode:normal,10000,79,Мужики,The Lads,Both,36,0.0036,0.36
competition:cup|formation:5-3-2|mode:normal,10000,80,Бойся Бога і пацанов с Крівова Рога,Fear God and Chaps from Kryvyi Rih,Both,66,0.0066,0.66
competition:cup|formation:5-3-2|mode:normal,10000,81,Олександрійське диво,Oleksandriya Miracle,Both,0,0,0
competition:cup|formation:5-3-2|mode:normal,10000,82,Ковалівка в Європі,Kovalivka in Europe,Both,11,0.0011,0.11
competition:cup|formation:5-3-2|mode:normal,10000,83,Потримай моє пиво,Hold My Beer,Both,18,0.0018,0.18
competition:cup|formation:5-3-2|mode:normal,10000,84,Українське класичне,Ukrainian Clásico,Both,24,0.0024,0.24
competition:cup|formation:5-3-2|mode:normal,10000,85,"Ми всі різні, але ми українці",United Ukraine,Both,274,0.0274,2.74
competition:cup|formation:5-3-2|mode:normal,10000,86,Міміно,Mimino,Both,3,0.0003,0.03
competition:cup|formation:5-3-2|mode:normal,10000,87,Суперорли,Super Eagles,Both,0,0,0
competition:cup|formation:5-3-2|mode:normal,10000,88,Лінія Мажино,Maginot Line,Both,0,0,0
competition:cup|formation:5-3-2|mode:normal,10000,89,П’ять пальців,Five Fingers,Both,7810,0.781,78.10000000000001
competition:cup|formation:5-3-2|mode:normal,10000,90,П’ятий елемент,The Fifth Element,Both,0,0,0
competition:cup|formation:5-3-2|mode:normal,10000,91,Тризуб,Tryzub,Both,0,0,0
competition:cup|formation:5-3-2|mode:normal,10000,92,Дуплет,Double Tap,Both,171,0.0171,1.71
competition:cup|formation:5-3-2|mode:normal,10000,93,Це нормально,This Is Fine,League,0,0,0
competition:cup|formation:5-3-2|mode:normal,10000,94,Кийов і Львов не указ Ужгородови,Kyiv and Lviv Don’t Rule Uzhorod,Both,328,0.0328,3.2800000000000002
competition:cup|formation:5-3-2|mode:normal,10000,95,Албанська мафія,"Ti Shqipëri, më jep nder",Both,2,0.0002,0.02
competition:cup|formation:5-3-2|mode:hardcore,10000,1,Кєнти,Kents,Both,0,0,0
competition:cup|formation:5-3-2|mode:hardcore,10000,2,Файне місто,Faine Misto,Both,93,0.0093,0.9299999999999999
competition:cup|formation:5-3-2|mode:hardcore,10000,3,Третя сила,The Third Force,Both,19,0.0019,0.19
competition:cup|formation:5-3-2|mode:hardcore,10000,4,Мрія Луческу,Lucescu’s Dream,Both,0,0,0
competition:cup|formation:5-3-2|mode:hardcore,10000,5,Іноземний легіон,Foreign Legion,Both,0,0,0
competition:cup|formation:5-3-2|mode:hardcore,10000,6,Слава Україні!,Slava Ukraini!,Both,1235,0.1235,12.35
competition:cup|formation:5-3-2|mode:hardcore,10000,7,Донбас порожняк не гонить,Donbas Delivers,Both,0,0,0
competition:cup|formation:5-3-2|mode:hardcore,10000,8,Крим — це Україна!,Crimea Is Ukraine!,Both,111,0.0111,1.11
competition:cup|formation:5-3-2|mode:hardcore,10000,9,Кубок Львову!,Cup to Lviv!,Cup,17,0.0017,0.16999999999999998
competition:cup|formation:5-3-2|mode:hardcore,10000,10,Зрада,Zrada,Both,5571,0.5571,55.71
competition:cup|formation:5-3-2|mode:hardcore,10000,11,За Вами виїхала СБУ,SBU Is Coming for You,Both,1709,0.1709,17.09
competition:cup|formation:5-3-2|mode:hardcore,10000,12,Перед каждою ігрою!..,Before Every Game!..,League,0,0,0
competition:cup|formation:5-3-2|mode:hardcore,10000,13,"Здається, Бог наказує нас за щось","Apparently, God Punishes Us",Both,3683,0.3683,36.83
competition:cup|formation:5-3-2|mode:hardcore,10000,14,Перші назавжди,First Forever,League,0,0,0
competition:cup|formation:5-3-2|mode:hardcore,10000,15,Весна 1999,Spring 1999,Both,1,0.0001,0.01
competition:cup|formation:5-3-2|mode:hardcore,10000,16,Стамбул 2009,Istanbul 2009,Cup,1,0.0001,0.01
competition:cup|formation:5-3-2|mode:hardcore,10000,17,Варшава 2015,Warsaw 2015,Cup,0,0,0
competition:cup|formation:5-3-2|mode:hardcore,10000,18,Ударна пара,Strike Partnership,Both,0,0,0
competition:cup|formation:5-3-2|mode:hardcore,10000,19,Золотий м’яч,Ballon d’Or,Both,0,0,0
competition:cup|formation:5-3-2|mode:hardcore,10000,20,СаШо,SaSho,Cup,6,0.0006,0.06
competition:cup|formation:5-3-2|mode:hardcore,10000,21,Німеччина 2006,Germany 2006,Both,0,0,0
competition:cup|formation:5-3-2|mode:hardcore,10000,22,Перший Кубок,The First Cup,Cup,0,0,0
competition:cup|formation:5-3-2|mode:hardcore,10000,23,Непереможні,Invincibles,League,0,0,0
competition:cup|formation:5-3-2|mode:hardcore,10000,24,Безкомпромісні,No Compromises,League,0,0,0
competition:cup|formation:5-3-2|mode:hardcore,10000,25,Ідеально збалансовано,Perfectly Balanced,League,0,0,0
competition:cup|formation:5-3-2|mode:hardcore,10000,26,Потужно,Powerful Stuff,League,0,0,0
competition:cup|formation:5-3-2|mode:hardcore,10000,27,Сухий закон,Prohibition,Both,1,0.0001,0.01
competition:cup|formation:5-3-2|mode:hardcore,10000,28,На класі,Pure Class,Cup,5,0.0005,0.05
competition:cup|formation:5-3-2|mode:hardcore,10000,29,Нерви зі сталі,Nerves of Steel,Cup,10,0.001,0.1
competition:cup|formation:5-3-2|mode:hardcore,10000,30,Завдання провалено успішно,Task Failed Successfully,Cup,0,0,0
competition:cup|formation:5-3-2|mode:hardcore,10000,31,Я так бачу,Trust My Eyes,Both,45,0.0045,0.44999999999999996
competition:cup|formation:5-3-2|mode:hardcore,10000,32,Монобільшість,Single-Party Majority,Both,0,0,0
competition:cup|formation:5-3-2|mode:hardcore,10000,33,Коаліція,Coalition,Both,2283,0.2283,22.830000000000002
competition:cup|formation:5-3-2|mode:hardcore,10000,34,Три мушкетери,The Three Musketeers,Both,0,0,0
competition:cup|formation:5-3-2|mode:hardcore,10000,35,Автобус припарковано,Bus Parked,Both,12,0.0012,0.12
competition:cup|formation:5-3-2|mode:hardcore,10000,36,"Гдє «Дінамо», гдє?",Where TF “Dynamo” at?,Both,0,0,0
competition:cup|formation:5-3-2|mode:hardcore,10000,37,На благо города і всєх харьковчан,For the Good of Kharkiv and All of the Citizens,Both,1,0.0001,0.01
competition:cup|formation:5-3-2|mode:hardcore,10000,38,Ящик горілки,A Crate of Vodka,Both,21,0.0021,0.21
competition:cup|formation:5-3-2|mode:hardcore,10000,39,Полтавська битва,Battle of Poltava,Cup,5,0.0005,0.05
competition:cup|formation:5-3-2|mode:hardcore,10000,40,Дніпровський тандем,Dnipro Tandem,Both,1,0.0001,0.01
competition:cup|formation:5-3-2|mode:hardcore,10000,41,Серце «Шахтаря»,Heart of Shakhtar,Both,0,0,0
competition:cup|formation:5-3-2|mode:hardcore,10000,42,Бразильський трикутник,Brazilian Triangle,Both,0,0,0
competition:cup|formation:5-3-2|mode:hardcore,10000,43,Слава нації,"Good Evening, We Are from Ukraine",Both,7,0.0007,0.06999999999999999
competition:cup|formation:5-3-2|mode:hardcore,10000,44,ООН,United Nations,Both,5,0.0005,0.05
competition:cup|formation:5-3-2|mode:hardcore,10000,45,Балканський експрес,Balkan Express,Both,0,0,0
competition:cup|formation:5-3-2|mode:hardcore,10000,46,Латиноамериканський квартал,Latin Quarter,Both,0,0,0
competition:cup|formation:5-3-2|mode:hardcore,10000,47,Різні епохи. Один склад.,Different Eras. One Squad.,Both,3172,0.3172,31.72
competition:cup|formation:5-3-2|mode:hardcore,10000,48,Жити по-новому,Living a New Way,Both,307,0.0307,3.0700000000000003
competition:cup|formation:5-3-2|mode:hardcore,10000,49,Назад у 90-ті,Back to the ’90s,Both,163,0.0163,1.63
competition:cup|formation:5-3-2|mode:hardcore,10000,50,Пропало все. Господи допоможи,Everything Is Lost. God Save Us All,League,0,0,0
competition:cup|formation:5-3-2|mode:hardcore,10000,51,Нічия влаштовує,A Draw Will Do,League,0,0,0
competition:cup|formation:5-3-2|mode:hardcore,10000,52,"Маємо те, що маємо",It Is What It Is,League,0,0,0
competition:cup|formation:5-3-2|mode:hardcore,10000,53,На тоненького,By a Thread,League,0,0,0
competition:cup|formation:5-3-2|mode:hardcore,10000,54,Бавовна,Bavovna,League,0,0,0
competition:cup|formation:5-3-2|mode:hardcore,10000,55,Захист для слабаків,Defense Optional,League,0,0,0
competition:cup|formation:5-3-2|mode:hardcore,10000,56,Лото «Забава»,The Lottery,Cup,12,0.0012,0.12
competition:cup|formation:5-3-2|mode:hardcore,10000,57,На 120-й,In the 120th,Cup,1,0.0001,0.01
competition:cup|formation:5-3-2|mode:hardcore,10000,58,"Пливли-пливли, а на березі...",Ch-ch-ch-choke Me!,Cup,120,0.012,1.2
competition:cup|formation:5-3-2|mode:hardcore,10000,59,"I Am from Bosnia, Take Me to America","I Am from Bosnia, Take Me to America",Both,23,0.0023,0.22999999999999998
competition:cup|formation:5-3-2|mode:hardcore,10000,60,На мінімалках,Bare Minimum,Cup,4,0.0004,0.04
competition:cup|formation:5-3-2|mode:hardcore,10000,61,Динамівські серця,Hearts of “Dynamo”,Both,0,0,0
competition:cup|formation:5-3-2|mode:hardcore,10000,62,Фінал 2006,Final 2006,Cup,1,0.0001,0.01
competition:cup|formation:5-3-2|mode:hardcore,10000,63,Легенда «Барселони»,Barcelona’s Legend,Both,33,0.0033,0.33
competition:cup|formation:5-3-2|mode:hardcore,10000,64,Промислова революція,Industrial Revolution,Both,221,0.0221,2.21
competition:cup|formation:5-3-2|mode:hardcore,10000,65,Два крила,Two Wings,Both,0,0,0
competition:cup|formation:5-3-2|mode:hardcore,10000,66,Крізь роки,Through the Years,Both,6,0.0006,0.06
competition:cup|formation:5-3-2|mode:hardcore,10000,67,Кобзарі,The Kobzars,Both,0,0,0
competition:cup|formation:5-3-2|mode:hardcore,10000,68,Акт Злуки,Act of Unity,Both,951,0.0951,9.51
competition:cup|formation:5-3-2|mode:hardcore,10000,69,Кордони 1991,Borders of 1991,Both,19,0.0019,0.19
competition:cup|formation:5-3-2|mode:hardcore,10000,70,Львівське метро,Lviv Metro,Both,65,0.0065,0.65
competition:cup|formation:5-3-2|mode:hardcore,10000,71,Котлета по-київськи,Chicken Kyiv,Both,46,0.0046,0.45999999999999996
competition:cup|formation:5-3-2|mode:hardcore,10000,72,Кубок світу,World Cup,Both,0,0,0
competition:cup|formation:5-3-2|mode:hardcore,10000,73,Кубок Африки,Africa Cup,Both,0,0,0
competition:cup|formation:5-3-2|mode:hardcore,10000,74,День бабака,Groundhog Day,Cup,96,0.0096,0.96
competition:cup|formation:5-3-2|mode:hardcore,10000,75,Стара школа,Old School,Both,0,0,0
competition:cup|formation:5-3-2|mode:hardcore,10000,76,Так!,Yes!,Both,435,0.0435,4.35
competition:cup|formation:5-3-2|mode:hardcore,10000,77,Покращення вже сьогодні,A Better Life Today,Both,566,0.0566,5.66
competition:cup|formation:5-3-2|mode:hardcore,10000,78,Опорник із Запоріжжя,CDM from Zaporizhzhia,Both,88,0.0088,0.88
competition:cup|formation:5-3-2|mode:hardcore,10000,79,Мужики,The Lads,Both,36,0.0036,0.36
competition:cup|formation:5-3-2|mode:hardcore,10000,80,Бойся Бога і пацанов с Крівова Рога,Fear God and Chaps from Kryvyi Rih,Both,66,0.0066,0.66
competition:cup|formation:5-3-2|mode:hardcore,10000,81,Олександрійське диво,Oleksandriya Miracle,Both,0,0,0
competition:cup|formation:5-3-2|mode:hardcore,10000,82,Ковалівка в Європі,Kovalivka in Europe,Both,11,0.0011,0.11
competition:cup|formation:5-3-2|mode:hardcore,10000,83,Потримай моє пиво,Hold My Beer,Both,18,0.0018,0.18
competition:cup|formation:5-3-2|mode:hardcore,10000,84,Українське класичне,Ukrainian Clásico,Both,24,0.0024,0.24
competition:cup|formation:5-3-2|mode:hardcore,10000,85,"Ми всі різні, але ми українці",United Ukraine,Both,274,0.0274,2.74
competition:cup|formation:5-3-2|mode:hardcore,10000,86,Міміно,Mimino,Both,3,0.0003,0.03
competition:cup|formation:5-3-2|mode:hardcore,10000,87,Суперорли,Super Eagles,Both,0,0,0
competition:cup|formation:5-3-2|mode:hardcore,10000,88,Лінія Мажино,Maginot Line,Both,0,0,0
competition:cup|formation:5-3-2|mode:hardcore,10000,89,П’ять пальців,Five Fingers,Both,7810,0.781,78.10000000000001
competition:cup|formation:5-3-2|mode:hardcore,10000,90,П’ятий елемент,The Fifth Element,Both,0,0,0
competition:cup|formation:5-3-2|mode:hardcore,10000,91,Тризуб,Tryzub,Both,0,0,0
competition:cup|formation:5-3-2|mode:hardcore,10000,92,Дуплет,Double Tap,Both,171,0.0171,1.71
competition:cup|formation:5-3-2|mode:hardcore,10000,93,Це нормально,This Is Fine,League,0,0,0
competition:cup|formation:5-3-2|mode:hardcore,10000,94,Кийов і Львов не указ Ужгородови,Kyiv and Lviv Don’t Rule Uzhorod,Both,328,0.0328,3.2800000000000002
competition:cup|formation:5-3-2|mode:hardcore,10000,95,Албанська мафія,"Ti Shqipëri, më jep nder",Both,2,0.0002,0.02
