club_decade_player_id,club_decade_id,team_id,team_name,decade,player_id,player_name,citizenship,position,main_position,game_position,seasons_count,rows_count,goals,assists,clean_sheets,goals_conceded,yellow_cards,direct_red_cards,penalty_goals,minutes_played,raw_score,local_rating,global_rating,global_percentile,hidden_modifier,effective_global_rating
10468_stal_alchevsk_2000s_24008,10468_stal_alchevsk_2000s,10468,Stal Alchevsk,2000s,24008,Rubén Gomez (24008),Argentina,Midfield - Central Midfield,Midfield,CM,2,2,1.0,5,0,0,6,0,0,1397.0,31.0,95.0,74.0,0.8010584556170315,1.0,74.0
10468_stal_alchevsk_2000s_418361,10468_stal_alchevsk_2000s,10468,Stal Alchevsk,2000s,418361,Yakiv Kripak (418361),Ukraine,Attack - Centre-Forward,Attack,FW,1,1,2.0,1,0,0,0,0,0,429.0,17.0,74.7,68.6,0.6645417368294443,1.0,68.6
10468_stal_alchevsk_2000s_59039,10468_stal_alchevsk_2000s,10468,Stal Alchevsk,2000s,59039,Andriy Gavryushov (59039),Ukraine,Defender - Right-Back,Defender,RB,2,2,0.0,1,0,0,12,0,0,0.0,10.0,64.5,63.6,0.5188838104402214,1.0,63.6
10468_stal_alchevsk_2000s_47602,10468_stal_alchevsk_2000s,10468,Stal Alchevsk,2000s,47602,Bogdan Mara (47602),Romania,Midfield - Attacking Midfield,Midfield,AM,1,1,1.0,0,0,0,1,0,0,846.0,8.0,61.6,61.9,0.46572047149386575,1.0,61.9
10468_stal_alchevsk_2000s_59038,10468_stal_alchevsk_2000s,10468,Stal Alchevsk,2000s,59038,Vitaliy Gavrysh (59038),Ukraine,Defender - Centre-Back,Defender,CB,1,1,1.0,0,0,0,2,0,0,847.0,8.0,61.6,61.9,0.46572047149386575,1.0,61.9
10468_stal_alchevsk_2000s_98479,10468_stal_alchevsk_2000s,10468,Stal Alchevsk,2000s,98479,Yevgen Kotov (98479),Ukraine,Defender - Centre-Back,Defender,CB,1,1,1.0,0,0,0,2,0,0,1170.0,8.0,61.6,61.9,0.46572047149386575,1.0,61.9
10468_stal_alchevsk_2000s_91366,10468_stal_alchevsk_2000s,10468,Stal Alchevsk,2000s,91366,Oleksandr Akymenko (91366),Ukraine,Attack - Centre-Forward,Attack,FW,2,2,0.0,0,0,0,0,0,0,0.0,6.0,58.7,58.6,0.36901611739235024,1.0,58.6
10468_stal_alchevsk_2000s_19728,10468_stal_alchevsk_2000s,10468,Stal Alchevsk,2000s,19728,Paulo Ramos Vogt (19728),Brazil  Portugal,Attack - Centre-Forward,Attack,FW,1,1,0.0,0,0,0,1,0,0,0.0,3.0,54.4,51.2,0.16754871301419294,1.0,51.2
10468_stal_alchevsk_2000s_91214,10468_stal_alchevsk_2000s,10468,Stal Alchevsk,2000s,91214,Sergiy Grybanov (91214),Ukraine,Attack - Centre-Forward,Attack,FW,1,1,0.0,0,0,0,0,0,0,0.0,3.0,54.4,51.2,0.16754871301419294,1.0,51.2
10468_stal_alchevsk_2000s_91245,10468_stal_alchevsk_2000s,10468,Stal Alchevsk,2000s,91245,Ruslan Yermolenko (91245),Ukraine,Midfield - Central Midfield,Midfield,CM,1,1,0.0,0,0,0,3,0,0,0.0,3.0,54.4,51.2,0.16754871301419294,1.0,51.2
10468_stal_alchevsk_2000s_91704,10468_stal_alchevsk_2000s,10468,Stal Alchevsk,2000s,91704,Yuriy Danchenko (91704),Ukraine,Defender - Left-Back,Defender,LB,1,1,0.0,0,0,0,0,0,0,0.0,3.0,54.4,51.2,0.16754871301419294,1.0,51.2
10468_stal_alchevsk_2000s_91579,10468_stal_alchevsk_2000s,10468,Stal Alchevsk,2000s,91579,Roman Voynarovskiy (91579),Russia  Ukraine,Midfield - Defensive Midfield,Midfield,CDM,1,1,0.0,0,0,0,0,0,0,0.0,2.0,52.9,45.6,0.016237671397642532,1.0,45.6
10674_fk_kharkiv_2010_2000s_53270,10674_fk_kharkiv_2010_2000s,10674,FK Kharkiv (-2010),2000s,53270,Oleksandr Gladkyi (53270),Ukraine,Attack - Centre-Forward,Attack,FW,2,2,14.0,5,0,0,9,0,3,1225.0,96.0,95.0,84.8,0.9545345200866009,1.0,84.8
10674_fk_kharkiv_2010_2000s_58255,10674_fk_kharkiv_2010_2000s,10674,FK Kharkiv (-2010),2000s,58255,Yuriy Tselykh (58255),Ukraine,Attack - Centre-Forward,Attack,FW,2,2,5.0,4,0,0,5,0,1,254.0,47.0,72.0,78.3,0.878277604041376,1.0,78.3
10674_fk_kharkiv_2010_2000s_58043,10674_fk_kharkiv_2010_2000s,10674,FK Kharkiv (-2010),2000s,58043,Rustam Khudzhamov (58043),Ukraine,Goalkeeper,Goalkeeper,GK,3,3,0.0,0,20,61,6,0,0,5220.0,39.0,68.3,76.0,0.8490497955256194,1.0,76.0
10674_fk_kharkiv_2010_2000s_58103,10674_fk_kharkiv_2010_2000s,10674,FK Kharkiv (-2010),2000s,58103,Ruslan Platon (58103),Ukraine  Russia,Attack - Centre-Forward,Attack,FW,2,2,5.0,2,0,0,3,0,0,1228.0,39.0,68.3,76.0,0.8490497955256194,1.0,76.0
10674_fk_kharkiv_2010_2000s_57971,10674_fk_kharkiv_2010_2000s,10674,FK Kharkiv (-2010),2000s,57971,Andriy Berezovchuk (57971),Ukraine,Defender - Centre-Back,Defender,CB,3,3,4.0,0,0,0,19,0,0,6009.0,26.0,62.2,72.6,0.7647341833052682,1.0,72.6
10674_fk_kharkiv_2010_2000s_25563,10674_fk_kharkiv_2010_2000s,10674,FK Kharkiv (-2010),2000s,25563,William Batista (25563),Brazil,Attack - Centre-Forward,Attack,FW,2,2,3.0,1,0,0,3,2,0,825.0,22.0,60.3,71.1,0.7276882367091653,1.0,71.1
10674_fk_kharkiv_2010_2000s_58137,10674_fk_kharkiv_2010_2000s,10674,FK Kharkiv (-2010),2000s,58137,Andriy Smalko (58137),Ukraine,Midfield - Central Midfield,Midfield,CM,2,2,1.0,3,0,0,4,0,0,843.0,22.0,60.3,71.1,0.7276882367091653,1.0,71.1
10674_fk_kharkiv_2010_2000s_58142,10674_fk_kharkiv_2010_2000s,10674,FK Kharkiv (-2010),2000s,58142,Aleksey Suchkov (58142),Belarus,Midfield - Left Midfield,Midfield,LM,2,2,0.0,4,0,0,6,0,0,0.0,22.0,60.3,71.1,0.7276882367091653,1.0,71.1
10674_fk_kharkiv_2010_2000s_58956,10674_fk_kharkiv_2010_2000s,10674,FK Kharkiv (-2010),2000s,58956,Oleksandr Maksymov (58956),Ukraine,Midfield - Central Midfield,Midfield,CM,3,3,1.0,1,0,0,3,0,0,1575.0,18.0,58.4,69.1,0.6780129901371181,1.0,69.1
10674_fk_kharkiv_2010_2000s_72899,10674_fk_kharkiv_2010_2000s,10674,FK Kharkiv (-2010),2000s,72899,Oleksandr Sytnyk (72899),Ukraine,Midfield - Right Midfield,Midfield,RM,1,1,0.0,3,0,0,0,0,0,0.0,15.0,57.0,67.4,0.6314649987972095,1.0,67.4
10674_fk_kharkiv_2010_2000s_58418,10674_fk_kharkiv_2010_2000s,10674,FK Kharkiv (-2010),2000s,58418,Vadym Milko (58418),Ukraine,Midfield - Central Midfield,Midfield,CM,2,2,0.0,2,0,0,6,0,0,0.0,14.0,56.6,67.0,0.6188356988212653,1.0,67.0
10674_fk_kharkiv_2010_2000s_35352,10674_fk_kharkiv_2010_2000s,10674,FK Kharkiv (-2010),2000s,35352,Taras Kabanov (35352),Ukraine,Attack - Centre-Forward,Attack,FW,1,1,1.0,1,0,0,0,0,0,808.0,12.0,55.6,65.5,0.5752946836661054,1.0,65.5
10674_fk_kharkiv_2010_2000s_25739,10674_fk_kharkiv_2010_2000s,10674,FK Kharkiv (-2010),2000s,25739,Kakhaber Aladashvili (25739),Georgia,Defender - Right-Back,Defender,RB,1,1,0.0,0,0,0,3,0,0,0.0,3.0,51.4,51.2,0.16754871301419294,1.0,51.2
10674_fk_kharkiv_2010_2000s_27191,10674_fk_kharkiv_2010_2000s,10674,FK Kharkiv (-2010),2000s,27191,Oleg Karamushka (27191),Ukraine,Defender - Centre-Back,Defender,CB,1,1,0.0,0,0,0,0,0,0,0.0,3.0,51.4,51.2,0.16754871301419294,1.0,51.2
10674_fk_kharkiv_2010_2000s_29731,10674_fk_kharkiv_2010_2000s,10674,FK Kharkiv (-2010),2000s,29731,Maciej Nalepa (29731),Poland,Goalkeeper,Goalkeeper,GK,1,1,0.0,0,0,14,1,0,0,652.0,3.0,51.4,51.2,0.16754871301419294,1.0,51.2
10674_fk_kharkiv_2010_2000s_91352,10674_fk_kharkiv_2010_2000s,10674,FK Kharkiv (-2010),2000s,91352,Dmytro Gololobov (91352),Ukraine,Defender - Centre-Back,Defender,CB,1,1,0.0,0,0,0,1,0,0,0.0,3.0,51.4,51.2,0.16754871301419294,1.0,51.2
10674_fk_kharkiv_2010_2000s_91801,10674_fk_kharkiv_2010_2000s,10674,FK Kharkiv (-2010),2000s,91801,Oleksandr Sklyar (91801),Ukraine,Midfield - Central Midfield,Midfield,CM,1,1,0.0,0,0,0,0,0,0,0.0,3.0,51.4,51.2,0.16754871301419294,1.0,51.2
10674_fk_kharkiv_2010_2000s_95784,10674_fk_kharkiv_2010_2000s,10674,FK Kharkiv (-2010),2000s,95784,Volodymyr Kornutyak (95784),Ukraine  Hungary,Defender - Centre-Back,Defender,CB,1,1,0.0,0,0,0,1,0,0,0.0,3.0,51.4,51.2,0.16754871301419294,1.0,51.2
10674_fk_kharkiv_2010_2000s_167028,10674_fk_kharkiv_2010_2000s,10674,FK Kharkiv (-2010),2000s,167028,Igor Prodan (167028),Ukraine,Attack - Centre-Forward,Attack,FW,1,1,0.0,0,0,0,0,0,0,0.0,3.0,51.4,51.2,0.16754871301419294,1.0,51.2
10674_fk_kharkiv_2010_2000s_28924,10674_fk_kharkiv_2010_2000s,10674,FK Kharkiv (-2010),2000s,28924,Oleksiy Ivanov (28924),Ukraine,Midfield - Attacking Midfield,Midfield,AM,1,1,0.0,0,0,0,4,1,0,0.0,1.5,50.7,45.4,0.00950204474380563,1.0,45.4
10674_fk_kharkiv_2010_2000s_57888,10674_fk_kharkiv_2010_2000s,10674,FK Kharkiv (-2010),2000s,57888,Pavlo Ksyonz (57888),Ukraine,Defender - Right-Back,Defender,RB,1,1,0.0,0,0,0,0,0,0,0.0,1.0,50.5,45.1,0.0039692085638681745,1.0,45.1
10690_zorya_lugansk_2000s_25845,10690_zorya_lugansk_2000s,10690,Zorya Lugansk,2000s,25845,Oleksiy Antonov (25845),Ukraine,Attack - Centre-Forward,Attack,FW,3,3,4.0,3,0,0,4,0,0,970.0,41.0,95.0,76.5,0.8559057012268463,1.0,76.5
10690_zorya_lugansk_2000s_12064,10690_zorya_lugansk_2000s,10690,Zorya Lugansk,2000s,12064,Igor Skoba (12064),Ukraine  Russia,Midfield - Central Midfield,Midfield,CM,3,3,5.0,1,0,0,6,0,3,2035.0,38.0,91.7,75.8,0.8444791917248016,1.0,75.8
10690_zorya_lugansk_2000s_58230,10690_zorya_lugansk_2000s,10690,Zorya Lugansk,2000s,58230,Darko Dunjic (58230),Serbia,Defender - Right-Back,Defender,RB,2,2,1.0,6,0,0,2,0,0,1980.0,35.0,88.4,75.1,0.8263170555689199,1.0,75.1
10690_zorya_lugansk_2000s_59423,10690_zorya_lugansk_2000s,10690,Zorya Lugansk,2000s,59423,Aleksey Kurilov (59423),Russia  Ukraine,Defender - Centre-Back,Defender,CB,2,2,3.0,1,0,0,4,0,0,1557.0,25.0,77.4,72.2,0.7552321385614625,1.0,72.2
10690_zorya_lugansk_2000s_58246,10690_zorya_lugansk_2000s,10690,Zorya Lugansk,2000s,58246,Alexandru Popovici (58246),Moldova  Russia,Attack - Centre-Forward,Attack,FW,2,2,1.0,2,0,0,3,0,0,491.0,19.0,70.9,69.6,0.6904017320182824,1.0,69.6
10690_zorya_lugansk_2000s_41885,10690_zorya_lugansk_2000s,10690,Zorya Lugansk,2000s,41885,Sergiy Silyuk (41885),Ukraine,Attack - Centre-Forward,Attack,FW,1,1,2.0,1,0,0,2,0,1,493.0,17.0,68.7,68.6,0.6645417368294443,1.0,68.6
10690_zorya_lugansk_2000s_58255,10690_zorya_lugansk_2000s,10690,Zorya Lugansk,2000s,58255,Yuriy Tselykh (58255),Ukraine,Attack - Centre-Forward,Attack,FW,1,1,1.0,2,0,0,2,0,0,765.0,16.0,67.6,67.9,0.6464998797209526,1.0,67.9
10690_zorya_lugansk_2000s_59447,10690_zorya_lugansk_2000s,10690,Zorya Lugansk,2000s,59447,Andriy Tlumak (59447),Ukraine,Goalkeeper,Goalkeeper,GK,2,2,0.0,0,4,16,1,0,0,1035.0,12.0,63.2,65.5,0.5752946836661054,1.0,65.5
10690_zorya_lugansk_2000s_58418,10690_zorya_lugansk_2000s,10690,Zorya Lugansk,2000s,58418,Vadym Milko (58418),Ukraine,Midfield - Central Midfield,Midfield,CM,1,1,0.0,2,0,0,3,0,0,0.0,11.0,62.1,64.6,0.5475102237190281,1.0,64.6
10690_zorya_lugansk_2000s_94925,10690_zorya_lugansk_2000s,10690,Zorya Lugansk,2000s,94925,Yegor Kartushov (94925),Ukraine,Midfield - Left Midfield,Midfield,LM,1,1,0.0,2,0,0,2,0,0,0.0,11.0,62.1,64.6,0.5475102237190281,1.0,64.6
10690_zorya_lugansk_2000s_74752,10690_zorya_lugansk_2000s,10690,Zorya Lugansk,2000s,74752,Igor Sikorskyi (74752),Ukraine,Attack - Centre-Forward,Attack,FW,3,3,0.0,0,0,0,1,0,0,0.0,9.0,59.9,62.9,0.49735386095742123,1.0,62.9
10690_zorya_lugansk_2000s_49018,10690_zorya_lugansk_2000s,10690,Zorya Lugansk,2000s,49018,Oleksiy Polyanskyi (49018),Ukraine,Defender - Centre-Back,Defender,CB,1,1,1.0,0,0,0,0,0,0,1013.0,8.0,58.8,61.9,0.46572047149386575,1.0,61.9
10690_zorya_lugansk_2000s_58137,10690_zorya_lugansk_2000s,10690,Zorya Lugansk,2000s,58137,Andriy Smalko (58137),Ukraine,Midfield - Central Midfield,Midfield,CM,1,1,1.0,0,0,0,3,0,0,405.0,8.0,58.8,61.9,0.46572047149386575,1.0,61.9
10690_zorya_lugansk_2000s_59039,10690_zorya_lugansk_2000s,10690,Zorya Lugansk,2000s,59039,Andriy Gavryushov (59039),Ukraine,Defender - Right-Back,Defender,RB,3,3,0.0,0,0,0,6,0,0,0.0,8.0,58.8,61.9,0.46572047149386575,1.0,61.9
10690_zorya_lugansk_2000s_24006,10690_zorya_lugansk_2000s,10690,Zorya Lugansk,2000s,24006,Volodymyr Yezerskyi (24006),Ukraine,Defender - Right-Back,Defender,RB,1,1,0.0,1,0,0,4,0,0,0.0,7.0,57.7,60.4,0.42097666586480637,1.0,60.4
10690_zorya_lugansk_2000s_58251,10690_zorya_lugansk_2000s,10690,Zorya Lugansk,2000s,58251,Yevgeniy Shmakov (58251),Ukraine,Midfield - Defensive Midfield,Midfield,CDM,1,1,1.0,0,0,0,2,0,0,1187.0,7.0,57.7,60.4,0.42097666586480637,1.0,60.4
10690_zorya_lugansk_2000s_96879,10690_zorya_lugansk_2000s,10690,Zorya Lugansk,2000s,96879,Sergiy Zadorozhnyi (96879),Ukraine,Defender - Left-Back,Defender,LB,1,1,0.0,1,0,0,2,0,0,0.0,7.0,57.7,60.4,0.42097666586480637,1.0,60.4
10690_zorya_lugansk_2000s_27126,10690_zorya_lugansk_2000s,10690,Zorya Lugansk,2000s,27126,Igor Bazhan (27126),Ukraine,Goalkeeper,Goalkeeper,GK,1,1,0.0,0,2,18,1,0,0,1260.0,6.0,56.6,58.6,0.36901611739235024,1.0,58.6
10690_zorya_lugansk_2000s_58252,10690_zorya_lugansk_2000s,10690,Zorya Lugansk,2000s,58252,Sergiy Siminin (58252),Ukraine,Defender - Right-Back,Defender,RB,2,2,0.0,0,0,0,0,0,0,0.0,6.0,56.6,58.6,0.36901611739235024,1.0,58.6
10690_zorya_lugansk_2000s_98472,10690_zorya_lugansk_2000s,10690,Zorya Lugansk,2000s,98472,Taras Duray (98472),Ukraine,Defender - Centre-Back,Defender,CB,2,2,0.0,0,0,0,1,0,0,0.0,6.0,56.6,58.6,0.36901611739235024,1.0,58.6
10690_zorya_lugansk_2000s_111072,10690_zorya_lugansk_2000s,10690,Zorya Lugansk,2000s,111072,Vladyslav Ogirya (111072),Ukraine,Midfield - Defensive Midfield,Midfield,CDM,2,2,0.0,0,0,0,0,0,0,0.0,6.0,56.6,58.6,0.36901611739235024,1.0,58.6
10690_zorya_lugansk_2000s_24008,10690_zorya_lugansk_2000s,10690,Zorya Lugansk,2000s,24008,Rubén Gomez (24008),Argentina,Midfield - Central Midfield,Midfield,CM,1,1,0.0,0,0,0,1,0,0,0.0,3.0,53.3,51.2,0.16754871301419294,1.0,51.2
10690_zorya_lugansk_2000s_25881,10690_zorya_lugansk_2000s,10690,Zorya Lugansk,2000s,25881,Maksim Aristarkhov (25881),Russia,Attack - Centre-Forward,Attack,FW,1,1,0.0,0,0,0,0,0,0,0.0,3.0,53.3,51.2,0.16754871301419294,1.0,51.2
10690_zorya_lugansk_2000s_57997,10690_zorya_lugansk_2000s,10690,Zorya Lugansk,2000s,57997,Sergiy Dmytriev (57997),Ukraine  Russia,Attack - Left Winger,Attack,LM,1,1,0.0,0,0,0,1,0,0,0.0,3.0,53.3,51.2,0.16754871301419294,1.0,51.2
10690_zorya_lugansk_2000s_58102,10690_zorya_lugansk_2000s,10690,Zorya Lugansk,2000s,58102,Anatoliy Pylypenko (58102),Ukraine,Goalkeeper,Goalkeeper,GK,1,1,0.0,0,0,0,0,0,0,0.0,3.0,53.3,51.2,0.16754871301419294,1.0,51.2
10690_zorya_lugansk_2000s_58402,10690_zorya_lugansk_2000s,10690,Zorya Lugansk,2000s,58402,Maksym Kovalyov (58402),Ukraine,Defender - Centre-Back,Defender,CB,1,1,0.0,0,0,0,2,0,0,0.0,3.0,53.3,51.2,0.16754871301419294,1.0,51.2
10690_zorya_lugansk_2000s_59249,10690_zorya_lugansk_2000s,10690,Zorya Lugansk,2000s,59249,Ivan Matyazh (59249),Ukraine,Midfield - Central Midfield,Midfield,CM,1,1,0.0,0,0,0,0,0,0,0.0,3.0,53.3,51.2,0.16754871301419294,1.0,51.2
10690_zorya_lugansk_2000s_91714,10690_zorya_lugansk_2000s,10690,Zorya Lugansk,2000s,91714,Oleg Shevchenko (91714),Ukraine,Defender - Centre-Back,Defender,CB,1,1,0.0,0,0,0,0,0,0,0.0,3.0,53.3,51.2,0.16754871301419294,1.0,51.2
10690_zorya_lugansk_2000s_91786,10690_zorya_lugansk_2000s,10690,Zorya Lugansk,2000s,91786,Ivan Pogorelov (91786),Ukraine,Midfield - Defensive Midfield,Midfield,CDM,1,1,0.0,0,0,0,0,0,0,0.0,3.0,53.3,51.2,0.16754871301419294,1.0,51.2
10690_zorya_lugansk_2000s_94923,10690_zorya_lugansk_2000s,10690,Zorya Lugansk,2000s,94923,Igor Chaykovskyi (94923),Ukraine,Midfield - Defensive Midfield,Midfield,CDM,1,1,0.0,0,0,0,2,0,0,0.0,3.0,53.3,51.2,0.16754871301419294,1.0,51.2
10690_zorya_lugansk_2000s_94931,10690_zorya_lugansk_2000s,10690,Zorya Lugansk,2000s,94931,Vitaliy Vitsenets (94931),Ukraine  Russia,Midfield - Central Midfield,Midfield,CM,1,1,0.0,0,0,0,4,0,0,0.0,3.0,53.3,51.2,0.16754871301419294,1.0,51.2
10690_zorya_lugansk_2010s_59896,10690_zorya_lugansk_2010s,10690,Zorya Lugansk,2010s,59896,Dmytro Khomchenovskyi (59896),Ukraine,Midfield - Left Midfield,Midfield,LM,8,10,22.0,14,0,0,13,0,0,5360.0,190.0,95.0,91.4,0.9885734904979553,1.0,91.4
10690_zorya_lugansk_2010s_99863,10690_zorya_lugansk_2010s,10690,Zorya Lugansk,2010s,99863,Pylyp Budkivskyi (99863),Ukraine,Attack - Centre-Forward,Attack,FW,5,6,23.0,4,0,0,9,0,0,1512.0,144.0,84.1,89.0,0.9790714457541496,1.0,89.0
10690_zorya_lugansk_2010s_122088,10690_zorya_lugansk_2010s,10690,Zorya Lugansk,2010s,122088,Artem Gromov (122088),Ukraine,Attack - Left Winger,Attack,LM,3,6,16.0,12,0,0,6,0,0,2890.0,137.0,82.4,88.7,0.9776280971854703,1.0,88.7
10690_zorya_lugansk_2010s_203074,10690_zorya_lugansk_2010s,10690,Zorya Lugansk,2010s,203074,Ivan Petryak (203074),Ukraine,Attack - Left Winger,Attack,LM,6,6,9.0,12,0,0,9,0,0,2134.0,111.0,76.3,86.6,0.9648785181621361,1.0,86.6
10690_zorya_lugansk_2010s_423606,10690_zorya_lugansk_2010s,10690,Zorya Lugansk,2010s,423606,Bogdan Lednev (423606),Ukraine,Midfield - Attacking Midfield,Midfield,AM,2,4,12.0,5,0,0,10,0,1,788.0,86.0,70.4,83.9,0.9487611258118835,1.0,83.9
10690_zorya_lugansk_2010s_248932,10690_zorya_lugansk_2010s,10690,Zorya Lugansk,2010s,248932,Vladyslav Kochergin (248932),Ukraine,Midfield - Defensive Midfield,Midfield,CDM,3,6,8.0,8,0,0,7,0,0,1432.0,81.0,69.2,83.5,0.943348568679336,1.0,83.5
10690_zorya_lugansk_2010s_59269,10690_zorya_lugansk_2010s,10690,Zorya Lugansk,2010s,59269,Lucky Idahor (59269),Nigeria,Attack - Centre-Forward,Attack,FW,3,3,6.0,10,0,0,4,0,0,858.0,79.0,68.7,83.2,0.9403415924945875,1.0,83.2
10690_zorya_lugansk_2010s_207877,10690_zorya_lugansk_2010s,10690,Zorya Lugansk,2010s,207877,Ruslan Malinovskyi (207877),Ukraine,Midfield - Attacking Midfield,Midfield,AM,3,3,7.0,6,0,0,11,0,1,1753.0,68.0,66.1,82.1,0.9263892229973538,1.0,82.1
10690_zorya_lugansk_2010s_210689,10690_zorya_lugansk_2010s,10690,Zorya Lugansk,2010s,210689,Vladyslav Kabaev (210689),Ukraine,Attack - Left Winger,Attack,LM,3,6,8.0,5,0,0,8,0,0,1922.0,68.0,66.1,82.1,0.9263892229973538,1.0,82.1
10690_zorya_lugansk_2010s_366450,10690_zorya_lugansk_2010s,10690,Zorya Lugansk,2010s,366450,Iury Castilho (366450),Brazil,Attack - Centre-Forward,Attack,FW,1,2,11.0,2,0,0,13,0,1,353.0,66.0,65.6,81.9,0.9237430839547751,1.0,81.9
10690_zorya_lugansk_2010s_80312,10690_zorya_lugansk_2010s,10690,Zorya Lugansk,2010s,80312,Mykyta Shevchenko (80312),Ukraine,Goalkeeper,Goalkeeper,GK,5,7,0.0,0,32,57,7,0,0,6312.0,63.0,64.9,81.4,0.9180899687274476,1.0,81.4
10690_zorya_lugansk_2010s_59973,10690_zorya_lugansk_2010s,10690,Zorya Lugansk,2010s,59973,Vitaliy Vernydub (59973),Ukraine,Defender - Centre-Back,Defender,CB,6,8,7.0,2,0,0,42,0,0,5647.0,58.0,63.7,80.5,0.9067837382727929,1.0,80.5
10690_zorya_lugansk_2010s_157373,10690_zorya_lugansk_2010s,10690,Zorya Lugansk,2010s,157373,Vladlen Yurchenko (157373),Ukraine,Midfield - Attacking Midfield,Midfield,AM,1,2,7.0,5,0,0,5,0,5,752.0,58.0,63.7,80.5,0.9067837382727929,1.0,80.5
10690_zorya_lugansk_2010s_277777,10690_zorya_lugansk_2010s,10690,Zorya Lugansk,2010s,277777,Andriy Totovytskyi (277777),Ukraine,Midfield - Attacking Midfield,Midfield,AM,2,2,7.0,4,0,0,2,0,0,491.0,57.0,63.5,80.4,0.9043781573249939,1.0,80.4
10690_zorya_lugansk_2010s_213976,10690_zorya_lugansk_2010s,10690,Zorya Lugansk,2010s,213976,Igor Kharatin (213976),Ukraine  Hungary,Midfield - Defensive Midfield,Midfield,CDM,3,4,7.0,3,0,0,18,0,1,1631.0,56.0,63.3,80.1,0.9016117392350252,1.0,80.1
10690_zorya_lugansk_2010s_107803,10690_zorya_lugansk_2010s,10690,Zorya Lugansk,2010s,107803,Maksym Bilyi (107803),Ukraine,Defender - Centre-Back,Defender,CB,6,7,3.0,5,0,0,12,1,0,2611.0,51.5,62.2,79.4,0.8928313687755594,1.0,79.4
10690_zorya_lugansk_2010s_94923,10690_zorya_lugansk_2010s,10690,Zorya Lugansk,2010s,94923,Igor Chaykovskyi (94923),Ukraine,Midfield - Defensive Midfield,Midfield,CDM,8,10,3.0,3,0,0,31,0,0,3510.0,51.0,62.1,79.3,0.8909069040173202,1.0,79.3
10690_zorya_lugansk_2010s_86931,10690_zorya_lugansk_2010s,10690,Zorya Lugansk,2010s,86931,Yevgen Opanasenko (86931),Ukraine,Defender - Right-Back,Defender,RB,4,5,7.0,1,0,0,7,1,0,3966.0,48.5,61.5,78.7,0.8833293240317537,1.0,78.7
10690_zorya_lugansk_2010s_373302,10690_zorya_lugansk_2010s,10690,Zorya Lugansk,2010s,373302,Silas (373302),Brazil,Midfield - Defensive Midfield,Midfield,CDM,2,4,5.0,4,0,0,14,0,1,1536.0,47.0,61.1,78.3,0.878277604041376,1.0,78.3
10690_zorya_lugansk_2010s_41885,10690_zorya_lugansk_2010s,10690,Zorya Lugansk,2010s,41885,Sergiy Silyuk (41885),Ukraine,Attack - Centre-Forward,Attack,FW,3,3,5.0,3,0,0,4,0,0,833.0,46.0,60.9,78.0,0.8755111859514073,1.0,78.0
10690_zorya_lugansk_2010s_259461,10690_zorya_lugansk_2010s,10690,Zorya Lugansk,2010s,259461,Paulinho (259461),Brazil  Bulgaria,Attack - Left Winger,Attack,LM,3,3,4.0,4,0,0,2,0,0,861.0,45.0,60.7,77.7,0.8707000240558095,1.0,77.7
10690_zorya_lugansk_2010s_366729,10690_zorya_lugansk_2010s,10690,Zorya Lugansk,2010s,366729,Nazariy Rusyn (366729),Ukraine,Attack - Centre-Forward,Attack,FW,1,1,5.0,4,0,0,2,0,0,188.0,44.0,60.4,77.3,0.8663699783497715,1.0,77.3
10690_zorya_lugansk_2010s_448854,10690_zorya_lugansk_2010s,10690,Zorya Lugansk,2010s,448854,Emmanuel Dennis (448854),Nigeria,Attack - Centre-Forward,Attack,FW,1,1,6.0,1,0,0,3,0,0,254.0,37.0,58.8,75.6,0.8391869136396439,1.0,75.6
10690_zorya_lugansk_2010s_24010,10690_zorya_lugansk_2010s,10690,Zorya Lugansk,2010s,24010,Oleksandr Grytsay (24010),Ukraine,Midfield - Defensive Midfield,Midfield,CDM,4,4,3.0,2,0,0,20,1,0,870.0,33.5,57.9,74.7,0.8181380803464037,1.0,74.7
10690_zorya_lugansk_2010s_294730,10690_zorya_lugansk_2010s,10690,Zorya Lugansk,2010s,294730,Bogdan Mykhaylichenko (294730),Ukraine,Defender - Left-Back,Defender,LB,2,4,3.0,3,0,0,19,0,0,2105.0,32.0,57.6,74.3,0.8081549194130383,1.0,74.3
10690_zorya_lugansk_2010s_401822,10690_zorya_lugansk_2010s,10690,Zorya Lugansk,2010s,401822,Maksym Lunyov (401822),Ukraine,Attack - Left Winger,Attack,LM,3,6,2.0,3,0,0,9,1,0,1242.0,29.5,57.0,73.7,0.7920375270627856,1.0,73.7
10690_zorya_lugansk_2010s_50346,10690_zorya_lugansk_2010s,10690,Zorya Lugansk,2010s,50346,Krsevan Santini (50346),Croatia,Goalkeeper,Goalkeeper,GK,4,4,0.0,0,10,44,4,0,0,2775.0,27.0,56.4,72.9,0.7733942747173442,1.0,72.9
10690_zorya_lugansk_2010s_49018,10690_zorya_lugansk_2010s,10690,Zorya Lugansk,2010s,49018,Oleksiy Polyanskyi (49018),Ukraine,Defender - Centre-Back,Defender,CB,1,1,3.0,2,0,0,4,0,0,835.0,26.0,56.2,72.6,0.7647341833052682,1.0,72.6
10690_zorya_lugansk_2010s_136537,10690_zorya_lugansk_2010s,10690,Zorya Lugansk,2010s,136537,Oleksiy Shevchenko (136537),Ukraine,Goalkeeper,Goalkeeper,GK,3,3,0.0,0,11,30,1,0,0,2610.0,25.5,56.0,72.4,0.7599230214096704,1.0,72.4
10690_zorya_lugansk_2010s_34670,10690_zorya_lugansk_2010s,10690,Zorya Lugansk,2010s,34670,Vitaliy Postranskyi (34670),Ukraine,Goalkeeper,Goalkeeper,GK,3,3,0.0,0,8,33,2,0,0,2334.0,21.0,55.0,70.7,0.7179456338705797,1.0,70.7
10690_zorya_lugansk_2010s_45449,10690_zorya_lugansk_2010s,10690,Zorya Lugansk,2010s,45449,Franck Madou (45449),France  Cote d'Ivoire,Attack - Centre-Forward,Attack,FW,2,2,2.0,1,0,0,1,0,2,314.0,20.0,54.7,70.2,0.7051960548472456,1.0,70.2
10690_zorya_lugansk_2010s_108710,10690_zorya_lugansk_2010s,10690,Zorya Lugansk,2010s,108710,Vladyslav Kalitvintsev (108710),Ukraine  Russia,Midfield - Right Midfield,Midfield,RM,2,2,2.0,1,0,0,0,0,1,1159.0,20.0,54.7,70.2,0.7051960548472456,1.0,70.2
10690_zorya_lugansk_2010s_24006,10690_zorya_lugansk_2010s,10690,Zorya Lugansk,2010s,24006,Volodymyr Yezerskyi (24006),Ukraine,Defender - Right-Back,Defender,RB,1,1,3.0,0,0,0,4,0,0,539.0,18.0,54.3,69.1,0.6780129901371181,1.0,69.1
10690_zorya_lugansk_2010s_36238,10690_zorya_lugansk_2010s,10690,Zorya Lugansk,2010s,36238,Ruslan Fomin (36238),Ukraine,Attack - Centre-Forward,Attack,FW,1,1,3.0,0,0,0,5,0,0,330.0,18.0,54.3,69.1,0.6780129901371181,1.0,69.1
10690_zorya_lugansk_2010s_167556,10690_zorya_lugansk_2010s,10690,Zorya Lugansk,2010s,167556,Vladyslav Kulach (167556),Ukraine,Attack - Centre-Forward,Attack,FW,1,1,2.0,1,0,0,2,0,0,331.0,17.0,54.0,68.6,0.6645417368294443,1.0,68.6
10690_zorya_lugansk_2010s_36364,10690_zorya_lugansk_2010s,10690,Zorya Lugansk,2010s,36364,Mikhail Sivakov (36364),Belarus,Defender - Centre-Back,Defender,CB,2,2,1.0,2,0,0,5,1,0,1737.0,16.5,53.9,68.2,0.6557613663699784,1.0,68.2
10690_zorya_lugansk_2010s_60790,10690_zorya_lugansk_2010s,10690,Zorya Lugansk,2010s,60790,Toni Sunjic (60790),Bosnia-Herzegovina  Croatia,Defender - Centre-Back,Defender,CB,3,3,0.0,3,0,0,14,1,0,0.0,16.5,53.9,68.2,0.6557613663699784,1.0,68.2
10690_zorya_lugansk_2010s_404839,10690_zorya_lugansk_2010s,10690,Zorya Lugansk,2010s,404839,Andriy Lunin (404839),Ukraine,Goalkeeper,Goalkeeper,GK,1,2,0.0,0,9,41,0,0,0,2610.0,16.5,53.9,68.2,0.6557613663699784,1.0,68.2
10690_zorya_lugansk_2010s_343153,10690_zorya_lugansk_2010s,10690,Zorya Lugansk,2010s,343153,Yevgen Cheberko (343153),Ukraine,Defender - Centre-Back,Defender,CB,3,6,0.0,2,0,0,16,0,0,0.0,16.0,53.8,67.9,0.6464998797209526,1.0,67.9
10690_zorya_lugansk_2010s_244271,10690_zorya_lugansk_2010s,10690,Zorya Lugansk,2010s,244271,Oleksandr Svatok (244271),Ukraine,Defender - Centre-Back,Defender,CB,2,3,1.0,1,0,0,3,0,0,1536.0,15.0,53.6,67.4,0.6314649987972095,1.0,67.4
10690_zorya_lugansk_2010s_123543,10690_zorya_lugansk_2010s,10690,Zorya Lugansk,2010s,123543,Artem Sukhotskyi (123543),Ukraine,Midfield - Left Midfield,Midfield,LM,3,3,1.0,0,0,0,8,0,0,1298.0,14.0,53.3,67.0,0.6188356988212653,1.0,67.0
10690_zorya_lugansk_2010s_269371,10690_zorya_lugansk_2010s,10690,Zorya Lugansk,2010s,269371,Denys Bezborodko (269371),Ukraine,Attack - Centre-Forward,Attack,FW,3,3,1.0,0,0,0,0,0,0,240.0,14.0,53.3,67.0,0.6188356988212653,1.0,67.0
10690_zorya_lugansk_2010s_573907,10690_zorya_lugansk_2010s,10690,Zorya Lugansk,2010s,573907,Luiz Felipe (573907),Brazil,Goalkeeper,Goalkeeper,GK,2,3,0.0,0,5,15,1,0,0,1080.0,13.5,53.2,66.7,0.610897281693529,1.0,66.7
10690_zorya_lugansk_2010s_94931,10690_zorya_lugansk_2010s,10690,Zorya Lugansk,2010s,94931,Vitaliy Vitsenets (94931),Ukraine  Russia,Midfield - Central Midfield,Midfield,CM,1,1,2.0,0,0,0,3,0,0,285.0,13.0,53.1,66.3,0.600072167428434,1.0,66.3
10690_zorya_lugansk_2010s_168292,10690_zorya_lugansk_2010s,10690,Zorya Lugansk,2010s,168292,Levan Arveladze (168292),Ukraine  Georgia,Midfield - Central Midfield,Midfield,CM,2,3,0.0,2,0,0,2,0,0,0.0,13.0,53.1,66.3,0.600072167428434,1.0,66.3
10690_zorya_lugansk_2010s_289802,10690_zorya_lugansk_2010s,10690,Zorya Lugansk,2010s,289802,Rafael Ratão (289802),Brazil,Attack - Left Winger,Attack,LM,1,1,2.0,0,0,0,2,0,0,374.0,13.0,53.1,66.3,0.600072167428434,1.0,66.3
10690_zorya_lugansk_2010s_58418,10690_zorya_lugansk_2010s,10690,Zorya Lugansk,2010s,58418,Vadym Milko (58418),Ukraine,Midfield - Central Midfield,Midfield,CM,2,2,1.0,1,0,0,4,2,0,1310.0,12.0,52.8,65.5,0.5752946836661054,1.0,65.5
10690_zorya_lugansk_2010s_206717,10690_zorya_lugansk_2010s,10690,Zorya Lugansk,2010s,206717,Eduard Sobol (206717),Ukraine,Defender - Left-Back,Defender,LB,1,1,1.0,1,0,0,4,0,0,1368.0,12.0,52.8,65.5,0.5752946836661054,1.0,65.5
10690_zorya_lugansk_2010s_86466,10690_zorya_lugansk_2010s,10690,Zorya Lugansk,2010s,86466,Yevgeniy Tkachuk (86466),Ukraine,Defender - Centre-Back,Defender,CB,2,2,1.0,0,0,0,2,0,0,109.0,11.0,52.6,64.6,0.5475102237190281,1.0,64.6
10690_zorya_lugansk_2010s_43290,10690_zorya_lugansk_2010s,10690,Zorya Lugansk,2010s,43290,Oleg Chuvaev (43290),Ukraine  Russia,Goalkeeper,Goalkeeper,GK,3,5,0.0,0,1,0,0,0,0,90.0,10.5,52.5,64.1,0.5318739475583354,1.0,64.1
10690_zorya_lugansk_2010s_74985,10690_zorya_lugansk_2010s,10690,Zorya Lugansk,2010s,74985,Lukas Tesak (74985),Slovakia,Defender - Left-Back,Defender,LB,2,2,0.0,1,0,0,8,0,0,0.0,10.0,52.4,63.6,0.5188838104402214,1.0,63.6
10690_zorya_lugansk_2010s_206054,10690_zorya_lugansk_2010s,10690,Zorya Lugansk,2010s,206054,Pavlo Myagkov (206054),Ukraine,Defender - Left-Back,Defender,LB,2,2,0.0,1,0,0,1,0,0,0.0,10.0,52.4,63.6,0.5188838104402214,1.0,63.6
10690_zorya_lugansk_2010s_272624,10690_zorya_lugansk_2010s,10690,Zorya Lugansk,2010s,272624,David Faupala (272624),France  Neukaledonien,Attack - Centre-Forward,Attack,FW,2,3,0.0,1,0,0,1,0,0,0.0,10.0,52.4,63.6,0.5188838104402214,1.0,63.6
10690_zorya_lugansk_2010s_58073,10690_zorya_lugansk_2010s,10690,Zorya Lugansk,2010s,58073,Yuriy Martyshchuk (58073),Ukraine,Goalkeeper,Goalkeeper,GK,2,2,0.0,0,2,15,1,0,0,631.0,9.0,52.1,62.9,0.49735386095742123,1.0,62.9
10690_zorya_lugansk_2010s_90768,10690_zorya_lugansk_2010s,10690,Zorya Lugansk,2010s,90768,Yaroslav Oliynyk (90768),Ukraine,Defender - Right-Back,Defender,RB,3,3,0.0,0,0,0,7,0,0,0.0,9.0,52.1,62.9,0.49735386095742123,1.0,62.9
10690_zorya_lugansk_2010s_267330,10690_zorya_lugansk_2010s,10690,Zorya Lugansk,2010s,267330,Joel Abu Hanna (267330),Germany  Israel,Defender - Centre-Back,Defender,CB,1,2,1.0,0,0,0,10,0,0,1145.0,8.0,51.9,61.9,0.46572047149386575,1.0,61.9
10690_zorya_lugansk_2010s_293253,10690_zorya_lugansk_2010s,10690,Zorya Lugansk,2010s,293253,Mihailo Perovic (293253),Montenegro,Attack - Centre-Forward,Attack,FW,1,2,1.0,0,0,0,1,0,0,225.0,8.0,51.9,61.9,0.46572047149386575,1.0,61.9
10690_zorya_lugansk_2010s_376228,10690_zorya_lugansk_2010s,10690,Zorya Lugansk,2010s,376228,Dmytro Ivanisenya (376228),Ukraine  Russia,Midfield - Defensive Midfield,Midfield,CDM,1,2,1.0,0,0,0,6,0,0,1846.0,8.0,51.9,61.9,0.46572047149386575,1.0,61.9
10690_zorya_lugansk_2010s_248454,10690_zorya_lugansk_2010s,10690,Zorya Lugansk,2010s,248454,Nikola Vasilj (248454),Bosnia-Herzegovina  Croatia,Goalkeeper,Goalkeeper,GK,1,2,0.0,0,3,1,0,0,0,282.0,7.5,51.8,61.1,0.44274717344238634,1.0,61.1
10690_zorya_lugansk_2010s_94925,10690_zorya_lugansk_2010s,10690,Zorya Lugansk,2010s,94925,Yegor Kartushov (94925),Ukraine,Midfield - Left Midfield,Midfield,LM,1,1,0.0,1,0,0,0,0,0,0.0,7.0,51.7,60.4,0.42097666586480637,1.0,60.4
10690_zorya_lugansk_2010s_402874,10690_zorya_lugansk_2010s,10690,Zorya Lugansk,2010s,402874,Dmytro Lytvyn (402874),Ukraine,Defender - Centre-Back,Defender,CB,2,4,0.0,0,0,0,4,0,0,0.0,6.0,51.4,58.6,0.36901611739235024,1.0,58.6
10690_zorya_lugansk_2010s_561885,10690_zorya_lugansk_2010s,10690,Zorya Lugansk,2010s,561885,Yegor Shalfeev (561885),Ukraine,Midfield - Central Midfield,Midfield,CM,2,2,0.0,0,0,0,0,0,0,0.0,6.0,51.4,58.6,0.36901611739235024,1.0,58.6
10690_zorya_lugansk_2010s_94928,10690_zorya_lugansk_2010s,10690,Zorya Lugansk,2010s,94928,Ruslan Babenko (94928),Ukraine,Midfield - Central Midfield,Midfield,CM,2,3,0.0,0,0,0,4,0,0,0.0,5.0,51.2,57.4,0.33317296127014673,1.0,57.4
10690_zorya_lugansk_2010s_775832,10690_zorya_lugansk_2010s,10690,Zorya Lugansk,2010s,775832,Dmytro Matsapura (775832),Ukraine,Goalkeeper,Goalkeeper,GK,1,1,0.0,0,1,5,0,0,0,270.0,4.5,51.1,57.1,0.3246331489054607,1.0,57.1
10690_zorya_lugansk_2010s_58043,10690_zorya_lugansk_2010s,10690,Zorya Lugansk,2010s,58043,Rustam Khudzhamov (58043),Ukraine,Goalkeeper,Goalkeeper,GK,1,1,0.0,0,0,2,0,0,0,90.0,3.0,50.7,51.2,0.16754871301419294,1.0,51.2
10690_zorya_lugansk_2010s_58402,10690_zorya_lugansk_2010s,10690,Zorya Lugansk,2010s,58402,Maksym Kovalyov (58402),Ukraine,Defender - Centre-Back,Defender,CB,1,1,0.0,0,0,0,5,0,0,0.0,3.0,50.7,51.2,0.16754871301419294,1.0,51.2
10690_zorya_lugansk_2010s_59136,10690_zorya_lugansk_2010s,10690,Zorya Lugansk,2010s,59136,Maksym Zhychykov (59136),Ukraine,Defender - Right-Back,Defender,RB,1,1,0.0,0,0,0,0,0,0,0.0,3.0,50.7,51.2,0.16754871301419294,1.0,51.2
10690_zorya_lugansk_2010s_105486,10690_zorya_lugansk_2010s,10690,Zorya Lugansk,2010s,105486,Bruno Renan (105486),Brazil,Midfield - Defensive Midfield,Midfield,CDM,1,1,0.0,0,0,0,2,0,0,0.0,3.0,50.7,51.2,0.16754871301419294,1.0,51.2
10690_zorya_lugansk_2010s_202659,10690_zorya_lugansk_2010s,10690,Zorya Lugansk,2010s,202659,Andrejs Ciganiks (202659),Latvia,Defender - Left-Back,Defender,LB,1,2,0.0,0,0,0,2,0,0,0.0,3.0,50.7,51.2,0.16754871301419294,1.0,51.2
10690_zorya_lugansk_2010s_213980,10690_zorya_lugansk_2010s,10690,Zorya Lugansk,2010s,213980,Vyacheslav Tankovskyi (213980),Ukraine,Midfield - Central Midfield,Midfield,CM,1,1,0.0,0,0,0,3,0,0,0.0,3.0,50.7,51.2,0.16754871301419294,1.0,51.2
10690_zorya_lugansk_2010s_267396,10690_zorya_lugansk_2010s,10690,Zorya Lugansk,2010s,267396,Igor Kalinin (267396),Russia  Ukraine,Defender - Left-Back,Defender,LB,1,1,0.0,0,0,0,0,0,0,0.0,3.0,50.7,51.2,0.16754871301419294,1.0,51.2
10690_zorya_lugansk_2010s_272776,10690_zorya_lugansk_2010s,10690,Zorya Lugansk,2010s,272776,Maksym Banasevych (272776),Ukraine,Midfield - Left Midfield,Midfield,LM,1,1,0.0,0,0,0,0,0,0,0.0,3.0,50.7,51.2,0.16754871301419294,1.0,51.2
10690_zorya_lugansk_2010s_330574,10690_zorya_lugansk_2010s,10690,Zorya Lugansk,2010s,330574,Oleg Boroday (330574),Ukraine,Defender - Centre-Back,Defender,CB,1,1,0.0,0,0,0,0,0,0,0.0,3.0,50.7,51.2,0.16754871301419294,1.0,51.2
10690_zorya_lugansk_2010s_344399,10690_zorya_lugansk_2010s,10690,Zorya Lugansk,2010s,344399,Leonardo Ruiz (344399),Colombia  Portugal,Attack - Centre-Forward,Attack,FW,1,2,0.0,0,0,0,1,0,0,0.0,3.0,50.7,51.2,0.16754871301419294,1.0,51.2
10690_zorya_lugansk_2010s_373044,10690_zorya_lugansk_2010s,10690,Zorya Lugansk,2010s,373044,Maksym Kazakov (373044),Ukraine,Midfield - Central Midfield,Midfield,CM,1,2,0.0,0,0,0,1,0,0,0.0,3.0,50.7,51.2,0.16754871301419294,1.0,51.2
10690_zorya_lugansk_2010s_385416,10690_zorya_lugansk_2010s,10690,Zorya Lugansk,2010s,385416,Mykhaylo Shershen (385416),Ukraine,Defender - Centre-Back,Defender,CB,1,1,0.0,0,0,0,0,0,0,0.0,3.0,50.7,51.2,0.16754871301419294,1.0,51.2
10690_zorya_lugansk_2010s_539444,10690_zorya_lugansk_2010s,10690,Zorya Lugansk,2010s,539444,Artem Mylchenko (539444),Ukraine,Midfield - Defensive Midfield,Midfield,CDM,1,1,0.0,0,0,0,0,0,0,0.0,3.0,50.7,51.2,0.16754871301419294,1.0,51.2
10690_zorya_lugansk_2010s_748936,10690_zorya_lugansk_2010s,10690,Zorya Lugansk,2010s,748936,Dmytro Piddubnyi (748936),Ukraine,Defender - Centre-Back,Defender,CB,1,2,0.0,0,0,0,0,0,0,0.0,3.0,50.7,51.2,0.16754871301419294,1.0,51.2
10690_zorya_lugansk_2010s_755175,10690_zorya_lugansk_2010s,10690,Zorya Lugansk,2010s,755175,Volodymyr Bilotserkovets (755175),Ukraine,Attack - Right Winger,Attack,RM,1,1,0.0,0,0,0,0,0,0,0.0,3.0,50.7,51.2,0.16754871301419294,1.0,51.2
10690_zorya_lugansk_2010s_317467,10690_zorya_lugansk_2010s,10690,Zorya Lugansk,2010s,317467,Lovro Cvek (317467),Croatia,Midfield - Defensive Midfield,Midfield,CDM,1,2,0.0,0,0,0,2,1,0,0.0,1.5,50.4,45.4,0.00950204474380563,1.0,45.4
10690_zorya_lugansk_2020s_502842,10690_zorya_lugansk_2020s,10690,Zorya Lugansk,2020s,502842,Eduardo Guerrero (502842),Panama,Attack - Centre-Forward,Attack,FW,3,3,15.0,9,0,0,8,0,0,746.0,120.0,95.0,87.4,0.9699302381525138,1.0,87.4
10690_zorya_lugansk_2020s_53270,10690_zorya_lugansk_2020s,10690,Zorya Lugansk,2020s,53270,Oleksandr Gladkyi (53270),Ukraine,Attack - Centre-Forward,Attack,FW,2,2,14.0,6,0,0,6,0,1,382.0,100.0,87.5,85.5,0.958744286745249,1.0,85.5
10690_zorya_lugansk_2020s_366729,10690_zorya_lugansk_2020s,10690,Zorya Lugansk,2020s,366729,Nazariy Rusyn (366729),Ukraine,Attack - Centre-Forward,Attack,FW,2,2,14.0,6,0,0,3,0,0,348.0,100.0,87.5,85.5,0.958744286745249,1.0,85.5
10690_zorya_lugansk_2020s_404846,10690_zorya_lugansk_2020s,10690,Zorya Lugansk,2020s,404846,Sergiy Buletsa (404846),Ukraine,Midfield - Attacking Midfield,Midfield,AM,2,2,9.0,12,0,0,1,0,2,987.0,99.0,87.1,85.3,0.9577820543661294,1.0,85.3
10690_zorya_lugansk_2020s_480975,10690_zorya_lugansk_2020s,10690,Zorya Lugansk,2020s,480975,Allahyar Sayyadmanesh (480975),Iran,Attack - Left Winger,Attack,LM,2,2,12.0,7,0,0,7,0,0,367.0,94.0,85.2,84.6,0.9534520086600914,1.0,84.6
10690_zorya_lugansk_2020s_248932,10690_zorya_lugansk_2020s,10690,Zorya Lugansk,2020s,248932,Vladyslav Kochergin (248932),Ukraine,Midfield - Defensive Midfield,Midfield,CDM,2,2,11.0,7,0,0,8,0,0,497.0,89.0,83.4,84.2,0.9511667067596825,1.0,84.2
10690_zorya_lugansk_2020s_343963,10690_zorya_lugansk_2020s,10690,Zorya Lugansk,2020s,343963,Petar Micin (343963),Serbia,Midfield - Attacking Midfield,Midfield,AM,3,3,10.0,6,0,0,8,0,0,558.0,83.0,81.1,83.7,0.9462352658166947,1.0,83.7
10690_zorya_lugansk_2020s_99863,10690_zorya_lugansk_2020s,10690,Zorya Lugansk,2020s,99863,Pylyp Budkivskyi (99863),Ukraine,Attack - Centre-Forward,Attack,FW,2,2,11.0,5,0,0,8,0,1,377.0,81.0,80.4,83.5,0.943348568679336,1.0,83.5
10690_zorya_lugansk_2020s_383325,10690_zorya_lugansk_2020s,10690,Zorya Lugansk,2020s,383325,Denys Antyukh (383325),Ukraine,Attack - Right Winger,Attack,RM,3,3,8.0,8,0,0,6,0,2,2136.0,81.0,80.4,83.5,0.943348568679336,1.0,83.5
10690_zorya_lugansk_2020s_203855,10690_zorya_lugansk_2020s,10690,Zorya Lugansk,2020s,203855,Igor Kyryukhantsev (203855),Ukraine,Defender - Right-Back,Defender,RB,3,3,7.0,5,0,0,4,0,0,1147.0,64.0,74.0,81.6,0.9200144334856868,1.0,81.6
10690_zorya_lugansk_2020s_350828,10690_zorya_lugansk_2020s,10690,Zorya Lugansk,2020s,350828,Shahab Zahedi (350828),Iran,Attack - Centre-Forward,Attack,FW,2,2,8.0,3,0,0,8,0,0,444.0,58.0,71.8,80.5,0.9067837382727929,1.0,80.5
10690_zorya_lugansk_2020s_157373,10690_zorya_lugansk_2020s,10690,Zorya Lugansk,2020s,157373,Vladlen Yurchenko (157373),Ukraine,Midfield - Attacking Midfield,Midfield,AM,1,1,6.0,6,0,0,2,0,4,324.0,56.0,71.0,80.1,0.9016117392350252,1.0,80.1
10690_zorya_lugansk_2020s_122088,10690_zorya_lugansk_2020s,10690,Zorya Lugansk,2020s,122088,Artem Gromov (122088),Ukraine,Attack - Left Winger,Attack,LM,2,2,7.0,3,0,0,1,0,0,1202.0,53.0,69.9,79.7,0.8960789030550877,1.0,79.7
10690_zorya_lugansk_2020s_210689,10690_zorya_lugansk_2020s,10690,Zorya Lugansk,2020s,210689,Vladyslav Kabaev (210689),Ukraine,Attack - Left Winger,Attack,LM,3,3,1.0,10,0,0,11,0,0,704.0,53.0,69.9,79.7,0.8960789030550877,1.0,79.7
10690_zorya_lugansk_2020s_546532,10690_zorya_lugansk_2020s,10690,Zorya Lugansk,2020s,546532,Jordan (546532),Brazil,Defender - Centre-Back,Defender,CB,3,3,6.0,2,0,0,10,0,0,3117.0,42.0,65.8,76.7,0.8592735145537648,1.0,76.7
10690_zorya_lugansk_2020s_669306,10690_zorya_lugansk_2020s,10690,Zorya Lugansk,2020s,669306,Volodymyr Brazhko (669306),Ukraine,Midfield - Defensive Midfield,Midfield,CDM,1,1,7.0,1,0,0,6,0,3,295.0,42.0,65.8,76.7,0.8592735145537648,1.0,76.7
10690_zorya_lugansk_2020s_289095,10690_zorya_lugansk_2020s,10690,Zorya Lugansk,2020s,289095,Denys Favorov (289095),Ukraine,Defender - Right-Back,Defender,RB,2,2,3.0,5,0,0,8,0,0,2180.0,41.0,65.4,76.5,0.8559057012268463,1.0,76.5
10690_zorya_lugansk_2020s_936008,10690_zorya_lugansk_2020s,10690,Zorya Lugansk,2020s,936008,Oleksandr Saputin (936008),Ukraine,Goalkeeper,Goalkeeper,GK,5,5,0.0,0,17,64,3,0,0,4859.0,40.5,65.2,76.3,0.8542217945633871,1.0,76.3
10690_zorya_lugansk_2020s_58970,10690_zorya_lugansk_2020s,10690,Zorya Lugansk,2020s,58970,Yevgen Shakhov (58970),Ukraine,Midfield - Central Midfield,Midfield,CM,1,1,4.0,4,0,0,3,0,0,293.0,39.0,64.6,76.0,0.8490497955256194,1.0,76.0
10690_zorya_lugansk_2020s_94924,10690_zorya_lugansk_2020s,10690,Zorya Lugansk,2020s,94924,Maksym Imerekov (94924),Ukraine,Defender - Centre-Back,Defender,CB,2,2,5.0,2,0,0,11,0,0,2174.0,39.0,64.6,76.0,0.8490497955256194,1.0,76.0
10690_zorya_lugansk_2020s_892053,10690_zorya_lugansk_2020s,10690,Zorya Lugansk,2020s,892053,Denys Nagnoynyi (892053),Ukraine,Midfield - Attacking Midfield,Midfield,AM,4,4,2.0,4,0,0,3,0,0,1077.0,38.0,64.2,75.8,0.8444791917248016,1.0,75.8
10690_zorya_lugansk_2020s_212243,10690_zorya_lugansk_2020s,10690,Zorya Lugansk,2020s,212243,Dmytro Myshnyov (212243),Ukraine,Midfield - Central Midfield,Midfield,CM,2,2,3.0,4,0,0,5,0,0,411.0,37.0,63.9,75.6,0.8391869136396439,1.0,75.6
10690_zorya_lugansk_2020s_396536,10690_zorya_lugansk_2020s,10690,Zorya Lugansk,2020s,396536,Roman Vantukh (396536),Ukraine,Defender - Left-Back,Defender,LB,4,4,2.0,5,0,0,7,0,0,3239.0,36.0,63.5,75.3,0.832571566033197,1.0,75.3
10690_zorya_lugansk_2020s_665048,10690_zorya_lugansk_2020s,10690,Zorya Lugansk,2020s,665048,Arseniy Batagov (665048),Ukraine,Defender - Centre-Back,Defender,CB,3,3,3.0,3,0,0,7,0,0,3718.0,36.0,63.5,75.3,0.832571566033197,1.0,75.3
10690_zorya_lugansk_2020s_775832,10690_zorya_lugansk_2020s,10690,Zorya Lugansk,2020s,775832,Dmytro Matsapura (775832),Ukraine,Goalkeeper,Goalkeeper,GK,5,5,0.0,0,14,36,2,0,0,2921.0,36.0,63.5,75.3,0.832571566033197,1.0,75.3
10690_zorya_lugansk_2020s_376228,10690_zorya_lugansk_2020s,10690,Zorya Lugansk,2020s,376228,Dmytro Ivanisenya (376228),Ukraine  Russia,Midfield - Defensive Midfield,Midfield,CDM,1,1,5.0,2,0,0,6,0,0,308.0,35.0,63.1,75.1,0.8263170555689199,1.0,75.1
10690_zorya_lugansk_2020s_430190,10690_zorya_lugansk_2020s,10690,Zorya Lugansk,2020s,430190,Yegor Nazaryna (430190),Ukraine,Midfield - Central Midfield,Midfield,CM,3,3,2.0,4,0,0,10,0,1,1398.0,35.0,63.1,75.1,0.8263170555689199,1.0,75.1
10690_zorya_lugansk_2020s_606952,10690_zorya_lugansk_2020s,10690,Zorya Lugansk,2020s,606952,Juninho (606952),Brazil,Defender - Left-Back,Defender,LB,5,5,1.0,4,0,0,11,1,0,897.0,34.5,62.9,74.9,0.8228289631946115,1.0,74.9
10690_zorya_lugansk_2020s_94922,10690_zorya_lugansk_2020s,10690,Zorya Lugansk,2020s,94922,Bogdan Butko (94922),Ukraine,Defender - Right-Back,Defender,RB,2,2,2.0,4,0,0,7,0,0,1110.0,32.0,62.0,74.3,0.8081549194130383,1.0,74.3
10690_zorya_lugansk_2020s_131553,10690_zorya_lugansk_2020s,10690,Zorya Lugansk,2020s,131553,Vyacheslav Churko (131553),Ukraine  Hungary,Midfield - Attacking Midfield,Midfield,AM,2,2,2.0,4,0,0,1,0,0,585.0,32.0,62.0,74.3,0.8081549194130383,1.0,74.3
10690_zorya_lugansk_2020s_675878,10690_zorya_lugansk_2020s,10690,Zorya Lugansk,2020s,675878,Cristian (675878),Brazil,Attack - Left Winger,Attack,LM,2,2,1.0,5,0,0,1,0,0,222.0,31.0,61.6,74.0,0.8010584556170315,1.0,74.0
10690_zorya_lugansk_2020s_656172,10690_zorya_lugansk_2020s,10690,Zorya Lugansk,2020s,656172,Jakov Basic (656172),Croatia,Midfield - Defensive Midfield,Midfield,CDM,3,3,3.0,2,0,0,7,1,0,2357.0,30.5,61.4,73.9,0.7981717584796728,1.0,73.9
10690_zorya_lugansk_2020s_755174,10690_zorya_lugansk_2020s,10690,Zorya Lugansk,2020s,755174,Danyil Alefirenko (755174),Ukraine,Attack - Left Winger,Attack,LM,4,4,3.0,0,0,0,1,0,0,691.0,27.0,60.1,72.9,0.7733942747173442,1.0,72.9
10690_zorya_lugansk_2020s_401822,10690_zorya_lugansk_2020s,10690,Zorya Lugansk,2020s,401822,Maksym Lunyov (401822),Ukraine,Attack - Left Winger,Attack,LM,3,3,1.0,3,0,0,2,0,0,239.0,26.0,59.8,72.6,0.7647341833052682,1.0,72.6
10690_zorya_lugansk_2020s_837005,10690_zorya_lugansk_2020s,10690,Zorya Lugansk,2020s,837005,Raymond Owusu (837005),Ghana,Attack - Centre-Forward,Attack,FW,2,2,4.0,0,0,0,1,0,0,27.0,26.0,59.8,72.6,0.7647341833052682,1.0,72.6
10690_zorya_lugansk_2020s_709478,10690_zorya_lugansk_2020s,10690,Zorya Lugansk,2020s,709478,Mykyta Turbayevskyi (709478),Ukraine,Goalkeeper,Goalkeeper,GK,4,4,0.0,0,8,28,0,0,0,2161.0,24.0,59.0,71.9,0.7468126052441665,1.0,71.9
10690_zorya_lugansk_2020s_470831,10690_zorya_lugansk_2020s,10690,Zorya Lugansk,2020s,470831,Vikentiy Voloshyn (470831),Ukraine,Midfield - Attacking Midfield,Midfield,AM,2,2,1.0,3,0,0,2,0,0,478.0,23.0,58.6,71.5,0.7382727928794804,1.0,71.5
10690_zorya_lugansk_2020s_59896,10690_zorya_lugansk_2020s,10690,Zorya Lugansk,2020s,59896,Dmytro Khomchenovskyi (59896),Ukraine,Midfield - Left Midfield,Midfield,LM,2,2,0.0,4,0,0,9,1,0,0.0,20.5,57.7,70.5,0.7121722395958624,1.0,70.5
10690_zorya_lugansk_2020s_501417,10690_zorya_lugansk_2020s,10690,Zorya Lugansk,2020s,501417,Kyrylo Dryshlyuk (501417),Ukraine,Midfield - Central Midfield,Midfield,CM,4,4,0.0,2,0,0,11,0,0,0.0,20.0,57.5,70.2,0.7051960548472456,1.0,70.2
10690_zorya_lugansk_2020s_419119,10690_zorya_lugansk_2020s,10690,Zorya Lugansk,2020s,419119,Igor Snurnitsyn (419119),Ukraine,Defender - Centre-Back,Defender,CB,3,3,0.0,3,0,0,6,1,0,0.0,18.5,56.9,69.4,0.684868895838345,1.0,69.4
10690_zorya_lugansk_2020s_248454,10690_zorya_lugansk_2020s,10690,Zorya Lugansk,2020s,248454,Nikola Vasilj (248454),Bosnia-Herzegovina  Croatia,Goalkeeper,Goalkeeper,GK,1,1,0.0,0,9,11,1,0,0,1337.0,16.5,56.2,68.2,0.6557613663699784,1.0,68.2
10690_zorya_lugansk_2020s_257937,10690_zorya_lugansk_2020s,10690,Zorya Lugansk,2020s,257937,Oleg Danchenko (257937),Ukraine,Defender - Right-Back,Defender,RB,2,2,0.0,2,0,0,2,0,0,0.0,14.0,55.2,67.0,0.6188356988212653,1.0,67.0
10690_zorya_lugansk_2020s_269371,10690_zorya_lugansk_2020s,10690,Zorya Lugansk,2020s,269371,Denys Bezborodko (269371),Ukraine,Attack - Centre-Forward,Attack,FW,1,1,2.0,0,0,0,0,0,0,32.0,13.0,54.9,66.3,0.600072167428434,1.0,66.3
10690_zorya_lugansk_2020s_718409,10690_zorya_lugansk_2020s,10690,Zorya Lugansk,2020s,718409,Vladyslav Pogorilyi (718409),Ukraine,Attack - Centre-Forward,Attack,FW,1,1,1.0,1,0,0,0,0,0,206.0,12.0,54.5,65.5,0.5752946836661054,1.0,65.5
10690_zorya_lugansk_2020s_343175,10690_zorya_lugansk_2020s,10690,Zorya Lugansk,2020s,343175,Akhmed Alibekov (343175),Ukraine,Midfield - Defensive Midfield,Midfield,CDM,2,2,1.0,0,0,0,0,0,0,20.0,11.0,54.1,64.6,0.5475102237190281,1.0,64.6
10690_zorya_lugansk_2020s_396411,10690_zorya_lugansk_2020s,10690,Zorya Lugansk,2020s,396411,Vladyslav Bugay (396411),Ukraine,Attack - Centre-Forward,Attack,FW,2,2,1.0,0,0,0,1,0,0,388.0,11.0,54.1,64.6,0.5475102237190281,1.0,64.6
10690_zorya_lugansk_2020s_721511,10690_zorya_lugansk_2020s,10690,Zorya Lugansk,2020s,721511,Maksym Khlan (721511),Ukraine,Attack - Left Winger,Attack,LM,1,1,0.0,2,0,0,0,0,0,0.0,11.0,54.1,64.6,0.5475102237190281,1.0,64.6
10690_zorya_lugansk_2020s_59973,10690_zorya_lugansk_2020s,10690,Zorya Lugansk,2020s,59973,Vitaliy Vernydub (59973),Ukraine,Defender - Centre-Back,Defender,CB,2,2,0.0,1,0,0,15,0,0,0.0,10.0,53.8,63.6,0.5188838104402214,1.0,63.6
10690_zorya_lugansk_2020s_460591,10690_zorya_lugansk_2020s,10690,Zorya Lugansk,2020s,460591,Agron Rufati (460591),North Macedonia  Croatia,Defender - Centre-Back,Defender,CB,2,2,0.0,1,0,0,2,0,0,0.0,10.0,53.8,63.6,0.5188838104402214,1.0,63.6
10690_zorya_lugansk_2020s_718643,10690_zorya_lugansk_2020s,10690,Zorya Lugansk,2020s,718643,Alioune Ndour (718643),Senegal,Attack - Centre-Forward,Attack,FW,2,2,0.0,1,0,0,1,0,0,0.0,10.0,53.8,63.6,0.5188838104402214,1.0,63.6
10690_zorya_lugansk_2020s_755175,10690_zorya_lugansk_2020s,10690,Zorya Lugansk,2020s,755175,Volodymyr Bilotserkovets (755175),Ukraine,Attack - Right Winger,Attack,RM,2,2,0.0,1,0,0,0,0,0,0.0,10.0,53.8,63.6,0.5188838104402214,1.0,63.6
10690_zorya_lugansk_2020s_80312,10690_zorya_lugansk_2020s,10690,Zorya Lugansk,2020s,80312,Mykyta Shevchenko (80312),Ukraine,Goalkeeper,Goalkeeper,GK,2,2,0.0,0,2,17,1,0,0,1139.0,9.0,53.4,62.9,0.49735386095742123,1.0,62.9
10690_zorya_lugansk_2020s_404847,10690_zorya_lugansk_2020s,10690,Zorya Lugansk,2020s,404847,Oleksiy Khakhlyov (404847),Ukraine,Midfield - Central Midfield,Midfield,CM,3,3,0.0,0,0,0,0,0,0,0.0,9.0,53.4,62.9,0.49735386095742123,1.0,62.9
10690_zorya_lugansk_2020s_924466,10690_zorya_lugansk_2020s,10690,Zorya Lugansk,2020s,924466,Anton Zhylkin (924466),Ukraine,Goalkeeper,Goalkeeper,GK,3,3,0.0,0,0,0,0,0,0,0.0,9.0,53.4,62.9,0.49735386095742123,1.0,62.9
10690_zorya_lugansk_2020s_202659,10690_zorya_lugansk_2020s,10690,Zorya Lugansk,2020s,202659,Andrejs Ciganiks (202659),Latvia,Defender - Left-Back,Defender,LB,1,1,0.0,1,0,0,0,0,0,0.0,7.0,52.6,60.4,0.42097666586480637,1.0,60.4
10690_zorya_lugansk_2020s_798106,10690_zorya_lugansk_2020s,10690,Zorya Lugansk,2020s,798106,Ruan Oliveira (798106),Brazil,Midfield - Central Midfield,Midfield,CM,1,1,0.0,1,0,0,0,0,0,0.0,7.0,52.6,60.4,0.42097666586480637,1.0,60.4
10690_zorya_lugansk_2020s_373044,10690_zorya_lugansk_2020s,10690,Zorya Lugansk,2020s,373044,Maksym Kazakov (373044),Ukraine,Midfield - Central Midfield,Midfield,CM,2,2,0.0,0,0,0,1,0,0,0.0,6.0,52.2,58.6,0.36901611739235024,1.0,58.6
10690_zorya_lugansk_2020s_526578,10690_zorya_lugansk_2020s,10690,Zorya Lugansk,2020s,526578,Vladyslav Vakula (526578),Ukraine,Attack - Left Winger,Attack,LM,2,2,0.0,0,0,0,1,0,0,0.0,6.0,52.2,58.6,0.36901611739235024,1.0,58.6
10690_zorya_lugansk_2020s_581405,10690_zorya_lugansk_2020s,10690,Zorya Lugansk,2020s,581405,Ivan Golovkin (581405),Ukraine,Midfield - Attacking Midfield,Midfield,AM,2,2,0.0,0,0,0,0,0,0,0.0,6.0,52.2,58.6,0.36901611739235024,1.0,58.6
10690_zorya_lugansk_2020s_794896,10690_zorya_lugansk_2020s,10690,Zorya Lugansk,2020s,794896,Gabriel Eskinja (794896),Austria,Defender - Centre-Back,Defender,CB,2,2,0.0,0,0,0,3,0,0,0.0,6.0,52.2,58.6,0.36901611739235024,1.0,58.6
10690_zorya_lugansk_2020s_795280,10690_zorya_lugansk_2020s,10690,Zorya Lugansk,2020s,795280,Tymur Korablin (795280),Ukraine,Midfield - Central Midfield,Midfield,CM,2,2,0.0,0,0,0,1,0,0,0.0,6.0,52.2,58.6,0.36901611739235024,1.0,58.6
10690_zorya_lugansk_2020s_949337,10690_zorya_lugansk_2020s,10690,Zorya Lugansk,2020s,949337,Guilherme Smith (949337),Brazil,Attack - Left Winger,Attack,LM,2,2,0.0,0,0,0,0,0,0,0.0,6.0,52.2,58.6,0.36901611739235024,1.0,58.6
10690_zorya_lugansk_2020s_951439,10690_zorya_lugansk_2020s,10690,Zorya Lugansk,2020s,951439,Maksym Smiyan (951439),Ukraine,Defender - Left-Back,Defender,LB,2,2,0.0,0,0,0,1,0,0,0.0,6.0,52.2,58.6,0.36901611739235024,1.0,58.6
10690_zorya_lugansk_2020s_1038055,10690_zorya_lugansk_2020s,10690,Zorya Lugansk,2020s,1038055,Nazar Bayruk (1038055),Ukraine,Defender - Left-Back,Defender,LB,2,2,0.0,0,0,0,0,0,0,0.0,6.0,52.2,58.6,0.36901611739235024,1.0,58.6
10690_zorya_lugansk_2020s_1141270,10690_zorya_lugansk_2020s,10690,Zorya Lugansk,2020s,1141270,Bogdan Tokar (1141270),Ukraine,Defender - Centre-Back,Defender,CB,2,2,0.0,0,0,0,0,0,0,0.0,6.0,52.2,58.6,0.36901611739235024,1.0,58.6
10690_zorya_lugansk_2020s_771912,10690_zorya_lugansk_2020s,10690,Zorya Lugansk,2020s,771912,Ilya Gulko (771912),Ukraine,Midfield - Defensive Midfield,Midfield,CDM,2,2,0.0,0,0,0,0,0,0,0.0,5.0,51.9,57.4,0.33317296127014673,1.0,57.4
10690_zorya_lugansk_2020s_317467,10690_zorya_lugansk_2020s,10690,Zorya Lugansk,2020s,317467,Lovro Cvek (317467),Croatia,Midfield - Defensive Midfield,Midfield,CDM,2,2,0.0,0,0,0,8,0,0,0.0,4.0,51.5,56.8,0.3171758479672841,1.0,56.8
10690_zorya_lugansk_2020s_94923,10690_zorya_lugansk_2020s,10690,Zorya Lugansk,2020s,94923,Igor Chaykovskyi (94923),Ukraine,Midfield - Defensive Midfield,Midfield,CDM,1,1,0.0,0,0,0,0,0,0,0.0,3.0,51.1,51.2,0.16754871301419294,1.0,51.2
10690_zorya_lugansk_2020s_201671,10690_zorya_lugansk_2020s,10690,Zorya Lugansk,2020s,201671,Igor Perduta (201671),Ukraine,Defender - Right-Back,Defender,RB,1,1,0.0,0,0,0,0,0,0,0.0,3.0,51.1,51.2,0.16754871301419294,1.0,51.2
10690_zorya_lugansk_2020s_213865,10690_zorya_lugansk_2020s,10690,Zorya Lugansk,2020s,213865,Mykyta Burda (213865),Ukraine,Defender - Centre-Back,Defender,CB,1,1,0.0,0,0,0,0,0,0,0.0,3.0,51.1,51.2,0.16754871301419294,1.0,51.2
10690_zorya_lugansk_2020s_216579,10690_zorya_lugansk_2020s,10690,Zorya Lugansk,2020s,216579,Pavlo Polegenko (216579),Ukraine,Defender - Right-Back,Defender,RB,1,1,0.0,0,0,0,0,0,0,0.0,3.0,51.1,51.2,0.16754871301419294,1.0,51.2
10690_zorya_lugansk_2020s_267330,10690_zorya_lugansk_2020s,10690,Zorya Lugansk,2020s,267330,Joel Abu Hanna (267330),Germany  Israel,Defender - Centre-Back,Defender,CB,1,1,0.0,0,0,0,5,0,0,0.0,3.0,51.1,51.2,0.16754871301419294,1.0,51.2
10690_zorya_lugansk_2020s_269374,10690_zorya_lugansk_2020s,10690,Zorya Lugansk,2020s,269374,Sergiy Gryn (269374),Ukraine,Attack - Left Winger,Attack,LM,1,1,0.0,0,0,0,0,0,0,0.0,3.0,51.1,51.2,0.16754871301419294,1.0,51.2
10690_zorya_lugansk_2020s_293253,10690_zorya_lugansk_2020s,10690,Zorya Lugansk,2020s,293253,Mihailo Perovic (293253),Montenegro,Attack - Centre-Forward,Attack,FW,1,1,0.0,0,0,0,0,0,0,0.0,3.0,51.1,51.2,0.16754871301419294,1.0,51.2
10690_zorya_lugansk_2020s_347270,10690_zorya_lugansk_2020s,10690,Zorya Lugansk,2020s,347270,Maksim Grechkin (347270),Israel  Ukraine,Defender - Left-Back,Defender,LB,1,1,0.0,0,0,0,2,0,0,0.0,3.0,51.1,51.2,0.16754871301419294,1.0,51.2
10690_zorya_lugansk_2020s_404838,10690_zorya_lugansk_2020s,10690,Zorya Lugansk,2020s,404838,Vladyslav Kucheruk (404838),Ukraine,Goalkeeper,Goalkeeper,GK,1,1,0.0,0,0,0,0,0,0,0.0,3.0,51.1,51.2,0.16754871301419294,1.0,51.2
10690_zorya_lugansk_2020s_404844,10690_zorya_lugansk_2020s,10690,Zorya Lugansk,2020s,404844,Tymofiy Sukhar (404844),Ukraine,Defender - Left-Back,Defender,LB,1,1,0.0,0,0,0,0,0,0,0.0,3.0,51.1,51.2,0.16754871301419294,1.0,51.2
10690_zorya_lugansk_2020s_404851,10690_zorya_lugansk_2020s,10690,Zorya Lugansk,2020s,404851,Denis Yanakov (404851),Ukraine,Attack - Left Winger,Attack,LM,1,1,0.0,0,0,0,0,0,0,0.0,3.0,51.1,51.2,0.16754871301419294,1.0,51.2
10690_zorya_lugansk_2020s_419061,10690_zorya_lugansk_2020s,10690,Zorya Lugansk,2020s,419061,Vladyslav Supryaga (419061),Ukraine,Attack - Centre-Forward,Attack,FW,1,1,0.0,0,0,0,1,0,0,0.0,3.0,51.1,51.2,0.16754871301419294,1.0,51.2
10690_zorya_lugansk_2020s_491960,10690_zorya_lugansk_2020s,10690,Zorya Lugansk,2020s,491960,Benito (491960),Nigeria  Cote d'Ivoire,Attack - Right Winger,Attack,RM,1,1,0.0,0,0,0,2,0,0,0.0,3.0,51.1,51.2,0.16754871301419294,1.0,51.2
10690_zorya_lugansk_2020s_539444,10690_zorya_lugansk_2020s,10690,Zorya Lugansk,2020s,539444,Artem Mylchenko (539444),Ukraine,Midfield - Defensive Midfield,Midfield,CDM,1,1,0.0,0,0,0,0,0,0,0.0,3.0,51.1,51.2,0.16754871301419294,1.0,51.2
10690_zorya_lugansk_2020s_576022,10690_zorya_lugansk_2020s,10690,Zorya Lugansk,2020s,576022,Vladyslav Yemets (576022),Ukraine,Defender - Left-Back,Defender,LB,1,1,0.0,0,0,0,0,0,0,0.0,3.0,51.1,51.2,0.16754871301419294,1.0,51.2
10690_zorya_lugansk_2020s_615333,10690_zorya_lugansk_2020s,10690,Zorya Lugansk,2020s,615333,Maksim Agapov (615333),Russia  Ukraine,Defender - Right-Back,Defender,RB,1,1,0.0,0,0,0,0,0,0,0.0,3.0,51.1,51.2,0.16754871301419294,1.0,51.2
10690_zorya_lugansk_2020s_626475,10690_zorya_lugansk_2020s,10690,Zorya Lugansk,2020s,626475,Mykola Mykhaylenko (626475),Ukraine,Midfield - Defensive Midfield,Midfield,CDM,1,1,0.0,0,0,0,1,0,0,0.0,3.0,51.1,51.2,0.16754871301419294,1.0,51.2
10690_zorya_lugansk_2020s_717414,10690_zorya_lugansk_2020s,10690,Zorya Lugansk,2020s,717414,Denys Pochapskyi (717414),Ukraine,Attack - Centre-Forward,Attack,FW,1,1,0.0,0,0,0,0,0,0,0.0,3.0,51.1,51.2,0.16754871301419294,1.0,51.2
10690_zorya_lugansk_2020s_748838,10690_zorya_lugansk_2020s,10690,Zorya Lugansk,2020s,748838,Yuriy Tlumak (748838),Ukraine,Midfield - Central Midfield,Midfield,CM,1,1,0.0,0,0,0,0,0,0,0.0,3.0,51.1,51.2,0.16754871301419294,1.0,51.2
10690_zorya_lugansk_2020s_748936,10690_zorya_lugansk_2020s,10690,Zorya Lugansk,2020s,748936,Dmytro Piddubnyi (748936),Ukraine,Defender - Centre-Back,Defender,CB,1,1,0.0,0,0,0,0,0,0,0.0,3.0,51.1,51.2,0.16754871301419294,1.0,51.2
10690_zorya_lugansk_2020s_838384,10690_zorya_lugansk_2020s,10690,Zorya Lugansk,2020s,838384,Anton Bol (838384),Ukraine,Defender - Centre-Back,Defender,CB,1,1,0.0,0,0,0,0,0,0,0.0,3.0,51.1,51.2,0.16754871301419294,1.0,51.2
10690_zorya_lugansk_2020s_863202,10690_zorya_lugansk_2020s,10690,Zorya Lugansk,2020s,863202,Sergey Demchenko (863202),Russia  Ukraine,Midfield - Right Midfield,Midfield,RM,1,1,0.0,0,0,0,0,0,0,0.0,3.0,51.1,51.2,0.16754871301419294,1.0,51.2
10690_zorya_lugansk_2020s_880039,10690_zorya_lugansk_2020s,10690,Zorya Lugansk,2020s,880039,Vladyslav Rybak (880039),Ukraine,Goalkeeper,Goalkeeper,GK,1,1,0.0,0,0,0,0,0,0,0.0,3.0,51.1,51.2,0.16754871301419294,1.0,51.2
10690_zorya_lugansk_2020s_892052,10690_zorya_lugansk_2020s,10690,Zorya Lugansk,2020s,892052,Yuriy Dudnyk (892052),Ukraine,Defender - Centre-Back,Defender,CB,1,1,0.0,0,0,0,0,0,0,0.0,3.0,51.1,51.2,0.16754871301419294,1.0,51.2
10690_zorya_lugansk_2020s_955349,10690_zorya_lugansk_2020s,10690,Zorya Lugansk,2020s,955349,Oleksiy Gusev (955349),Ukraine,Defender - Right-Back,Defender,RB,1,1,0.0,0,0,0,0,0,0,0.0,3.0,51.1,51.2,0.16754871301419294,1.0,51.2
10690_zorya_lugansk_2020s_1028757,10690_zorya_lugansk_2020s,10690,Zorya Lugansk,2020s,1028757,Artem Dolbnev (1028757),Ukraine,Midfield - Defensive Midfield,Midfield,CDM,1,1,0.0,0,0,0,0,0,0,0.0,3.0,51.1,51.2,0.16754871301419294,1.0,51.2
10690_zorya_lugansk_2020s_1038054,10690_zorya_lugansk_2020s,10690,Zorya Lugansk,2020s,1038054,Yaroslav Kysil (1038054),Ukraine,Defender - Left-Back,Defender,LB,1,1,0.0,0,0,0,0,0,0,0.0,3.0,51.1,51.2,0.16754871301419294,1.0,51.2
10690_zorya_lugansk_2020s_1074482,10690_zorya_lugansk_2020s,10690,Zorya Lugansk,2020s,1074482,Wendell (1074482),Brazil,Attack - Right Winger,Attack,RM,1,1,0.0,0,0,0,1,0,0,0.0,3.0,51.1,51.2,0.16754871301419294,1.0,51.2
10690_zorya_lugansk_2020s_1116069,10690_zorya_lugansk_2020s,10690,Zorya Lugansk,2020s,1116069,Vitaliy Morokhovets (1116069),Ukraine,Defender - Centre-Back,Defender,CB,1,1,0.0,0,0,0,0,0,0,0.0,3.0,51.1,51.2,0.16754871301419294,1.0,51.2
10690_zorya_mals_lugansk_1990s_24054,10690_zorya_mals_lugansk_1990s,10690,Zorya-Mals Lugansk,1990s,24054,Oleg Shelayev (24054),Ukraine,Midfield - Defensive Midfield,Midfield,CDM,3,3,1.0,0,0,0,6,0,0,2680.0,14.0,95.0,67.0,0.6188356988212653,1.0,67.0
10690_zorya_mals_lugansk_1990s_19521,10690_zorya_mals_lugansk_1990s,10690,Zorya-Mals Lugansk,1990s,19521,Sergiy Omelyanovych (19521),Ukraine  Belgium,Midfield - Defensive Midfield,Midfield,CDM,2,2,0.0,1,0,0,0,0,0,0.0,10.0,82.1,63.6,0.5188838104402214,1.0,63.6
10690_zorya_mals_lugansk_1990s_25917,10690_zorya_mals_lugansk_1990s,10690,Zorya-Mals Lugansk,1990s,25917,Oleksandr Shutov (25917),Ukraine,Midfield - Right Midfield,Midfield,RM,1,1,1.0,0,0,0,1,0,0,1660.0,8.0,75.7,61.9,0.46572047149386575,1.0,61.9
12302_naftovyk_ukrnafta_okhtyrka_2000s_28924,12302_naftovyk_ukrnafta_okhtyrka_2000s,12302,Naftovyk-Ukrnafta Okhtyrka,2000s,28924,Oleksiy Ivanov (28924),Ukraine,Midfield - Attacking Midfield,Midfield,AM,1,1,1.0,5,0,0,5,0,0,1960.0,28.0,95.0,73.2,0.7803704594659611,1.0,73.2
12302_naftovyk_ukrnafta_okhtyrka_2000s_57895,12302_naftovyk_ukrnafta_okhtyrka_2000s,12302,Naftovyk-Ukrnafta Okhtyrka,2000s,57895,Denys Oliynyk (57895),Ukraine,Attack - Left Winger,Attack,LM,1,1,1.0,1,0,0,0,0,0,885.0,12.0,69.3,65.5,0.5752946836661054,1.0,65.5
12302_naftovyk_ukrnafta_okhtyrka_2000s_24028,12302_naftovyk_ukrnafta_okhtyrka_2000s,12302,Naftovyk-Ukrnafta Okhtyrka,2000s,24028,Artem Kusliy (24028),Ukraine,Goalkeeper,Goalkeeper,GK,1,1,0.0,0,4,14,1,0,0,1118.0,9.0,64.5,62.9,0.49735386095742123,1.0,62.9
12302_naftovyk_ukrnafta_okhtyrka_2000s_25861,12302_naftovyk_ukrnafta_okhtyrka_2000s,12302,Naftovyk-Ukrnafta Okhtyrka,2000s,25861,Ivan Kotenko (25861),Ukraine,Midfield - Left Midfield,Midfield,LM,1,1,1.0,0,0,0,2,0,0,1326.0,8.0,62.9,61.9,0.46572047149386575,1.0,61.9
12302_naftovyk_ukrnafta_okhtyrka_2000s_57869,12302_naftovyk_ukrnafta_okhtyrka_2000s,12302,Naftovyk-Ukrnafta Okhtyrka,2000s,57869,Denys Dedechko (57869),Ukraine,Midfield - Defensive Midfield,Midfield,CDM,1,1,1.0,0,0,0,1,0,0,659.0,8.0,62.9,61.9,0.46572047149386575,1.0,61.9
12302_naftovyk_ukrnafta_okhtyrka_2000s_57900,12302_naftovyk_ukrnafta_okhtyrka_2000s,12302,Naftovyk-Ukrnafta Okhtyrka,2000s,57900,Vyacheslav Serdyuk (57900),Ukraine,Defender - Centre-Back,Defender,CB,1,1,1.0,0,0,0,3,0,0,2039.0,8.0,62.9,61.9,0.46572047149386575,1.0,61.9
12302_naftovyk_ukrnafta_okhtyrka_2000s_34766,12302_naftovyk_ukrnafta_okhtyrka_2000s,12302,Naftovyk-Ukrnafta Okhtyrka,2000s,34766,Kostyantyn Balabanov (34766),Ukraine,Attack - Centre-Forward,Attack,FW,1,1,0.0,1,0,0,4,0,0,0.0,7.0,61.2,60.4,0.42097666586480637,1.0,60.4
12302_naftovyk_ukrnafta_okhtyrka_2000s_15878,12302_naftovyk_ukrnafta_okhtyrka_2000s,12302,Naftovyk-Ukrnafta Okhtyrka,2000s,15878,Ruslan Bidnenko (15878),Ukraine,Midfield - Defensive Midfield,Midfield,CDM,1,1,0.0,0,0,0,3,0,0,0.0,3.0,54.8,51.2,0.16754871301419294,1.0,51.2
12302_naftovyk_ukrnafta_okhtyrka_2000s_57878,12302_naftovyk_ukrnafta_okhtyrka_2000s,12302,Naftovyk-Ukrnafta Okhtyrka,2000s,57878,Vasil Gigiadze (57878),Georgia,Midfield - Attacking Midfield,Midfield,AM,1,1,0.0,0,0,0,2,0,0,0.0,3.0,54.8,51.2,0.16754871301419294,1.0,51.2
12302_naftovyk_ukrnafta_okhtyrka_2000s_57901,12302_naftovyk_ukrnafta_okhtyrka_2000s,12302,Naftovyk-Ukrnafta Okhtyrka,2000s,57901,Vyacheslav Sharpar (57901),Ukraine,Midfield - Central Midfield,Midfield,CM,1,1,0.0,0,0,0,0,0,0,0.0,3.0,54.8,51.2,0.16754871301419294,1.0,51.2
12302_naftovyk_ukrnafta_okhtyrka_2000s_122176,12302_naftovyk_ukrnafta_okhtyrka_2000s,12302,Naftovyk-Ukrnafta Okhtyrka,2000s,122176,Oleg Davydov (122176),Ukraine,Defender - Left-Back,Defender,LB,1,1,0.0,0,0,0,1,0,0,0.0,3.0,54.8,51.2,0.16754871301419294,1.0,51.2
12302_naftovyk_ukrnafta_okhtyrka_2000s_60323,12302_naftovyk_ukrnafta_okhtyrka_2000s,12302,Naftovyk-Ukrnafta Okhtyrka,2000s,60323,Anton Monakhov (60323),Russia  Ukraine,Defender - Centre-Back,Defender,CB,1,1,0.0,0,0,0,1,0,0,0.0,2.0,53.2,45.6,0.016237671397642532,1.0,45.6
13017_kremin_kremenchuk_1990s_24127,13017_kremin_kremenchuk_1990s,13017,Kremin Kremenchuk,1990s,24127,Andrey Fedkov (24127),Russia,Attack - Centre-Forward,Attack,FW,4,4,35.0,2,0,0,7,0,4,1058.0,194.0,95.0,91.8,0.9894154438296848,1.0,91.8
13017_kremin_kremenchuk_1990s_96879,13017_kremin_kremenchuk_1990s,13017,Kremin Kremenchuk,1990s,96879,Sergiy Zadorozhnyi (96879),Ukraine,Defender - Left-Back,Defender,LB,1,1,0.0,0,0,0,1,0,0,0.0,3.0,50.7,51.2,0.16754871301419294,1.0,51.2
13017_kremin_kremenchuk_1990s_193271,13017_kremin_kremenchuk_1990s,13017,Kremin Kremenchuk,1990s,193271,Anatoliy Matkevych (193271),Ukraine,Defender - Centre-Back,Defender,CB,1,1,0.0,0,0,0,1,0,0,0.0,3.0,50.7,51.2,0.16754871301419294,1.0,51.2
14809_torpedo_zaporizhya_1990s_857997,14809_torpedo_zaporizhya_1990s,14809,Torpedo Zaporizhya,1990s,857997,Igor Plotko (857997),Ukraine,Midfield - Central Midfield,Midfield,CM,1,1,1.0,1,0,0,2,0,0,1934.0,12.0,95.0,65.5,0.5752946836661054,1.0,65.5
14809_torpedo_zaporizhya_1990s_885332,14809_torpedo_zaporizhya_1990s,14809,Torpedo Zaporizhya,1990s,885332,Oleksandr Sobol (885332),Ukraine,Defender,Defender,CB,3,3,0.0,0,0,0,2,0,0,0.0,9.0,83.8,62.9,0.49735386095742123,1.0,62.9
14809_torpedo_zaporizhya_1990s_373477,14809_torpedo_zaporizhya_1990s,14809,Torpedo Zaporizhya,1990s,373477,Sergiy Tanasyuk (373477),Ukraine,Defender,Defender,CB,1,1,1.0,0,0,0,4,0,0,900.0,8.0,80.0,61.9,0.46572047149386575,1.0,61.9
16239_desna_chernigiv_2010s_237623,16239_desna_chernigiv_2010s,16239,Desna Chernigiv,2010s,237623,Oleksandr Filippov (237623),Ukraine,Attack - Centre-Forward,Attack,FW,2,4,21.0,5,0,0,9,0,3,1290.0,131.0,95.0,88.2,0.9747414000481116,1.0,88.2
16239_desna_chernigiv_2010s_289095,16239_desna_chernigiv_2010s,16239,Desna Chernigiv,2010s,289095,Denys Favorov (289095),Ukraine,Defender - Right-Back,Defender,RB,2,4,13.0,4,0,0,12,0,5,2077.0,87.0,79.9,84.0,0.9497233581910032,1.0,84.0
16239_desna_chernigiv_2010s_94925,16239_desna_chernigiv_2010s,16239,Desna Chernigiv,2010s,94925,Yegor Kartushov (94925),Ukraine,Midfield - Left Midfield,Midfield,LM,2,4,4.0,11,0,0,6,0,0,2293.0,70.0,74.0,82.3,0.928193408708203,1.0,82.3
16239_desna_chernigiv_2010s_170245,16239_desna_chernigiv_2010s,16239,Desna Chernigiv,2010s,170245,Artem Favorov (170245),Ukraine  Hungary,Midfield - Central Midfield,Midfield,CM,2,3,8.0,4,0,0,16,0,2,1725.0,62.0,71.3,81.2,0.9155641087322588,1.0,81.2
16239_desna_chernigiv_2010s_108710,16239_desna_chernigiv_2010s,16239,Desna Chernigiv,2010s,108710,Vladyslav Kalitvintsev (108710),Ukraine  Russia,Midfield - Right Midfield,Midfield,RM,1,2,6.0,3,0,0,5,0,0,686.0,45.0,65.5,77.7,0.8707000240558095,1.0,77.7
16239_desna_chernigiv_2010s_269371,16239_desna_chernigiv_2010s,16239,Desna Chernigiv,2010s,269371,Denys Bezborodko (269371),Ukraine,Attack - Centre-Forward,Attack,FW,1,2,5.0,2,0,0,3,0,0,209.0,36.0,62.4,75.3,0.832571566033197,1.0,75.3
16239_desna_chernigiv_2010s_49016,16239_desna_chernigiv_2010s,16239,Desna Chernigiv,2010s,49016,Yevgen Past (49016),Ukraine,Goalkeeper,Goalkeeper,GK,2,4,0.0,0,18,54,5,0,0,4590.0,33.0,61.3,74.6,0.8146499879720953,1.0,74.6
16239_desna_chernigiv_2010s_277777,16239_desna_chernigiv_2010s,16239,Desna Chernigiv,2010s,277777,Andriy Totovytskyi (277777),Ukraine,Midfield - Attacking Midfield,Midfield,AM,1,2,4.0,1,0,0,2,0,0,282.0,27.0,59.3,72.9,0.7733942747173442,1.0,72.9
16239_desna_chernigiv_2010s_467250,16239_desna_chernigiv_2010s,16239,Desna Chernigiv,2010s,467250,Yukhym Konoplya (467250),Ukraine,Defender - Right-Back,Defender,RB,1,2,0.0,6,0,0,2,0,0,0.0,27.0,59.3,72.9,0.7733942747173442,1.0,72.9
16239_desna_chernigiv_2010s_353252,16239_desna_chernigiv_2010s,16239,Desna Chernigiv,2010s,353252,Orest Kuzyk (353252),Ukraine,Attack - Left Winger,Attack,LM,1,2,1.0,4,0,0,0,0,0,689.0,24.0,58.2,71.9,0.7468126052441665,1.0,71.9
16239_desna_chernigiv_2010s_193323,16239_desna_chernigiv_2010s,16239,Desna Chernigiv,2010s,193323,Maksim Degtyarov (193323),Russia  Ukraine,Attack - Centre-Forward,Attack,FW,1,1,2.0,2,0,0,2,0,0,270.0,21.0,57.2,70.7,0.7179456338705797,1.0,70.7
16239_desna_chernigiv_2010s_94924,16239_desna_chernigiv_2010s,16239,Desna Chernigiv,2010s,94924,Maksym Imerekov (94924),Ukraine,Defender - Centre-Back,Defender,CB,2,4,2.0,1,0,0,7,0,0,810.0,20.0,56.9,70.2,0.7051960548472456,1.0,70.2
16239_desna_chernigiv_2010s_92567,16239_desna_chernigiv_2010s,16239,Desna Chernigiv,2010s,92567,Andriy Bogdanov (92567),Ukraine,Midfield - Central Midfield,Midfield,CM,2,3,1.0,2,0,0,6,0,0,716.0,19.0,56.5,69.6,0.6904017320182824,1.0,69.6
16239_desna_chernigiv_2010s_99863,16239_desna_chernigiv_2010s,16239,Desna Chernigiv,2010s,99863,Pylyp Budkivskyi (99863),Ukraine,Attack - Centre-Forward,Attack,FW,1,2,3.0,0,0,0,5,0,0,147.0,18.0,56.2,69.1,0.6780129901371181,1.0,69.1
16239_desna_chernigiv_2010s_168292,16239_desna_chernigiv_2010s,16239,Desna Chernigiv,2010s,168292,Levan Arveladze (168292),Ukraine  Georgia,Midfield - Central Midfield,Midfield,CM,1,2,1.0,1,0,0,2,0,0,360.0,12.0,54.1,65.5,0.5752946836661054,1.0,65.5
16239_desna_chernigiv_2010s_93105,16239_desna_chernigiv_2010s,16239,Desna Chernigiv,2010s,93105,Igor Lytovka (93105),Ukraine,Goalkeeper,Goalkeeper,GK,2,4,0.0,0,3,20,0,0,0,1170.0,10.5,53.6,64.1,0.5318739475583354,1.0,64.1
16239_desna_chernigiv_2010s_111072,16239_desna_chernigiv_2010s,16239,Desna Chernigiv,2010s,111072,Vladyslav Ogirya (111072),Ukraine,Midfield - Defensive Midfield,Midfield,CDM,2,4,0.0,1,0,0,12,0,0,0.0,10.0,53.4,63.6,0.5188838104402214,1.0,63.6
16239_desna_chernigiv_2010s_111556,16239_desna_chernigiv_2010s,16239,Desna Chernigiv,2010s,111556,Joonas Tamm (111556),Estonia,Defender - Centre-Back,Defender,CB,1,2,1.0,0,0,0,3,0,0,729.0,8.0,52.7,61.9,0.46572047149386575,1.0,61.9
16239_desna_chernigiv_2010s_381273,16239_desna_chernigiv_2010s,16239,Desna Chernigiv,2010s,381273,Andriy Dombrovskyi (381273),Ukraine,Midfield - Defensive Midfield,Midfield,CDM,1,2,0.0,1,0,0,1,0,0,0.0,7.0,52.4,60.4,0.42097666586480637,1.0,60.4
16239_desna_chernigiv_2010s_596235,16239_desna_chernigiv_2010s,16239,Desna Chernigiv,2010s,596235,Yevgeniy Belych (596235),Ukraine,Midfield - Attacking Midfield,Midfield,AM,2,2,0.0,0,0,0,0,0,0,0.0,6.0,52.1,58.6,0.36901611739235024,1.0,58.6
16239_desna_chernigiv_2010s_169260,16239_desna_chernigiv_2010s,16239,Desna Chernigiv,2010s,169260,Vitaliy Yermakov (169260),Ukraine,Defender - Centre-Back,Defender,CB,2,3,0.0,0,0,0,0,0,0,0.0,5.0,51.7,57.4,0.33317296127014673,1.0,57.4
16239_desna_chernigiv_2010s_43332,16239_desna_chernigiv_2010s,16239,Desna Chernigiv,2010s,43332,Oleksandr Kovpak (43332),Ukraine,Attack - Centre-Forward,Attack,FW,1,1,0.0,0,0,0,0,0,0,0.0,3.0,51.0,51.2,0.16754871301419294,1.0,51.2
16239_desna_chernigiv_2010s_91991,16239_desna_chernigiv_2010s,16239,Desna Chernigiv,2010s,91991,Sergiy Lyulka (91991),Ukraine,Defender - Right-Back,Defender,RB,1,2,0.0,0,0,0,1,0,0,0.0,3.0,51.0,51.2,0.16754871301419294,1.0,51.2
16239_desna_chernigiv_2010s_111074,16239_desna_chernigiv_2010s,16239,Desna Chernigiv,2010s,111074,Artur Zapadnya (111074),Ukraine,Defender - Left-Back,Defender,LB,1,2,0.0,0,0,0,1,0,0,0.0,3.0,51.0,51.2,0.16754871301419294,1.0,51.2
16239_desna_chernigiv_2010s_167553,16239_desna_chernigiv_2010s,16239,Desna Chernigiv,2010s,167553,Anton Bratkov (167553),Ukraine,Defender - Centre-Back,Defender,CB,1,1,0.0,0,0,0,1,0,0,0.0,3.0,51.0,51.2,0.16754871301419294,1.0,51.2
16239_desna_chernigiv_2010s_272776,16239_desna_chernigiv_2010s,16239,Desna Chernigiv,2010s,272776,Maksym Banasevych (272776),Ukraine,Midfield - Left Midfield,Midfield,LM,1,1,0.0,0,0,0,0,0,0,0.0,3.0,51.0,51.2,0.16754871301419294,1.0,51.2
16239_desna_chernigiv_2010s_383198,16239_desna_chernigiv_2010s,16239,Desna Chernigiv,2010s,383198,Ilya Shevtsov (383198),Ukraine,Attack - Centre-Forward,Attack,FW,1,1,0.0,0,0,0,0,0,0,0.0,3.0,51.0,51.2,0.16754871301419294,1.0,51.2
16239_desna_chernigiv_2010s_521841,16239_desna_chernigiv_2010s,16239,Desna Chernigiv,2010s,521841,Andriy Yakymiv (521841),Ukraine,Defender - Centre-Back,Defender,CB,1,2,0.0,0,0,0,0,0,0,0.0,3.0,51.0,51.2,0.16754871301419294,1.0,51.2
16239_desna_chernigiv_2010s_775868,16239_desna_chernigiv_2010s,16239,Desna Chernigiv,2010s,775868,Denys Demyanenko (775868),Ukraine,Midfield - Defensive Midfield,Midfield,CDM,1,1,0.0,0,0,0,0,0,0,0.0,3.0,51.0,51.2,0.16754871301419294,1.0,51.2
16239_desna_chernigiv_2010s_255443,16239_desna_chernigiv_2010s,16239,Desna Chernigiv,2010s,255443,Kobe (255443),Georgia,Midfield - Defensive Midfield,Midfield,CDM,1,1,0.0,0,0,0,3,0,0,0.0,2.0,50.7,45.6,0.016237671397642532,1.0,45.6
16239_desna_chernigiv_2010s_120262,16239_desna_chernigiv_2010s,16239,Desna Chernigiv,2010s,120262,Dmytro Nemchaninov (120262),Ukraine,Defender - Centre-Back,Defender,CB,1,2,0.0,0,0,0,1,1,0,0.0,1.5,50.5,45.4,0.00950204474380563,1.0,45.4
16239_desna_chernigiv_2010s_296366,16239_desna_chernigiv_2010s,16239,Desna Chernigiv,2010s,296366,Oleksiy Gutsulyak (296366),Ukraine,Attack - Right Winger,Attack,RM,1,2,0.0,0,0,0,1,1,0,0.0,1.5,50.5,45.4,0.00950204474380563,1.0,45.4
16239_desna_chernigiv_2020s_277777,16239_desna_chernigiv_2020s,16239,Desna Chernigiv,2020s,277777,Andriy Totovytskyi (277777),Ukraine,Midfield - Attacking Midfield,Midfield,AM,2,2,12.0,8,0,0,1,0,2,510.0,98.0,95.0,85.2,0.9568198219870099,1.0,85.2
16239_desna_chernigiv_2020s_108710,16239_desna_chernigiv_2020s,16239,Desna Chernigiv,2020s,108710,Vladyslav Kalitvintsev (108710),Ukraine  Russia,Midfield - Right Midfield,Midfield,RM,2,2,4.0,10,0,0,10,0,0,2164.0,66.0,80.3,81.9,0.9237430839547751,1.0,81.9
16239_desna_chernigiv_2020s_99863,16239_desna_chernigiv_2020s,16239,Desna Chernigiv,2020s,99863,Pylyp Budkivskyi (99863),Ukraine,Attack - Centre-Forward,Attack,FW,2,2,8.0,4,0,0,6,0,2,1113.0,62.0,78.5,81.2,0.9155641087322588,1.0,81.2
16239_desna_chernigiv_2020s_269371,16239_desna_chernigiv_2020s,16239,Desna Chernigiv,2020s,269371,Denys Bezborodko (269371),Ukraine,Attack - Centre-Forward,Attack,FW,2,2,8.0,3,0,0,3,0,0,637.0,57.0,76.2,80.4,0.9043781573249939,1.0,80.4
16239_desna_chernigiv_2020s_296366,16239_desna_chernigiv_2020s,16239,Desna Chernigiv,2020s,296366,Oleksiy Gutsulyak (296366),Ukraine,Attack - Right Winger,Attack,RM,2,2,2.0,7,0,0,3,0,0,836.0,44.0,70.2,77.3,0.8663699783497715,1.0,77.3
16239_desna_chernigiv_2020s_94925,16239_desna_chernigiv_2020s,16239,Desna Chernigiv,2020s,94925,Yegor Kartushov (94925),Ukraine,Midfield - Left Midfield,Midfield,LM,2,2,2.0,3,0,0,4,0,0,563.0,28.0,62.9,73.2,0.7803704594659611,1.0,73.2
16239_desna_chernigiv_2020s_193323,16239_desna_chernigiv_2020s,16239,Desna Chernigiv,2020s,193323,Maksim Degtyarov (193323),Russia  Ukraine,Attack - Centre-Forward,Attack,FW,2,2,3.0,1,0,0,2,0,0,397.0,25.0,61.5,72.2,0.7552321385614625,1.0,72.2
16239_desna_chernigiv_2020s_213984,16239_desna_chernigiv_2020s,16239,Desna Chernigiv,2020s,213984,Taras Zaviyskyi (213984),Ukraine,Midfield - Right Midfield,Midfield,RM,1,1,3.0,2,0,0,3,0,0,468.0,24.0,61.0,71.9,0.7468126052441665,1.0,71.9
16239_desna_chernigiv_2020s_467250,16239_desna_chernigiv_2020s,16239,Desna Chernigiv,2020s,467250,Yukhym Konoplya (467250),Ukraine,Defender - Right-Back,Defender,RB,1,1,1.0,3,0,0,7,0,0,1802.0,20.0,59.2,70.2,0.7051960548472456,1.0,70.2
16239_desna_chernigiv_2020s_383198,16239_desna_chernigiv_2020s,16239,Desna Chernigiv,2020s,383198,Ilya Shevtsov (383198),Ukraine,Attack - Centre-Forward,Attack,FW,2,2,1.0,2,0,0,0,0,0,172.0,19.0,58.7,69.6,0.6904017320182824,1.0,69.6
16239_desna_chernigiv_2020s_470831,16239_desna_chernigiv_2020s,16239,Desna Chernigiv,2020s,470831,Vikentiy Voloshyn (470831),Ukraine,Midfield - Attacking Midfield,Midfield,AM,1,1,2.0,1,0,0,2,0,0,163.0,17.0,57.8,68.6,0.6645417368294443,1.0,68.6
16239_desna_chernigiv_2020s_157373,16239_desna_chernigiv_2020s,16239,Desna Chernigiv,2020s,157373,Vladlen Yurchenko (157373),Ukraine,Midfield - Attacking Midfield,Midfield,AM,1,1,1.0,2,0,0,0,0,0,488.0,16.0,57.3,67.9,0.6464998797209526,1.0,67.9
16239_desna_chernigiv_2020s_93105,16239_desna_chernigiv_2020s,16239,Desna Chernigiv,2020s,93105,Igor Lytovka (93105),Ukraine,Goalkeeper,Goalkeeper,GK,2,2,0.0,0,6,29,2,0,0,1622.0,15.0,56.9,67.4,0.6314649987972095,1.0,67.4
16239_desna_chernigiv_2020s_49016,16239_desna_chernigiv_2020s,16239,Desna Chernigiv,2020s,49016,Yevgen Past (49016),Ukraine,Goalkeeper,Goalkeeper,GK,1,1,0.0,0,7,24,1,0,0,1888.0,13.5,56.2,66.7,0.610897281693529,1.0,66.7
16239_desna_chernigiv_2020s_94924,16239_desna_chernigiv_2020s,16239,Desna Chernigiv,2020s,94924,Maksym Imerekov (94924),Ukraine,Defender - Centre-Back,Defender,CB,1,1,2.0,0,0,0,5,0,0,650.0,11.0,55.1,64.6,0.5475102237190281,1.0,64.6
16239_desna_chernigiv_2020s_168292,16239_desna_chernigiv_2020s,16239,Desna Chernigiv,2020s,168292,Levan Arveladze (168292),Ukraine  Georgia,Midfield - Central Midfield,Midfield,CM,2,2,1.0,0,0,0,2,0,0,1032.0,11.0,55.1,64.6,0.5475102237190281,1.0,64.6
16239_desna_chernigiv_2020s_381273,16239_desna_chernigiv_2020s,16239,Desna Chernigiv,2020s,381273,Andriy Dombrovskyi (381273),Ukraine,Midfield - Defensive Midfield,Midfield,CDM,2,2,0.0,1,0,0,7,0,0,0.0,9.0,54.1,62.9,0.49735386095742123,1.0,62.9
16239_desna_chernigiv_2020s_111556,16239_desna_chernigiv_2020s,16239,Desna Chernigiv,2020s,111556,Joonas Tamm (111556),Estonia,Defender - Centre-Back,Defender,CB,1,1,1.0,0,0,0,3,0,0,1748.0,8.0,53.7,61.9,0.46572047149386575,1.0,61.9
16239_desna_chernigiv_2020s_169260,16239_desna_chernigiv_2020s,16239,Desna Chernigiv,2020s,169260,Vitaliy Yermakov (169260),Ukraine,Defender - Centre-Back,Defender,CB,1,1,1.0,0,0,0,3,0,0,714.0,8.0,53.7,61.9,0.46572047149386575,1.0,61.9
16239_desna_chernigiv_2020s_237623,16239_desna_chernigiv_2020s,16239,Desna Chernigiv,2020s,237623,Oleksandr Filippov (237623),Ukraine,Attack - Centre-Forward,Attack,FW,1,1,1.0,0,0,0,0,0,1,155.0,8.0,53.7,61.9,0.46572047149386575,1.0,61.9
16239_desna_chernigiv_2020s_123543,16239_desna_chernigiv_2020s,16239,Desna Chernigiv,2020s,123543,Artem Sukhotskyi (123543),Ukraine,Midfield - Left Midfield,Midfield,LM,1,1,0.0,1,0,0,2,0,0,0.0,7.0,53.2,60.4,0.42097666586480637,1.0,60.4
16239_desna_chernigiv_2020s_111072,16239_desna_chernigiv_2020s,16239,Desna Chernigiv,2020s,111072,Vladyslav Ogirya (111072),Ukraine,Midfield - Defensive Midfield,Midfield,CDM,1,1,0.0,1,0,0,7,0,0,0.0,6.0,52.8,58.6,0.36901611739235024,1.0,58.6
16239_desna_chernigiv_2020s_117481,16239_desna_chernigiv_2020s,16239,Desna Chernigiv,2020s,117481,Roman Mysak (117481),Ukraine,Goalkeeper,Goalkeeper,GK,1,1,0.0,0,2,6,1,0,0,450.0,6.0,52.8,58.6,0.36901611739235024,1.0,58.6
16239_desna_chernigiv_2020s_596235,16239_desna_chernigiv_2020s,16239,Desna Chernigiv,2020s,596235,Yevgeniy Belych (596235),Ukraine,Midfield - Attacking Midfield,Midfield,AM,2,2,0.0,0,0,0,0,0,0,0.0,6.0,52.8,58.6,0.36901611739235024,1.0,58.6
16239_desna_chernigiv_2020s_775868,16239_desna_chernigiv_2020s,16239,Desna Chernigiv,2020s,775868,Denys Demyanenko (775868),Ukraine,Midfield - Defensive Midfield,Midfield,CDM,2,2,0.0,0,0,0,0,0,0,0.0,6.0,52.8,58.6,0.36901611739235024,1.0,58.6
16239_desna_chernigiv_2020s_822900,16239_desna_chernigiv_2020s,16239,Desna Chernigiv,2020s,822900,Dmytro Sydorenko (822900),Ukraine,Goalkeeper,Goalkeeper,GK,2,2,0.0,0,0,0,0,0,0,0.0,6.0,52.8,58.6,0.36901611739235024,1.0,58.6
16239_desna_chernigiv_2020s_61779,16239_desna_chernigiv_2020s,16239,Desna Chernigiv,2020s,61779,Vadym Zhuk (61779),Ukraine,Defender - Right-Back,Defender,RB,1,1,0.0,0,0,0,1,0,0,0.0,3.0,51.4,51.2,0.16754871301419294,1.0,51.2
16239_desna_chernigiv_2020s_111074,16239_desna_chernigiv_2020s,16239,Desna Chernigiv,2020s,111074,Artur Zapadnya (111074),Ukraine,Defender - Left-Back,Defender,LB,1,1,0.0,0,0,0,0,0,0,0.0,3.0,51.4,51.2,0.16754871301419294,1.0,51.2
16239_desna_chernigiv_2020s_216579,16239_desna_chernigiv_2020s,16239,Desna Chernigiv,2020s,216579,Pavlo Polegenko (216579),Ukraine,Defender - Right-Back,Defender,RB,1,1,0.0,0,0,0,0,0,0,0.0,3.0,51.4,51.2,0.16754871301419294,1.0,51.2
16239_desna_chernigiv_2020s_244911,16239_desna_chernigiv_2020s,16239,Desna Chernigiv,2020s,244911,Aleksandr Masalov (244911),Russia  Ukraine,Defender - Left-Back,Defender,LB,1,1,0.0,0,0,0,0,0,0,0.0,3.0,51.4,51.2,0.16754871301419294,1.0,51.2
16239_desna_chernigiv_2020s_264063,16239_desna_chernigiv_2020s,16239,Desna Chernigiv,2020s,264063,Sergiy Bolbat (264063),Ukraine,Attack - Right Winger,Attack,RM,1,1,0.0,0,0,0,3,0,0,0.0,3.0,51.4,51.2,0.16754871301419294,1.0,51.2
16239_desna_chernigiv_2020s_363063,16239_desna_chernigiv_2020s,16239,Desna Chernigiv,2020s,363063,Oleksiy Kovtun (363063),Ukraine,Defender - Centre-Back,Defender,CB,1,1,0.0,0,0,0,1,0,0,0.0,3.0,51.4,51.2,0.16754871301419294,1.0,51.2
16239_desna_chernigiv_2020s_376226,16239_desna_chernigiv_2020s,16239,Desna Chernigiv,2020s,376226,Yevgeniy Tsymbalyuk (376226),Ukraine,Defender - Centre-Back,Defender,CB,1,1,0.0,0,0,0,3,0,0,0.0,3.0,51.4,51.2,0.16754871301419294,1.0,51.2
16239_desna_chernigiv_2020s_461670,16239_desna_chernigiv_2020s,16239,Desna Chernigiv,2020s,461670,Bogdan Biloshevskyi (461670),Ukraine,Midfield - Defensive Midfield,Midfield,CDM,1,1,0.0,0,0,0,0,0,0,0.0,3.0,51.4,51.2,0.16754871301419294,1.0,51.2
16239_desna_chernigiv_2020s_467241,16239_desna_chernigiv_2020s,16239,Desna Chernigiv,2020s,467241,Oleksandr Safronov (467241),Ukraine,Defender - Centre-Back,Defender,CB,1,1,0.0,0,0,0,3,0,0,0.0,3.0,51.4,51.2,0.16754871301419294,1.0,51.2
16239_desna_chernigiv_2020s_537860,16239_desna_chernigiv_2020s,16239,Desna Chernigiv,2020s,537860,Mykhaylo Mudryk (537860),Ukraine,Attack - Left Winger,Attack,LM,1,1,0.0,0,0,0,1,0,0,0.0,3.0,51.4,51.2,0.16754871301419294,1.0,51.2
16239_desna_chernigiv_2020s_539436,16239_desna_chernigiv_2020s,16239,Desna Chernigiv,2020s,539436,Kristian Bilovar (539436),Ukraine  Hungary,Defender - Centre-Back,Defender,CB,1,1,0.0,0,0,0,0,0,0,0.0,3.0,51.4,51.2,0.16754871301419294,1.0,51.2
16239_desna_chernigiv_2020s_623318,16239_desna_chernigiv_2020s,16239,Desna Chernigiv,2020s,623318,llya Karavashchenko (623318),Ukraine,Goalkeeper,Goalkeeper,GK,1,1,0.0,0,0,0,0,0,0,0.0,3.0,51.4,51.2,0.16754871301419294,1.0,51.2
16239_desna_chernigiv_2020s_59442,16239_desna_chernigiv_2020s,16239,Desna Chernigiv,2020s,59442,Yevgen Selin (59442),Ukraine,Defender - Centre-Back,Defender,CB,1,1,0.0,0,0,0,5,1,0,0.0,1.5,50.7,45.4,0.00950204474380563,1.0,45.4
16245_fc_sevastopol__2014_2010s_43332,16245_fc_sevastopol__2014_2010s,16245,FC Sevastopol (- 2014),2010s,43332,Oleksandr Kovpak (43332),Ukraine,Attack - Centre-Forward,Attack,FW,1,1,5.0,2,0,0,1,0,0,359.0,36.0,95.0,75.3,0.832571566033197,1.0,75.3
16245_fc_sevastopol__2014_2010s_58946,16245_fc_sevastopol__2014_2010s,16245,FC Sevastopol (- 2014),2010s,58946,Artur Karnoza (58946),Ukraine,Midfield - Attacking Midfield,Midfield,AM,1,1,3.0,2,0,0,3,0,0,493.0,26.0,82.5,72.6,0.7647341833052682,1.0,72.6
16245_fc_sevastopol__2014_2010s_58403,16245_fc_sevastopol__2014_2010s,16245,FC Sevastopol (- 2014),2010s,58403,Denys Kozhanov (58403),Ukraine,Attack - Right Winger,Attack,RM,1,1,1.0,4,0,0,3,0,0,1794.0,24.0,80.0,71.9,0.7468126052441665,1.0,71.9
16245_fc_sevastopol__2014_2010s_12064,16245_fc_sevastopol__2014_2010s,16245,FC Sevastopol (- 2014),2010s,12064,Igor Skoba (12064),Ukraine  Russia,Midfield - Central Midfield,Midfield,CM,1,1,2.0,0,0,0,2,0,0,377.0,13.0,66.2,66.3,0.600072167428434,1.0,66.3
16245_fc_sevastopol__2014_2010s_99863,16245_fc_sevastopol__2014_2010s,16245,FC Sevastopol (- 2014),2010s,99863,Pylyp Budkivskyi (99863),Ukraine,Attack - Centre-Forward,Attack,FW,1,1,2.0,0,0,0,2,0,0,262.0,13.0,66.2,66.3,0.600072167428434,1.0,66.3
16245_fc_sevastopol__2014_2010s_95707,16245_fc_sevastopol__2014_2010s,16245,FC Sevastopol (- 2014),2010s,95707,Volodymyr Tanchyk (95707),Ukraine,Midfield - Right Midfield,Midfield,RM,1,1,1.0,1,0,0,1,0,0,527.0,12.0,65.0,65.5,0.5752946836661054,1.0,65.5
16245_fc_sevastopol__2014_2010s_197622,16245_fc_sevastopol__2014_2010s,16245,FC Sevastopol (- 2014),2010s,197622,Farley Rosa (197622),Brazil  Portugal,Attack - Left Winger,Attack,LM,1,1,1.0,1,0,0,5,0,0,902.0,12.0,65.0,65.5,0.5752946836661054,1.0,65.5
16245_fc_sevastopol__2014_2010s_43290,16245_fc_sevastopol__2014_2010s,16245,FC Sevastopol (- 2014),2010s,43290,Oleg Chuvaev (43290),Ukraine  Russia,Goalkeeper,Goalkeeper,GK,1,1,0.0,0,5,15,1,0,0,1023.0,10.5,63.1,64.1,0.5318739475583354,1.0,64.1
16245_fc_sevastopol__2014_2010s_93105,16245_fc_sevastopol__2014_2010s,16245,FC Sevastopol (- 2014),2010s,93105,Igor Lytovka (93105),Ukraine,Goalkeeper,Goalkeeper,GK,2,2,0.0,0,2,33,1,0,0,1628.0,9.0,61.2,62.9,0.49735386095742123,1.0,62.9
16245_fc_sevastopol__2014_2010s_14925,16245_fc_sevastopol__2014_2010s,16245,FC Sevastopol (- 2014),2010s,14925,Julius Aghahowa (14925),Nigeria,Attack - Centre-Forward,Attack,FW,1,1,1.0,0,0,0,3,0,0,852.0,8.0,60.0,61.9,0.46572047149386575,1.0,61.9
16245_fc_sevastopol__2014_2010s_91358,16245_fc_sevastopol__2014_2010s,16245,FC Sevastopol (- 2014),2010s,91358,Yevgen Novak (91358),Ukraine,Defender - Centre-Back,Defender,CB,1,1,1.0,0,0,0,4,0,0,1177.0,8.0,60.0,61.9,0.46572047149386575,1.0,61.9
16245_fc_sevastopol__2014_2010s_58002,16245_fc_sevastopol__2014_2010s,16245,FC Sevastopol (- 2014),2010s,58002,Volodymyr Fedoriv (58002),Ukraine,Defender - Right-Back,Defender,RB,1,1,0.0,1,0,0,1,0,0,0.0,6.0,57.5,58.6,0.36901611739235024,1.0,58.6
16245_fc_sevastopol__2014_2010s_94931,16245_fc_sevastopol__2014_2010s,16245,FC Sevastopol (- 2014),2010s,94931,Vitaliy Vitsenets (94931),Ukraine  Russia,Midfield - Central Midfield,Midfield,CM,1,1,1.0,0,0,0,5,0,0,592.0,6.0,57.5,58.6,0.36901611739235024,1.0,58.6
16245_fc_sevastopol__2014_2010s_43288,16245_fc_sevastopol__2014_2010s,16245,FC Sevastopol (- 2014),2010s,43288,Oleksandr Chyzhov (43288),Ukraine,Defender - Centre-Back,Defender,CB,1,1,0.0,0,0,0,1,0,0,0.0,3.0,53.8,51.2,0.16754871301419294,1.0,51.2
16245_fc_sevastopol__2014_2010s_58389,16245_fc_sevastopol__2014_2010s,16245,FC Sevastopol (- 2014),2010s,58389,Oleg Dopilka (58389),Ukraine,Defender - Centre-Back,Defender,CB,1,1,0.0,0,0,0,1,0,0,0.0,3.0,53.8,51.2,0.16754871301419294,1.0,51.2
16245_fc_sevastopol__2014_2010s_58413,16245_fc_sevastopol__2014_2010s,16245,FC Sevastopol (- 2014),2010s,58413,Volodymyr Lysenko (58413),Ukraine,Attack - Centre-Forward,Attack,FW,1,1,0.0,0,0,0,1,0,0,0.0,3.0,53.8,51.2,0.16754871301419294,1.0,51.2
16245_fc_sevastopol__2014_2010s_58956,16245_fc_sevastopol__2014_2010s,16245,FC Sevastopol (- 2014),2010s,58956,Oleksandr Maksymov (58956),Ukraine,Midfield - Central Midfield,Midfield,CM,1,1,0.0,0,0,0,4,0,0,0.0,3.0,53.8,51.2,0.16754871301419294,1.0,51.2
16245_fc_sevastopol__2014_2010s_59133,16245_fc_sevastopol__2014_2010s,16245,FC Sevastopol (- 2014),2010s,59133,Oleksandr Shevelyukhin (59133),Ukraine  Poland,Defender - Centre-Back,Defender,CB,1,1,0.0,0,0,0,4,0,0,0.0,3.0,53.8,51.2,0.16754871301419294,1.0,51.2
16245_fc_sevastopol__2014_2010s_69581,16245_fc_sevastopol__2014_2010s,16245,FC Sevastopol (- 2014),2010s,69581,Kostyantyn Makhnovskyi (69581),Ukraine,Goalkeeper,Goalkeeper,GK,1,1,0.0,0,0,0,0,0,0,0.0,3.0,53.8,51.2,0.16754871301419294,1.0,51.2
16245_fc_sevastopol__2014_2010s_81633,16245_fc_sevastopol__2014_2010s,16245,FC Sevastopol (- 2014),2010s,81633,Marian Marushchak (81633),Ukraine,Goalkeeper,Goalkeeper,GK,1,1,0.0,0,0,8,0,0,0,270.0,3.0,53.8,51.2,0.16754871301419294,1.0,51.2
16245_fc_sevastopol__2014_2010s_91352,16245_fc_sevastopol__2014_2010s,16245,FC Sevastopol (- 2014),2010s,91352,Dmytro Gololobov (91352),Ukraine,Defender - Centre-Back,Defender,CB,1,1,0.0,0,0,0,0,0,0,0.0,3.0,53.8,51.2,0.16754871301419294,1.0,51.2
16245_fc_sevastopol__2014_2010s_91541,16245_fc_sevastopol__2014_2010s,16245,FC Sevastopol (- 2014),2010s,91541,Andrey Stepanov (91541),Russia  Ukraine,Defender - Centre-Back,Defender,CB,1,1,0.0,0,0,0,0,0,0,0.0,3.0,53.8,51.2,0.16754871301419294,1.0,51.2
16245_fc_sevastopol__2014_2010s_91579,16245_fc_sevastopol__2014_2010s,16245,FC Sevastopol (- 2014),2010s,91579,Roman Voynarovskiy (91579),Russia  Ukraine,Midfield - Defensive Midfield,Midfield,CDM,1,1,0.0,0,0,0,0,0,0,0.0,3.0,53.8,51.2,0.16754871301419294,1.0,51.2
16245_fc_sevastopol__2014_2010s_123214,16245_fc_sevastopol__2014_2010s,16245,FC Sevastopol (- 2014),2010s,123214,Volodymyr Koval (123214),Ukraine,Attack - Centre-Forward,Attack,FW,1,1,0.0,0,0,0,0,0,0,0.0,3.0,53.8,51.2,0.16754871301419294,1.0,51.2
16245_fc_sevastopol__2014_2010s_214239,16245_fc_sevastopol__2014_2010s,16245,FC Sevastopol (- 2014),2010s,214239,Dato Dartsimelia (214239),Georgia,Attack - Centre-Forward,Attack,FW,1,1,0.0,0,0,0,0,0,0,0.0,3.0,53.8,51.2,0.16754871301419294,1.0,51.2
16245_fc_sevastopol__2014_2010s_230409,16245_fc_sevastopol__2014_2010s,16245,FC Sevastopol (- 2014),2010s,230409,Yevgen Neplyakh (230409),Ukraine,Defender - Left-Back,Defender,LB,1,1,0.0,0,0,0,3,0,0,0.0,3.0,53.8,51.2,0.16754871301419294,1.0,51.2
16245_fc_sevastopol__2014_2010s_93862,16245_fc_sevastopol__2014_2010s,16245,FC Sevastopol (- 2014),2010s,93862,Denys Prychynenko (93862),Ukraine  Germany,Defender - Centre-Back,Defender,CB,1,1,0.0,0,0,0,2,0,0,0.0,2.0,52.5,45.6,0.016237671397642532,1.0,45.6
16247_pfc_stal_kamyanske_2018_2010s_353252,16247_pfc_stal_kamyanske_2018_2010s,16247,PFC Stal Kamyanske (-2018),2010s,353252,Orest Kuzyk (353252),Ukraine,Attack - Left Winger,Attack,LM,2,3,8.0,4,0,0,0,0,1,703.0,62.0,95.0,81.2,0.9155641087322588,1.0,81.2
16247_pfc_stal_kamyanske_2018_2010s_49030,16247_pfc_stal_kamyanske_2018_2010s,16247,PFC Stal Kamyanske (-2018),2010s,49030,Denys Vasin (49030),Ukraine,Attack - Right Winger,Attack,RM,1,1,4.0,3,0,0,7,0,1,416.0,35.0,75.4,75.1,0.8263170555689199,1.0,75.1
16247_pfc_stal_kamyanske_2018_2010s_316945,16247_pfc_stal_kamyanske_2018_2010s,16247,PFC Stal Kamyanske (-2018),2010s,316945,Maryan Mysyk (316945),Ukraine,Midfield - Left Midfield,Midfield,LM,2,3,1.0,5,0,0,10,0,1,802.0,31.0,72.5,74.0,0.8010584556170315,1.0,74.0
16247_pfc_stal_kamyanske_2018_2010s_59636,16247_pfc_stal_kamyanske_2018_2010s,16247,PFC Stal Kamyanske (-2018),2010s,59636,Boy Deul (59636),Curacao  Netherlands,Midfield - Attacking Midfield,Midfield,AM,1,1,2.0,3,0,0,0,0,1,518.0,25.0,68.1,72.2,0.7552321385614625,1.0,72.2
16247_pfc_stal_kamyanske_2018_2010s_501612,16247_pfc_stal_kamyanske_2018_2010s,16247,PFC Stal Kamyanske (-2018),2010s,501612,Yuriy Klymchuk (501612),Ukraine,Attack - Centre-Forward,Attack,FW,2,3,2.0,1,0,0,7,0,0,1608.0,20.0,64.5,70.2,0.7051960548472456,1.0,70.2
16247_pfc_stal_kamyanske_2018_2010s_91527,16247_pfc_stal_kamyanske_2018_2010s,16247,PFC Stal Kamyanske (-2018),2010s,91527,Roman Karasyuk (91527),Ukraine,Midfield - Defensive Midfield,Midfield,CDM,1,1,3.0,0,0,0,6,0,0,791.0,18.0,63.1,69.1,0.6780129901371181,1.0,69.1
16247_pfc_stal_kamyanske_2018_2010s_262182,16247_pfc_stal_kamyanske_2018_2010s,16247,PFC Stal Kamyanske (-2018),2010s,262182,Roman Debelko (262182),Ukraine,Attack - Centre-Forward,Attack,FW,1,1,3.0,0,0,0,0,0,0,264.0,18.0,63.1,69.1,0.6780129901371181,1.0,69.1
16247_pfc_stal_kamyanske_2018_2010s_375659,16247_pfc_stal_kamyanske_2018_2010s,16247,PFC Stal Kamyanske (-2018),2010s,375659,German Penkov (375659),Ukraine,Goalkeeper,Goalkeeper,GK,2,3,0.0,0,7,44,3,0,0,2880.0,16.5,62.0,68.2,0.6557613663699784,1.0,68.2
16247_pfc_stal_kamyanske_2018_2010s_476770,16247_pfc_stal_kamyanske_2018_2010s,16247,PFC Stal Kamyanske (-2018),2010s,476770,Mykhailo Meskhi (476770),Ukraine,Midfield - Defensive Midfield,Midfield,CDM,2,3,1.0,1,0,0,7,0,0,1403.0,15.0,60.9,67.4,0.6314649987972095,1.0,67.4
16247_pfc_stal_kamyanske_2018_2010s_325429,16247_pfc_stal_kamyanske_2018_2010s,16247,PFC Stal Kamyanske (-2018),2010s,325429,Maksym Zaderaka (325429),Ukraine,Attack - Right Winger,Attack,RM,2,3,0.0,2,0,0,7,0,0,0.0,14.0,60.2,67.0,0.6188356988212653,1.0,67.0
16247_pfc_stal_kamyanske_2018_2010s_524966,16247_pfc_stal_kamyanske_2018_2010s,16247,PFC Stal Kamyanske (-2018),2010s,524966,Dmytro Kopytov (524966),Ukraine,Midfield - Central Midfield,Midfield,CM,1,2,2.0,0,0,0,2,0,0,673.0,13.0,59.4,66.3,0.600072167428434,1.0,66.3
16247_pfc_stal_kamyanske_2018_2010s_294730,16247_pfc_stal_kamyanske_2018_2010s,16247,PFC Stal Kamyanske (-2018),2010s,294730,Bogdan Mykhaylichenko (294730),Ukraine,Defender - Left-Back,Defender,LB,1,1,0.0,2,0,0,5,0,0,0.0,9.0,56.5,62.9,0.49735386095742123,1.0,62.9
16247_pfc_stal_kamyanske_2018_2010s_328733,16247_pfc_stal_kamyanske_2018_2010s,16247,PFC Stal Kamyanske (-2018),2010s,328733,Artur Danielyan (328733),Armenia  Ukraine,Defender - Right-Back,Defender,RB,2,3,0.0,1,0,0,8,0,0,0.0,9.0,56.5,62.9,0.49735386095742123,1.0,62.9
16247_pfc_stal_kamyanske_2018_2010s_58035,16247_pfc_stal_kamyanske_2018_2010s,16247,PFC Stal Kamyanske (-2018),2010s,58035,Mykola Ishchenko (58035),Ukraine,Defender - Centre-Back,Defender,CB,1,1,1.0,0,0,0,7,0,0,2092.0,8.0,55.8,61.9,0.46572047149386575,1.0,61.9
16247_pfc_stal_kamyanske_2018_2010s_521841,16247_pfc_stal_kamyanske_2018_2010s,16247,PFC Stal Kamyanske (-2018),2010s,521841,Andriy Yakymiv (521841),Ukraine,Defender - Centre-Back,Defender,CB,1,2,1.0,0,0,0,8,0,0,975.0,8.0,55.8,61.9,0.46572047149386575,1.0,61.9
16247_pfc_stal_kamyanske_2018_2010s_85969,16247_pfc_stal_kamyanske_2018_2010s,16247,PFC Stal Kamyanske (-2018),2010s,85969,Oleksandr Bandura (85969),Ukraine,Goalkeeper,Goalkeeper,GK,1,1,0.0,0,3,1,0,0,0,360.0,7.5,55.4,61.1,0.44274717344238634,1.0,61.1
16247_pfc_stal_kamyanske_2018_2010s_268697,16247_pfc_stal_kamyanske_2018_2010s,16247,PFC Stal Kamyanske (-2018),2010s,268697,Danylo Knysh (268697),Ukraine,Attack - Right Winger,Attack,RM,1,2,0.0,1,0,0,2,0,0,0.0,7.0,55.1,60.4,0.42097666586480637,1.0,60.4
16247_pfc_stal_kamyanske_2018_2010s_570743,16247_pfc_stal_kamyanske_2018_2010s,16247,PFC Stal Kamyanske (-2018),2010s,570743,Anatoliy Nuriyev (570743),Azerbaijan  Ukraine,Midfield - Attacking Midfield,Midfield,AM,1,2,0.0,1,0,0,0,0,0,0.0,7.0,55.1,60.4,0.42097666586480637,1.0,60.4
16247_pfc_stal_kamyanske_2018_2010s_58961,16247_pfc_stal_kamyanske_2018_2010s,16247,PFC Stal Kamyanske (-2018),2010s,58961,Pavlo Pashayev (58961),Azerbaijan  Ukraine,Defender - Right-Back,Defender,RB,1,1,0.0,0,0,0,6,0,0,0.0,3.0,52.2,51.2,0.16754871301419294,1.0,51.2
16247_pfc_stal_kamyanske_2018_2010s_64341,16247_pfc_stal_kamyanske_2018_2010s,16247,PFC Stal Kamyanske (-2018),2010s,64341,Anton Kravchenko (64341),Ukraine,Defender - Centre-Back,Defender,CB,1,1,0.0,0,0,0,2,0,0,0.0,3.0,52.2,51.2,0.16754871301419294,1.0,51.2
16247_pfc_stal_kamyanske_2018_2010s_86466,16247_pfc_stal_kamyanske_2018_2010s,16247,PFC Stal Kamyanske (-2018),2010s,86466,Yevgeniy Tkachuk (86466),Ukraine,Defender - Centre-Back,Defender,CB,1,1,0.0,0,0,0,0,0,0,0.0,3.0,52.2,51.2,0.16754871301419294,1.0,51.2
16247_pfc_stal_kamyanske_2018_2010s_146725,16247_pfc_stal_kamyanske_2018_2010s,16247,PFC Stal Kamyanske (-2018),2010s,146725,Milos Stamenkovic (146725),Serbia,Defender - Centre-Back,Defender,CB,1,1,0.0,0,0,0,7,0,0,0.0,3.0,52.2,51.2,0.16754871301419294,1.0,51.2
16247_pfc_stal_kamyanske_2018_2010s_236468,16247_pfc_stal_kamyanske_2018_2010s,16247,PFC Stal Kamyanske (-2018),2010s,236468,Artem Shabanov (236468),Ukraine,Defender - Centre-Back,Defender,CB,1,1,0.0,0,0,0,4,0,0,0.0,3.0,52.2,51.2,0.16754871301419294,1.0,51.2
16247_pfc_stal_kamyanske_2018_2010s_308452,16247_pfc_stal_kamyanske_2018_2010s,16247,PFC Stal Kamyanske (-2018),2010s,308452,Oleksiy Shchebetun (308452),Ukraine,Attack - Centre-Forward,Attack,FW,1,1,0.0,0,0,0,0,0,0,0.0,3.0,52.2,51.2,0.16754871301419294,1.0,51.2
16247_pfc_stal_kamyanske_2018_2010s_383568,16247_pfc_stal_kamyanske_2018_2010s,16247,PFC Stal Kamyanske (-2018),2010s,383568,Ivan Siletskyi (383568),Ukraine,Goalkeeper,Goalkeeper,GK,1,1,0.0,0,0,0,0,0,0,0.0,3.0,52.2,51.2,0.16754871301419294,1.0,51.2
16247_pfc_stal_kamyanske_2018_2010s_521844,16247_pfc_stal_kamyanske_2018_2010s,16247,PFC Stal Kamyanske (-2018),2010s,521844,Kyrylo Kostenko (521844),Ukraine,Midfield - Right Midfield,Midfield,RM,1,2,0.0,0,0,0,1,0,0,0.0,3.0,52.2,51.2,0.16754871301419294,1.0,51.2
16247_pfc_stal_kamyanske_2018_2010s_526578,16247_pfc_stal_kamyanske_2018_2010s,16247,PFC Stal Kamyanske (-2018),2010s,526578,Vladyslav Vakula (526578),Ukraine,Attack - Left Winger,Attack,LM,1,1,0.0,0,0,0,0,0,0,0.0,3.0,52.2,51.2,0.16754871301419294,1.0,51.2
16247_pfc_stal_kamyanske_2018_2010s_550137,16247_pfc_stal_kamyanske_2018_2010s,16247,PFC Stal Kamyanske (-2018),2010s,550137,Danylo Ryabenko (550137),Ukraine,Goalkeeper,Goalkeeper,GK,1,1,0.0,0,0,0,0,0,0,0.0,3.0,52.2,51.2,0.16754871301419294,1.0,51.2
16247_pfc_stal_kamyanske_2018_2010s_567756,16247_pfc_stal_kamyanske_2018_2010s,16247,PFC Stal Kamyanske (-2018),2010s,567756,Ebert (567756),Brazil,Defender - Left-Back,Defender,LB,1,2,0.0,0,0,0,2,0,0,0.0,3.0,52.2,51.2,0.16754871301419294,1.0,51.2
16247_pfc_stal_kamyanske_2018_2010s_572163,16247_pfc_stal_kamyanske_2018_2010s,16247,PFC Stal Kamyanske (-2018),2010s,572163,Daniil Yermolov (572163),Ukraine,Goalkeeper,Goalkeeper,GK,1,1,0.0,0,0,0,0,0,0,0.0,3.0,52.2,51.2,0.16754871301419294,1.0,51.2
16247_stal_dniprodzerzhynsk_2010s_167556,16247_stal_dniprodzerzhynsk_2010s,16247,Stal Dniprodzerzhynsk,2010s,167556,Vladyslav Kulach (167556),Ukraine,Attack - Centre-Forward,Attack,FW,1,1,5.0,0,0,0,2,0,0,248.0,28.0,95.0,73.2,0.7803704594659611,1.0,73.2
16247_stal_dniprodzerzhynsk_2010s_262182,16247_stal_dniprodzerzhynsk_2010s,16247,Stal Dniprodzerzhynsk,2010s,262182,Roman Debelko (262182),Ukraine,Attack - Centre-Forward,Attack,FW,1,1,2.0,0,0,0,3,0,0,496.0,13.0,70.9,66.3,0.600072167428434,1.0,66.3
16247_stal_dniprodzerzhynsk_2010s_49030,16247_stal_dniprodzerzhynsk_2010s,16247,Stal Dniprodzerzhynsk,2010s,49030,Denys Vasin (49030),Ukraine,Attack - Right Winger,Attack,RM,1,1,2.0,0,0,0,6,0,0,833.0,12.0,69.3,65.5,0.5752946836661054,1.0,65.5
16247_stal_dniprodzerzhynsk_2010s_58035,16247_stal_dniprodzerzhynsk_2010s,16247,Stal Dniprodzerzhynsk,2010s,58035,Mykola Ishchenko (58035),Ukraine,Defender - Centre-Back,Defender,CB,1,1,1.0,1,0,0,2,1,0,1313.0,10.5,66.9,64.1,0.5318739475583354,1.0,64.1
16247_stal_dniprodzerzhynsk_2010s_94928,16247_stal_dniprodzerzhynsk_2010s,16247,Stal Dniprodzerzhynsk,2010s,94928,Ruslan Babenko (94928),Ukraine,Midfield - Central Midfield,Midfield,CM,1,1,1.0,0,0,0,2,0,0,425.0,8.0,62.9,61.9,0.46572047149386575,1.0,61.9
16247_stal_dniprodzerzhynsk_2010s_273663,16247_stal_dniprodzerzhynsk_2010s,16247,Stal Dniprodzerzhynsk,2010s,273663,Volodymyr Adamyuk (273663),Ukraine,Defender - Right-Back,Defender,RB,1,1,1.0,0,0,0,1,0,0,1440.0,8.0,62.9,61.9,0.46572047149386575,1.0,61.9
16247_stal_dniprodzerzhynsk_2010s_43309,16247_stal_dniprodzerzhynsk_2010s,16247,Stal Dniprodzerzhynsk,2010s,43309,Volodymyr Gomenyuk (43309),Ukraine,Attack - Centre-Forward,Attack,FW,1,1,0.0,1,0,0,0,0,0,0.0,7.0,61.2,60.4,0.42097666586480637,1.0,60.4
16247_stal_dniprodzerzhynsk_2010s_64341,16247_stal_dniprodzerzhynsk_2010s,16247,Stal Dniprodzerzhynsk,2010s,64341,Anton Kravchenko (64341),Ukraine,Defender - Centre-Back,Defender,CB,1,1,1.0,0,0,0,4,0,0,1502.0,6.0,59.6,58.6,0.36901611739235024,1.0,58.6
16247_stal_dniprodzerzhynsk_2010s_85969,16247_stal_dniprodzerzhynsk_2010s,16247,Stal Dniprodzerzhynsk,2010s,85969,Oleksandr Bandura (85969),Ukraine,Goalkeeper,Goalkeeper,GK,1,1,0.0,0,1,10,0,0,0,405.0,4.5,57.2,57.1,0.3246331489054607,1.0,57.1
16247_stal_dniprodzerzhynsk_2010s_59440,16247_stal_dniprodzerzhynsk_2010s,16247,Stal Dniprodzerzhynsk,2010s,59440,Anton Postupalenko (59440),Ukraine,Midfield - Attacking Midfield,Midfield,AM,1,1,0.0,0,0,0,0,0,0,0.0,3.0,54.8,51.2,0.16754871301419294,1.0,51.2
16247_stal_dniprodzerzhynsk_2010s_91527,16247_stal_dniprodzerzhynsk_2010s,16247,Stal Dniprodzerzhynsk,2010s,91527,Roman Karasyuk (91527),Ukraine,Midfield - Defensive Midfield,Midfield,CDM,1,1,0.0,0,0,0,2,0,0,0.0,3.0,54.8,51.2,0.16754871301419294,1.0,51.2
16247_stal_dniprodzerzhynsk_2010s_120144,16247_stal_dniprodzerzhynsk_2010s,16247,Stal Dniprodzerzhynsk,2010s,120144,Yevgen Budnik (120144),Ukraine,Attack - Centre-Forward,Attack,FW,1,1,0.0,0,0,0,3,0,0,0.0,3.0,54.8,51.2,0.16754871301419294,1.0,51.2
16247_stal_dniprodzerzhynsk_2010s_183943,16247_stal_dniprodzerzhynsk_2010s,16247,Stal Dniprodzerzhynsk,2010s,183943,Gabriel Araújo (183943),Brazil,Defender - Left-Back,Defender,LB,1,1,0.0,0,0,0,0,0,0,0.0,3.0,54.8,51.2,0.16754871301419294,1.0,51.2
16247_stal_dniprodzerzhynsk_2010s_316945,16247_stal_dniprodzerzhynsk_2010s,16247,Stal Dniprodzerzhynsk,2010s,316945,Maryan Mysyk (316945),Ukraine,Midfield - Left Midfield,Midfield,LM,1,1,0.0,0,0,0,0,0,0,0.0,3.0,54.8,51.2,0.16754871301419294,1.0,51.2
16247_stal_dniprodzerzhynsk_2010s_328733,16247_stal_dniprodzerzhynsk_2010s,16247,Stal Dniprodzerzhynsk,2010s,328733,Artur Danielyan (328733),Armenia  Ukraine,Defender - Right-Back,Defender,RB,1,1,0.0,0,0,0,0,0,0,0.0,3.0,54.8,51.2,0.16754871301419294,1.0,51.2
16247_stal_dniprodzerzhynsk_2010s_375180,16247_stal_dniprodzerzhynsk_2010s,16247,Stal Dniprodzerzhynsk,2010s,375180,Oleksandr Kozak (375180),Ukraine,Attack - Left Winger,Attack,LM,1,1,0.0,0,0,0,2,0,0,0.0,3.0,54.8,51.2,0.16754871301419294,1.0,51.2
16247_stal_dniprodzerzhynsk_2010s_375659,16247_stal_dniprodzerzhynsk_2010s,16247,Stal Dniprodzerzhynsk,2010s,375659,German Penkov (375659),Ukraine,Goalkeeper,Goalkeeper,GK,1,1,0.0,0,0,0,0,0,0,0.0,3.0,54.8,51.2,0.16754871301419294,1.0,51.2
16247_stal_dniprodzerzhynsk_2010s_25618,16247_stal_dniprodzerzhynsk_2010s,16247,Stal Dniprodzerzhynsk,2010s,25618,Sergiy Pshenychnykh (25618),Ukraine,Defender - Centre-Back,Defender,CB,1,1,0.0,0,0,0,1,0,0,0.0,1.0,51.6,45.1,0.0039692085638681745,1.0,45.1
18105_pfc_lviv_2000s_82599,18105_pfc_lviv_2000s,18105,PFC Lviv,2000s,82599,Valeriy Fedorchuk (82599),Ukraine,Midfield - Central Midfield,Midfield,CM,1,1,3.0,2,0,0,2,0,0,823.0,26.0,95.0,72.6,0.7647341833052682,1.0,72.6
18105_pfc_lviv_2000s_82620,18105_pfc_lviv_2000s,18105,PFC Lviv,2000s,82620,Vadym Panas (82620),Ukraine,Midfield - Attacking Midfield,Midfield,AM,1,1,2.0,1,0,0,3,0,0,978.0,17.0,79.4,68.6,0.6645417368294443,1.0,68.6
18105_pfc_lviv_2000s_81633,18105_pfc_lviv_2000s,18105,PFC Lviv,2000s,81633,Marian Marushchak (81633),Ukraine,Goalkeeper,Goalkeeper,GK,1,1,0.0,0,6,29,1,0,0,2030.0,12.0,70.8,65.5,0.5752946836661054,1.0,65.5
18105_pfc_lviv_2000s_25861,18105_pfc_lviv_2000s,18105,PFC Lviv,2000s,25861,Ivan Kotenko (25861),Ukraine,Midfield - Left Midfield,Midfield,LM,1,1,0.0,0,0,0,0,0,0,0.0,3.0,55.2,51.2,0.16754871301419294,1.0,51.2
18105_pfc_lviv_2000s_59133,18105_pfc_lviv_2000s,18105,PFC Lviv,2000s,59133,Oleksandr Shevelyukhin (59133),Ukraine  Poland,Defender - Centre-Back,Defender,CB,1,1,0.0,0,0,0,2,0,0,0.0,3.0,55.2,51.2,0.16754871301419294,1.0,51.2
18105_pfc_lviv_2000s_82636,18105_pfc_lviv_2000s,18105,PFC Lviv,2000s,82636,Oleksandr Zhdanov (82636),Ukraine  Israel,Defender - Centre-Back,Defender,CB,1,1,0.0,0,0,0,4,0,0,0.0,3.0,55.2,51.2,0.16754871301419294,1.0,51.2
18105_pfc_lviv_2010s_598629,18105_pfc_lviv_2010s,18105,PFC Lviv,2010s,598629,Bruno Duarte (598629),Brazil  Italy,Attack - Centre-Forward,Attack,FW,2,3,10.0,2,0,0,9,0,0,899.0,63.0,95.0,81.4,0.9180899687274476,1.0,81.4
18105_pfc_lviv_2010s_522091,18105_pfc_lviv_2010s,18105,PFC Lviv,2010s,522091,Renan Oliveira (522091),Brazil,Attack - Centre-Forward,Attack,FW,1,2,6.0,2,0,0,2,0,0,500.0,40.0,78.6,76.2,0.8524176088525379,1.0,76.2
18105_pfc_lviv_2010s_387928,18105_pfc_lviv_2010s,18105,PFC Lviv,2010s,387928,Lucas Taylor (387928),Brazil,Defender - Right-Back,Defender,RB,1,1,3.0,2,0,0,4,0,0,432.0,26.0,68.6,72.6,0.7647341833052682,1.0,72.6
18105_pfc_lviv_2010s_273663,18105_pfc_lviv_2010s,18105,PFC Lviv,2010s,273663,Volodymyr Adamyuk (273663),Ukraine,Defender - Right-Back,Defender,RB,2,3,3.0,1,0,0,2,0,0,660.0,25.0,67.9,72.2,0.7552321385614625,1.0,72.2
18105_pfc_lviv_2010s_321417,18105_pfc_lviv_2010s,18105,PFC Lviv,2010s,321417,Mykyta Tatarkov (321417),Ukraine,Midfield - Attacking Midfield,Midfield,AM,1,2,2.0,3,0,0,2,0,1,387.0,24.0,67.1,71.9,0.7468126052441665,1.0,71.9
18105_pfc_lviv_2010s_605326,18105_pfc_lviv_2010s,18105,PFC Lviv,2010s,605326,Pedro Vitor (605326),Brazil,Attack - Left Winger,Attack,LM,2,3,3.0,1,0,0,7,1,1,1991.0,23.5,66.8,71.7,0.7426028385855185,1.0,71.7
18105_pfc_lviv_2010s_654384,18105_pfc_lviv_2010s,18105,PFC Lviv,2010s,654384,Vitor Pernambuco (654384),Brazil,Attack - Right Winger,Attack,RM,2,3,3.0,0,0,0,4,0,0,403.0,21.0,65.0,70.7,0.7179456338705797,1.0,70.7
18105_pfc_lviv_2010s_85969,18105_pfc_lviv_2010s,18105,PFC Lviv,2010s,85969,Oleksandr Bandura (85969),Ukraine,Goalkeeper,Goalkeeper,GK,2,3,0.0,0,9,42,4,0,0,2637.0,19.5,63.9,69.9,0.6968968005773394,1.0,69.9
18105_pfc_lviv_2010s_598972,18105_pfc_lviv_2010s,18105,PFC Lviv,2010s,598972,Marthã (598972),Brazil,Midfield - Defensive Midfield,Midfield,CDM,2,3,0.0,3,0,0,15,0,0,0.0,17.0,62.1,68.6,0.6645417368294443,1.0,68.6
18105_pfc_lviv_2010s_177276,18105_pfc_lviv_2010s,18105,PFC Lviv,2010s,177276,Bogdan Sarnavskyi (177276),Ukraine,Goalkeeper,Goalkeeper,GK,2,4,0.0,0,7,50,0,0,0,2940.0,16.5,61.8,68.2,0.6557613663699784,1.0,68.2
18105_pfc_lviv_2010s_517081,18105_pfc_lviv_2010s,18105,PFC Lviv,2010s,517081,Vladyslav Pryimak (517081),Ukraine,Defender - Centre-Back,Defender,CB,2,4,1.0,1,0,0,12,1,0,423.0,12.5,58.9,66.0,0.5909309598267982,1.0,66.0
18105_pfc_lviv_2010s_111074,18105_pfc_lviv_2010s,18105,PFC Lviv,2010s,111074,Artur Zapadnya (111074),Ukraine,Defender - Left-Back,Defender,LB,1,1,0.0,2,0,0,2,0,0,0.0,11.0,57.9,64.6,0.5475102237190281,1.0,64.6
18105_pfc_lviv_2010s_214448,18105_pfc_lviv_2010s,18105,PFC Lviv,2010s,214448,Yaroslav Bogunov (214448),Ukraine,Attack - Left Winger,Attack,LM,1,2,1.0,0,0,0,4,0,0,866.0,8.0,55.7,61.9,0.46572047149386575,1.0,61.9
18105_pfc_lviv_2010s_312799,18105_pfc_lviv_2010s,18105,PFC Lviv,2010s,312799,Vadym Paramonov (312799),Ukraine,Defender - Centre-Back,Defender,CB,1,2,1.0,0,0,0,3,0,0,1475.0,7.0,55.0,60.4,0.42097666586480637,1.0,60.4
18105_pfc_lviv_2010s_747315,18105_pfc_lviv_2010s,18105,PFC Lviv,2010s,747315,Orest Kostyk (747315),Ukraine,Goalkeeper,Goalkeeper,GK,2,2,0.0,0,0,0,0,0,0,0.0,6.0,54.3,58.6,0.36901611739235024,1.0,58.6
18105_pfc_lviv_2010s_375659,18105_pfc_lviv_2010s,18105,PFC Lviv,2010s,375659,German Penkov (375659),Ukraine,Goalkeeper,Goalkeeper,GK,1,2,0.0,0,1,5,0,0,0,180.0,4.5,53.2,57.1,0.3246331489054607,1.0,57.1
18105_pfc_lviv_2010s_167553,18105_pfc_lviv_2010s,18105,PFC Lviv,2010s,167553,Anton Bratkov (167553),Ukraine,Defender - Centre-Back,Defender,CB,1,2,0.0,1,0,0,6,1,0,0.0,3.5,52.5,56.7,0.31549194130382485,1.0,56.7
18105_pfc_lviv_2010s_91991,18105_pfc_lviv_2010s,18105,PFC Lviv,2010s,91991,Sergiy Lyulka (91991),Ukraine,Defender - Right-Back,Defender,RB,1,2,0.0,0,0,0,4,0,0,0.0,3.0,52.1,51.2,0.16754871301419294,1.0,51.2
18105_pfc_lviv_2010s_155861,18105_pfc_lviv_2010s,18105,PFC Lviv,2010s,155861,Ruslan Zubkov (155861),Ukraine,Defender - Centre-Back,Defender,CB,1,1,0.0,0,0,0,2,0,0,0.0,3.0,52.1,51.2,0.16754871301419294,1.0,51.2
18105_pfc_lviv_2010s_271635,18105_pfc_lviv_2010s,18105,PFC Lviv,2010s,271635,Dmytro Fateev (271635),Ukraine,Defender - Right-Back,Defender,RB,1,2,0.0,0,0,0,0,0,0,0.0,3.0,52.1,51.2,0.16754871301419294,1.0,51.2
18105_pfc_lviv_2010s_320953,18105_pfc_lviv_2010s,18105,PFC Lviv,2010s,320953,Yuriy Kravchuk (320953),Ukraine,Defender - Centre-Back,Defender,CB,1,2,0.0,0,0,0,2,0,0,0.0,3.0,52.1,51.2,0.16754871301419294,1.0,51.2
18105_pfc_lviv_2010s_343769,18105_pfc_lviv_2010s,18105,PFC Lviv,2010s,343769,Sergiy Petrov (343769),Ukraine,Attack - Centre-Forward,Attack,FW,1,1,0.0,0,0,0,0,0,0,0.0,3.0,52.1,51.2,0.16754871301419294,1.0,51.2
18105_pfc_lviv_2010s_375955,18105_pfc_lviv_2010s,18105,PFC Lviv,2010s,375955,Yegor Klymenchuk (375955),Ukraine,Defender - Left-Back,Defender,LB,1,2,0.0,0,0,0,1,0,0,0.0,3.0,52.1,51.2,0.16754871301419294,1.0,51.2
18105_pfc_lviv_2010s_402363,18105_pfc_lviv_2010s,18105,PFC Lviv,2010s,402363,Kauê Silva (402363),Brazil,Attack - Centre-Forward,Attack,FW,1,1,0.0,0,0,0,0,0,0,0.0,3.0,52.1,51.2,0.16754871301419294,1.0,51.2
18105_pfc_lviv_2010s_523903,18105_pfc_lviv_2010s,18105,PFC Lviv,2010s,523903,Nazariy Nych (523903),Ukraine,Attack - Centre-Forward,Attack,FW,1,2,0.0,0,0,0,2,0,0,0.0,3.0,52.1,51.2,0.16754871301419294,1.0,51.2
18105_pfc_lviv_2010s_524965,18105_pfc_lviv_2010s,18105,PFC Lviv,2010s,524965,Andriy Busko (524965),Ukraine,Defender - Centre-Back,Defender,CB,1,1,0.0,0,0,0,0,0,0,0.0,3.0,52.1,51.2,0.16754871301419294,1.0,51.2
18105_pfc_lviv_2010s_622625,18105_pfc_lviv_2010s,18105,PFC Lviv,2010s,622625,Henrique Araujo (622625),Brazil,Attack - Centre-Forward,Attack,FW,1,1,0.0,0,0,0,2,0,0,0.0,3.0,52.1,51.2,0.16754871301419294,1.0,51.2
18105_pfc_lviv_2020s_359678,18105_pfc_lviv_2020s,18105,PFC Lviv,2020s,359678,Ernest Antwi (359678),Ghana,Attack - Left Winger,Attack,LM,2,2,4.0,5,0,0,11,0,0,1107.0,45.0,95.0,77.7,0.8707000240558095,1.0,77.7
18105_pfc_lviv_2020s_522091,18105_pfc_lviv_2020s,18105,PFC Lviv,2020s,522091,Renan Oliveira (522091),Brazil,Attack - Centre-Forward,Attack,FW,2,2,3.0,4,0,0,1,0,0,478.0,35.0,85.0,75.1,0.8263170555689199,1.0,75.1
18105_pfc_lviv_2020s_523903,18105_pfc_lviv_2020s,18105,PFC Lviv,2020s,523903,Nazariy Nych (523903),Ukraine,Attack - Centre-Forward,Attack,FW,3,3,5.0,0,0,0,9,0,0,1358.0,34.0,84.0,74.8,0.8201828241520327,1.0,74.8
18105_pfc_lviv_2020s_821535,18105_pfc_lviv_2020s,18105,PFC Lviv,2020s,821535,Artur Remenyak (821535),Ukraine,Attack - Right Winger,Attack,RM,3,3,4.0,0,0,0,1,0,0,491.0,29.0,79.0,73.5,0.7883088765936974,1.0,73.5
18105_pfc_lviv_2020s_396411,18105_pfc_lviv_2020s,18105,PFC Lviv,2020s,396411,Vladyslav Bugay (396411),Ukraine,Attack - Centre-Forward,Attack,FW,1,1,4.0,1,0,0,2,0,0,492.0,27.0,77.0,72.9,0.7733942747173442,1.0,72.9
18105_pfc_lviv_2020s_214448,18105_pfc_lviv_2020s,18105,PFC Lviv,2020s,214448,Yaroslav Bogunov (214448),Ukraine,Attack - Left Winger,Attack,LM,2,2,2.0,2,0,0,3,0,0,430.0,24.0,74.0,71.9,0.7468126052441665,1.0,71.9
18105_pfc_lviv_2020s_120966,18105_pfc_lviv_2020s,18105,PFC Lviv,2020s,120966,Oleksandr Ilyushchenkov (120966),Ukraine,Goalkeeper,Goalkeeper,GK,3,3,0.0,0,6,37,1,0,0,2790.0,18.0,68.0,69.1,0.6780129901371181,1.0,69.1
18105_pfc_lviv_2020s_553772,18105_pfc_lviv_2020s,18105,PFC Lviv,2020s,553772,Oleksandr Romanchuk (553772),Ukraine,Defender - Centre-Back,Defender,CB,2,2,1.0,2,0,0,11,1,0,1236.0,17.5,67.5,68.9,0.6716382006254511,1.0,68.9
18105_pfc_lviv_2020s_524965,18105_pfc_lviv_2020s,18105,PFC Lviv,2020s,524965,Andriy Busko (524965),Ukraine,Defender - Centre-Back,Defender,CB,3,3,0.0,2,0,0,7,0,0,0.0,17.0,67.0,68.6,0.6645417368294443,1.0,68.6
18105_pfc_lviv_2020s_521997,18105_pfc_lviv_2020s,18105,PFC Lviv,2020s,521997,Vitaliy Boyko (521997),Ukraine,Midfield - Central Midfield,Midfield,CM,1,1,1.0,2,0,0,1,0,0,1046.0,16.0,66.0,67.9,0.6464998797209526,1.0,67.9
18105_pfc_lviv_2020s_524031,18105_pfc_lviv_2020s,18105,PFC Lviv,2020s,524031,Oleksandr Belyaev (524031),Ukraine,Midfield - Left Midfield,Midfield,LM,1,1,1.0,2,0,0,2,0,0,992.0,16.0,66.0,67.9,0.6464998797209526,1.0,67.9
18105_pfc_lviv_2020s_448783,18105_pfc_lviv_2020s,18105,PFC Lviv,2020s,448783,Maksym Grysyo (448783),Ukraine,Defender - Right-Back,Defender,RB,3,3,2.0,0,0,0,18,1,0,2375.0,15.5,65.5,67.6,0.6383209044984364,1.0,67.6
18105_pfc_lviv_2020s_844373,18105_pfc_lviv_2020s,18105,PFC Lviv,2020s,844373,Borys Krushynskyi (844373),Ukraine,Midfield - Defensive Midfield,Midfield,CDM,3,3,1.0,0,0,0,4,0,0,808.0,14.0,64.0,67.0,0.6188356988212653,1.0,67.0
18105_pfc_lviv_2020s_396402,18105_pfc_lviv_2020s,18105,PFC Lviv,2020s,396402,Volodymyr Yakimets (396402),Ukraine,Defender - Left-Back,Defender,LB,2,2,1.0,1,0,0,4,1,0,1581.0,13.5,63.5,66.7,0.610897281693529,1.0,66.7
18105_pfc_lviv_2020s_320953,18105_pfc_lviv_2020s,18105,PFC Lviv,2020s,320953,Yuriy Kravchuk (320953),Ukraine,Defender - Centre-Back,Defender,CB,1,1,2.0,0,0,0,2,0,0,389.0,13.0,63.0,66.3,0.600072167428434,1.0,66.3
18105_pfc_lviv_2020s_432763,18105_pfc_lviv_2020s,18105,PFC Lviv,2020s,432763,Ivijan Svrznjak (432763),Croatia,Midfield - Central Midfield,Midfield,CM,1,1,2.0,0,0,0,1,0,0,351.0,13.0,63.0,66.3,0.600072167428434,1.0,66.3
18105_pfc_lviv_2020s_173079,18105_pfc_lviv_2020s,18105,PFC Lviv,2020s,173079,Oleksandr Vasyliev (173079),Ukraine,Midfield - Defensive Midfield,Midfield,CDM,1,1,1.0,1,0,0,5,0,0,1125.0,12.0,62.0,65.5,0.5752946836661054,1.0,65.5
18105_pfc_lviv_2020s_539444,18105_pfc_lviv_2020s,18105,PFC Lviv,2020s,539444,Artem Mylchenko (539444),Ukraine,Midfield - Defensive Midfield,Midfield,CDM,1,1,1.0,1,0,0,3,0,0,2262.0,12.0,62.0,65.5,0.5752946836661054,1.0,65.5
18105_pfc_lviv_2020s_295613,18105_pfc_lviv_2020s,18105,PFC Lviv,2020s,295613,Ivan Brikner (295613),Ukraine,Midfield - Central Midfield,Midfield,CM,2,2,1.0,0,0,0,7,0,0,636.0,11.0,61.0,64.6,0.5475102237190281,1.0,64.6
18105_pfc_lviv_2020s_747315,18105_pfc_lviv_2020s,18105,PFC Lviv,2020s,747315,Orest Kostyk (747315),Ukraine,Goalkeeper,Goalkeeper,GK,2,2,0.0,0,3,45,1,0,0,1800.0,10.5,60.5,64.1,0.5318739475583354,1.0,64.1
18105_pfc_lviv_2020s_329055,18105_pfc_lviv_2020s,18105,PFC Lviv,2020s,329055,Enes Mahmutovic (329055),Luxembourg  Kosovo,Defender - Centre-Back,Defender,CB,2,2,1.0,0,0,0,12,1,0,1723.0,9.5,59.5,63.3,0.508539812364686,1.0,63.3
18105_pfc_lviv_2020s_58606,18105_pfc_lviv_2020s,18105,PFC Lviv,2020s,58606,Sergiy Politylo (58606),Ukraine,Midfield - Central Midfield,Midfield,CM,1,1,0.0,1,0,0,2,0,0,0.0,7.0,57.0,60.4,0.42097666586480637,1.0,60.4
18105_pfc_lviv_2020s_122361,18105_pfc_lviv_2020s,18105,PFC Lviv,2020s,122361,Aderinsola Habib Eseola (122361),Ukraine  Nigeria,Attack - Centre-Forward,Attack,FW,1,1,0.0,1,0,0,4,0,0,0.0,7.0,57.0,60.4,0.42097666586480637,1.0,60.4
18105_pfc_lviv_2020s_216579,18105_pfc_lviv_2020s,18105,PFC Lviv,2020s,216579,Pavlo Polegenko (216579),Ukraine,Defender - Right-Back,Defender,RB,1,1,0.0,1,0,0,1,0,0,0.0,7.0,57.0,60.4,0.42097666586480637,1.0,60.4
18105_pfc_lviv_2020s_297008,18105_pfc_lviv_2020s,18105,PFC Lviv,2020s,297008,Igor Koshman (297008),Ukraine,Midfield - Attacking Midfield,Midfield,AM,1,1,0.0,1,0,0,2,0,0,0.0,7.0,57.0,60.4,0.42097666586480637,1.0,60.4
18105_pfc_lviv_2020s_723621,18105_pfc_lviv_2020s,18105,PFC Lviv,2020s,723621,Denys Kuzyk (723621),Ukraine,Midfield - Right Midfield,Midfield,RM,1,1,0.0,1,0,0,3,0,0,0.0,7.0,57.0,60.4,0.42097666586480637,1.0,60.4
18105_pfc_lviv_2020s_168041,18105_pfc_lviv_2020s,18105,PFC Lviv,2020s,168041,Mykhaylo Shyshka (168041),Ukraine,Midfield - Defensive Midfield,Midfield,CDM,1,1,0.0,1,0,0,2,0,0,0.0,6.0,56.0,58.6,0.36901611739235024,1.0,58.6
18105_pfc_lviv_2020s_325420,18105_pfc_lviv_2020s,18105,PFC Lviv,2020s,325420,Bogdan Myshenko (325420),Ukraine,Midfield - Left Midfield,Midfield,LM,1,1,0.0,1,0,0,5,0,0,0.0,6.0,56.0,58.6,0.36901611739235024,1.0,58.6
18105_pfc_lviv_2020s_911644,18105_pfc_lviv_2020s,18105,PFC Lviv,2020s,911644,Ilya Olkhovyi (911644),Ukraine,Goalkeeper,Goalkeeper,GK,2,2,0.0,0,0,4,0,0,0,270.0,6.0,56.0,58.6,0.36901611739235024,1.0,58.6
18105_pfc_lviv_2020s_959399,18105_pfc_lviv_2020s,18105,PFC Lviv,2020s,959399,Roman Mykhayliv (959399),Ukraine,Midfield - Left Midfield,Midfield,LM,2,2,0.0,0,0,0,1,0,0,0.0,6.0,56.0,58.6,0.36901611739235024,1.0,58.6
18105_pfc_lviv_2020s_19619,18105_pfc_lviv_2020s,18105,PFC Lviv,2020s,19619,Oleksandr Rybka (19619),Ukraine,Goalkeeper,Goalkeeper,GK,1,1,0.0,0,1,22,0,0,0,990.0,4.5,54.5,57.1,0.3246331489054607,1.0,57.1
18105_pfc_lviv_2020s_495917,18105_pfc_lviv_2020s,18105,PFC Lviv,2020s,495917,Ivan Ponomarenko (495917),Ukraine,Goalkeeper,Goalkeeper,GK,1,1,0.0,0,1,8,1,0,0,360.0,4.5,54.5,57.1,0.3246331489054607,1.0,57.1
18105_pfc_lviv_2020s_198967,18105_pfc_lviv_2020s,18105,PFC Lviv,2020s,198967,Mihkel Ainsalu (198967),Estonia,Midfield - Central Midfield,Midfield,CM,1,1,0.0,0,0,0,1,0,0,0.0,3.0,53.0,51.2,0.16754871301419294,1.0,51.2
18105_pfc_lviv_2020s_242279,18105_pfc_lviv_2020s,18105,PFC Lviv,2020s,242279,Oleksiy Dytyatyev (242279),Ukraine,Defender - Centre-Back,Defender,CB,1,1,0.0,0,0,0,2,0,0,0.0,3.0,53.0,51.2,0.16754871301419294,1.0,51.2
18105_pfc_lviv_2020s_269365,18105_pfc_lviv_2020s,18105,PFC Lviv,2020s,269365,Oleksiy Zozulya (269365),Ukraine,Defender - Right-Back,Defender,RB,1,1,0.0,0,0,0,4,0,0,0.0,3.0,53.0,51.2,0.16754871301419294,1.0,51.2
18105_pfc_lviv_2020s_292396,18105_pfc_lviv_2020s,18105,PFC Lviv,2020s,292396,Valeriy Yurchuk (292396),Ukraine,Goalkeeper,Goalkeeper,GK,1,1,0.0,0,0,5,0,0,0,180.0,3.0,53.0,51.2,0.16754871301419294,1.0,51.2
18105_pfc_lviv_2020s_322952,18105_pfc_lviv_2020s,18105,PFC Lviv,2020s,322952,Roman Nykytyuk (322952),Ukraine,Defender - Centre-Back,Defender,CB,1,1,0.0,0,0,0,5,0,0,0.0,3.0,53.0,51.2,0.16754871301419294,1.0,51.2
18105_pfc_lviv_2020s_343175,18105_pfc_lviv_2020s,18105,PFC Lviv,2020s,343175,Akhmed Alibekov (343175),Ukraine,Midfield - Defensive Midfield,Midfield,CDM,1,1,0.0,0,0,0,4,0,0,0.0,3.0,53.0,51.2,0.16754871301419294,1.0,51.2
18105_pfc_lviv_2020s_375659,18105_pfc_lviv_2020s,18105,PFC Lviv,2020s,375659,German Penkov (375659),Ukraine,Goalkeeper,Goalkeeper,GK,1,1,0.0,0,0,4,0,0,0,90.0,3.0,53.0,51.2,0.16754871301419294,1.0,51.2
18105_pfc_lviv_2020s_375955,18105_pfc_lviv_2020s,18105,PFC Lviv,2020s,375955,Yegor Klymenchuk (375955),Ukraine,Defender - Left-Back,Defender,LB,1,1,0.0,0,0,0,3,0,0,0.0,3.0,53.0,51.2,0.16754871301419294,1.0,51.2
18105_pfc_lviv_2020s_418896,18105_pfc_lviv_2020s,18105,PFC Lviv,2020s,418896,Stanislav Sorokin (418896),Ukraine,Midfield - Central Midfield,Midfield,CM,1,1,0.0,0,0,0,1,0,0,0.0,3.0,53.0,51.2,0.16754871301419294,1.0,51.2
18105_pfc_lviv_2020s_521841,18105_pfc_lviv_2020s,18105,PFC Lviv,2020s,521841,Andriy Yakymiv (521841),Ukraine,Defender - Centre-Back,Defender,CB,1,1,0.0,0,0,0,1,0,0,0.0,3.0,53.0,51.2,0.16754871301419294,1.0,51.2
18105_pfc_lviv_2020s_564383,18105_pfc_lviv_2020s,18105,PFC Lviv,2020s,564383,Murilo Souza (564383),Brazil  Italy,Midfield - Defensive Midfield,Midfield,CDM,1,1,0.0,0,0,0,0,0,0,0.0,3.0,53.0,51.2,0.16754871301419294,1.0,51.2
18105_pfc_lviv_2020s_567735,18105_pfc_lviv_2020s,18105,PFC Lviv,2020s,567735,Vladyslav Khamelyuk (567735),Ukraine,Midfield - Central Midfield,Midfield,CM,1,1,0.0,0,0,0,0,0,0,0.0,3.0,53.0,51.2,0.16754871301419294,1.0,51.2
18105_pfc_lviv_2020s_659219,18105_pfc_lviv_2020s,18105,PFC Lviv,2020s,659219,Guilherme (659219),Brazil,Defender - Centre-Back,Defender,CB,1,1,0.0,0,0,0,0,0,0,0.0,3.0,53.0,51.2,0.16754871301419294,1.0,51.2
18105_pfc_lviv_2020s_724428,18105_pfc_lviv_2020s,18105,PFC Lviv,2020s,724428,Oula Traoré (724428),Burkina Faso,Defender - Left-Back,Defender,LB,1,1,0.0,0,0,0,1,0,0,0.0,3.0,53.0,51.2,0.16754871301419294,1.0,51.2
18105_pfc_lviv_2020s_735788,18105_pfc_lviv_2020s,18105,PFC Lviv,2020s,735788,Higor Gabriel (735788),Brazil,Defender - Centre-Back,Defender,CB,1,1,0.0,0,0,0,2,0,0,0.0,3.0,53.0,51.2,0.16754871301419294,1.0,51.2
18105_pfc_lviv_2020s_746397,18105_pfc_lviv_2020s,18105,PFC Lviv,2020s,746397,Artem Vovkun (746397),Ukraine,Defender - Centre-Back,Defender,CB,1,1,0.0,0,0,0,6,0,0,0.0,3.0,53.0,51.2,0.16754871301419294,1.0,51.2
18105_pfc_lviv_2020s_764684,18105_pfc_lviv_2020s,18105,PFC Lviv,2020s,764684,Vasyl Tanchak (764684),Ukraine,Defender - Left-Back,Defender,LB,1,1,0.0,0,0,0,0,0,0,0.0,3.0,53.0,51.2,0.16754871301419294,1.0,51.2
18105_pfc_lviv_2020s_766709,18105_pfc_lviv_2020s,18105,PFC Lviv,2020s,766709,Maksym Sasovskyi (766709),Ukraine,Defender - Centre-Back,Defender,CB,1,1,0.0,0,0,0,0,0,0,0.0,3.0,53.0,51.2,0.16754871301419294,1.0,51.2
18105_pfc_lviv_2020s_809617,18105_pfc_lviv_2020s,18105,PFC Lviv,2020s,809617,Léo Antônio (809617),Brazil,Midfield - Central Midfield,Midfield,CM,1,1,0.0,0,0,0,1,0,0,0.0,3.0,53.0,51.2,0.16754871301419294,1.0,51.2
18105_pfc_lviv_2020s_821534,18105_pfc_lviv_2020s,18105,PFC Lviv,2020s,821534,Maksym Mudryi (821534),Ukraine,Midfield - Central Midfield,Midfield,CM,1,1,0.0,0,0,0,0,0,0,0.0,3.0,53.0,51.2,0.16754871301419294,1.0,51.2
18105_pfc_lviv_2020s_1059630,18105_pfc_lviv_2020s,18105,PFC Lviv,2020s,1059630,Vitaliy Mykhayliv (1059630),Ukraine,Midfield - Central Midfield,Midfield,CM,1,1,0.0,0,0,0,0,0,0,0.0,3.0,53.0,51.2,0.16754871301419294,1.0,51.2
18105_pfc_lviv_2020s_1059634,18105_pfc_lviv_2020s,18105,PFC Lviv,2020s,1059634,Kostyantyn Kvas (1059634),Ukraine,Midfield - Attacking Midfield,Midfield,AM,1,1,0.0,0,0,0,0,0,0,0.0,3.0,53.0,51.2,0.16754871301419294,1.0,51.2
18105_pfc_lviv_2020s_1067225,18105_pfc_lviv_2020s,18105,PFC Lviv,2020s,1067225,Taras Mykhavko (1067225),Ukraine,Defender - Centre-Back,Defender,CB,1,1,0.0,0,0,0,1,0,0,0.0,3.0,53.0,51.2,0.16754871301419294,1.0,51.2
18105_pfc_lviv_2020s_1071136,18105_pfc_lviv_2020s,18105,PFC Lviv,2020s,1071136,Volodymyr Sharun (1071136),Ukraine,Goalkeeper,Goalkeeper,GK,1,1,0.0,0,0,0,0,0,0,0.0,3.0,53.0,51.2,0.16754871301419294,1.0,51.2
18105_pfc_lviv_2020s_1075339,18105_pfc_lviv_2020s,18105,PFC Lviv,2020s,1075339,Vladyslav Mendruk (1075339),Ukraine,Attack - Right Winger,Attack,RM,1,1,0.0,0,0,0,0,0,0,0.0,3.0,53.0,51.2,0.16754871301419294,1.0,51.2
18105_pfc_lviv_2020s_1138480,18105_pfc_lviv_2020s,18105,PFC Lviv,2020s,1138480,Mykola Kyrychok (1138480),Ukraine,Defender - Centre-Back,Defender,CB,1,1,0.0,0,0,0,0,0,0,0.0,3.0,53.0,51.2,0.16754871301419294,1.0,51.2
18105_pfc_lviv_2020s_1140603,18105_pfc_lviv_2020s,18105,PFC Lviv,2020s,1140603,Bogdan-Yulian Vyshynskyi (1140603),Ukraine,Attack - Left Winger,Attack,LM,1,1,0.0,0,0,0,0,0,0,0.0,3.0,53.0,51.2,0.16754871301419294,1.0,51.2
18105_pfc_lviv_2020s_1141487,18105_pfc_lviv_2020s,18105,PFC Lviv,2020s,1141487,Vladyslav Gerych (1141487),Ukraine,Attack - Centre-Forward,Attack,FW,1,1,0.0,0,0,0,0,0,0,0.0,3.0,53.0,51.2,0.16754871301419294,1.0,51.2
18105_pfc_lviv_2020s_1143806,18105_pfc_lviv_2020s,18105,PFC Lviv,2020s,1143806,Bogdan Panchyshyn (1143806),Ukraine,Midfield - Central Midfield,Midfield,CM,1,1,0.0,0,0,0,0,0,0,0.0,3.0,53.0,51.2,0.16754871301419294,1.0,51.2
18105_pfc_lviv_2020s_1143807,18105_pfc_lviv_2020s,18105,PFC Lviv,2020s,1143807,Yuriy Mykhayliv (1143807),Ukraine,Midfield - Defensive Midfield,Midfield,CDM,1,1,0.0,0,0,0,0,0,0,0.0,3.0,53.0,51.2,0.16754871301419294,1.0,51.2
18105_pfc_lviv_2020s_1143808,18105_pfc_lviv_2020s,18105,PFC Lviv,2020s,1143808,Pavlo Ripak (1143808),Ukraine,Goalkeeper,Goalkeeper,GK,1,1,0.0,0,0,0,0,0,0,0.0,3.0,53.0,51.2,0.16754871301419294,1.0,51.2
18105_pfc_lviv_2020s_1143809,18105_pfc_lviv_2020s,18105,PFC Lviv,2020s,1143809,Ivan Bokalo (1143809),Ukraine,Midfield - Central Midfield,Midfield,CM,1,1,0.0,0,0,0,0,0,0,0.0,3.0,53.0,51.2,0.16754871301419294,1.0,51.2
18105_pfc_lviv_2020s_1143810,18105_pfc_lviv_2020s,18105,PFC Lviv,2020s,1143810,Roman Yuvkhymets (1143810),Ukraine,Defender - Right-Back,Defender,RB,1,1,0.0,0,0,0,0,0,0,0.0,3.0,53.0,51.2,0.16754871301419294,1.0,51.2
18105_pfc_lviv_2020s_1143811,18105_pfc_lviv_2020s,18105,PFC Lviv,2020s,1143811,Yaroslav Shandra (1143811),Ukraine,Defender - Centre-Back,Defender,CB,1,1,0.0,0,0,0,1,0,0,0.0,3.0,53.0,51.2,0.16754871301419294,1.0,51.2
18105_pfc_lviv_2020s_1143821,18105_pfc_lviv_2020s,18105,PFC Lviv,2020s,1143821,Bogdan Bidzinskyi (1143821),Ukraine,Midfield - Central Midfield,Midfield,CM,1,1,0.0,0,0,0,0,0,0,0.0,3.0,53.0,51.2,0.16754871301419294,1.0,51.2
18105_pfc_lviv_2020s_1143823,18105_pfc_lviv_2020s,18105,PFC Lviv,2020s,1143823,Denys Dovbetskyi (1143823),Ukraine,Attack - Right Winger,Attack,RM,1,1,0.0,0,0,0,0,0,0,0.0,3.0,53.0,51.2,0.16754871301419294,1.0,51.2
18105_pfc_lviv_2020s_533318,18105_pfc_lviv_2020s,18105,PFC Lviv,2020s,533318,Nazariy Muravskyi (533318),Ukraine,Defender - Centre-Back,Defender,CB,1,1,0.0,0,0,0,3,1,0,0.0,1.5,51.5,45.4,0.00950204474380563,1.0,45.4
18105_pfc_lviv_2020s_58252,18105_pfc_lviv_2020s,18105,PFC Lviv,2020s,58252,Sergiy Siminin (58252),Ukraine,Defender - Right-Back,Defender,RB,1,1,0.0,0,0,0,0,0,0,0.0,1.0,51.0,45.1,0.0039692085638681745,1.0,45.1
18303_fc_oleksandriya_2010s_59047,18303_fc_oleksandriya_2010s,18303,FC Oleksandriya,2010s,59047,Vasyl Grytsuk (59047),Ukraine,Midfield - Attacking Midfield,Midfield,AM,5,8,15.0,12,0,0,8,0,8,2444.0,138.0,95.0,88.8,0.97822949242242,1.0,88.8
18303_fc_oleksandriya_2010s_90769,18303_fc_oleksandriya_2010s,18303,FC Oleksandriya,2010s,90769,Vitaliy Ponomar (90769),Ukraine,Attack - Centre-Forward,Attack,FW,4,6,15.0,10,0,0,8,0,0,2989.0,126.0,91.1,87.9,0.9726966562424826,1.0,87.9
18303_fc_oleksandriya_2010s_242272,18303_fc_oleksandriya_2010s,18303,FC Oleksandriya,2010s,242272,Yevgen Banada (242272),Ukraine,Midfield - Central Midfield,Midfield,CM,5,9,17.0,5,0,0,33,0,0,7463.0,118.0,88.5,87.3,0.9689680057733943,1.0,87.3
18303_fc_oleksandriya_2010s_140676,18303_fc_oleksandriya_2010s,18303,FC Oleksandriya,2010s,140676,Kyrylo Kovalets (140676),Ukraine,Midfield - Attacking Midfield,Midfield,AM,2,5,12.0,6,0,0,9,0,0,780.0,90.0,79.3,84.4,0.952128939138802,1.0,84.4
18303_fc_oleksandriya_2010s_320247,18303_fc_oleksandriya_2010s,18303,FC Oleksandriya,2010s,320247,Artem Sitalo (320247),Ukraine,Attack - Centre-Forward,Attack,FW,3,7,10.0,7,0,0,9,1,0,2359.0,85.5,77.9,83.8,0.947919172480154,1.0,83.8
18303_fc_oleksandriya_2010s_91465,18303_fc_oleksandriya_2010s,18303,FC Oleksandriya,2010s,91465,Andriy Zaporozhan (91465),Ukraine,Midfield - Defensive Midfield,Midfield,CDM,5,8,13.0,1,0,0,22,1,11,3197.0,82.5,76.9,83.7,0.945633870579745,1.0,83.7
18303_fc_oleksandriya_2010s_131444,18303_fc_oleksandriya_2010s,18303,FC Oleksandriya,2010s,131444,Artem Polyarus (131444),Ukraine,Attack - Left Winger,Attack,LM,4,6,9.0,4,0,0,11,0,0,2325.0,72.0,73.5,82.4,0.9302381525138321,1.0,82.4
18303_fc_oleksandriya_2010s_248938,18303_fc_oleksandriya_2010s,18303,FC Oleksandriya,2010s,248938,Maksym Tretyakov (248938),Ukraine,Attack - Left Winger,Attack,LM,1,3,10.0,3,0,0,2,0,5,464.0,65.0,71.2,81.8,0.9219388982439259,1.0,81.8
18303_fc_oleksandriya_2010s_359796,18303_fc_oleksandriya_2010s,18303,FC Oleksandriya,2010s,359796,Dmytro Shastal (359796),Ukraine,Attack - Right Winger,Attack,RM,3,6,6.0,4,0,0,5,0,0,1030.0,54.0,67.6,79.8,0.8981236468607169,1.0,79.8
18303_fc_oleksandriya_2010s_155964,18303_fc_oleksandriya_2010s,18303,FC Oleksandriya,2010s,155964,Andriy Tsurikov (155964),Ukraine,Defender - Left-Back,Defender,LB,3,5,4.0,5,0,0,13,0,0,1018.0,49.0,66.0,78.9,0.8857349049795525,1.0,78.9
18303_fc_oleksandriya_2010s_91312,18303_fc_oleksandriya_2010s,18303,FC Oleksandriya,2010s,91312,Anton Shendrik (91312),Russia  Ukraine,Defender - Centre-Back,Defender,CB,5,7,3.0,2,0,0,22,0,0,4517.0,37.0,62.1,75.6,0.8391869136396439,1.0,75.6
18303_fc_oleksandriya_2010s_269371,18303_fc_oleksandriya_2010s,18303,FC Oleksandriya,2010s,269371,Denys Bezborodko (269371),Ukraine,Attack - Centre-Forward,Attack,FW,1,3,4.0,3,0,0,7,0,0,365.0,35.0,61.4,75.1,0.8263170555689199,1.0,75.1
18303_fc_oleksandriya_2010s_248934,18303_fc_oleksandriya_2010s,18303,FC Oleksandriya,2010s,248934,Valeriy Luchkevych (248934),Ukraine,Defender - Right-Back,Defender,RB,2,5,3.0,3,0,0,6,0,0,1003.0,33.0,60.8,74.6,0.8146499879720953,1.0,74.6
18303_fc_oleksandriya_2010s_221958,18303_fc_oleksandriya_2010s,18303,FC Oleksandriya,2010s,221958,Roman Yaremchuk (221958),Ukraine,Attack - Centre-Forward,Attack,FW,1,1,5.0,1,0,0,1,0,0,165.0,32.0,60.4,74.3,0.8081549194130383,1.0,74.3
18303_fc_oleksandriya_2010s_206054,18303_fc_oleksandriya_2010s,18303,FC Oleksandriya,2010s,206054,Pavlo Myagkov (206054),Ukraine,Defender - Left-Back,Defender,LB,2,2,2.0,2,0,0,4,0,0,400.0,24.0,57.8,71.9,0.7468126052441665,1.0,71.9
18303_fc_oleksandriya_2010s_567873,18303_fc_oleksandriya_2010s,18303,FC Oleksandriya,2010s,567873,Vladyslav Baboglo (567873),Moldova  Ukraine,Defender - Centre-Back,Defender,CB,3,7,3.0,0,0,0,14,0,0,769.0,23.0,57.5,71.5,0.7382727928794804,1.0,71.5
18303_fc_oleksandriya_2010s_365540,18303_fc_oleksandriya_2010s,18303,FC Oleksandriya,2010s,365540,Valeriy Bondarenko (365540),Ukraine,Defender - Centre-Back,Defender,CB,3,4,2.0,0,0,0,7,0,0,3150.0,19.0,56.2,69.6,0.6904017320182824,1.0,69.6
18303_fc_oleksandriya_2010s_58961,18303_fc_oleksandriya_2010s,18303,FC Oleksandriya,2010s,58961,Pavlo Pashayev (58961),Azerbaijan  Ukraine,Defender - Right-Back,Defender,RB,3,7,0.0,2,0,0,11,0,0,0.0,17.0,55.5,68.6,0.6645417368294443,1.0,68.6
18303_fc_oleksandriya_2010s_325429,18303_fc_oleksandriya_2010s,18303,FC Oleksandriya,2010s,325429,Maksym Zaderaka (325429),Ukraine,Attack - Right Winger,Attack,RM,2,5,2.0,0,0,0,7,0,0,180.0,16.0,55.2,67.9,0.6464998797209526,1.0,67.9
18303_fc_oleksandriya_2010s_310782,18303_fc_oleksandriya_2010s,18303,FC Oleksandriya,2010s,310782,Andriy Batsula (310782),Ukraine,Defender - Left-Back,Defender,LB,2,3,1.0,1,0,0,3,0,0,648.0,15.0,54.9,67.4,0.6314649987972095,1.0,67.4
18303_fc_oleksandriya_2010s_85506,18303_fc_oleksandriya_2010s,18303,FC Oleksandriya,2010s,85506,Kaspars Dubra (85506),Latvia,Defender - Centre-Back,Defender,CB,1,3,0.0,3,0,0,1,0,0,0.0,14.0,54.6,67.0,0.6188356988212653,1.0,67.0
18303_fc_oleksandriya_2010s_549960,18303_fc_oleksandriya_2010s,18303,FC Oleksandriya,2010s,549960,Tymur Stetskov (549960),Ukraine,Defender - Centre-Back,Defender,CB,3,7,1.0,0,0,0,8,0,0,149.0,14.0,54.6,67.0,0.6188356988212653,1.0,67.0
18303_fc_oleksandriya_2010s_325420,18303_fc_oleksandriya_2010s,18303,FC Oleksandriya,2010s,325420,Bogdan Myshenko (325420),Ukraine,Midfield - Left Midfield,Midfield,LM,1,3,2.0,0,0,0,1,0,0,265.0,13.0,54.2,66.3,0.600072167428434,1.0,66.3
18303_fc_oleksandriya_2010s_123543,18303_fc_oleksandriya_2010s,18303,FC Oleksandriya,2010s,123543,Artem Sukhotskyi (123543),Ukraine,Midfield - Left Midfield,Midfield,LM,1,1,1.0,1,0,0,1,0,0,1440.0,12.0,53.9,65.5,0.5752946836661054,1.0,65.5
18303_fc_oleksandriya_2010s_57869,18303_fc_oleksandriya_2010s,18303,FC Oleksandriya,2010s,57869,Denys Dedechko (57869),Ukraine,Midfield - Defensive Midfield,Midfield,CDM,2,3,1.0,0,0,0,3,0,0,236.0,11.0,53.6,64.6,0.5475102237190281,1.0,64.6
18303_fc_oleksandriya_2010s_381268,18303_fc_oleksandriya_2010s,18303,FC Oleksandriya,2010s,381268,Glib Bukhal (381268),Ukraine,Defender - Centre-Back,Defender,CB,3,7,1.0,0,0,0,9,0,0,270.0,11.0,53.6,64.6,0.5475102237190281,1.0,64.6
18303_fc_oleksandriya_2010s_449084,18303_fc_oleksandriya_2010s,18303,FC Oleksandriya,2010s,449084,Oleg Bilyk (449084),Ukraine,Goalkeeper,Goalkeeper,GK,2,5,0.0,0,2,8,1,0,0,623.0,9.0,52.9,62.9,0.49735386095742123,1.0,62.9
18303_fc_oleksandriya_2010s_59136,18303_fc_oleksandriya_2010s,18303,FC Oleksandriya,2010s,59136,Maksym Zhychykov (59136),Ukraine,Defender - Right-Back,Defender,RB,1,1,0.0,1,0,0,0,0,0,0.0,7.0,52.3,60.4,0.42097666586480637,1.0,60.4
18303_fc_oleksandriya_2010s_111072,18303_fc_oleksandriya_2010s,18303,FC Oleksandriya,2010s,111072,Vladyslav Ogirya (111072),Ukraine,Midfield - Defensive Midfield,Midfield,CDM,1,1,1.0,0,0,0,3,0,0,1549.0,7.0,52.3,60.4,0.42097666586480637,1.0,60.4
18303_fc_oleksandriya_2010s_58958,18303_fc_oleksandriya_2010s,18303,FC Oleksandriya,2010s,58958,Oleksandr Matveyev (58958),Ukraine,Defender - Centre-Back,Defender,CB,2,2,0.0,0,0,0,1,0,0,0.0,6.0,52.0,58.6,0.36901611739235024,1.0,58.6
18303_fc_oleksandriya_2010s_244262,18303_fc_oleksandriya_2010s,18303,FC Oleksandriya,2010s,244262,Denys Miroshnichenko (244262),Ukraine,Defender - Right-Back,Defender,RB,1,3,0.0,1,0,0,6,0,0,0.0,6.0,52.0,58.6,0.36901611739235024,1.0,58.6
18303_fc_oleksandriya_2010s_622410,18303_fc_oleksandriya_2010s,18303,FC Oleksandriya,2010s,622410,Denys Ustymenko (622410),Ukraine,Attack - Centre-Forward,Attack,FW,2,3,0.0,0,0,0,0,0,0,0.0,6.0,52.0,58.6,0.36901611739235024,1.0,58.6
18303_fc_oleksandriya_2010s_94924,18303_fc_oleksandriya_2010s,18303,FC Oleksandriya,2010s,94924,Maksym Imerekov (94924),Ukraine,Defender - Centre-Back,Defender,CB,1,1,0.0,0,0,0,2,0,0,0.0,3.0,51.0,51.2,0.16754871301419294,1.0,51.2
18303_fc_oleksandriya_2010s_122361,18303_fc_oleksandriya_2010s,18303,FC Oleksandriya,2010s,122361,Aderinsola Habib Eseola (122361),Ukraine  Nigeria,Attack - Centre-Forward,Attack,FW,1,1,0.0,0,0,0,1,0,0,0.0,3.0,51.0,51.2,0.16754871301419294,1.0,51.2
18303_fc_oleksandriya_2010s_222079,18303_fc_oleksandriya_2010s,18303,FC Oleksandriya,2010s,222079,Ruslan Stepanyuk (222079),Ukraine,Attack - Centre-Forward,Attack,FW,1,1,0.0,0,0,0,0,0,0,0.0,3.0,51.0,51.2,0.16754871301419294,1.0,51.2
18303_fc_oleksandriya_2010s_380691,18303_fc_oleksandriya_2010s,18303,FC Oleksandriya,2010s,380691,Vitaliy Koltsov (380691),Ukraine,Midfield - Defensive Midfield,Midfield,CDM,1,1,0.0,0,0,0,0,0,0,0.0,3.0,51.0,51.2,0.16754871301419294,1.0,51.2
18303_fc_oleksandriya_2010s_396536,18303_fc_oleksandriya_2010s,18303,FC Oleksandriya,2010s,396536,Roman Vantukh (396536),Ukraine,Defender - Left-Back,Defender,LB,1,2,0.0,0,0,0,1,0,0,0.0,3.0,51.0,51.2,0.16754871301419294,1.0,51.2
18303_fc_oleksandriya_2010s_418891,18303_fc_oleksandriya_2010s,18303,FC Oleksandriya,2010s,418891,Oleksandr Melnyk (418891),Ukraine,Defender - Centre-Back,Defender,CB,1,2,0.0,0,0,0,0,0,0,0.0,3.0,51.0,51.2,0.16754871301419294,1.0,51.2
18303_fc_oleksandriya_2010s_461665,18303_fc_oleksandriya_2010s,18303,FC Oleksandriya,2010s,461665,Maksym Kulish (461665),Ukraine,Attack - Left Winger,Attack,LM,1,1,0.0,0,0,0,0,0,0,0.0,3.0,51.0,51.2,0.16754871301419294,1.0,51.2
18303_fc_oleksandriya_2010s_495918,18303_fc_oleksandriya_2010s,18303,FC Oleksandriya,2010s,495918,Dmytro Semenov (495918),Ukraine,Defender - Centre-Back,Defender,CB,1,2,0.0,0,0,0,0,0,0,0.0,3.0,51.0,51.2,0.16754871301419294,1.0,51.2
18303_fc_oleksandriya_2010s_501417,18303_fc_oleksandriya_2010s,18303,FC Oleksandriya,2010s,501417,Kyrylo Dryshlyuk (501417),Ukraine,Midfield - Central Midfield,Midfield,CM,1,1,0.0,0,0,0,0,0,0,0.0,3.0,51.0,51.2,0.16754871301419294,1.0,51.2
18303_fc_oleksandriya_2010s_572399,18303_fc_oleksandriya_2010s,18303,FC Oleksandriya,2010s,572399,Kyrylo Prokopchuk (572399),Ukraine,Defender - Centre-Back,Defender,CB,1,1,0.0,0,0,0,0,0,0,0.0,3.0,51.0,51.2,0.16754871301419294,1.0,51.2
18303_fc_oleksandriya_2010s_577844,18303_fc_oleksandriya_2010s,18303,FC Oleksandriya,2010s,577844,Oleg Sokolov (577844),Ukraine,Defender - Right-Back,Defender,RB,1,1,0.0,0,0,0,0,0,0,0.0,3.0,51.0,51.2,0.16754871301419294,1.0,51.2
18303_fc_oleksandriya_2010s_58252,18303_fc_oleksandriya_2010s,18303,FC Oleksandriya,2010s,58252,Sergiy Siminin (58252),Ukraine,Defender - Right-Back,Defender,RB,1,1,0.0,0,0,0,2,1,0,0.0,0.5,50.2,45.0,0.0013230695212893915,1.0,45.0
18303_fc_oleksandriya_2020s_140676,18303_fc_oleksandriya_2020s,18303,FC Oleksandriya,2020s,140676,Kyrylo Kovalets (140676),Ukraine,Midfield - Attacking Midfield,Midfield,AM,6,6,14.0,14,0,0,12,0,0,3650.0,142.0,95.0,88.9,0.9788308876593698,1.0,88.9
18303_fc_oleksandriya_2020s_248938,18303_fc_oleksandriya_2020s,18303,FC Oleksandriya,2020s,248938,Maksym Tretyakov (248938),Ukraine,Attack - Left Winger,Attack,LM,3,3,15.0,8,0,0,7,0,3,1002.0,116.0,86.8,87.0,0.9672840991099351,1.0,87.0
18303_fc_oleksandriya_2020s_1083965,18303_fc_oleksandriya_2020s,18303,FC Oleksandriya,2020s,1083965,Juan Bezerra (1083965),Brazil,Attack - Right Winger,Attack,RM,3,3,9.0,9,0,0,3,0,0,472.0,90.0,78.5,84.4,0.952128939138802,1.0,84.4
18303_fc_oleksandriya_2020s_237623,18303_fc_oleksandriya_2020s,18303,FC Oleksandriya,2020s,237623,Oleksandr Filippov (237623),Ukraine,Attack - Centre-Forward,Attack,FW,1,1,10.0,2,0,0,2,0,1,215.0,61.0,69.3,81.1,0.9133990858792398,1.0,81.1
18303_fc_oleksandriya_2020s_81649,18303_fc_oleksandriya_2020s,18303,FC Oleksandriya,2020s,81649,Sergiy Rybalka (81649),Ukraine,Midfield - Defensive Midfield,Midfield,CDM,2,2,4.0,8,0,0,9,0,2,504.0,58.0,68.4,80.5,0.9067837382727929,1.0,80.5
18303_fc_oleksandriya_2020s_261780,18303_fc_oleksandriya_2020s,18303,FC Oleksandriya,2020s,261780,Artem Shulyanskyi (261780),Ukraine,Attack - Left Winger,Attack,LM,3,3,6.0,4,0,0,1,0,0,798.0,55.0,67.4,80.0,0.8994467163820062,1.0,80.0
18303_fc_oleksandriya_2020s_343151,18303_fc_oleksandriya_2020s,18303,FC Oleksandriya,2020s,343151,Ivan Kalyuzhnyi (343151),Ukraine,Midfield - Central Midfield,Midfield,CM,4,4,4.0,5,0,0,19,0,0,1847.0,51.0,66.2,79.3,0.8909069040173202,1.0,79.3
18303_fc_oleksandriya_2020s_567873,18303_fc_oleksandriya_2020s,18303,FC Oleksandriya,2020s,567873,Vladyslav Baboglo (567873),Moldova  Ukraine,Defender - Centre-Back,Defender,CB,4,4,3.0,6,0,0,16,0,0,2098.0,49.0,65.5,78.9,0.8857349049795525,1.0,78.9
18303_fc_oleksandriya_2020s_646153,18303_fc_oleksandriya_2020s,18303,FC Oleksandriya,2020s,646153,Tedi Cara (646153),Albania,Attack - Left Winger,Attack,LM,2,2,6.0,3,0,0,4,0,0,159.0,48.0,65.2,78.5,0.8812845802261247,1.0,78.5
18303_fc_oleksandriya_2020s_155964,18303_fc_oleksandriya_2020s,18303,FC Oleksandriya,2020s,155964,Andriy Tsurikov (155964),Ukraine,Defender - Left-Back,Defender,LB,2,2,5.0,4,0,0,4,0,0,346.0,47.0,64.9,78.3,0.878277604041376,1.0,78.3
18303_fc_oleksandriya_2020s_626475,18303_fc_oleksandriya_2020s,18303,FC Oleksandriya,2020s,626475,Mykola Mykhaylenko (626475),Ukraine,Midfield - Defensive Midfield,Midfield,CDM,2,2,7.0,1,0,0,4,0,2,756.0,45.0,64.3,77.7,0.8707000240558095,1.0,77.7
18303_fc_oleksandriya_2020s_892054,18303_fc_oleksandriya_2020s,18303,FC Oleksandriya,2020s,892054,Emil Mustafayev (892054),Azerbaijan  Ukraine,Midfield - Attacking Midfield,Midfield,AM,3,3,2.0,6,0,0,1,0,0,534.0,43.0,63.6,77.0,0.8626413278806832,1.0,77.0
18303_fc_oleksandriya_2020s_108710,18303_fc_oleksandriya_2020s,18303,FC Oleksandriya,2020s,108710,Vladyslav Kalitvintsev (108710),Ukraine  Russia,Midfield - Right Midfield,Midfield,RM,2,2,3.0,5,0,0,5,0,0,2622.0,41.0,63.0,76.5,0.8559057012268463,1.0,76.5
18303_fc_oleksandriya_2020s_244262,18303_fc_oleksandriya_2020s,18303,FC Oleksandriya,2020s,244262,Denys Miroshnichenko (244262),Ukraine,Defender - Right-Back,Defender,RB,3,3,4.0,3,0,0,11,0,0,620.0,41.0,63.0,76.5,0.8559057012268463,1.0,76.5
18303_fc_oleksandriya_2020s_631819,18303_fc_oleksandriya_2020s,18303,FC Oleksandriya,2020s,631819,Danil Skorko (631819),Ukraine,Defender - Right-Back,Defender,RB,4,4,4.0,2,0,0,7,0,1,298.0,40.0,62.7,76.2,0.8524176088525379,1.0,76.2
18303_fc_oleksandriya_2020s_335744,18303_fc_oleksandriya_2020s,18303,FC Oleksandriya,2020s,335744,Miguel Campos (335744),Portugal,Defender - Centre-Back,Defender,CB,3,3,5.0,2,0,0,10,2,2,445.0,39.0,62.4,76.0,0.8490497955256194,1.0,76.0
18303_fc_oleksandriya_2020s_775709,18303_fc_oleksandriya_2020s,18303,FC Oleksandriya,2020s,775709,Georgiy Yermakov (775709),Ukraine,Goalkeeper,Goalkeeper,GK,4,4,0.0,0,18,32,4,0,0,3420.0,39.0,62.4,76.0,0.8490497955256194,1.0,76.0
18303_fc_oleksandriya_2020s_80312,18303_fc_oleksandriya_2020s,18303,FC Oleksandriya,2020s,80312,Mykyta Shevchenko (80312),Ukraine,Goalkeeper,Goalkeeper,GK,4,4,0.0,0,16,55,5,0,0,3735.0,36.0,61.4,75.3,0.832571566033197,1.0,75.3
18303_fc_oleksandriya_2020s_370399,18303_fc_oleksandriya_2020s,18303,FC Oleksandriya,2020s,370399,Mykyta Kravchenko (370399),Ukraine,Defender - Right-Back,Defender,RB,1,1,0.0,8,0,0,4,0,0,0.0,35.0,61.1,75.1,0.8263170555689199,1.0,75.1
18303_fc_oleksandriya_2020s_343492,18303_fc_oleksandriya_2020s,18303,FC Oleksandriya,2020s,343492,Oleg Kozhushko (343492),Ukraine,Attack - Centre-Forward,Attack,FW,2,2,2.0,4,0,0,4,0,0,256.0,31.0,59.8,74.0,0.8010584556170315,1.0,74.0
18303_fc_oleksandriya_2020s_404848,18303_fc_oleksandriya_2020s,18303,FC Oleksandriya,2020s,404848,Andriy Kulakov (404848),Ukraine,Attack - Centre-Forward,Attack,FW,4,4,2.0,2,0,0,3,0,0,2285.0,30.0,59.5,73.8,0.7954053403897041,1.0,73.8
18303_fc_oleksandriya_2020s_359796,18303_fc_oleksandriya_2020s,18303,FC Oleksandriya,2020s,359796,Dmytro Shastal (359796),Ukraine,Attack - Right Winger,Attack,RM,2,2,3.0,2,0,0,3,0,0,273.0,29.0,59.2,73.5,0.7883088765936974,1.0,73.5
18303_fc_oleksandriya_2020s_320247,18303_fc_oleksandriya_2020s,18303,FC Oleksandriya,2020s,320247,Artem Sitalo (320247),Ukraine,Attack - Centre-Forward,Attack,FW,1,1,4.0,1,0,0,7,0,0,383.0,27.0,58.6,72.9,0.7733942747173442,1.0,72.9
18303_fc_oleksandriya_2020s_449084,18303_fc_oleksandriya_2020s,18303,FC Oleksandriya,2020s,449084,Oleg Bilyk (449084),Ukraine,Goalkeeper,Goalkeeper,GK,3,3,0.0,0,12,42,3,0,0,3240.0,27.0,58.6,72.9,0.7733942747173442,1.0,72.9
18303_fc_oleksandriya_2020s_432658,18303_fc_oleksandriya_2020s,18303,FC Oleksandriya,2020s,432658,Yuriy Kopyna (432658),Ukraine,Defender - Right-Back,Defender,RB,4,4,1.0,2,0,0,5,0,0,2284.0,25.0,57.9,72.2,0.7552321385614625,1.0,72.2
18303_fc_oleksandriya_2020s_212243,18303_fc_oleksandriya_2020s,18303,FC Oleksandriya,2020s,212243,Dmytro Myshnyov (212243),Ukraine,Midfield - Central Midfield,Midfield,CM,2,2,2.0,2,0,0,3,0,0,753.0,24.0,57.6,71.9,0.7468126052441665,1.0,71.9
18303_fc_oleksandriya_2020s_248934,18303_fc_oleksandriya_2020s,18303,FC Oleksandriya,2020s,248934,Valeriy Luchkevych (248934),Ukraine,Defender - Right-Back,Defender,RB,1,1,2.0,3,0,0,0,0,0,777.0,24.0,57.6,71.9,0.7468126052441665,1.0,71.9
18303_fc_oleksandriya_2020s_935047,18303_fc_oleksandriya_2020s,18303,FC Oleksandriya,2020s,935047,Kyrylo Sigeev (935047),Ukraine,Midfield - Central Midfield,Midfield,CM,2,2,2.0,2,0,0,8,0,0,493.0,24.0,57.6,71.9,0.7468126052441665,1.0,71.9
18303_fc_oleksandriya_2020s_366446,18303_fc_oleksandriya_2020s,18303,FC Oleksandriya,2020s,366446,Denys Kostyshyn (366446),Ukraine,Midfield - Attacking Midfield,Midfield,AM,3,3,2.0,1,0,0,1,0,0,253.0,23.0,57.3,71.5,0.7382727928794804,1.0,71.5
18303_fc_oleksandriya_2020s_622410,18303_fc_oleksandriya_2020s,18303,FC Oleksandriya,2020s,622410,Denys Ustymenko (622410),Ukraine,Attack - Centre-Forward,Attack,FW,2,2,3.0,0,0,0,3,0,0,863.0,21.0,56.7,70.7,0.7179456338705797,1.0,70.7
18303_fc_oleksandriya_2020s_365540,18303_fc_oleksandriya_2020s,18303,FC Oleksandriya,2020s,365540,Valeriy Bondarenko (365540),Ukraine,Defender - Centre-Back,Defender,CB,2,2,3.0,0,0,0,4,0,0,494.0,20.0,56.3,70.2,0.7051960548472456,1.0,70.2
18303_fc_oleksandriya_2020s_524031,18303_fc_oleksandriya_2020s,18303,FC Oleksandriya,2020s,524031,Oleksandr Belyaev (524031),Ukraine,Midfield - Left Midfield,Midfield,LM,2,2,2.0,1,0,0,2,0,0,1173.0,20.0,56.3,70.2,0.7051960548472456,1.0,70.2
18303_fc_oleksandriya_2020s_242272,18303_fc_oleksandriya_2020s,18303,FC Oleksandriya,2020s,242272,Yevgen Banada (242272),Ukraine,Midfield - Central Midfield,Midfield,CM,1,1,2.0,2,0,0,6,1,0,789.0,19.5,56.2,69.9,0.6968968005773394,1.0,69.9
18303_fc_oleksandriya_2020s_396530,18303_fc_oleksandriya_2020s,18303,FC Oleksandriya,2020s,396530,Artem Kozak (396530),Ukraine,Midfield - Right Midfield,Midfield,RM,2,2,1.0,2,0,0,1,0,0,1097.0,19.0,56.0,69.6,0.6904017320182824,1.0,69.6
18303_fc_oleksandriya_2020s_396532,18303_fc_oleksandriya_2020s,18303,FC Oleksandriya,2020s,396532,Yevgeniy Smyrnyi (396532),Ukraine,Midfield - Central Midfield,Midfield,CM,3,3,2.0,0,0,0,5,0,0,336.0,19.0,56.0,69.6,0.6904017320182824,1.0,69.6
18303_fc_oleksandriya_2020s_463845,18303_fc_oleksandriya_2020s,18303,FC Oleksandriya,2020s,463845,Oleksandr Demchenko (463845),Ukraine,Midfield - Defensive Midfield,Midfield,CDM,2,2,1.0,2,0,0,4,0,0,1026.0,19.0,56.0,69.6,0.6904017320182824,1.0,69.6
18303_fc_oleksandriya_2020s_470831,18303_fc_oleksandriya_2020s,18303,FC Oleksandriya,2020s,470831,Vikentiy Voloshyn (470831),Ukraine,Midfield - Attacking Midfield,Midfield,AM,1,1,0.0,4,0,0,1,0,0,0.0,19.0,56.0,69.6,0.6904017320182824,1.0,69.6
18303_fc_oleksandriya_2020s_110688,18303_fc_oleksandriya_2020s,18303,FC Oleksandriya,2020s,110688,Sergiy Loginov (110688),Ukraine,Defender - Centre-Back,Defender,CB,3,3,2.0,0,0,0,7,0,0,535.0,17.0,55.4,68.6,0.6645417368294443,1.0,68.6
18303_fc_oleksandriya_2020s_719652,18303_fc_oleksandriya_2020s,18303,FC Oleksandriya,2020s,719652,Oleksandr Martynyuk (719652),Ukraine,Defender - Left-Back,Defender,LB,3,3,0.0,2,0,0,9,0,0,0.0,17.0,55.4,68.6,0.6645417368294443,1.0,68.6
18303_fc_oleksandriya_2020s_85506,18303_fc_oleksandriya_2020s,18303,FC Oleksandriya,2020s,85506,Kaspars Dubra (85506),Latvia,Defender - Centre-Back,Defender,CB,2,2,2.0,0,0,0,7,0,0,630.0,16.0,55.1,67.9,0.6464998797209526,1.0,67.9
18303_fc_oleksandriya_2020s_325420,18303_fc_oleksandriya_2020s,18303,FC Oleksandriya,2020s,325420,Bogdan Myshenko (325420),Ukraine,Midfield - Left Midfield,Midfield,LM,1,1,1.0,2,0,0,5,0,0,608.0,16.0,55.1,67.9,0.6464998797209526,1.0,67.9
18303_fc_oleksandriya_2020s_396536,18303_fc_oleksandriya_2020s,18303,FC Oleksandriya,2020s,396536,Roman Vantukh (396536),Ukraine,Defender - Left-Back,Defender,LB,1,1,1.0,2,0,0,2,0,0,1344.0,16.0,55.1,67.9,0.6464998797209526,1.0,67.9
18303_fc_oleksandriya_2020s_817676,18303_fc_oleksandriya_2020s,18303,FC Oleksandriya,2020s,817676,Geovani (817676),Brazil,Attack - Right Winger,Attack,RM,2,2,2.0,0,0,0,2,0,0,1258.0,16.0,55.1,67.9,0.6464998797209526,1.0,67.9
18303_fc_oleksandriya_2020s_830079,18303_fc_oleksandriya_2020s,18303,FC Oleksandriya,2020s,830079,Rodion Plaksa (830079),Ukraine,Midfield - Attacking Midfield,Midfield,AM,2,2,2.0,0,0,0,2,0,0,287.0,16.0,55.1,67.9,0.6464998797209526,1.0,67.9
18303_fc_oleksandriya_2020s_404846,18303_fc_oleksandriya_2020s,18303,FC Oleksandriya,2020s,404846,Sergiy Buletsa (404846),Ukraine,Midfield - Attacking Midfield,Midfield,AM,2,2,0.0,2,0,0,0,0,0,0.0,14.0,54.4,67.0,0.6188356988212653,1.0,67.0
18303_fc_oleksandriya_2020s_726016,18303_fc_oleksandriya_2020s,18303,FC Oleksandriya,2020s,726016,Denys Shostak (726016),Ukraine,Midfield - Attacking Midfield,Midfield,AM,3,3,1.0,0,0,0,9,0,0,838.0,14.0,54.4,67.0,0.6188356988212653,1.0,67.0
18303_fc_oleksandriya_2020s_1134676,18303_fc_oleksandriya_2020s,18303,FC Oleksandriya,2020s,1134676,Daniil Vashchenko (1134676),Ukraine,Midfield - Defensive Midfield,Midfield,CDM,3,3,1.0,0,0,0,1,0,0,365.0,14.0,54.4,67.0,0.6188356988212653,1.0,67.0
18303_fc_oleksandriya_2020s_504882,18303_fc_oleksandriya_2020s,18303,FC Oleksandriya,2020s,504882,Claudio Spinelli (504882),Argentina  Italy,Attack - Centre-Forward,Attack,FW,1,1,2.0,0,0,0,1,0,0,403.0,13.0,54.1,66.3,0.600072167428434,1.0,66.3
18303_fc_oleksandriya_2020s_59047,18303_fc_oleksandriya_2020s,18303,FC Oleksandriya,2020s,59047,Vasyl Grytsuk (59047),Ukraine,Midfield - Attacking Midfield,Midfield,AM,1,1,1.0,1,0,0,1,0,0,280.0,12.0,53.8,65.5,0.5752946836661054,1.0,65.5
18303_fc_oleksandriya_2020s_269371,18303_fc_oleksandriya_2020s,18303,FC Oleksandriya,2020s,269371,Denys Bezborodko (269371),Ukraine,Attack - Centre-Forward,Attack,FW,1,1,2.0,0,0,0,1,0,0,161.0,12.0,53.8,65.5,0.5752946836661054,1.0,65.5
18303_fc_oleksandriya_2020s_418891,18303_fc_oleksandriya_2020s,18303,FC Oleksandriya,2020s,418891,Oleksandr Melnyk (418891),Ukraine,Defender - Centre-Back,Defender,CB,4,4,0.0,0,0,0,5,0,0,0.0,12.0,53.8,65.5,0.5752946836661054,1.0,65.5
18303_fc_oleksandriya_2020s_789478,18303_fc_oleksandriya_2020s,18303,FC Oleksandriya,2020s,789478,Bogdan Kobzar (789478),Ukraine,Attack - Centre-Forward,Attack,FW,1,1,1.0,1,0,0,2,0,0,723.0,12.0,53.8,65.5,0.5752946836661054,1.0,65.5
18303_fc_oleksandriya_2020s_58961,18303_fc_oleksandriya_2020s,18303,FC Oleksandriya,2020s,58961,Pavlo Pashayev (58961),Azerbaijan  Ukraine,Defender - Right-Back,Defender,RB,1,1,0.0,2,0,0,9,0,0,0.0,11.0,53.5,64.6,0.5475102237190281,1.0,64.6
18303_fc_oleksandriya_2020s_269374,18303_fc_oleksandriya_2020s,18303,FC Oleksandriya,2020s,269374,Sergiy Gryn (269374),Ukraine,Attack - Left Winger,Attack,LM,2,2,1.0,0,0,0,0,0,0,276.0,11.0,53.5,64.6,0.5475102237190281,1.0,64.6
18303_fc_oleksandriya_2020s_461595,18303_fc_oleksandriya_2020s,18303,FC Oleksandriya,2020s,461595,Théo Ndicka Matam (461595),France  Cameroon,Defender - Left-Back,Defender,LB,2,2,1.0,0,0,0,1,0,0,87.0,11.0,53.5,64.6,0.5475102237190281,1.0,64.6
18303_fc_oleksandriya_2020s_525209,18303_fc_oleksandriya_2020s,18303,FC Oleksandriya,2020s,525209,Andriy Novikov (525209),Ukraine,Attack - Centre-Forward,Attack,FW,2,2,1.0,0,0,0,0,0,0,173.0,11.0,53.5,64.6,0.5475102237190281,1.0,64.6
18303_fc_oleksandriya_2020s_549960,18303_fc_oleksandriya_2020s,18303,FC Oleksandriya,2020s,549960,Tymur Stetskov (549960),Ukraine,Defender - Centre-Back,Defender,CB,2,2,1.0,0,0,0,2,0,0,594.0,11.0,53.5,64.6,0.5475102237190281,1.0,64.6
18303_fc_oleksandriya_2020s_718409,18303_fc_oleksandriya_2020s,18303,FC Oleksandriya,2020s,718409,Vladyslav Pogorilyi (718409),Ukraine,Attack - Centre-Forward,Attack,FW,2,2,1.0,0,0,0,0,0,0,479.0,11.0,53.5,64.6,0.5475102237190281,1.0,64.6
18303_fc_oleksandriya_2020s_203855,18303_fc_oleksandriya_2020s,18303,FC Oleksandriya,2020s,203855,Igor Kyryukhantsev (203855),Ukraine,Defender - Right-Back,Defender,RB,1,1,1.0,1,0,0,1,1,0,483.0,10.5,53.3,64.1,0.5318739475583354,1.0,64.1
18303_fc_oleksandriya_2020s_1160405,18303_fc_oleksandriya_2020s,18303,FC Oleksandriya,2020s,1160405,Viktor Dolgyi (1160405),Ukraine,Goalkeeper,Goalkeeper,GK,3,3,0.0,0,1,0,0,0,0,45.0,10.5,53.3,64.1,0.5318739475583354,1.0,64.1
18303_fc_oleksandriya_2020s_236468,18303_fc_oleksandriya_2020s,18303,FC Oleksandriya,2020s,236468,Artem Shabanov (236468),Ukraine,Defender - Centre-Back,Defender,CB,1,1,1.0,1,0,0,4,0,0,2610.0,10.0,53.2,63.6,0.5188838104402214,1.0,63.6
18303_fc_oleksandriya_2020s_244904,18303_fc_oleksandriya_2020s,18303,FC Oleksandriya,2020s,244904,Artur Avagimyan (244904),Ukraine  Armenia,Midfield - Attacking Midfield,Midfield,AM,3,3,0.0,0,0,0,2,0,0,0.0,9.0,52.9,62.9,0.49735386095742123,1.0,62.9
18303_fc_oleksandriya_2020s_501417,18303_fc_oleksandriya_2020s,18303,FC Oleksandriya,2020s,501417,Kyrylo Dryshlyuk (501417),Ukraine,Midfield - Central Midfield,Midfield,CM,3,3,0.0,0,0,0,8,0,0,0.0,9.0,52.9,62.9,0.49735386095742123,1.0,62.9
18303_fc_oleksandriya_2020s_64341,18303_fc_oleksandriya_2020s,18303,FC Oleksandriya,2020s,64341,Anton Kravchenko (64341),Ukraine,Defender - Centre-Back,Defender,CB,1,1,1.0,0,0,0,1,0,0,645.0,8.0,52.5,61.9,0.46572047149386575,1.0,61.9
18303_fc_oleksandriya_2020s_744099,18303_fc_oleksandriya_2020s,18303,FC Oleksandriya,2020s,744099,Jota (744099),Portugal,Attack - Right Winger,Attack,RM,1,1,1.0,0,0,0,0,0,0,89.0,8.0,52.5,61.9,0.46572047149386575,1.0,61.9
18303_fc_oleksandriya_2020s_745252,18303_fc_oleksandriya_2020s,18303,FC Oleksandriya,2020s,745252,Artem Kulakovskyi (745252),Ukraine,Midfield - Central Midfield,Midfield,CM,1,1,1.0,0,0,0,2,0,1,347.0,8.0,52.5,61.9,0.46572047149386575,1.0,61.9
18303_fc_oleksandriya_2020s_325429,18303_fc_oleksandriya_2020s,18303,FC Oleksandriya,2020s,325429,Maksym Zaderaka (325429),Ukraine,Attack - Right Winger,Attack,RM,1,1,0.0,1,0,0,1,0,0,0.0,7.0,52.2,60.4,0.42097666586480637,1.0,60.4
18303_fc_oleksandriya_2020s_726036,18303_fc_oleksandriya_2020s,18303,FC Oleksandriya,2020s,726036,Artur Mykytyshyn (726036),Ukraine,Attack - Left Winger,Attack,LM,1,1,0.0,1,0,0,1,0,0,0.0,7.0,52.2,60.4,0.42097666586480637,1.0,60.4
18303_fc_oleksandriya_2020s_815673,18303_fc_oleksandriya_2020s,18303,FC Oleksandriya,2020s,815673,Fernando Henrique (815673),Brazil,Midfield - Defensive Midfield,Midfield,CDM,1,1,0.0,1,0,0,1,0,0,0.0,7.0,52.2,60.4,0.42097666586480637,1.0,60.4
18303_fc_oleksandriya_2020s_381268,18303_fc_oleksandriya_2020s,18303,FC Oleksandriya,2020s,381268,Glib Bukhal (381268),Ukraine,Defender - Centre-Back,Defender,CB,2,2,0.0,0,0,0,0,0,0,0.0,6.0,51.9,58.6,0.36901611739235024,1.0,58.6
18303_fc_oleksandriya_2020s_461670,18303_fc_oleksandriya_2020s,18303,FC Oleksandriya,2020s,461670,Bogdan Biloshevskyi (461670),Ukraine,Midfield - Defensive Midfield,Midfield,CDM,2,2,0.0,0,0,0,0,0,0,0.0,6.0,51.9,58.6,0.36901611739235024,1.0,58.6
18303_fc_oleksandriya_2020s_725356,18303_fc_oleksandriya_2020s,18303,FC Oleksandriya,2020s,725356,Valentyn Gorokh (725356),Ukraine,Goalkeeper,Goalkeeper,GK,2,2,0.0,0,0,6,0,0,0,270.0,6.0,51.9,58.6,0.36901611739235024,1.0,58.6
18303_fc_oleksandriya_2020s_838384,18303_fc_oleksandriya_2020s,18303,FC Oleksandriya,2020s,838384,Anton Bol (838384),Ukraine,Defender - Centre-Back,Defender,CB,2,2,0.0,0,0,0,2,0,0,0.0,6.0,51.9,58.6,0.36901611739235024,1.0,58.6
18303_fc_oleksandriya_2020s_871863,18303_fc_oleksandriya_2020s,18303,FC Oleksandriya,2020s,871863,Andriy Andreychuk (871863),Ukraine,Attack - Centre-Forward,Attack,FW,2,2,0.0,0,0,0,0,0,0,0.0,6.0,51.9,58.6,0.36901611739235024,1.0,58.6
18303_fc_oleksandriya_2020s_935046,18303_fc_oleksandriya_2020s,18303,FC Oleksandriya,2020s,935046,Roman Savchenko (935046),Ukraine,Defender - Centre-Back,Defender,CB,2,2,0.0,0,0,0,3,0,0,0.0,6.0,51.9,58.6,0.36901611739235024,1.0,58.6
18303_fc_oleksandriya_2020s_938299,18303_fc_oleksandriya_2020s,18303,FC Oleksandriya,2020s,938299,Demyan Chubatyi (938299),Ukraine,Defender - Left-Back,Defender,LB,2,2,0.0,0,0,0,0,0,0,0.0,6.0,51.9,58.6,0.36901611739235024,1.0,58.6
18303_fc_oleksandriya_2020s_938300,18303_fc_oleksandriya_2020s,18303,FC Oleksandriya,2020s,938300,Yaroslav Bazaev (938300),Ukraine,Attack - Left Winger,Attack,LM,2,2,0.0,0,0,0,0,0,0,0.0,6.0,51.9,58.6,0.36901611739235024,1.0,58.6
18303_fc_oleksandriya_2020s_1027018,18303_fc_oleksandriya_2020s,18303,FC Oleksandriya,2020s,1027018,Mateus Amaral (1027018),Brazil,Midfield - Attacking Midfield,Midfield,AM,2,2,0.0,0,0,0,0,0,0,0.0,6.0,51.9,58.6,0.36901611739235024,1.0,58.6
18303_fc_oleksandriya_2020s_1035982,18303_fc_oleksandriya_2020s,18303,FC Oleksandriya,2020s,1035982,Dmytro Chernysh (1035982),Ukraine,Midfield - Central Midfield,Midfield,CM,2,2,0.0,0,0,0,0,0,0,0.0,6.0,51.9,58.6,0.36901611739235024,1.0,58.6
18303_fc_oleksandriya_2020s_1112706,18303_fc_oleksandriya_2020s,18303,FC Oleksandriya,2020s,1112706,Ivan Matyushenko (1112706),Ukraine,Midfield - Central Midfield,Midfield,CM,2,2,0.0,0,0,0,0,0,0,0.0,6.0,51.9,58.6,0.36901611739235024,1.0,58.6
18303_fc_oleksandriya_2020s_1136725,18303_fc_oleksandriya_2020s,18303,FC Oleksandriya,2020s,1136725,Denys Garkavenko (1136725),Ukraine,Defender - Centre-Back,Defender,CB,2,2,0.0,0,0,0,0,0,0,0.0,6.0,51.9,58.6,0.36901611739235024,1.0,58.6
18303_fc_oleksandriya_2020s_330041,18303_fc_oleksandriya_2020s,18303,FC Oleksandriya,2020s,330041,Madison Julio (330041),Ecuador,Midfield - Defensive Midfield,Midfield,CDM,1,1,0.0,0,0,0,0,0,0,0.0,3.0,51.0,51.2,0.16754871301419294,1.0,51.2
18303_fc_oleksandriya_2020s_354640,18303_fc_oleksandriya_2020s,18303,FC Oleksandriya,2020s,354640,José Hernández (354640),Ecuador,Defender - Left-Back,Defender,LB,1,1,0.0,0,0,0,1,0,0,0.0,3.0,51.0,51.2,0.16754871301419294,1.0,51.2
18303_fc_oleksandriya_2020s_395069,18303_fc_oleksandriya_2020s,18303,FC Oleksandriya,2020s,395069,Volodymyr Odaryuk (395069),Ukraine,Attack - Right Winger,Attack,RM,1,1,0.0,0,0,0,2,0,0,0.0,3.0,51.0,51.2,0.16754871301419294,1.0,51.2
18303_fc_oleksandriya_2020s_417235,18303_fc_oleksandriya_2020s,18303,FC Oleksandriya,2020s,417235,Denys Pidruchnyi (417235),Ukraine,Midfield - Central Midfield,Midfield,CM,1,1,0.0,0,0,0,0,0,0,0.0,3.0,51.0,51.2,0.16754871301419294,1.0,51.2
18303_fc_oleksandriya_2020s_618487,18303_fc_oleksandriya_2020s,18303,FC Oleksandriya,2020s,618487,Hussayn Touati (618487),France  Morocco,Attack - Right Winger,Attack,RM,1,1,0.0,0,0,0,1,0,0,0.0,3.0,51.0,51.2,0.16754871301419294,1.0,51.2
18303_fc_oleksandriya_2020s_633728,18303_fc_oleksandriya_2020s,18303,FC Oleksandriya,2020s,633728,Bryan Castillo (633728),Venezuela,Attack - Centre-Forward,Attack,FW,1,1,0.0,0,0,0,0,0,0,0.0,3.0,51.0,51.2,0.16754871301419294,1.0,51.2
18303_fc_oleksandriya_2020s_807784,18303_fc_oleksandriya_2020s,18303,FC Oleksandriya,2020s,807784,Jocelin Behiratche (807784),Cote d'Ivoire,Defender - Centre-Back,Defender,CB,1,1,0.0,0,0,0,1,0,0,0.0,3.0,51.0,51.2,0.16754871301419294,1.0,51.2
18303_fc_oleksandriya_2020s_809569,18303_fc_oleksandriya_2020s,18303,FC Oleksandriya,2020s,809569,Yegor Gunichev (809569),Ukraine,Attack - Centre-Forward,Attack,FW,1,1,0.0,0,0,0,0,0,0,0.0,3.0,51.0,51.2,0.16754871301419294,1.0,51.2
18303_fc_oleksandriya_2020s_882224,18303_fc_oleksandriya_2020s,18303,FC Oleksandriya,2020s,882224,Ilya Ukhan (882224),Ukraine,Defender - Right-Back,Defender,RB,1,1,0.0,0,0,0,0,0,0,0.0,3.0,51.0,51.2,0.16754871301419294,1.0,51.2
18303_fc_oleksandriya_2020s_910926,18303_fc_oleksandriya_2020s,18303,FC Oleksandriya,2020s,910926,Dé (910926),Brazil,Attack - Centre-Forward,Attack,FW,1,1,0.0,0,0,0,0,0,0,0.0,3.0,51.0,51.2,0.16754871301419294,1.0,51.2
18303_fc_oleksandriya_2020s_935053,18303_fc_oleksandriya_2020s,18303,FC Oleksandriya,2020s,935053,Mykola Ogarkov (935053),Ukraine,Defender - Centre-Back,Defender,CB,1,1,0.0,0,0,0,0,0,0,0.0,3.0,51.0,51.2,0.16754871301419294,1.0,51.2
18303_fc_oleksandriya_2020s_1095335,18303_fc_oleksandriya_2020s,18303,FC Oleksandriya,2020s,1095335,Jhonnatan Silva (1095335),Brazil,Attack - Right Winger,Attack,RM,1,1,0.0,0,0,0,1,0,0,0.0,3.0,51.0,51.2,0.16754871301419294,1.0,51.2
18303_fc_oleksandriya_2020s_1113558,18303_fc_oleksandriya_2020s,18303,FC Oleksandriya,2020s,1113558,Mykyta Minchev (1113558),Ukraine,Goalkeeper,Goalkeeper,GK,1,1,0.0,0,0,0,0,0,0,0.0,3.0,51.0,51.2,0.16754871301419294,1.0,51.2
18303_fc_oleksandriya_2020s_1190578,18303_fc_oleksandriya_2020s,18303,FC Oleksandriya,2020s,1190578,Yegor Taran (1190578),Ukraine,Goalkeeper,Goalkeeper,GK,1,1,0.0,0,0,0,0,0,0,0.0,3.0,51.0,51.2,0.16754871301419294,1.0,51.2
18303_fc_oleksandriya_2020s_1200856,18303_fc_oleksandriya_2020s,18303,FC Oleksandriya,2020s,1200856,Andriy Boyko (1200856),Ukraine,Defender - Right-Back,Defender,RB,1,1,0.0,0,0,0,0,0,0,0.0,3.0,51.0,51.2,0.16754871301419294,1.0,51.2
18303_fc_oleksandriya_2020s_1241968,18303_fc_oleksandriya_2020s,18303,FC Oleksandriya,2020s,1241968,Nazar Makarenko (1241968),Ukraine,Goalkeeper,Goalkeeper,GK,1,1,0.0,0,0,0,0,0,0,0.0,3.0,51.0,51.2,0.16754871301419294,1.0,51.2
18303_fc_oleksandriya_2020s_1264158,18303_fc_oleksandriya_2020s,18303,FC Oleksandriya,2020s,1264158,Yegor Tsevukh (1264158),Ukraine,Midfield - Defensive Midfield,Midfield,CDM,1,1,0.0,0,0,0,0,0,0,0.0,3.0,51.0,51.2,0.16754871301419294,1.0,51.2
18303_pfc_oleksandriya_2010s_35352,18303_pfc_oleksandriya_2010s,18303,PFC Oleksandriya,2010s,35352,Taras Kabanov (35352),Ukraine,Attack - Centre-Forward,Attack,FW,1,1,3.0,0,0,0,1,1,0,388.0,16.5,95.0,68.2,0.6557613663699784,1.0,68.2
18303_pfc_oleksandriya_2010s_57888,18303_pfc_oleksandriya_2010s,18303,PFC Oleksandriya,2010s,57888,Pavlo Ksyonz (57888),Ukraine,Defender - Right-Back,Defender,RB,1,1,1.0,2,0,0,2,0,0,1312.0,16.0,93.6,67.9,0.6464998797209526,1.0,67.9
18303_pfc_oleksandriya_2010s_91465,18303_pfc_oleksandriya_2010s,18303,PFC Oleksandriya,2010s,91465,Andriy Zaporozhan (91465),Ukraine,Midfield - Defensive Midfield,Midfield,CDM,1,1,1.0,1,0,0,1,0,0,1941.0,12.0,82.7,65.5,0.5752946836661054,1.0,65.5
18303_pfc_oleksandriya_2010s_59038,18303_pfc_oleksandriya_2010s,18303,PFC Oleksandriya,2010s,59038,Vitaliy Gavrysh (59038),Ukraine,Defender - Centre-Back,Defender,CB,1,1,1.0,0,0,0,1,0,0,501.0,8.0,71.8,61.9,0.46572047149386575,1.0,61.9
18303_pfc_oleksandriya_2010s_91456,18303_pfc_oleksandriya_2010s,18303,PFC Oleksandriya,2010s,91456,Igor Cherednichenko (91456),Ukraine,Defender - Centre-Back,Defender,CB,1,1,1.0,0,0,0,9,0,0,1575.0,8.0,71.8,61.9,0.46572047149386575,1.0,61.9
18303_pfc_oleksandriya_2010s_25004,18303_pfc_oleksandriya_2010s,18303,PFC Oleksandriya,2010s,25004,Denis Kovba (25004),Belarus  Russia,Midfield - Defensive Midfield,Midfield,CDM,1,1,0.0,0,0,0,0,0,0,0.0,3.0,58.2,51.2,0.16754871301419294,1.0,51.2
18303_pfc_oleksandriya_2010s_34546,18303_pfc_oleksandriya_2010s,18303,PFC Oleksandriya,2010s,34546,Josip Barisic (34546),Croatia,Attack - Centre-Forward,Attack,FW,1,1,0.0,0,0,0,1,0,0,0.0,3.0,58.2,51.2,0.16754871301419294,1.0,51.2
18303_pfc_oleksandriya_2010s_42624,18303_pfc_oleksandriya_2010s,18303,PFC Oleksandriya,2010s,42624,Sergiy Davydov (42624),Ukraine,Attack - Centre-Forward,Attack,FW,1,1,0.0,0,0,0,1,0,0,0.0,3.0,58.2,51.2,0.16754871301419294,1.0,51.2
18303_pfc_oleksandriya_2010s_58389,18303_pfc_oleksandriya_2010s,18303,PFC Oleksandriya,2010s,58389,Oleg Dopilka (58389),Ukraine,Defender - Centre-Back,Defender,CB,1,1,0.0,0,0,0,0,0,0,0.0,3.0,58.2,51.2,0.16754871301419294,1.0,51.2
18303_pfc_oleksandriya_2010s_91475,18303_pfc_oleksandriya_2010s,18303,PFC Oleksandriya,2010s,91475,Volodymyr Ovsienko (91475),Ukraine,Goalkeeper,Goalkeeper,GK,1,1,0.0,0,0,0,0,0,0,0.0,3.0,58.2,51.2,0.16754871301419294,1.0,51.2
18303_pfc_oleksandriya_2010s_131444,18303_pfc_oleksandriya_2010s,18303,PFC Oleksandriya,2010s,131444,Artem Polyarus (131444),Ukraine,Attack - Left Winger,Attack,LM,1,1,0.0,0,0,0,1,0,0,0.0,3.0,58.2,51.2,0.16754871301419294,1.0,51.2
18303_pfc_oleksandriya_2010s_193259,18303_pfc_oleksandriya_2010s,18303,PFC Oleksandriya,2010s,193259,Levan Gulordava (193259),Ukraine,Midfield - Attacking Midfield,Midfield,AM,1,1,0.0,0,0,0,0,0,0,0.0,3.0,58.2,51.2,0.16754871301419294,1.0,51.2
18303_pfc_oleksandriya_2010s_24036,18303_pfc_oleksandriya_2010s,18303,PFC Oleksandriya,2010s,24036,Sergiy Matyukhin (24036),Ukraine,Defender - Centre-Back,Defender,CB,1,1,0.0,0,0,0,0,0,0,0.0,1.0,52.7,45.1,0.0039692085638681745,1.0,45.1
18303_poligraftecknika_oleksandria_2000s_858005,18303_poligraftecknika_oleksandria_2000s,18303,Poligraftecknika Oleksandria,2000s,858005,Sergiy Chuychenko (858005),Ukraine,Attack - Centre-Forward,Attack,FW,2,2,11.0,3,0,0,4,0,3,480.0,73.0,95.0,82.6,0.9321626172720712,1.0,82.6
18303_poligraftecknika_oleksandria_2000s_857995,18303_poligraftecknika_oleksandria_2000s,18303,Poligraftecknika Oleksandria,2000s,857995,Oleg Zhylin (857995),Ukraine,Defender,Defender,CB,2,2,4.0,3,0,0,13,0,0,1941.0,38.0,73.4,75.8,0.8444791917248016,1.0,75.8
18303_poligraftecknika_oleksandria_2000s_169752,18303_poligraftecknika_oleksandria_2000s,18303,Poligraftecknika Oleksandria,2000s,169752,Oleksandr Kozakevich (169752),Ukraine,Attack,Attack,FW,2,2,6.0,0,0,0,2,0,0,101.0,36.0,72.2,75.3,0.832571566033197,1.0,75.3
18303_poligraftecknika_oleksandria_2000s_521567,18303_poligraftecknika_oleksandria_2000s,18303,Poligraftecknika Oleksandria,2000s,521567,Taras Chopyk (521567),Ukraine,Goalkeeper,Goalkeeper,GK,2,2,0.0,0,14,60,5,0,0,3755.0,27.0,66.6,72.9,0.7733942747173442,1.0,72.9
18303_poligraftecknika_oleksandria_2000s_59406,18303_poligraftecknika_oleksandria_2000s,18303,Poligraftecknika Oleksandria,2000s,59406,Oleksandr Babych (59406),Ukraine,Defender - Centre-Back,Defender,CB,2,2,4.0,0,0,0,6,0,0,412.0,26.0,66.0,72.6,0.7647341833052682,1.0,72.6
18303_poligraftecknika_oleksandria_2000s_175951,18303_poligraftecknika_oleksandria_2000s,18303,Poligraftecknika Oleksandria,2000s,175951,Volodymyr Sharan (175951),Ukraine,Midfield - Attacking Midfield,Midfield,AM,2,2,1.0,3,0,0,7,0,0,631.0,22.0,63.6,71.1,0.7276882367091653,1.0,71.1
18303_poligraftecknika_oleksandria_2000s_28924,18303_poligraftecknika_oleksandria_2000s,18303,Poligraftecknika Oleksandria,2000s,28924,Oleksiy Ivanov (28924),Ukraine,Midfield - Attacking Midfield,Midfield,AM,1,1,2.0,2,0,0,2,0,0,563.0,21.0,62.9,70.7,0.7179456338705797,1.0,70.7
18303_poligraftecknika_oleksandria_2000s_59039,18303_poligraftecknika_oleksandria_2000s,18303,Poligraftecknika Oleksandria,2000s,59039,Andriy Gavryushov (59039),Ukraine,Defender - Right-Back,Defender,RB,2,2,2.0,1,0,0,5,0,2,997.0,20.0,62.3,70.2,0.7051960548472456,1.0,70.2
18303_poligraftecknika_oleksandria_2000s_857997,18303_poligraftecknika_oleksandria_2000s,18303,Poligraftecknika Oleksandria,2000s,857997,Igor Plotko (857997),Ukraine,Midfield - Central Midfield,Midfield,CM,2,2,0.0,3,0,0,6,0,0,0.0,18.0,61.1,69.1,0.6780129901371181,1.0,69.1
18303_poligraftecknika_oleksandria_2000s_42660,18303_poligraftecknika_oleksandria_2000s,18303,Poligraftecknika Oleksandria,2000s,42660,Valentyn Slyusar (42660),Ukraine,Midfield - Defensive Midfield,Midfield,CDM,1,1,2.0,1,0,0,4,0,0,594.0,17.0,60.5,68.6,0.6645417368294443,1.0,68.6
18303_poligraftecknika_oleksandria_2000s_858024,18303_poligraftecknika_oleksandria_2000s,18303,Poligraftecknika Oleksandria,2000s,858024,Vitaliy Pervak (858024),Ukraine,Defender,Defender,CB,2,2,2.0,0,0,0,9,2,0,4464.0,13.0,58.0,66.3,0.600072167428434,1.0,66.3
18303_poligraftecknika_oleksandria_2000s_118430,18303_poligraftecknika_oleksandria_2000s,18303,Poligraftecknika Oleksandria,2000s,118430,Volodymyr Mazyar (118430),Ukraine,Attack - Centre-Forward,Attack,FW,1,1,1.0,1,0,0,3,0,0,521.0,12.0,57.4,65.5,0.5752946836661054,1.0,65.5
18303_poligraftecknika_oleksandria_2000s_59922,18303_poligraftecknika_oleksandria_2000s,18303,Poligraftecknika Oleksandria,2000s,59922,Ruslan Yarosh (59922),Ukraine,Midfield - Central Midfield,Midfield,CM,2,2,1.0,0,0,0,0,0,0,612.0,11.0,56.8,64.6,0.5475102237190281,1.0,64.6
18303_poligraftecknika_oleksandria_2000s_858000,18303_poligraftecknika_oleksandria_2000s,18303,Poligraftecknika Oleksandria,2000s,858000,Vitaliy Sakhno (858000),Ukraine,Midfield,Midfield,CM,2,2,1.0,0,0,0,5,0,0,1180.0,11.0,56.8,64.6,0.5475102237190281,1.0,64.6
18303_poligraftecknika_oleksandria_2000s_79672,18303_poligraftecknika_oleksandria_2000s,18303,Poligraftecknika Oleksandria,2000s,79672,Oleksandr Rozlach (79672),Ukraine,Midfield,Midfield,CM,2,2,0.0,1,0,0,2,0,0,0.0,10.0,56.2,63.6,0.5188838104402214,1.0,63.6
18303_poligraftecknika_oleksandria_2000s_858258,18303_poligraftecknika_oleksandria_2000s,18303,Poligraftecknika Oleksandria,2000s,858258,Yuriy Shevchuk (858258),Ukraine,Midfield,Midfield,CM,2,2,0.0,1,0,0,2,0,0,0.0,10.0,56.2,63.6,0.5188838104402214,1.0,63.6
18303_poligraftecknika_oleksandria_2000s_847553,18303_poligraftecknika_oleksandria_2000s,18303,Poligraftecknika Oleksandria,2000s,847553,Yuriy Khriyenko (847553),Ukraine,Goalkeeper,Goalkeeper,GK,2,2,0.0,0,2,22,2,0,0,1285.0,9.0,55.5,62.9,0.49735386095742123,1.0,62.9
18303_poligraftecknika_oleksandria_2000s_23990,18303_poligraftecknika_oleksandria_2000s,18303,Poligraftecknika Oleksandria,2000s,23990,Denys Andrienko (23990),Ukraine,Defender - Left-Back,Defender,LB,1,1,1.0,0,0,0,4,0,0,945.0,8.0,54.9,61.9,0.46572047149386575,1.0,61.9
18303_poligraftecknika_oleksandria_2000s_373477,18303_poligraftecknika_oleksandria_2000s,18303,Poligraftecknika Oleksandria,2000s,373477,Sergiy Tanasyuk (373477),Ukraine,Defender,Defender,CB,1,1,1.0,0,0,0,4,0,0,1125.0,8.0,54.9,61.9,0.46572047149386575,1.0,61.9
18303_poligraftecknika_oleksandria_2000s_494569,18303_poligraftecknika_oleksandria_2000s,18303,Poligraftecknika Oleksandria,2000s,494569,Anatoliy Balatskiy (494569),Ukraine,Defender - Right-Back,Defender,RB,2,2,0.0,0,0,0,0,0,0,0.0,6.0,53.7,58.6,0.36901611739235024,1.0,58.6
18303_poligraftecknika_oleksandria_2000s_524476,18303_poligraftecknika_oleksandria_2000s,18303,Poligraftecknika Oleksandria,2000s,524476,Yuriy Mokrytskyi (524476),Ukraine,Defender - Centre-Back,Defender,CB,2,2,0.0,0,0,0,11,0,0,0.0,6.0,53.7,58.6,0.36901611739235024,1.0,58.6
18303_poligraftecknika_oleksandria_2000s_857996,18303_poligraftecknika_oleksandria_2000s,18303,Poligraftecknika Oleksandria,2000s,857996,Andriy Martynenko (857996),Ukraine,Midfield,Midfield,CM,2,2,0.0,0,0,0,3,0,0,0.0,6.0,53.7,58.6,0.36901611739235024,1.0,58.6
18303_poligraftecknika_oleksandria_2000s_70610,18303_poligraftecknika_oleksandria_2000s,18303,Poligraftecknika Oleksandria,2000s,70610,Roman Pasichnychenko (70610),Ukraine,Defender - Right-Back,Defender,RB,1,1,0.0,0,0,0,1,0,0,0.0,3.0,51.8,51.2,0.16754871301419294,1.0,51.2
18303_poligraftecknika_oleksandria_2000s_91704,18303_poligraftecknika_oleksandria_2000s,18303,Poligraftecknika Oleksandria,2000s,91704,Yuriy Danchenko (91704),Ukraine,Defender - Left-Back,Defender,LB,1,1,0.0,0,0,0,3,0,0,0.0,3.0,51.8,51.2,0.16754871301419294,1.0,51.2
18303_poligraftecknika_oleksandria_2000s_418361,18303_poligraftecknika_oleksandria_2000s,18303,Poligraftecknika Oleksandria,2000s,418361,Yakiv Kripak (418361),Ukraine,Attack - Centre-Forward,Attack,FW,1,1,0.0,0,0,0,0,0,0,0.0,3.0,51.8,51.2,0.16754871301419294,1.0,51.2
18303_poligraftecknika_oleksandria_2000s_514030,18303_poligraftecknika_oleksandria_2000s,18303,Poligraftecknika Oleksandria,2000s,514030,Andriy Zavyalov (514030),Turkmenistan  Ukraine,Midfield - Central Midfield,Midfield,CM,1,1,0.0,0,0,0,0,0,0,0.0,3.0,51.8,51.2,0.16754871301419294,1.0,51.2
18303_poligraftecknika_oleksandria_2000s_780097,18303_poligraftecknika_oleksandria_2000s,18303,Poligraftecknika Oleksandria,2000s,780097,Oleg Storozhenko (780097),Ukraine,Goalkeeper,Goalkeeper,GK,1,1,0.0,0,0,0,0,0,0,0.0,3.0,51.8,51.2,0.16754871301419294,1.0,51.2
18303_poligraftecknika_oleksandria_2000s_882875,18303_poligraftecknika_oleksandria_2000s,18303,Poligraftecknika Oleksandria,2000s,882875,Andriy Klymenko (882875),Ukraine,Midfield,Midfield,CM,1,1,0.0,0,0,0,2,0,0,0.0,3.0,51.8,51.2,0.16754871301419294,1.0,51.2
18303_poligraftecknika_oleksandria_2000s_883417,18303_poligraftecknika_oleksandria_2000s,18303,Poligraftecknika Oleksandria,2000s,883417,Volodymyr Serikov (883417),Ukraine,Midfield,Midfield,CM,1,1,0.0,0,0,0,0,0,0,0.0,3.0,51.8,51.2,0.16754871301419294,1.0,51.2
18303_poligraftecknika_oleksandria_2000s_885332,18303_poligraftecknika_oleksandria_2000s,18303,Poligraftecknika Oleksandria,2000s,885332,Oleksandr Sobol (885332),Ukraine,Defender,Defender,CB,1,1,0.0,0,0,0,1,0,0,0.0,3.0,51.8,51.2,0.16754871301419294,1.0,51.2
18303_poligraftecknika_oleksandria_2000s_918780,18303_poligraftecknika_oleksandria_2000s,18303,Poligraftecknika Oleksandria,2000s,918780,Denys Khomutov (918780),Ukraine,Midfield - Central Midfield,Midfield,CM,1,1,0.0,0,0,0,2,0,0,0.0,3.0,51.8,51.2,0.16754871301419294,1.0,51.2
18303_poligraftecknika_oleksandria_2000s_943654,18303_poligraftecknika_oleksandria_2000s,18303,Poligraftecknika Oleksandria,2000s,943654,Roman Zub (943654),Ukraine,Midfield - Defensive Midfield,Midfield,CDM,1,1,0.0,0,0,0,5,0,0,0.0,3.0,51.8,51.2,0.16754871301419294,1.0,51.2
18303_poligraftecknika_oleksandria_2000s_943663,18303_poligraftecknika_oleksandria_2000s,18303,Poligraftecknika Oleksandria,2000s,943663,Kostyantyn Lemishko (943663),Ukraine,Defender,Defender,CB,1,1,0.0,0,0,0,1,0,0,0.0,3.0,51.8,51.2,0.16754871301419294,1.0,51.2
18303_poligraftecknika_oleksandria_2000s_958364,18303_poligraftecknika_oleksandria_2000s,18303,Poligraftecknika Oleksandria,2000s,958364,Omar Mishkov (958364),Ukraine,Defender,Defender,CB,1,1,0.0,0,0,0,1,0,0,0.0,3.0,51.8,51.2,0.16754871301419294,1.0,51.2
20423_nyva_vinnytsia_1990s_494527,20423_nyva_vinnytsia_1990s,20423,Nyva Vinnytsia,1990s,494527,Volodymyr Tsytkin (494527),Ukraine  Israel,Goalkeeper,Goalkeeper,GK,4,4,0.0,0,20,66,3,0,0,5772.0,42.0,95.0,76.7,0.8592735145537648,1.0,76.7
20423_nyva_vinnytsia_1990s_253201,20423_nyva_vinnytsia_1990s,20423,Nyva Vinnytsia,1990s,253201,Oleksandr Golokolosov (253201),Ukraine,Attack - Centre-Forward,Attack,FW,2,2,6.0,1,0,0,2,0,0,376.0,40.0,92.9,76.2,0.8524176088525379,1.0,76.2
20423_nyva_vinnytsia_1990s_494569,20423_nyva_vinnytsia_1990s,20423,Nyva Vinnytsia,1990s,494569,Anatoliy Balatskiy (494569),Ukraine,Defender - Right-Back,Defender,RB,2,2,2.0,0,0,0,3,0,0,1067.0,14.0,65.0,67.0,0.6188356988212653,1.0,67.0
20423_nyva_vinnytsia_1990s_88158,20423_nyva_vinnytsia_1990s,20423,Nyva Vinnytsia,1990s,88158,Aleksandr Zhidkov (88158),Azerbaijan  Russia,Goalkeeper,Goalkeeper,GK,1,1,0.0,0,4,3,1,0,0,540.0,9.0,59.6,62.9,0.49735386095742123,1.0,62.9
20423_nyva_vinnytsia_1990s_514030,20423_nyva_vinnytsia_1990s,20423,Nyva Vinnytsia,1990s,514030,Andriy Zavyalov (514030),Turkmenistan  Ukraine,Midfield - Central Midfield,Midfield,CM,1,1,1.0,0,0,0,0,0,0,275.0,8.0,58.6,61.9,0.46572047149386575,1.0,61.9
20423_nyva_vinnytsia_1990s_35142,20423_nyva_vinnytsia_1990s,20423,Nyva Vinnytsia,1990s,35142,Taras Lutsenko (35142),Ukraine,Goalkeeper,Goalkeeper,GK,1,1,0.0,0,1,2,0,0,0,270.0,4.5,54.8,57.1,0.3246331489054607,1.0,57.1
21903_bukovyna_chernivtsi_1990s_494527,21903_bukovyna_chernivtsi_1990s,21903,Bukovyna Chernivtsi,1990s,494527,Volodymyr Tsytkin (494527),Ukraine  Israel,Goalkeeper,Goalkeeper,GK,2,2,0.0,0,14,18,1,0,0,2430.0,27.0,95.0,72.9,0.7733942747173442,1.0,72.9
2227_sc_tavriya_simferopol_2022_2000s_43332,2227_sc_tavriya_simferopol_2022_2000s,2227,SC Tavriya Simferopol (-2022),2000s,43332,Oleksandr Kovpak (43332),Ukraine,Attack - Centre-Forward,Attack,FW,5,5,35.0,7,0,0,6,0,11,1876.0,218.0,95.0,93.0,0.9925426990618235,1.0,93.0
2227_sc_tavriya_simferopol_2022_2000s_43309,2227_sc_tavriya_simferopol_2022_2000s,2227,SC Tavriya Simferopol (-2022),2000s,43309,Volodymyr Gomenyuk (43309),Ukraine,Attack - Centre-Forward,Attack,FW,4,4,26.0,11,0,0,11,0,2,1585.0,186.0,88.4,91.1,0.9877315371662256,1.0,91.1
2227_sc_tavriya_simferopol_2022_2000s_59269,2227_sc_tavriya_simferopol_2022_2000s,2227,SC Tavriya Simferopol (-2022),2000s,59269,Lucky Idahor (59269),Nigeria,Attack - Centre-Forward,Attack,FW,4,4,24.0,8,0,0,5,0,0,986.0,164.0,83.9,90.0,0.984844840028867,1.0,90.0
2227_sc_tavriya_simferopol_2022_2000s_43299,2227_sc_tavriya_simferopol_2022_2000s,2227,SC Tavriya Simferopol (-2022),2000s,43299,Edmar Galovskyi (43299),Ukraine  Brazil,Midfield - Central Midfield,Midfield,CM,3,3,9.0,5,0,0,12,0,2,1431.0,74.0,65.3,82.8,0.93492903536204,1.0,82.8
2227_sc_tavriya_simferopol_2022_2000s_58008,2227_sc_tavriya_simferopol_2022_2000s,2227,SC Tavriya Simferopol (-2022),2000s,58008,Maksym Feshchuk (58008),Ukraine,Attack - Centre-Forward,Attack,FW,2,2,4.0,7,0,0,1,0,0,255.0,54.0,61.1,79.8,0.8981236468607169,1.0,79.8
2227_sc_tavriya_simferopol_2022_2000s_43390,2227_sc_tavriya_simferopol_2022_2000s,2227,SC Tavriya Simferopol (-2022),2000s,43390,Vyacheslav Vishnevskiy (43390),Russia,Attack - Right Winger,Attack,RM,2,2,7.0,2,0,0,3,0,2,443.0,49.0,60.1,78.9,0.8857349049795525,1.0,78.9
2227_sc_tavriya_simferopol_2022_2000s_43330,2227_sc_tavriya_simferopol_2022_2000s,2227,SC Tavriya Simferopol (-2022),2000s,43330,Andriy Kornev (43330),Ukraine,Midfield - Defensive Midfield,Midfield,CDM,4,4,2.0,5,0,0,24,0,0,1176.0,42.0,58.7,76.7,0.8592735145537648,1.0,76.7
2227_sc_tavriya_simferopol_2022_2000s_60323,2227_sc_tavriya_simferopol_2022_2000s,2227,SC Tavriya Simferopol (-2022),2000s,60323,Anton Monakhov (60323),Russia  Ukraine,Defender - Centre-Back,Defender,CB,3,3,4.0,1,0,0,8,0,0,1890.0,33.0,56.8,74.6,0.8146499879720953,1.0,74.6
2227_sc_tavriya_simferopol_2022_2000s_57878,2227_sc_tavriya_simferopol_2022_2000s,2227,SC Tavriya Simferopol (-2022),2000s,57878,Vasil Gigiadze (57878),Georgia,Midfield - Attacking Midfield,Midfield,AM,2,2,4.0,0,0,0,3,0,1,1102.0,26.0,55.4,72.6,0.7647341833052682,1.0,72.6
2227_sc_tavriya_simferopol_2022_2000s_58976,2227_sc_tavriya_simferopol_2022_2000s,2227,SC Tavriya Simferopol (-2022),2000s,58976,Maksim Startsev (58976),Ukraine  Russia,Goalkeeper,Goalkeeper,GK,2,2,0.0,0,11,27,4,0,0,2302.0,22.5,54.6,71.3,0.7331007938417128,1.0,71.3
2227_sc_tavriya_simferopol_2022_2000s_58103,2227_sc_tavriya_simferopol_2022_2000s,2227,SC Tavriya Simferopol (-2022),2000s,58103,Ruslan Platon (58103),Ukraine  Russia,Attack - Centre-Forward,Attack,FW,1,1,2.0,0,0,0,3,0,0,359.0,13.0,52.7,66.3,0.600072167428434,1.0,66.3
2227_sc_tavriya_simferopol_2022_2000s_61196,2227_sc_tavriya_simferopol_2022_2000s,2227,SC Tavriya Simferopol (-2022),2000s,61196,Pawel Hajduczek (61196),Poland,Midfield - Defensive Midfield,Midfield,CDM,3,3,1.0,0,0,0,7,0,0,1684.0,12.0,52.5,65.5,0.5752946836661054,1.0,65.5
2227_sc_tavriya_simferopol_2022_2000s_9779,2227_sc_tavriya_simferopol_2022_2000s,2227,SC Tavriya Simferopol (-2022),2000s,9779,Vitaliy Reva (9779),Ukraine,Goalkeeper,Goalkeeper,GK,1,1,0.0,0,5,12,0,0,0,1170.0,10.5,52.2,64.1,0.5318739475583354,1.0,64.1
2227_sc_tavriya_simferopol_2022_2000s_27191,2227_sc_tavriya_simferopol_2022_2000s,2227,SC Tavriya Simferopol (-2022),2000s,27191,Oleg Karamushka (27191),Ukraine,Defender - Centre-Back,Defender,CB,2,2,0.0,1,0,0,3,0,0,0.0,9.0,51.9,62.9,0.49735386095742123,1.0,62.9
2227_sc_tavriya_simferopol_2022_2000s_25917,2227_sc_tavriya_simferopol_2022_2000s,2227,SC Tavriya Simferopol (-2022),2000s,25917,Oleksandr Shutov (25917),Ukraine,Midfield - Right Midfield,Midfield,RM,1,1,1.0,0,0,0,0,0,0,754.0,8.0,51.7,61.9,0.46572047149386575,1.0,61.9
2227_sc_tavriya_simferopol_2022_2000s_59249,2227_sc_tavriya_simferopol_2022_2000s,2227,SC Tavriya Simferopol (-2022),2000s,59249,Ivan Matyazh (59249),Ukraine,Midfield - Central Midfield,Midfield,CM,1,1,1.0,0,0,0,1,0,0,470.0,8.0,51.7,61.9,0.46572047149386575,1.0,61.9
2227_sc_tavriya_simferopol_2022_2000s_92461,2227_sc_tavriya_simferopol_2022_2000s,2227,SC Tavriya Simferopol (-2022),2000s,92461,Yuriy Seleznyov (92461),Ukraine,Midfield - Central Midfield,Midfield,CM,1,1,0.0,1,0,0,0,0,0,0.0,7.0,51.4,60.4,0.42097666586480637,1.0,60.4
2227_sc_tavriya_simferopol_2022_2000s_15681,2227_sc_tavriya_simferopol_2022_2000s,2227,SC Tavriya Simferopol (-2022),2000s,15681,Vyacheslav Sviderskyi (15681),Ukraine,Defender - Centre-Back,Defender,CB,2,2,0.0,0,0,0,0,0,0,0.0,6.0,51.2,58.6,0.36901611739235024,1.0,58.6
2227_sc_tavriya_simferopol_2022_2000s_28670,2227_sc_tavriya_simferopol_2022_2000s,2227,SC Tavriya Simferopol (-2022),2000s,28670,Sasa Cilinsek (28670),Serbia,Defender - Centre-Back,Defender,CB,2,2,0.0,0,0,0,2,0,0,0.0,6.0,51.2,58.6,0.36901611739235024,1.0,58.6
2227_sc_tavriya_simferopol_2022_2000s_16095,2227_sc_tavriya_simferopol_2022_2000s,2227,SC Tavriya Simferopol (-2022),2000s,16095,Aleksandre Amisulashvili (16095),Georgia  Russia,Defender - Centre-Back,Defender,CB,1,1,0.0,0,0,0,0,0,0,0.0,3.0,50.6,51.2,0.16754871301419294,1.0,51.2
2227_sc_tavriya_simferopol_2022_2000s_28924,2227_sc_tavriya_simferopol_2022_2000s,2227,SC Tavriya Simferopol (-2022),2000s,28924,Oleksiy Ivanov (28924),Ukraine,Midfield - Attacking Midfield,Midfield,AM,1,1,0.0,0,0,0,1,0,0,0.0,3.0,50.6,51.2,0.16754871301419294,1.0,51.2
2227_sc_tavriya_simferopol_2022_2000s_43349,2227_sc_tavriya_simferopol_2022_2000s,2227,SC Tavriya Simferopol (-2022),2000s,43349,Aleksey Osipov (43349),Russia  Ukraine,Midfield - Central Midfield,Midfield,CM,1,1,0.0,0,0,0,0,0,0,0.0,3.0,50.6,51.2,0.16754871301419294,1.0,51.2
2227_sc_tavriya_simferopol_2022_2000s_43377,2227_sc_tavriya_simferopol_2022_2000s,2227,SC Tavriya Simferopol (-2022),2000s,43377,Denys Stoyan (43377),Ukraine,Defender - Left-Back,Defender,LB,1,1,0.0,0,0,0,0,0,0,0.0,3.0,50.6,51.2,0.16754871301419294,1.0,51.2
2227_sc_tavriya_simferopol_2022_2000s_58137,2227_sc_tavriya_simferopol_2022_2000s,2227,SC Tavriya Simferopol (-2022),2000s,58137,Andriy Smalko (58137),Ukraine,Midfield - Central Midfield,Midfield,CM,1,1,0.0,0,0,0,1,0,0,0.0,3.0,50.6,51.2,0.16754871301419294,1.0,51.2
2227_sc_tavriya_simferopol_2022_2000s_58251,2227_sc_tavriya_simferopol_2022_2000s,2227,SC Tavriya Simferopol (-2022),2000s,58251,Yevgeniy Shmakov (58251),Ukraine,Midfield - Defensive Midfield,Midfield,CDM,1,1,0.0,0,0,0,1,0,0,0.0,3.0,50.6,51.2,0.16754871301419294,1.0,51.2
2227_sc_tavriya_simferopol_2022_2000s_58950,2227_sc_tavriya_simferopol_2022_2000s,2227,SC Tavriya Simferopol (-2022),2000s,58950,Volodymyr Korobka (58950),Ukraine,Attack - Right Winger,Attack,RM,1,1,0.0,0,0,0,0,0,0,0.0,3.0,50.6,51.2,0.16754871301419294,1.0,51.2
2227_sc_tavriya_simferopol_2022_2000s_59913,2227_sc_tavriya_simferopol_2022_2000s,2227,SC Tavriya Simferopol (-2022),2000s,59913,Artem Stargorodskyi (59913),Ukraine,Midfield - Central Midfield,Midfield,CM,1,1,0.0,0,0,0,5,0,0,0.0,3.0,50.6,51.2,0.16754871301419294,1.0,51.2
2227_sc_tavriya_simferopol_2022_2000s_85969,2227_sc_tavriya_simferopol_2022_2000s,2227,SC Tavriya Simferopol (-2022),2000s,85969,Oleksandr Bandura (85969),Ukraine,Goalkeeper,Goalkeeper,GK,1,1,0.0,0,0,8,0,0,0,450.0,3.0,50.6,51.2,0.16754871301419294,1.0,51.2
2227_sc_tavriya_simferopol_2022_2000s_91214,2227_sc_tavriya_simferopol_2022_2000s,2227,SC Tavriya Simferopol (-2022),2000s,91214,Sergiy Grybanov (91214),Ukraine,Attack - Centre-Forward,Attack,FW,1,1,0.0,0,0,0,0,0,0,0.0,3.0,50.6,51.2,0.16754871301419294,1.0,51.2
2227_sc_tavriya_simferopol_2022_2000s_91730,2227_sc_tavriya_simferopol_2022_2000s,2227,SC Tavriya Simferopol (-2022),2000s,91730,Maksym Syrota (91730),Ukraine,Midfield - Left Midfield,Midfield,LM,1,1,0.0,0,0,0,1,0,0,0.0,3.0,50.6,51.2,0.16754871301419294,1.0,51.2
2227_sc_tavriya_simferopol_2022_2000s_193271,2227_sc_tavriya_simferopol_2022_2000s,2227,SC Tavriya Simferopol (-2022),2000s,193271,Anatoliy Matkevych (193271),Ukraine,Defender - Centre-Back,Defender,CB,1,1,0.0,0,0,0,0,0,0,0.0,3.0,50.6,51.2,0.16754871301419294,1.0,51.2
2227_sc_tavriya_simferopol_2022_2010s_39253,2227_sc_tavriya_simferopol_2022_2010s,2227,SC Tavriya Simferopol (-2022),2010s,39253,Anton Shynder (39253),Ukraine,Attack - Centre-Forward,Attack,FW,4,4,18.0,17,0,0,18,0,0,1097.0,169.0,95.0,90.3,0.9858070724079865,1.0,90.3
2227_sc_tavriya_simferopol_2022_2010s_24043,2227_sc_tavriya_simferopol_2022_2010s,2227,SC Tavriya Simferopol (-2022),2010s,24043,Sergiy Nazarenko (24043),Ukraine,Midfield - Attacking Midfield,Midfield,AM,3,3,17.0,16,0,0,17,0,5,2226.0,158.0,92.1,89.7,0.9835217705075776,1.0,89.7
2227_sc_tavriya_simferopol_2022_2010s_59269,2227_sc_tavriya_simferopol_2022_2010s,2227,SC Tavriya Simferopol (-2022),2010s,59269,Lucky Idahor (59269),Nigeria,Attack - Centre-Forward,Attack,FW,2,2,14.0,9,0,0,1,0,1,717.0,112.0,79.8,86.7,0.9656001924464758,1.0,86.7
2227_sc_tavriya_simferopol_2022_2010s_58008,2227_sc_tavriya_simferopol_2022_2010s,2227,SC Tavriya Simferopol (-2022),2010s,58008,Maksym Feshchuk (58008),Ukraine,Attack - Centre-Forward,Attack,FW,4,4,15.0,5,0,0,5,0,1,1186.0,107.0,78.5,86.3,0.9633148905460669,1.0,86.3
2227_sc_tavriya_simferopol_2022_2010s_58103,2227_sc_tavriya_simferopol_2022_2010s,2227,SC Tavriya Simferopol (-2022),2010s,58103,Ruslan Platon (58103),Ukraine  Russia,Attack - Centre-Forward,Attack,FW,2,2,6.0,1,0,0,3,0,0,155.0,40.0,60.7,76.2,0.8524176088525379,1.0,76.2
2227_sc_tavriya_simferopol_2022_2010s_58950,2227_sc_tavriya_simferopol_2022_2010s,2227,SC Tavriya Simferopol (-2022),2010s,58950,Volodymyr Korobka (58950),Ukraine,Attack - Right Winger,Attack,RM,3,3,4.0,2,0,0,4,0,0,900.0,37.0,59.9,75.6,0.8391869136396439,1.0,75.6
2227_sc_tavriya_simferopol_2022_2010s_57878,2227_sc_tavriya_simferopol_2022_2010s,2227,SC Tavriya Simferopol (-2022),2010s,57878,Vasil Gigiadze (57878),Georgia,Midfield - Attacking Midfield,Midfield,AM,2,2,4.0,1,0,0,5,0,3,126.0,30.0,58.0,73.8,0.7954053403897041,1.0,73.8
2227_sc_tavriya_simferopol_2022_2010s_43332,2227_sc_tavriya_simferopol_2022_2010s,2227,SC Tavriya Simferopol (-2022),2010s,43332,Oleksandr Kovpak (43332),Ukraine,Attack - Centre-Forward,Attack,FW,1,1,5.0,0,0,0,0,0,0,174.0,28.0,57.5,73.2,0.7803704594659611,1.0,73.2
2227_sc_tavriya_simferopol_2022_2010s_24008,2227_sc_tavriya_simferopol_2022_2010s,2227,SC Tavriya Simferopol (-2022),2010s,24008,Rubén Gomez (24008),Argentina,Midfield - Central Midfield,Midfield,CM,3,3,1.0,3,0,0,13,0,0,1969.0,26.0,56.9,72.6,0.7647341833052682,1.0,72.6
2227_sc_tavriya_simferopol_2022_2010s_60323,2227_sc_tavriya_simferopol_2022_2010s,2227,SC Tavriya Simferopol (-2022),2010s,60323,Anton Monakhov (60323),Russia  Ukraine,Defender - Centre-Back,Defender,CB,2,2,2.0,2,0,0,7,0,0,2682.0,22.0,55.9,71.1,0.7276882367091653,1.0,71.1
2227_sc_tavriya_simferopol_2022_2010s_43330,2227_sc_tavriya_simferopol_2022_2010s,2227,SC Tavriya Simferopol (-2022),2010s,43330,Andriy Kornev (43330),Ukraine,Midfield - Defensive Midfield,Midfield,CDM,2,2,3.0,0,0,0,9,0,0,744.0,21.0,55.6,70.7,0.7179456338705797,1.0,70.7
2227_sc_tavriya_simferopol_2022_2010s_106928,2227_sc_tavriya_simferopol_2022_2010s,2227,SC Tavriya Simferopol (-2022),2010s,106928,Sergiy Sitalo (106928),Ukraine,Goalkeeper,Goalkeeper,GK,4,4,0.0,0,1,8,0,0,0,270.0,13.5,53.6,66.7,0.610897281693529,1.0,66.7
2227_sc_tavriya_simferopol_2022_2010s_9369,2227_sc_tavriya_simferopol_2022_2010s,2227,SC Tavriya Simferopol (-2022),2010s,9369,Dele Adeleye (9369),Nigeria,Defender - Centre-Back,Defender,CB,2,2,1.0,0,0,0,4,0,0,1620.0,11.0,52.9,64.6,0.5475102237190281,1.0,64.6
2227_sc_tavriya_simferopol_2022_2010s_90255,2227_sc_tavriya_simferopol_2022_2010s,2227,SC Tavriya Simferopol (-2022),2010s,90255,Frantisek Kubik (90255),Slovakia,Attack - Left Winger,Attack,LM,2,2,0.0,1,0,0,3,0,0,0.0,10.0,52.7,63.6,0.5188838104402214,1.0,63.6
2227_sc_tavriya_simferopol_2022_2010s_73094,2227_sc_tavriya_simferopol_2022_2010s,2227,SC Tavriya Simferopol (-2022),2010s,73094,Eduardo Neto (73094),Brazil,Midfield - Defensive Midfield,Midfield,CDM,1,1,1.0,0,0,0,5,0,0,1530.0,8.0,52.1,61.9,0.46572047149386575,1.0,61.9
2227_sc_tavriya_simferopol_2022_2010s_24006,2227_sc_tavriya_simferopol_2022_2010s,2227,SC Tavriya Simferopol (-2022),2010s,24006,Volodymyr Yezerskyi (24006),Ukraine,Defender - Right-Back,Defender,RB,2,2,0.0,0,0,0,7,0,0,0.0,6.0,51.6,58.6,0.36901611739235024,1.0,58.6
2227_sc_tavriya_simferopol_2022_2010s_34670,2227_sc_tavriya_simferopol_2022_2010s,2227,SC Tavriya Simferopol (-2022),2010s,34670,Vitaliy Postranskyi (34670),Ukraine,Goalkeeper,Goalkeeper,GK,1,1,0.0,0,1,11,0,0,0,630.0,4.5,51.2,57.1,0.3246331489054607,1.0,57.1
2227_sc_tavriya_simferopol_2022_2010s_58976,2227_sc_tavriya_simferopol_2022_2010s,2227,SC Tavriya Simferopol (-2022),2010s,58976,Maksim Startsev (58976),Ukraine  Russia,Goalkeeper,Goalkeeper,GK,1,1,0.0,0,1,0,1,0,0,90.0,4.5,51.2,57.1,0.3246331489054607,1.0,57.1
2227_sc_tavriya_simferopol_2022_2010s_25472,2227_sc_tavriya_simferopol_2022_2010s,2227,SC Tavriya Simferopol (-2022),2010s,25472,Nikolay Kashevskiy (25472),Belarus,Defender - Centre-Back,Defender,CB,1,1,0.0,0,0,0,1,0,0,0.0,3.0,50.8,51.2,0.16754871301419294,1.0,51.2
2227_sc_tavriya_simferopol_2022_2010s_37414,2227_sc_tavriya_simferopol_2022_2010s,2227,SC Tavriya Simferopol (-2022),2010s,37414,David Caiado (37414),Portugal  Luxembourg,Midfield - Attacking Midfield,Midfield,AM,1,1,0.0,0,0,0,1,0,0,0.0,3.0,50.8,51.2,0.16754871301419294,1.0,51.2
2227_sc_tavriya_simferopol_2022_2010s_59249,2227_sc_tavriya_simferopol_2022_2010s,2227,SC Tavriya Simferopol (-2022),2010s,59249,Ivan Matyazh (59249),Ukraine,Midfield - Central Midfield,Midfield,CM,1,1,0.0,0,0,0,3,0,0,0.0,3.0,50.8,51.2,0.16754871301419294,1.0,51.2
2227_sc_tavriya_simferopol_2022_2010s_59423,2227_sc_tavriya_simferopol_2022_2010s,2227,SC Tavriya Simferopol (-2022),2010s,59423,Aleksey Kurilov (59423),Russia  Ukraine,Defender - Centre-Back,Defender,CB,1,1,0.0,0,0,0,1,0,0,0.0,3.0,50.8,51.2,0.16754871301419294,1.0,51.2
2227_sc_tavriya_simferopol_2022_2010s_59893,2227_sc_tavriya_simferopol_2022_2010s,2227,SC Tavriya Simferopol (-2022),2010s,59893,Oleksandr Romanchuk (59893),Ukraine,Defender - Left-Back,Defender,LB,1,1,0.0,0,0,0,4,0,0,0.0,3.0,50.8,51.2,0.16754871301419294,1.0,51.2
2227_sc_tavriya_simferopol_2022_2010s_76071,2227_sc_tavriya_simferopol_2022_2010s,2227,SC Tavriya Simferopol (-2022),2010s,76071,Leandro (76071),Brazil  Poland,Defender - Left-Back,Defender,LB,1,1,0.0,0,0,0,3,0,0,0.0,3.0,50.8,51.2,0.16754871301419294,1.0,51.2
2227_sc_tavriya_simferopol_2022_2010s_297008,2227_sc_tavriya_simferopol_2022_2010s,2227,SC Tavriya Simferopol (-2022),2010s,297008,Igor Koshman (297008),Ukraine,Midfield - Attacking Midfield,Midfield,AM,1,1,0.0,0,0,0,0,0,0,0.0,3.0,50.8,51.2,0.16754871301419294,1.0,51.2
2227_tavriya_simferopol_1990s_43349,2227_tavriya_simferopol_1990s,2227,Tavriya Simferopol,1990s,43349,Aleksey Osipov (43349),Russia  Ukraine,Midfield - Central Midfield,Midfield,CM,5,5,18.0,10,0,0,4,0,2,856.0,145.0,95.0,89.1,0.9795525619437094,1.0,89.1
2227_tavriya_simferopol_1990s_84495,2227_tavriya_simferopol_1990s,2227,Tavriya Simferopol,1990s,84495,Oleksandr Mitrofanov (84495),Ukraine  Kazakhstan,Midfield - Central Midfield,Midfield,CM,5,5,6.0,4,0,0,13,0,2,4960.0,61.0,68.9,81.1,0.9133990858792398,1.0,81.1
2227_tavriya_simferopol_1990s_217090,2227_tavriya_simferopol_1990s,2227,Tavriya Simferopol,1990s,217090,Oleksandr Burdin (217090),Ukraine,Midfield,Midfield,CM,4,4,3.0,4,0,0,6,0,0,558.0,43.0,63.3,77.0,0.8626413278806832,1.0,77.0
2227_tavriya_simferopol_1990s_91579,2227_tavriya_simferopol_1990s,2227,Tavriya Simferopol,1990s,91579,Roman Voynarovskiy (91579),Russia  Ukraine,Midfield - Defensive Midfield,Midfield,CDM,3,3,0.0,1,0,0,5,2,0,0.0,10.0,53.1,63.6,0.5188838104402214,1.0,63.6
2227_tavriya_simferopol_1990s_23990,2227_tavriya_simferopol_1990s,2227,Tavriya Simferopol,1990s,23990,Denys Andrienko (23990),Ukraine,Defender - Left-Back,Defender,LB,3,3,0.0,0,0,0,3,0,0,0.0,9.0,52.8,62.9,0.49735386095742123,1.0,62.9
2227_tavriya_simferopol_1990s_27204,2227_tavriya_simferopol_1990s,2227,Tavriya Simferopol,1990s,27204,Vsevolod Romanenko (27204),Ukraine,Goalkeeper,Goalkeeper,GK,1,1,0.0,0,3,15,1,0,0,900.0,7.5,52.3,61.1,0.44274717344238634,1.0,61.1
2227_tavriya_simferopol_1990s_25917,2227_tavriya_simferopol_1990s,2227,Tavriya Simferopol,1990s,25917,Oleksandr Shutov (25917),Ukraine,Midfield - Right Midfield,Midfield,RM,1,1,0.0,0,0,0,0,0,0,0.0,3.0,50.9,51.2,0.16754871301419294,1.0,51.2
2227_tavriya_simferopol_2000s_57878,2227_tavriya_simferopol_2000s,2227,Tavriya Simferopol,2000s,57878,Vasil Gigiadze (57878),Georgia,Midfield - Attacking Midfield,Midfield,AM,4,4,33.0,9,0,0,15,0,15,991.0,213.0,95.0,92.7,0.9918210247774838,1.0,92.7
2227_tavriya_simferopol_2000s_43299,2227_tavriya_simferopol_2000s,2227,Tavriya Simferopol,2000s,43299,Edmar Galovskyi (43299),Ukraine  Brazil,Midfield - Central Midfield,Midfield,CM,3,3,9.0,11,0,0,12,0,2,1923.0,98.0,70.7,85.2,0.9568198219870099,1.0,85.2
2227_tavriya_simferopol_2000s_84495,2227_tavriya_simferopol_2000s,2227,Tavriya Simferopol,2000s,84495,Oleksandr Mitrofanov (84495),Ukraine  Kazakhstan,Midfield - Central Midfield,Midfield,CM,3,3,4.0,6,0,0,7,0,0,2180.0,53.0,61.2,79.7,0.8960789030550877,1.0,79.7
2227_tavriya_simferopol_2000s_43349,2227_tavriya_simferopol_2000s,2227,Tavriya Simferopol,2000s,43349,Aleksey Osipov (43349),Russia  Ukraine,Midfield - Central Midfield,Midfield,CM,2,2,5.0,4,0,0,1,0,0,298.0,46.0,59.7,78.0,0.8755111859514073,1.0,78.0
2227_tavriya_simferopol_2000s_43332,2227_tavriya_simferopol_2000s,2227,Tavriya Simferopol,2000s,43332,Oleksandr Kovpak (43332),Ukraine,Attack - Centre-Forward,Attack,FW,1,1,6.0,0,0,0,1,0,0,189.0,33.0,57.0,74.6,0.8146499879720953,1.0,74.6
2227_tavriya_simferopol_2000s_43330,2227_tavriya_simferopol_2000s,2227,Tavriya Simferopol,2000s,43330,Andriy Kornev (43330),Ukraine,Midfield - Defensive Midfield,Midfield,CDM,1,1,1.0,4,0,0,4,0,0,1941.0,24.0,55.1,71.9,0.7468126052441665,1.0,71.9
2227_tavriya_simferopol_2000s_27126,2227_tavriya_simferopol_2000s,2227,Tavriya Simferopol,2000s,27126,Igor Bazhan (27126),Ukraine,Goalkeeper,Goalkeeper,GK,2,2,0.0,0,5,13,0,0,0,1073.0,13.5,52.9,66.7,0.610897281693529,1.0,66.7
2227_tavriya_simferopol_2000s_43309,2227_tavriya_simferopol_2000s,2227,Tavriya Simferopol,2000s,43309,Volodymyr Gomenyuk (43309),Ukraine,Attack - Centre-Forward,Attack,FW,1,1,1.0,1,0,0,0,0,0,258.0,12.0,52.5,65.5,0.5752946836661054,1.0,65.5
2227_tavriya_simferopol_2000s_58976,2227_tavriya_simferopol_2000s,2227,Tavriya Simferopol,2000s,58976,Maksim Startsev (58976),Ukraine  Russia,Goalkeeper,Goalkeeper,GK,1,1,0.0,0,6,11,2,0,0,1350.0,12.0,52.5,65.5,0.5752946836661054,1.0,65.5
2227_tavriya_simferopol_2000s_27204,2227_tavriya_simferopol_2000s,2227,Tavriya Simferopol,2000s,27204,Vsevolod Romanenko (27204),Ukraine,Goalkeeper,Goalkeeper,GK,1,1,0.0,0,4,19,0,0,0,1260.0,9.0,51.9,62.9,0.49735386095742123,1.0,62.9
2227_tavriya_simferopol_2000s_92461,2227_tavriya_simferopol_2000s,2227,Tavriya Simferopol,2000s,92461,Yuriy Seleznyov (92461),Ukraine,Midfield - Central Midfield,Midfield,CM,1,1,1.0,0,0,0,0,0,0,423.0,8.0,51.7,61.9,0.46572047149386575,1.0,61.9
2227_tavriya_simferopol_2000s_59913,2227_tavriya_simferopol_2000s,2227,Tavriya Simferopol,2000s,59913,Artem Stargorodskyi (59913),Ukraine,Midfield - Central Midfield,Midfield,CM,1,1,0.0,1,0,0,0,0,0,0.0,7.0,51.5,60.4,0.42097666586480637,1.0,60.4
2227_tavriya_simferopol_2000s_60323,2227_tavriya_simferopol_2000s,2227,Tavriya Simferopol,2000s,60323,Anton Monakhov (60323),Russia  Ukraine,Defender - Centre-Back,Defender,CB,1,1,0.0,1,0,0,1,0,0,0.0,7.0,51.5,60.4,0.42097666586480637,1.0,60.4
2227_tavriya_simferopol_2000s_56096,2227_tavriya_simferopol_2000s,2227,Tavriya Simferopol,2000s,56096,Everton (56096),Brazil,Midfield - Defensive Midfield,Midfield,CDM,2,2,0.0,0,0,0,1,0,0,0.0,6.0,51.3,58.6,0.36901611739235024,1.0,58.6
2227_tavriya_simferopol_2000s_91541,2227_tavriya_simferopol_2000s,2227,Tavriya Simferopol,2000s,91541,Andrey Stepanov (91541),Russia  Ukraine,Defender - Centre-Back,Defender,CB,2,2,0.0,0,0,0,2,0,0,0.0,6.0,51.3,58.6,0.36901611739235024,1.0,58.6
2227_tavriya_simferopol_2000s_91579,2227_tavriya_simferopol_2000s,2227,Tavriya Simferopol,2000s,91579,Roman Voynarovskiy (91579),Russia  Ukraine,Midfield - Defensive Midfield,Midfield,CDM,2,2,0.0,0,0,0,2,0,0,0.0,6.0,51.3,58.6,0.36901611739235024,1.0,58.6
2227_tavriya_simferopol_2000s_23990,2227_tavriya_simferopol_2000s,2227,Tavriya Simferopol,2000s,23990,Denys Andrienko (23990),Ukraine,Defender - Left-Back,Defender,LB,1,1,0.0,0,0,0,0,0,0,0.0,3.0,50.6,51.2,0.16754871301419294,1.0,51.2
2227_tavriya_simferopol_2000s_58137,2227_tavriya_simferopol_2000s,2227,Tavriya Simferopol,2000s,58137,Andriy Smalko (58137),Ukraine,Midfield - Central Midfield,Midfield,CM,1,1,0.0,0,0,0,1,0,0,0.0,3.0,50.6,51.2,0.16754871301419294,1.0,51.2
2227_tavriya_simferopol_2000s_92466,2227_tavriya_simferopol_2000s,2227,Tavriya Simferopol,2000s,92466,Volodymyr Ponomarenko (92466),Ukraine,Midfield - Right Midfield,Midfield,RM,1,1,0.0,0,0,0,2,0,0,0.0,3.0,50.6,51.2,0.16754871301419294,1.0,51.2
2227_tavriya_simferopol_2000s_118430,2227_tavriya_simferopol_2000s,2227,Tavriya Simferopol,2000s,118430,Volodymyr Mazyar (118430),Ukraine,Attack - Centre-Forward,Attack,FW,1,1,0.0,0,0,0,1,0,0,0.0,3.0,50.6,51.2,0.16754871301419294,1.0,51.2
2227_tavriya_simferopol_2000s_193271,2227_tavriya_simferopol_2000s,2227,Tavriya Simferopol,2000s,193271,Anatoliy Matkevych (193271),Ukraine,Defender - Centre-Back,Defender,CB,1,1,0.0,0,0,0,0,0,0,0.0,3.0,50.6,51.2,0.16754871301419294,1.0,51.2
23611_olimpik_donetsk__2021_2010s_316280,23611_olimpik_donetsk__2021_2010s,23611,Olimpik Donetsk ( - 2021),2010s,316280,Mohammed Rharsalla (316280),Morocco  Spain,Attack - Left Winger,Attack,LM,4,4,12.0,10,0,0,6,0,1,2530.0,112.0,95.0,86.7,0.9656001924464758,1.0,86.7
23611_olimpik_donetsk__2021_2010s_193323,23611_olimpik_donetsk__2021_2010s,23611,Olimpik Donetsk ( - 2021),2010s,193323,Maksim Degtyarov (193323),Russia  Ukraine,Attack - Centre-Forward,Attack,FW,2,4,13.0,1,0,0,6,0,0,852.0,75.0,80.1,82.9,0.9364926629781092,1.0,82.9
23611_olimpik_donetsk__2021_2010s_59440,23611_olimpik_donetsk__2021_2010s,23611,Olimpik Donetsk ( - 2021),2010s,59440,Anton Postupalenko (59440),Ukraine,Midfield - Attacking Midfield,Midfield,AM,3,3,8.0,2,0,0,13,1,0,1321.0,54.5,71.9,79.9,0.8989656001924464,1.0,79.9
23611_olimpik_donetsk__2021_2010s_315930,23611_olimpik_donetsk__2021_2010s,23611,Olimpik Donetsk ( - 2021),2010s,315930,Maxime Do Couto (315930),France  Portugal,Attack - Left Winger,Attack,LM,2,4,5.0,6,0,0,4,0,0,1706.0,54.0,71.7,79.8,0.8981236468607169,1.0,79.8
23611_olimpik_donetsk__2021_2010s_427100,23611_olimpik_donetsk__2021_2010s,23611,Olimpik Donetsk ( - 2021),2010s,427100,Matar Dieye (427100),Senegal,Attack - Centre-Forward,Attack,FW,2,3,8.0,2,0,0,5,0,0,1318.0,54.0,71.7,79.8,0.8981236468607169,1.0,79.8
23611_olimpik_donetsk__2021_2010s_58413,23611_olimpik_donetsk__2021_2010s,23611,Olimpik Donetsk ( - 2021),2010s,58413,Volodymyr Lysenko (58413),Ukraine,Attack - Centre-Forward,Attack,FW,3,3,8.0,1,0,0,8,0,0,771.0,53.0,71.3,79.7,0.8960789030550877,1.0,79.7
23611_olimpik_donetsk__2021_2010s_59249,23611_olimpik_donetsk__2021_2010s,23611,Olimpik Donetsk ( - 2021),2010s,59249,Ivan Matyazh (59249),Ukraine,Midfield - Central Midfield,Midfield,CM,2,2,8.0,2,0,0,2,0,1,606.0,51.0,70.5,79.3,0.8909069040173202,1.0,79.3
23611_olimpik_donetsk__2021_2010s_315237,23611_olimpik_donetsk__2021_2010s,23611,Olimpik Donetsk ( - 2021),2010s,315237,Yevgeniy Pasich (315237),Ukraine,Defender - Right-Back,Defender,RB,3,6,5.0,4,0,0,6,0,0,1392.0,50.0,70.1,79.1,0.8883810440221314,1.0,79.1
23611_olimpik_donetsk__2021_2010s_58606,23611_olimpik_donetsk__2021_2010s,23611,Olimpik Donetsk ( - 2021),2010s,58606,Sergiy Politylo (58606),Ukraine,Midfield - Central Midfield,Midfield,CM,2,4,6.0,3,0,0,6,0,3,1659.0,48.0,69.3,78.5,0.8812845802261247,1.0,78.5
23611_olimpik_donetsk__2021_2010s_120262,23611_olimpik_donetsk__2021_2010s,23611,Olimpik Donetsk ( - 2021),2010s,120262,Dmytro Nemchaninov (120262),Ukraine,Defender - Centre-Back,Defender,CB,4,5,2.0,6,0,0,9,0,0,2870.0,46.0,68.5,78.0,0.8755111859514073,1.0,78.0
23611_olimpik_donetsk__2021_2010s_315236,23611_olimpik_donetsk__2021_2010s,23611,Olimpik Donetsk ( - 2021),2010s,315236,Gennadiy Pasich (315236),Ukraine,Midfield - Left Midfield,Midfield,LM,3,5,5.0,3,0,0,10,0,0,1270.0,45.0,68.1,77.7,0.8707000240558095,1.0,77.7
23611_olimpik_donetsk__2021_2010s_92567,23611_olimpik_donetsk__2021_2010s,23611,Olimpik Donetsk ( - 2021),2010s,92567,Andriy Bogdanov (92567),Ukraine,Midfield - Central Midfield,Midfield,CM,2,2,6.0,2,0,0,9,0,1,1156.0,44.0,67.7,77.3,0.8663699783497715,1.0,77.3
23611_olimpik_donetsk__2021_2010s_48989,23611_olimpik_donetsk__2021_2010s,23611,Olimpik Donetsk ( - 2021),2010s,48989,Dmytro Gryshko (48989),Ukraine,Defender - Centre-Back,Defender,CB,5,7,5.0,0,0,0,19,1,0,6255.0,38.5,65.5,75.9,0.8467644936252104,1.0,75.9
23611_olimpik_donetsk__2021_2010s_350828,23611_olimpik_donetsk__2021_2010s,23611,Olimpik Donetsk ( - 2021),2010s,350828,Shahab Zahedi (350828),Iran,Attack - Centre-Forward,Attack,FW,1,2,6.0,1,0,0,7,0,0,491.0,37.0,64.9,75.6,0.8391869136396439,1.0,75.6
23611_olimpik_donetsk__2021_2010s_537859,23611_olimpik_donetsk__2021_2010s,23611,Olimpik Donetsk ( - 2021),2010s,537859,Andriy Kravchuk (537859),Ukraine,Midfield - Central Midfield,Midfield,CM,2,4,2.0,5,0,0,3,1,0,1124.0,33.5,63.5,74.7,0.8181380803464037,1.0,74.7
23611_olimpik_donetsk__2021_2010s_376226,23611_olimpik_donetsk__2021_2010s,23611,Olimpik Donetsk ( - 2021),2010s,376226,Yevgeniy Tsymbalyuk (376226),Ukraine,Defender - Centre-Back,Defender,CB,5,8,1.0,3,0,0,17,0,0,1632.0,32.0,62.9,74.3,0.8081549194130383,1.0,74.3
23611_olimpik_donetsk__2021_2010s_64341,23611_olimpik_donetsk__2021_2010s,23611,Olimpik Donetsk ( - 2021),2010s,64341,Anton Kravchenko (64341),Ukraine,Defender - Centre-Back,Defender,CB,2,2,4.0,1,0,0,12,0,0,1548.0,30.0,62.1,73.8,0.7954053403897041,1.0,73.8
23611_olimpik_donetsk__2021_2010s_44361,23611_olimpik_donetsk__2021_2010s,23611,Olimpik Donetsk ( - 2021),2010s,44361,Oleksiy Gay (44361),Ukraine,Midfield - Central Midfield,Midfield,CM,1,2,3.0,1,0,0,1,0,2,1427.0,22.0,58.8,71.1,0.7276882367091653,1.0,71.1
23611_olimpik_donetsk__2021_2010s_122317,23611_olimpik_donetsk__2021_2010s,23611,Olimpik Donetsk ( - 2021),2010s,122317,Vitaliy Goshkoderya (122317),Ukraine,Midfield - Defensive Midfield,Midfield,CDM,4,4,1.0,1,0,0,7,0,0,1939.0,20.0,58.0,70.2,0.7051960548472456,1.0,70.2
23611_olimpik_donetsk__2021_2010s_295613,23611_olimpik_donetsk__2021_2010s,23611,Olimpik Donetsk ( - 2021),2010s,295613,Ivan Brikner (295613),Ukraine,Midfield - Central Midfield,Midfield,CM,2,2,2.0,1,0,0,4,0,0,1223.0,20.0,58.0,70.2,0.7051960548472456,1.0,70.2
23611_olimpik_donetsk__2021_2010s_213984,23611_olimpik_donetsk__2021_2010s,23611,Olimpik Donetsk ( - 2021),2010s,213984,Taras Zaviyskyi (213984),Ukraine,Midfield - Right Midfield,Midfield,RM,1,2,2.0,2,0,0,5,1,0,151.0,19.5,57.8,69.9,0.6968968005773394,1.0,69.9
23611_olimpik_donetsk__2021_2010s_95707,23611_olimpik_donetsk__2021_2010s,23611,Olimpik Donetsk ( - 2021),2010s,95707,Volodymyr Tanchyk (95707),Ukraine,Midfield - Right Midfield,Midfield,RM,2,2,3.0,0,0,0,7,0,0,1705.0,19.0,57.6,69.6,0.6904017320182824,1.0,69.6
23611_olimpik_donetsk__2021_2010s_396536,23611_olimpik_donetsk__2021_2010s,23611,Olimpik Donetsk ( - 2021),2010s,396536,Roman Vantukh (396536),Ukraine,Defender - Left-Back,Defender,LB,2,3,2.0,1,0,0,0,0,0,1448.0,19.0,57.6,69.6,0.6904017320182824,1.0,69.6
23611_olimpik_donetsk__2021_2010s_58427,23611_olimpik_donetsk__2021_2010s,23611,Olimpik Donetsk ( - 2021),2010s,58427,Kyrylo Petrov (58427),Ukraine,Midfield - Defensive Midfield,Midfield,CDM,2,2,2.0,1,0,0,11,1,0,675.0,18.5,57.4,69.4,0.684868895838345,1.0,69.4
23611_olimpik_donetsk__2021_2010s_435665,23611_olimpik_donetsk__2021_2010s,23611,Olimpik Donetsk ( - 2021),2010s,435665,Vladyslav Khomutov (435665),Ukraine,Midfield - Attacking Midfield,Midfield,AM,3,4,1.0,1,0,0,4,0,0,380.0,18.0,57.2,69.1,0.6780129901371181,1.0,69.1
23611_olimpik_donetsk__2021_2010s_269374,23611_olimpik_donetsk__2021_2010s,23611,Olimpik Donetsk ( - 2021),2010s,269374,Sergiy Gryn (269374),Ukraine,Attack - Left Winger,Attack,LM,1,1,2.0,1,0,0,1,0,0,666.0,17.0,56.8,68.6,0.6645417368294443,1.0,68.6
23611_olimpik_donetsk__2021_2010s_97727,23611_olimpik_donetsk__2021_2010s,23611,Olimpik Donetsk ( - 2021),2010s,97727,Igor Tyshchenko (97727),Ukraine  Russia,Defender - Right-Back,Defender,RB,2,2,2.0,0,0,0,8,0,0,834.0,16.0,56.4,67.9,0.6464998797209526,1.0,67.9
23611_olimpik_donetsk__2021_2010s_88879,23611_olimpik_donetsk__2021_2010s,23611,Olimpik Donetsk ( - 2021),2010s,88879,Artem Kychak (88879),Ukraine,Goalkeeper,Goalkeeper,GK,2,4,0.0,0,6,12,4,0,0,1170.0,15.0,56.0,67.4,0.6314649987972095,1.0,67.4
23611_olimpik_donetsk__2021_2010s_57888,23611_olimpik_donetsk__2021_2010s,23611,Olimpik Donetsk ( - 2021),2010s,57888,Pavlo Ksyonz (57888),Ukraine,Defender - Right-Back,Defender,RB,2,4,0.0,2,0,0,8,1,0,0.0,12.5,55.0,66.0,0.5909309598267982,1.0,66.0
23611_olimpik_donetsk__2021_2010s_39253,23611_olimpik_donetsk__2021_2010s,23611,Olimpik Donetsk ( - 2021),2010s,39253,Anton Shynder (39253),Ukraine,Attack - Centre-Forward,Attack,FW,1,1,1.0,1,0,0,3,0,0,359.0,12.0,54.8,65.5,0.5752946836661054,1.0,65.5
23611_olimpik_donetsk__2021_2010s_213429,23611_olimpik_donetsk__2021_2010s,23611,Olimpik Donetsk ( - 2021),2010s,213429,Émerson (213429),Congo  Ukraine,Defender - Centre-Back,Defender,CB,3,4,0.0,1,0,0,8,1,0,0.0,11.5,54.6,65.0,0.5601395236949723,1.0,65.0
23611_olimpik_donetsk__2021_2010s_524964,23611_olimpik_donetsk__2021_2010s,23611,Olimpik Donetsk ( - 2021),2010s,524964,Orest Lebedenko (524964),Ukraine,Defender - Left-Back,Defender,LB,1,2,0.0,2,0,0,2,0,0,0.0,11.0,54.4,64.6,0.5475102237190281,1.0,64.6
23611_olimpik_donetsk__2021_2010s_58392,23611_olimpik_donetsk__2021_2010s,23611,Olimpik Donetsk ( - 2021),2010s,58392,Vitaliy Fedoriv (58392),Ukraine,Defender - Centre-Back,Defender,CB,3,3,0.0,0,0,0,14,0,0,0.0,9.0,53.6,62.9,0.49735386095742123,1.0,62.9
23611_olimpik_donetsk__2021_2010s_93105,23611_olimpik_donetsk__2021_2010s,23611,Olimpik Donetsk ( - 2021),2010s,93105,Igor Lytovka (93105),Ukraine,Goalkeeper,Goalkeeper,GK,1,1,0.0,0,4,29,1,0,0,1170.0,9.0,53.6,62.9,0.49735386095742123,1.0,62.9
23611_olimpik_donetsk__2021_2010s_248935,23611_olimpik_donetsk__2021_2010s,23611,Olimpik Donetsk ( - 2021),2010s,248935,Pavlo Lukyanchuk (248935),Ukraine,Defender - Centre-Back,Defender,CB,2,3,1.0,0,0,0,5,0,0,765.0,9.0,53.6,62.9,0.49735386095742123,1.0,62.9
23611_olimpik_donetsk__2021_2010s_308436,23611_olimpik_donetsk__2021_2010s,23611,Olimpik Donetsk ( - 2021),2010s,308436,Denys Balanyuk (308436),Ukraine,Attack - Centre-Forward,Attack,FW,1,2,1.0,0,0,0,1,0,0,191.0,8.0,53.2,61.9,0.46572047149386575,1.0,61.9
23611_olimpik_donetsk__2021_2010s_380691,23611_olimpik_donetsk__2021_2010s,23611,Olimpik Donetsk ( - 2021),2010s,380691,Vitaliy Koltsov (380691),Ukraine,Midfield - Defensive Midfield,Midfield,CDM,1,2,1.0,0,0,0,1,0,0,1389.0,8.0,53.2,61.9,0.46572047149386575,1.0,61.9
23611_olimpik_donetsk__2021_2010s_497190,23611_olimpik_donetsk__2021_2010s,23611,Olimpik Donetsk ( - 2021),2010s,497190,Betim Halimi (497190),Kosovo  Albania,Goalkeeper,Goalkeeper,GK,2,4,0.0,0,1,15,0,0,0,823.0,7.5,53.0,61.1,0.44274717344238634,1.0,61.1
23611_olimpik_donetsk__2021_2010s_229320,23611_olimpik_donetsk__2021_2010s,23611,Olimpik Donetsk ( - 2021),2010s,229320,Daniel Romanovskij (229320),Lithuania,Midfield - Attacking Midfield,Midfield,AM,1,2,0.0,1,0,0,1,0,0,0.0,7.0,52.8,60.4,0.42097666586480637,1.0,60.4
23611_olimpik_donetsk__2021_2010s_370399,23611_olimpik_donetsk__2021_2010s,23611,Olimpik Donetsk ( - 2021),2010s,370399,Mykyta Kravchenko (370399),Ukraine,Defender - Right-Back,Defender,RB,1,2,0.0,1,0,0,3,0,0,0.0,7.0,52.8,60.4,0.42097666586480637,1.0,60.4
23611_olimpik_donetsk__2021_2010s_419119,23611_olimpik_donetsk__2021_2010s,23611,Olimpik Donetsk ( - 2021),2010s,419119,Igor Snurnitsyn (419119),Ukraine,Defender - Centre-Back,Defender,CB,3,5,0.0,0,0,0,5,0,0,0.0,7.0,52.8,60.4,0.42097666586480637,1.0,60.4
23611_olimpik_donetsk__2021_2010s_90768,23611_olimpik_donetsk__2021_2010s,23611,Olimpik Donetsk ( - 2021),2010s,90768,Yaroslav Oliynyk (90768),Ukraine,Defender - Right-Back,Defender,RB,2,2,0.0,0,0,0,5,0,0,0.0,6.0,52.4,58.6,0.36901611739235024,1.0,58.6
23611_olimpik_donetsk__2021_2010s_375955,23611_olimpik_donetsk__2021_2010s,23611,Olimpik Donetsk ( - 2021),2010s,375955,Yegor Klymenchuk (375955),Ukraine,Defender - Left-Back,Defender,LB,2,3,0.0,0,0,0,3,0,0,0.0,6.0,52.4,58.6,0.36901611739235024,1.0,58.6
23611_olimpik_donetsk__2021_2010s_376227,23611_olimpik_donetsk__2021_2010s,23611,Olimpik Donetsk ( - 2021),2010s,376227,Denys Galenkov (376227),Ukraine,Midfield - Left Midfield,Midfield,LM,2,2,0.0,0,0,0,0,0,0,0.0,6.0,52.4,58.6,0.36901611739235024,1.0,58.6
23611_olimpik_donetsk__2021_2010s_69581,23611_olimpik_donetsk__2021_2010s,23611,Olimpik Donetsk ( - 2021),2010s,69581,Kostyantyn Makhnovskyi (69581),Ukraine,Goalkeeper,Goalkeeper,GK,1,2,0.0,0,1,16,3,0,0,990.0,4.5,51.8,57.1,0.3246331489054607,1.0,57.1
23611_olimpik_donetsk__2021_2010s_111072,23611_olimpik_donetsk__2021_2010s,23611,Olimpik Donetsk ( - 2021),2010s,111072,Vladyslav Ogirya (111072),Ukraine,Midfield - Defensive Midfield,Midfield,CDM,2,2,0.0,0,0,0,11,1,0,0.0,4.5,51.8,57.1,0.3246331489054607,1.0,57.1
23611_olimpik_donetsk__2021_2010s_375659,23611_olimpik_donetsk__2021_2010s,23611,Olimpik Donetsk ( - 2021),2010s,375659,German Penkov (375659),Ukraine,Goalkeeper,Goalkeeper,GK,1,1,0.0,0,1,8,1,0,0,336.0,4.5,51.8,57.1,0.3246331489054607,1.0,57.1
23611_olimpik_donetsk__2021_2010s_58956,23611_olimpik_donetsk__2021_2010s,23611,Olimpik Donetsk ( - 2021),2010s,58956,Oleksandr Maksymov (58956),Ukraine,Midfield - Central Midfield,Midfield,CM,1,1,0.0,0,0,0,0,0,0,0.0,3.0,51.2,51.2,0.16754871301419294,1.0,51.2
23611_olimpik_donetsk__2021_2010s_97835,23611_olimpik_donetsk__2021_2010s,23611,Olimpik Donetsk ( - 2021),2010s,97835,Dmytro Yeremenko (97835),Ukraine,Attack - Right Winger,Attack,RM,1,1,0.0,0,0,0,3,0,0,0.0,3.0,51.2,51.2,0.16754871301419294,1.0,51.2
23611_olimpik_donetsk__2021_2010s_166230,23611_olimpik_donetsk__2021_2010s,23611,Olimpik Donetsk ( - 2021),2010s,166230,Josip Vukovic (166230),Croatia,Midfield - Defensive Midfield,Midfield,CDM,1,2,0.0,0,0,0,1,0,0,0.0,3.0,51.2,51.2,0.16754871301419294,1.0,51.2
23611_olimpik_donetsk__2021_2010s_222079,23611_olimpik_donetsk__2021_2010s,23611,Olimpik Donetsk ( - 2021),2010s,222079,Ruslan Stepanyuk (222079),Ukraine,Attack - Centre-Forward,Attack,FW,1,1,0.0,0,0,0,1,0,0,0.0,3.0,51.2,51.2,0.16754871301419294,1.0,51.2
23611_olimpik_donetsk__2021_2010s_236468,23611_olimpik_donetsk__2021_2010s,23611,Olimpik Donetsk ( - 2021),2010s,236468,Artem Shabanov (236468),Ukraine,Defender - Centre-Back,Defender,CB,1,1,0.0,0,0,0,5,0,0,0.0,3.0,51.2,51.2,0.16754871301419294,1.0,51.2
23611_olimpik_donetsk__2021_2010s_242279,23611_olimpik_donetsk__2021_2010s,23611,Olimpik Donetsk ( - 2021),2010s,242279,Oleksiy Dytyatyev (242279),Ukraine,Defender - Centre-Back,Defender,CB,1,1,0.0,0,0,0,10,0,0,0.0,3.0,51.2,51.2,0.16754871301419294,1.0,51.2
23611_olimpik_donetsk__2021_2010s_288856,23611_olimpik_donetsk__2021_2010s,23611,Olimpik Donetsk ( - 2021),2010s,288856,Oleksandr Migunov (288856),Ukraine,Defender - Left-Back,Defender,LB,1,1,0.0,0,0,0,0,0,0,0.0,3.0,51.2,51.2,0.16754871301419294,1.0,51.2
23611_olimpik_donetsk__2021_2010s_305423,23611_olimpik_donetsk__2021_2010s,23611,Olimpik Donetsk ( - 2021),2010s,305423,Ivan Zotko (305423),Ukraine,Defender - Centre-Back,Defender,CB,1,2,0.0,0,0,0,9,0,0,0.0,3.0,51.2,51.2,0.16754871301419294,1.0,51.2
23611_olimpik_donetsk__2021_2010s_400719,23611_olimpik_donetsk__2021_2010s,23611,Olimpik Donetsk ( - 2021),2010s,400719,Temur Chogadze (400719),Georgia,Attack - Right Winger,Attack,RM,1,2,0.0,0,0,0,0,0,0,0.0,3.0,51.2,51.2,0.16754871301419294,1.0,51.2
23611_olimpik_donetsk__2021_2010s_402874,23611_olimpik_donetsk__2021_2010s,23611,Olimpik Donetsk ( - 2021),2010s,402874,Dmytro Lytvyn (402874),Ukraine,Defender - Centre-Back,Defender,CB,1,2,0.0,0,0,0,2,0,0,0.0,3.0,51.2,51.2,0.16754871301419294,1.0,51.2
23611_olimpik_donetsk__2021_2010s_550323,23611_olimpik_donetsk__2021_2010s,23611,Olimpik Donetsk ( - 2021),2010s,550323,Nazar Yedynak (550323),Ukraine,Defender - Centre-Back,Defender,CB,1,1,0.0,0,0,0,0,0,0,0.0,3.0,51.2,51.2,0.16754871301419294,1.0,51.2
23611_olimpik_donetsk__2021_2010s_571188,23611_olimpik_donetsk__2021_2010s,23611,Olimpik Donetsk ( - 2021),2010s,571188,Luiz Fernando (571188),Brazil,Attack - Left Winger,Attack,LM,1,1,0.0,0,0,0,0,0,0,0.0,3.0,51.2,51.2,0.16754871301419294,1.0,51.2
23611_olimpik_donetsk__2021_2010s_728379,23611_olimpik_donetsk__2021_2010s,23611,Olimpik Donetsk ( - 2021),2010s,728379,Andriy Chekotun (728379),Ukraine,Goalkeeper,Goalkeeper,GK,1,2,0.0,0,0,2,0,0,0,90.0,3.0,51.2,51.2,0.16754871301419294,1.0,51.2
23611_olimpik_donetsk__2021_2010s_661284,23611_olimpik_donetsk__2021_2010s,23611,Olimpik Donetsk ( - 2021),2010s,661284,Fabinho (661284),Brazil,Midfield - Central Midfield,Midfield,CM,1,1,0.0,0,0,0,2,1,0,0.0,1.5,50.6,45.4,0.00950204474380563,1.0,45.4
23611_olimpik_donetsk__2021_2020s_350828,23611_olimpik_donetsk__2021_2020s,23611,Olimpik Donetsk ( - 2021),2020s,350828,Shahab Zahedi (350828),Iran,Attack - Centre-Forward,Attack,FW,1,1,8.0,2,0,0,2,0,2,96.0,51.0,95.0,79.3,0.8909069040173202,1.0,79.3
23611_olimpik_donetsk__2021_2020s_491960,23611_olimpik_donetsk__2021_2020s,23611,Olimpik Donetsk ( - 2021),2020s,491960,Benito (491960),Nigeria  Cote d'Ivoire,Attack - Right Winger,Attack,RM,1,1,3.0,4,0,0,9,0,0,434.0,34.0,80.0,74.8,0.8201828241520327,1.0,74.8
23611_olimpik_donetsk__2021_2020s_315930,23611_olimpik_donetsk__2021_2020s,23611,Olimpik Donetsk ( - 2021),2020s,315930,Maxime Do Couto (315930),France  Portugal,Attack - Left Winger,Attack,LM,1,1,3.0,3,0,0,4,0,0,524.0,30.0,76.5,73.8,0.7954053403897041,1.0,73.8
23611_olimpik_donetsk__2021_2020s_524964,23611_olimpik_donetsk__2021_2020s,23611,Olimpik Donetsk ( - 2021),2020s,524964,Orest Lebedenko (524964),Ukraine,Defender - Left-Back,Defender,LB,1,1,0.0,5,0,0,1,1,0,0.0,21.5,69.0,70.9,0.7233581910031273,1.0,70.9
23611_olimpik_donetsk__2021_2020s_58606,23611_olimpik_donetsk__2021_2020s,23611,Olimpik Donetsk ( - 2021),2020s,58606,Sergiy Politylo (58606),Ukraine,Midfield - Central Midfield,Midfield,CM,1,1,3.0,0,0,0,3,0,1,744.0,18.0,65.9,69.1,0.6780129901371181,1.0,69.1
23611_olimpik_donetsk__2021_2020s_550696,23611_olimpik_donetsk__2021_2020s,23611,Olimpik Donetsk ( - 2021),2020s,550696,Ibrahim Kargbo Jr. (550696),Belgium  Sierra Leone,Attack - Centre-Forward,Attack,FW,1,1,3.0,0,0,0,3,0,1,293.0,18.0,65.9,69.1,0.6780129901371181,1.0,69.1
23611_olimpik_donetsk__2021_2020s_624831,23611_olimpik_donetsk__2021_2020s,23611,Olimpik Donetsk ( - 2021),2020s,624831,Taddeus Nkeng (624831),Cameroon,Attack - Left Winger,Attack,LM,1,1,2.0,1,0,0,2,0,1,411.0,16.0,64.1,67.9,0.6464998797209526,1.0,67.9
23611_olimpik_donetsk__2021_2020s_229320,23611_olimpik_donetsk__2021_2020s,23611,Olimpik Donetsk ( - 2021),2020s,229320,Daniel Romanovskij (229320),Lithuania,Midfield - Attacking Midfield,Midfield,AM,1,1,1.0,0,0,0,2,0,0,487.0,8.0,57.1,61.9,0.46572047149386575,1.0,61.9
23611_olimpik_donetsk__2021_2020s_305423,23611_olimpik_donetsk__2021_2020s,23611,Olimpik Donetsk ( - 2021),2020s,305423,Ivan Zotko (305423),Ukraine,Defender - Centre-Back,Defender,CB,1,1,1.0,0,0,0,3,0,1,1330.0,8.0,57.1,61.9,0.46572047149386575,1.0,61.9
23611_olimpik_donetsk__2021_2020s_381430,23611_olimpik_donetsk__2021_2020s,23611,Olimpik Donetsk ( - 2021),2020s,381430,Fabricio Alvarenga (381430),Argentina,Attack - Right Winger,Attack,RM,1,1,1.0,0,0,0,3,0,0,764.0,8.0,57.1,61.9,0.46572047149386575,1.0,61.9
23611_olimpik_donetsk__2021_2020s_567735,23611_olimpik_donetsk__2021_2020s,23611,Olimpik Donetsk ( - 2021),2020s,567735,Vladyslav Khamelyuk (567735),Ukraine,Midfield - Central Midfield,Midfield,CM,1,1,1.0,0,0,0,1,0,0,186.0,8.0,57.1,61.9,0.46572047149386575,1.0,61.9
23611_olimpik_donetsk__2021_2020s_94928,23611_olimpik_donetsk__2021_2020s,23611,Olimpik Donetsk ( - 2021),2020s,94928,Ruslan Babenko (94928),Ukraine,Midfield - Central Midfield,Midfield,CM,1,1,1.0,0,0,0,7,0,0,1967.0,7.0,56.2,60.4,0.42097666586480637,1.0,60.4
23611_olimpik_donetsk__2021_2020s_315237,23611_olimpik_donetsk__2021_2020s,23611,Olimpik Donetsk ( - 2021),2020s,315237,Yevgeniy Pasich (315237),Ukraine,Defender - Right-Back,Defender,RB,1,1,0.0,1,0,0,1,0,0,0.0,7.0,56.2,60.4,0.42097666586480637,1.0,60.4
23611_olimpik_donetsk__2021_2020s_400719,23611_olimpik_donetsk__2021_2020s,23611,Olimpik Donetsk ( - 2021),2020s,400719,Temur Chogadze (400719),Georgia,Attack - Right Winger,Attack,RM,1,1,0.0,1,0,0,1,0,0,0.0,7.0,56.2,60.4,0.42097666586480637,1.0,60.4
23611_olimpik_donetsk__2021_2020s_88879,23611_olimpik_donetsk__2021_2020s,23611,Olimpik Donetsk ( - 2021),2020s,88879,Artem Kychak (88879),Ukraine,Goalkeeper,Goalkeeper,GK,1,1,0.0,0,2,30,3,0,0,1485.0,6.0,55.3,58.6,0.36901611739235024,1.0,58.6
23611_olimpik_donetsk__2021_2020s_213984,23611_olimpik_donetsk__2021_2020s,23611,Olimpik Donetsk ( - 2021),2020s,213984,Taras Zaviyskyi (213984),Ukraine,Midfield - Right Midfield,Midfield,RM,1,1,0.0,1,0,0,1,0,0,0.0,5.0,54.4,57.4,0.33317296127014673,1.0,57.4
23611_olimpik_donetsk__2021_2020s_48989,23611_olimpik_donetsk__2021_2020s,23611,Olimpik Donetsk ( - 2021),2020s,48989,Dmytro Gryshko (48989),Ukraine,Defender - Centre-Back,Defender,CB,1,1,0.0,0,0,0,0,0,0,0.0,3.0,52.6,51.2,0.16754871301419294,1.0,51.2
23611_olimpik_donetsk__2021_2020s_57888,23611_olimpik_donetsk__2021_2020s,23611,Olimpik Donetsk ( - 2021),2020s,57888,Pavlo Ksyonz (57888),Ukraine,Defender - Right-Back,Defender,RB,1,1,0.0,0,0,0,0,0,0,0.0,3.0,52.6,51.2,0.16754871301419294,1.0,51.2
23611_olimpik_donetsk__2021_2020s_58922,23611_olimpik_donetsk__2021_2020s,23611,Olimpik Donetsk ( - 2021),2020s,58922,Rizvan Ablitarov (58922),Ukraine  Uzbekistan,Defender - Centre-Back,Defender,CB,1,1,0.0,0,0,0,0,0,0,0.0,3.0,52.6,51.2,0.16754871301419294,1.0,51.2
23611_olimpik_donetsk__2021_2020s_230409,23611_olimpik_donetsk__2021_2020s,23611,Olimpik Donetsk ( - 2021),2020s,230409,Yevgen Neplyakh (230409),Ukraine,Defender - Left-Back,Defender,LB,1,1,0.0,0,0,0,0,0,0,0.0,3.0,52.6,51.2,0.16754871301419294,1.0,51.2
23611_olimpik_donetsk__2021_2020s_248935,23611_olimpik_donetsk__2021_2020s,23611,Olimpik Donetsk ( - 2021),2020s,248935,Pavlo Lukyanchuk (248935),Ukraine,Defender - Centre-Back,Defender,CB,1,1,0.0,0,0,0,0,0,0,0.0,3.0,52.6,51.2,0.16754871301419294,1.0,51.2
23611_olimpik_donetsk__2021_2020s_308436,23611_olimpik_donetsk__2021_2020s,23611,Olimpik Donetsk ( - 2021),2020s,308436,Denys Balanyuk (308436),Ukraine,Attack - Centre-Forward,Attack,FW,1,1,0.0,0,0,0,0,0,0,0.0,3.0,52.6,51.2,0.16754871301419294,1.0,51.2
23611_olimpik_donetsk__2021_2020s_376226,23611_olimpik_donetsk__2021_2020s,23611,Olimpik Donetsk ( - 2021),2020s,376226,Yevgeniy Tsymbalyuk (376226),Ukraine,Defender - Centre-Back,Defender,CB,1,1,0.0,0,0,0,0,0,0,0.0,3.0,52.6,51.2,0.16754871301419294,1.0,51.2
23611_olimpik_donetsk__2021_2020s_470265,23611_olimpik_donetsk__2021_2020s,23611,Olimpik Donetsk ( - 2021),2020s,470265,Kirill Kirilenko (470265),Belarus,Attack - Left Winger,Attack,LM,1,1,0.0,0,0,0,0,0,0,0.0,3.0,52.6,51.2,0.16754871301419294,1.0,51.2
23611_olimpik_donetsk__2021_2020s_497190,23611_olimpik_donetsk__2021_2020s,23611,Olimpik Donetsk ( - 2021),2020s,497190,Betim Halimi (497190),Kosovo  Albania,Goalkeeper,Goalkeeper,GK,1,1,0.0,0,0,13,0,0,0,675.0,3.0,52.6,51.2,0.16754871301419294,1.0,51.2
23611_olimpik_donetsk__2021_2020s_524299,23611_olimpik_donetsk__2021_2020s,23611,Olimpik Donetsk ( - 2021),2020s,524299,Yevgeniy Mogil (524299),Ukraine,Attack - Centre-Forward,Attack,FW,1,1,0.0,0,0,0,0,0,0,0.0,3.0,52.6,51.2,0.16754871301419294,1.0,51.2
23611_olimpik_donetsk__2021_2020s_537859,23611_olimpik_donetsk__2021_2020s,23611,Olimpik Donetsk ( - 2021),2020s,537859,Andriy Kravchuk (537859),Ukraine,Midfield - Central Midfield,Midfield,CM,1,1,0.0,0,0,0,1,0,0,0.0,3.0,52.6,51.2,0.16754871301419294,1.0,51.2
23611_olimpik_donetsk__2021_2020s_728379,23611_olimpik_donetsk__2021_2020s,23611,Olimpik Donetsk ( - 2021),2020s,728379,Andriy Chekotun (728379),Ukraine,Goalkeeper,Goalkeeper,GK,1,1,0.0,0,0,5,0,0,0,180.0,3.0,52.6,51.2,0.16754871301419294,1.0,51.2
23611_olimpik_donetsk__2021_2020s_740732,23611_olimpik_donetsk__2021_2020s,23611,Olimpik Donetsk ( - 2021),2020s,740732,Talles Brener (740732),Brazil,Midfield - Attacking Midfield,Midfield,AM,1,1,0.0,0,0,0,1,0,0,0.0,3.0,52.6,51.2,0.16754871301419294,1.0,51.2
23611_olimpik_donetsk__2021_2020s_752691,23611_olimpik_donetsk__2021_2020s,23611,Olimpik Donetsk ( - 2021),2020s,752691,Bogdan Veklyak (752691),Ukraine,Defender - Centre-Back,Defender,CB,1,1,0.0,0,0,0,1,0,0,0.0,3.0,52.6,51.2,0.16754871301419294,1.0,51.2
23611_olimpik_donetsk__2021_2020s_765390,23611_olimpik_donetsk__2021_2020s,23611,Olimpik Donetsk ( - 2021),2020s,765390,Andriy Gretsaychuk (765390),Ukraine,Midfield - Right Midfield,Midfield,RM,1,1,0.0,0,0,0,0,0,0,0.0,3.0,52.6,51.2,0.16754871301419294,1.0,51.2
23611_olimpik_donetsk__2021_2020s_768149,23611_olimpik_donetsk__2021_2020s,23611,Olimpik Donetsk ( - 2021),2020s,768149,Dmytro Kasabutskyi (768149),Ukraine,Midfield - Right Midfield,Midfield,RM,1,1,0.0,0,0,0,0,0,0,0.0,3.0,52.6,51.2,0.16754871301419294,1.0,51.2
23611_olimpik_donetsk__2021_2020s_840669,23611_olimpik_donetsk__2021_2020s,23611,Olimpik Donetsk ( - 2021),2020s,840669,Bogdan Novikov (840669),Ukraine,Midfield - Defensive Midfield,Midfield,CDM,1,1,0.0,0,0,0,0,0,0,0.0,3.0,52.6,51.2,0.16754871301419294,1.0,51.2
23611_olimpik_donetsk__2021_2020s_863208,23611_olimpik_donetsk__2021_2020s,23611,Olimpik Donetsk ( - 2021),2020s,863208,Daniil Davydenko (863208),Ukraine,Defender - Left-Back,Defender,LB,1,1,0.0,0,0,0,0,0,0,0.0,3.0,52.6,51.2,0.16754871301419294,1.0,51.2
23611_olimpik_donetsk__2021_2020s_647831,23611_olimpik_donetsk__2021_2020s,23611,Olimpik Donetsk ( - 2021),2020s,647831,Geo Danny Ekra (647831),Cote d'Ivoire,Midfield - Defensive Midfield,Midfield,CDM,1,1,0.0,0,0,0,1,0,0,0.0,2.0,51.8,45.6,0.016237671397642532,1.0,45.6
23611_olimpik_donetsk__2021_2020s_419119,23611_olimpik_donetsk__2021_2020s,23611,Olimpik Donetsk ( - 2021),2020s,419119,Igor Snurnitsyn (419119),Ukraine,Defender - Centre-Back,Defender,CB,1,1,0.0,0,0,0,3,0,0,0.0,1.0,50.9,45.1,0.0039692085638681745,1.0,45.1
23611_olimpik_donetsk__2021_2020s_461582,23611_olimpik_donetsk__2021_2020s,23611,Olimpik Donetsk ( - 2021),2020s,461582,Issiar Dramé (461582),Mali  France,Defender - Centre-Back,Defender,CB,1,1,0.0,0,0,0,7,0,0,0.0,1.0,50.9,45.1,0.0039692085638681745,1.0,45.1
2477_karpaty_lviv_1990s_107039,2477_karpaty_lviv_1990s,2477,Karpaty Lviv,1990s,107039,Sergiy Kovalets (107039),Ukraine,Midfield - Attacking Midfield,Midfield,AM,3,3,8.0,18,0,0,11,0,0,1620.0,121.0,95.0,87.6,0.9707721914842434,1.0,87.6
2477_karpaty_lviv_1990s_857997,2477_karpaty_lviv_1990s,2477,Karpaty Lviv,1990s,857997,Igor Plotko (857997),Ukraine,Midfield - Central Midfield,Midfield,CM,3,3,11.0,6,0,0,6,0,4,3553.0,88.0,82.7,84.1,0.9504450324753428,1.0,84.1
2477_karpaty_lviv_1990s_943654,2477_karpaty_lviv_1990s,2477,Karpaty Lviv,1990s,943654,Roman Zub (943654),Ukraine,Midfield - Defensive Midfield,Midfield,CDM,5,5,10.0,4,0,0,25,1,5,2976.0,79.5,79.6,83.3,0.9410632667789272,1.0,83.3
2477_karpaty_lviv_1990s_175951,2477_karpaty_lviv_1990s,2477,Karpaty Lviv,1990s,175951,Volodymyr Sharan (175951),Ukraine,Midfield - Attacking Midfield,Midfield,AM,3,3,6.0,5,0,0,5,0,0,892.0,59.0,71.9,80.7,0.9090690401732018,1.0,80.7
2477_karpaty_lviv_1990s_524476,2477_karpaty_lviv_1990s,2477,Karpaty Lviv,1990s,524476,Yuriy Mokrytskyi (524476),Ukraine,Defender - Centre-Back,Defender,CB,5,5,2.0,0,0,0,8,0,0,5634.0,25.0,59.3,72.2,0.7552321385614625,1.0,72.2
2477_karpaty_lviv_1990s_133461,2477_karpaty_lviv_1990s,2477,Karpaty Lviv,1990s,133461,Oleg Tymchyshyn (133461),Ukraine,Defender,Defender,CB,5,5,0.0,1,0,0,3,0,0,0.0,19.0,57.1,69.6,0.6904017320182824,1.0,69.6
2477_karpaty_lviv_1990s_373477,2477_karpaty_lviv_1990s,2477,Karpaty Lviv,1990s,373477,Sergiy Tanasyuk (373477),Ukraine,Defender,Defender,CB,3,3,2.0,0,0,0,10,0,0,859.0,15.0,55.6,67.4,0.6314649987972095,1.0,67.4
2477_karpaty_lviv_1990s_24053,2477_karpaty_lviv_1990s,2477,Karpaty Lviv,1990s,24053,Dmytro Semochko (24053),Ukraine  Russia,Defender - Left-Back,Defender,LB,2,2,2.0,0,0,0,4,1,0,125.0,14.5,55.4,67.2,0.6248496511907625,1.0,67.2
2477_karpaty_lviv_1990s_35352,2477_karpaty_lviv_1990s,2477,Karpaty Lviv,1990s,35352,Taras Kabanov (35352),Ukraine,Attack - Centre-Forward,Attack,FW,1,1,0.0,1,0,0,0,0,0,0.0,7.0,52.6,60.4,0.42097666586480637,1.0,60.4
2477_karpaty_lviv_1990s_58058,2477_karpaty_lviv_1990s,2477,Karpaty Lviv,1990s,58058,Mykola Lapko (58058),Ukraine,Defender,Defender,CB,2,2,0.0,0,0,0,1,0,0,0.0,6.0,52.2,58.6,0.36901611739235024,1.0,58.6
2477_karpaty_lviv_1990s_91474,2477_karpaty_lviv_1990s,2477,Karpaty Lviv,1990s,91474,Pavlo Onysko (91474),Ukraine,Attack - Centre-Forward,Attack,FW,2,2,0.0,0,0,0,0,0,0,0.0,6.0,52.2,58.6,0.36901611739235024,1.0,58.6
2477_karpaty_lviv_1990s_24006,2477_karpaty_lviv_1990s,2477,Karpaty Lviv,1990s,24006,Volodymyr Yezerskyi (24006),Ukraine,Defender - Right-Back,Defender,RB,2,2,0.0,0,0,0,2,1,0,0.0,4.5,51.7,57.1,0.3246331489054607,1.0,57.1
2477_karpaty_lviv_1990s_59447,2477_karpaty_lviv_1990s,2477,Karpaty Lviv,1990s,59447,Andriy Tlumak (59447),Ukraine,Goalkeeper,Goalkeeper,GK,1,1,0.0,0,1,2,0,0,0,180.0,4.5,51.7,57.1,0.3246331489054607,1.0,57.1
2477_karpaty_lviv_1990s_15741,2477_karpaty_lviv_1990s,2477,Karpaty Lviv,1990s,15741,Pavlo Kotovenko (15741),Ukraine  Russia,Midfield - Central Midfield,Midfield,CM,1,1,0.0,0,0,0,0,0,0,0.0,3.0,51.1,51.2,0.16754871301419294,1.0,51.2
2477_karpaty_lviv_1990s_34670,2477_karpaty_lviv_1990s,2477,Karpaty Lviv,1990s,34670,Vitaliy Postranskyi (34670),Ukraine,Goalkeeper,Goalkeeper,GK,1,1,0.0,0,0,0,0,0,0,0.0,3.0,51.1,51.2,0.16754871301419294,1.0,51.2
2477_karpaty_lviv_1990s_81633,2477_karpaty_lviv_1990s,2477,Karpaty Lviv,1990s,81633,Marian Marushchak (81633),Ukraine,Goalkeeper,Goalkeeper,GK,1,1,0.0,0,0,0,0,0,0,0.0,3.0,51.1,51.2,0.16754871301419294,1.0,51.2
2477_karpaty_lviv_1990s_91542,2477_karpaty_lviv_1990s,2477,Karpaty Lviv,1990s,91542,Yuriy Voytovych (91542),Ukraine,Midfield - Central Midfield,Midfield,CM,1,1,0.0,0,0,0,0,0,0,0.0,3.0,51.1,51.2,0.16754871301419294,1.0,51.2
2477_karpaty_lviv_1990s_95210,2477_karpaty_lviv_1990s,2477,Karpaty Lviv,1990s,95210,Mykhaylo Gurka (95210),Ukraine,Defender,Defender,CB,1,1,0.0,0,0,0,0,0,0,0.0,3.0,51.1,51.2,0.16754871301419294,1.0,51.2
2477_karpaty_lviv_2000s_25563,2477_karpaty_lviv_2000s,2477,Karpaty Lviv,2000s,25563,William Batista (25563),Brazil,Attack - Centre-Forward,Attack,FW,3,3,22.0,5,0,0,15,1,3,657.0,136.5,95.0,88.7,0.9773875390906904,1.0,88.7
2477_karpaty_lviv_2000s_58042,2477_karpaty_lviv_2000s,2477,Karpaty Lviv,2000s,58042,Ihor Khudobiak (58042),Ukraine,Midfield - Central Midfield,Midfield,CM,4,4,14.0,13,0,0,10,0,0,3241.0,134.0,94.2,88.5,0.9761847486167909,1.0,88.5
2477_karpaty_lviv_2000s_58403,2477_karpaty_lviv_2000s,2477,Karpaty Lviv,2000s,58403,Denys Kozhanov (58403),Ukraine,Attack - Right Winger,Attack,RM,3,3,8.0,20,0,0,4,0,0,1121.0,129.0,92.5,88.1,0.9740197257637719,1.0,88.1
2477_karpaty_lviv_2000s_35352,2477_karpaty_lviv_2000s,2477,Karpaty Lviv,2000s,35352,Taras Kabanov (35352),Ukraine,Attack - Centre-Forward,Attack,FW,4,4,17.0,5,0,0,11,0,0,1560.0,117.0,88.6,87.2,0.9684868895838344,1.0,87.2
2477_karpaty_lviv_2000s_58046,2477_karpaty_lviv_2000s,2477,Karpaty Lviv,2000s,58046,Vasyl Kobin (58046),Ukraine,Defender - Right-Back,Defender,RB,3,3,9.0,16,0,0,16,0,0,2496.0,117.0,88.6,87.2,0.9684868895838344,1.0,87.2
2477_karpaty_lviv_2000s_26348,2477_karpaty_lviv_2000s,2477,Karpaty Lviv,2000s,26348,Leonid Kovel (26348),Belarus,Attack - Centre-Forward,Attack,FW,2,2,12.0,2,0,0,5,0,0,391.0,74.0,74.4,82.8,0.93492903536204,1.0,82.8
2477_karpaty_lviv_2000s_59447,2477_karpaty_lviv_2000s,2477,Karpaty Lviv,2000s,59447,Andriy Tlumak (59447),Ukraine,Goalkeeper,Goalkeeper,GK,6,6,0.0,0,31,119,2,0,0,8538.0,64.5,71.3,81.7,0.9209766658648063,1.0,81.7
2477_karpaty_lviv_2000s_58008,2477_karpaty_lviv_2000s,2477,Karpaty Lviv,2000s,58008,Maksym Feshchuk (58008),Ukraine,Attack - Centre-Forward,Attack,FW,4,4,8.0,3,0,0,4,0,1,1086.0,64.0,71.1,81.6,0.9200144334856868,1.0,81.6
2477_karpaty_lviv_2000s_58142,2477_karpaty_lviv_2000s,2477,Karpaty Lviv,2000s,58142,Aleksey Suchkov (58142),Belarus,Midfield - Left Midfield,Midfield,LM,4,4,3.0,10,0,0,13,0,0,2041.0,64.0,71.1,81.6,0.9200144334856868,1.0,81.6
2477_karpaty_lviv_2000s_29731,2477_karpaty_lviv_2000s,2477,Karpaty Lviv,2000s,29731,Maciej Nalepa (29731),Poland,Goalkeeper,Goalkeeper,GK,5,5,0.0,0,25,89,3,0,0,6236.0,52.5,67.3,79.6,0.8947558335337984,1.0,79.6
2477_karpaty_lviv_2000s_58016,2477_karpaty_lviv_2000s,2477,Karpaty Lviv,2000s,58016,Oleh Holodyuk (58016),Ukraine,Midfield - Central Midfield,Midfield,CM,4,4,4.0,2,0,0,6,0,0,1311.0,39.0,62.9,76.0,0.8490497955256194,1.0,76.0
2477_karpaty_lviv_2000s_58020,2477_karpaty_lviv_2000s,2477,Karpaty Lviv,2000s,58020,Samson Godwin (58020),Nigeria  Ukraine,Midfield - Defensive Midfield,Midfield,CDM,7,7,1.0,4,0,0,27,1,0,2198.0,36.5,62.0,75.5,0.8363002165022853,1.0,75.5
2477_karpaty_lviv_2000s_58051,2477_karpaty_lviv_2000s,2477,Karpaty Lviv,2000s,58051,Mykhaylo Kopolovets (58051),Ukraine  Hungary,Attack - Left Winger,Attack,LM,3,3,1.0,4,0,0,11,0,0,1023.0,30.0,59.9,73.8,0.7954053403897041,1.0,73.8
2477_karpaty_lviv_2000s_58035,2477_karpaty_lviv_2000s,2477,Karpaty Lviv,2000s,58035,Mykola Ishchenko (58035),Ukraine,Defender - Centre-Back,Defender,CB,6,6,1.0,2,0,0,16,1,0,2115.0,29.5,59.7,73.7,0.7920375270627856,1.0,73.7
2477_karpaty_lviv_2000s_58150,2477_karpaty_lviv_2000s,2477,Karpaty Lviv,2000s,58150,Andriy Tkachuk (58150),Ukraine,Midfield - Defensive Midfield,Midfield,CDM,4,4,3.0,1,0,0,11,1,0,1499.0,29.5,59.7,73.7,0.7920375270627856,1.0,73.7
2477_karpaty_lviv_2000s_25618,2477_karpaty_lviv_2000s,2477,Karpaty Lviv,2000s,25618,Sergiy Pshenychnykh (25618),Ukraine,Defender - Centre-Back,Defender,CB,3,3,2.0,3,0,0,7,0,0,964.0,29.0,59.6,73.5,0.7883088765936974,1.0,73.5
2477_karpaty_lviv_2000s_58073,2477_karpaty_lviv_2000s,2477,Karpaty Lviv,2000s,58073,Yuriy Martyshchuk (58073),Ukraine,Goalkeeper,Goalkeeper,GK,4,4,0.0,0,9,23,1,0,0,1883.0,25.5,58.4,72.4,0.7599230214096704,1.0,72.4
2477_karpaty_lviv_2000s_175951,2477_karpaty_lviv_2000s,2477,Karpaty Lviv,2000s,175951,Volodymyr Sharan (175951),Ukraine,Midfield - Attacking Midfield,Midfield,AM,1,1,1.0,4,0,0,3,0,0,652.0,24.0,57.9,71.9,0.7468126052441665,1.0,71.9
2477_karpaty_lviv_2000s_133461,2477_karpaty_lviv_2000s,2477,Karpaty Lviv,2000s,133461,Oleg Tymchyshyn (133461),Ukraine,Defender,Defender,CB,5,5,0.0,2,0,0,13,0,0,0.0,23.0,57.6,71.5,0.7382727928794804,1.0,71.5
2477_karpaty_lviv_2000s_58002,2477_karpaty_lviv_2000s,2477,Karpaty Lviv,2000s,58002,Volodymyr Fedoriv (58002),Ukraine,Defender - Right-Back,Defender,RB,3,3,0.0,3,0,0,3,0,0,0.0,21.0,56.9,70.7,0.7179456338705797,1.0,70.7
2477_karpaty_lviv_2000s_58100,2477_karpaty_lviv_2000s,2477,Karpaty Lviv,2000s,58100,Taras Petrivskyi (58100),Ukraine,Defender - Right-Back,Defender,RB,4,4,2.0,0,0,0,11,0,0,1901.0,21.0,56.9,70.7,0.7179456338705797,1.0,70.7
2477_karpaty_lviv_2000s_27204,2477_karpaty_lviv_2000s,2477,Karpaty Lviv,2000s,27204,Vsevolod Romanenko (27204),Ukraine,Goalkeeper,Goalkeeper,GK,1,1,0.0,0,7,35,1,0,0,2610.0,13.5,54.5,66.7,0.610897281693529,1.0,66.7
2477_karpaty_lviv_2000s_48995,2477_karpaty_lviv_2000s,2477,Karpaty Lviv,2000s,48995,Pavel Kirilchik (48995),Belarus,Defender - Centre-Back,Defender,CB,1,1,2.0,0,0,0,3,0,0,808.0,13.0,54.3,66.3,0.600072167428434,1.0,66.3
2477_karpaty_lviv_2000s_58072,2477_karpaty_lviv_2000s,2477,Karpaty Lviv,2000s,58072,Yaroslav Martynyuk (58072),Ukraine,Midfield - Central Midfield,Midfield,CM,4,4,0.0,0,0,0,1,0,0,0.0,12.0,54.0,65.5,0.5752946836661054,1.0,65.5
2477_karpaty_lviv_2000s_58103,2477_karpaty_lviv_2000s,2477,Karpaty Lviv,2000s,58103,Ruslan Platon (58103),Ukraine  Russia,Attack - Centre-Forward,Attack,FW,4,4,0.0,0,0,0,1,0,0,0.0,12.0,54.0,65.5,0.5752946836661054,1.0,65.5
2477_karpaty_lviv_2000s_91548,2477_karpaty_lviv_2000s,2477,Karpaty Lviv,2000s,91548,Yuriy Kudinov (91548),Ukraine,Attack - Centre-Forward,Attack,FW,1,1,1.0,1,0,0,0,0,0,485.0,12.0,54.0,65.5,0.5752946836661054,1.0,65.5
2477_karpaty_lviv_2000s_46706,2477_karpaty_lviv_2000s,2477,Karpaty Lviv,2000s,46706,Nemanja Tubic (46706),Serbia,Defender - Centre-Back,Defender,CB,2,2,1.0,0,0,0,9,0,0,2070.0,11.0,53.6,64.6,0.5475102237190281,1.0,64.6
2477_karpaty_lviv_2000s_59886,2477_karpaty_lviv_2000s,2477,Karpaty Lviv,2000s,59886,Andriy Raspopov (59886),Ukraine  Belarus,Defender - Centre-Back,Defender,CB,2,2,1.0,0,0,0,6,0,0,1170.0,11.0,53.6,64.6,0.5475102237190281,1.0,64.6
2477_karpaty_lviv_2000s_60749,2477_karpaty_lviv_2000s,2477,Karpaty Lviv,2000s,60749,Dusan Simic (60749),Serbia,Midfield - Defensive Midfield,Midfield,CDM,2,2,1.0,0,0,0,1,0,0,389.0,11.0,53.6,64.6,0.5475102237190281,1.0,64.6
2477_karpaty_lviv_2000s_85972,2477_karpaty_lviv_2000s,2477,Karpaty Lviv,2000s,85972,Yuriy Furta (85972),Ukraine,Attack - Centre-Forward,Attack,FW,2,2,1.0,0,0,0,1,0,0,78.0,11.0,53.6,64.6,0.5475102237190281,1.0,64.6
2477_karpaty_lviv_2000s_58170,2477_karpaty_lviv_2000s,2477,Karpaty Lviv,2000s,58170,Oleg Zhenyukh (58170),Ukraine,Midfield - Central Midfield,Midfield,CM,3,3,0.0,0,0,0,3,0,0,0.0,9.0,53.0,62.9,0.49735386095742123,1.0,62.9
2477_karpaty_lviv_2000s_145909,2477_karpaty_lviv_2000s,2477,Karpaty Lviv,2000s,145909,Andriy Dragolyuk (145909),Ukraine,Attack - Second Striker,Attack,FW,1,1,1.0,0,0,0,0,0,0,345.0,8.0,52.6,61.9,0.46572047149386575,1.0,61.9
2477_karpaty_lviv_2000s_28924,2477_karpaty_lviv_2000s,2477,Karpaty Lviv,2000s,28924,Oleksiy Ivanov (28924),Ukraine,Midfield - Attacking Midfield,Midfield,AM,1,1,0.0,1,0,0,2,0,0,0.0,7.0,52.3,60.4,0.42097666586480637,1.0,60.4
2477_karpaty_lviv_2000s_46743,2477_karpaty_lviv_2000s,2477,Karpaty Lviv,2000s,46743,Alexandru Golban (46743),Moldova  Romania,Attack - Centre-Forward,Attack,FW,2,2,0.0,0,0,0,0,0,0,0.0,6.0,52.0,58.6,0.36901611739235024,1.0,58.6
2477_karpaty_lviv_2000s_95210,2477_karpaty_lviv_2000s,2477,Karpaty Lviv,2000s,95210,Mykhaylo Gurka (95210),Ukraine,Defender,Defender,CB,2,2,0.0,0,0,0,5,0,0,0.0,6.0,52.0,58.6,0.36901611739235024,1.0,58.6
2477_karpaty_lviv_2000s_58058,2477_karpaty_lviv_2000s,2477,Karpaty Lviv,2000s,58058,Mykola Lapko (58058),Ukraine,Defender,Defender,CB,2,2,0.0,0,0,0,5,1,0,0.0,4.5,51.5,57.1,0.3246331489054607,1.0,57.1
2477_karpaty_lviv_2000s_2138,2477_karpaty_lviv_2000s,2477,Karpaty Lviv,2000s,2138,Mladen Kascelan (2138),Montenegro,Midfield - Defensive Midfield,Midfield,CDM,1,1,0.0,0,0,0,2,0,0,0.0,3.0,51.0,51.2,0.16754871301419294,1.0,51.2
2477_karpaty_lviv_2000s_58079,2477_karpaty_lviv_2000s,2477,Karpaty Lviv,2000s,58079,Ivan Pitsan (58079),Ukraine,Goalkeeper,Goalkeeper,GK,1,1,0.0,0,0,0,0,0,0,0.0,3.0,51.0,51.2,0.16754871301419294,1.0,51.2
2477_karpaty_lviv_2000s_58145,2477_karpaty_lviv_2000s,2477,Karpaty Lviv,2000s,58145,Yaroslav Svorak (58145),Ukraine,Midfield - Right Midfield,Midfield,RM,1,1,0.0,0,0,0,0,0,0,0.0,3.0,51.0,51.2,0.16754871301419294,1.0,51.2
2477_karpaty_lviv_2000s_59269,2477_karpaty_lviv_2000s,2477,Karpaty Lviv,2000s,59269,Lucky Idahor (59269),Nigeria,Attack - Centre-Forward,Attack,FW,1,1,0.0,0,0,0,0,0,0,0.0,3.0,51.0,51.2,0.16754871301419294,1.0,51.2
2477_karpaty_lviv_2000s_72899,2477_karpaty_lviv_2000s,2477,Karpaty Lviv,2000s,72899,Oleksandr Sytnyk (72899),Ukraine,Midfield - Right Midfield,Midfield,RM,1,1,0.0,0,0,0,0,0,0,0.0,3.0,51.0,51.2,0.16754871301419294,1.0,51.2
2477_karpaty_lviv_2000s_82620,2477_karpaty_lviv_2000s,2477,Karpaty Lviv,2000s,82620,Vadym Panas (82620),Ukraine,Midfield - Attacking Midfield,Midfield,AM,1,1,0.0,0,0,0,0,0,0,0.0,3.0,51.0,51.2,0.16754871301419294,1.0,51.2
2477_karpaty_lviv_2000s_91474,2477_karpaty_lviv_2000s,2477,Karpaty Lviv,2000s,91474,Pavlo Onysko (91474),Ukraine,Attack - Centre-Forward,Attack,FW,1,1,0.0,0,0,0,0,0,0,0.0,3.0,51.0,51.2,0.16754871301419294,1.0,51.2
2477_karpaty_lviv_2000s_107626,2477_karpaty_lviv_2000s,2477,Karpaty Lviv,2000s,107626,Volodymyr Lakomskyi (107626),Ukraine,Midfield,Midfield,CM,1,1,0.0,0,0,0,0,0,0,0.0,3.0,51.0,51.2,0.16754871301419294,1.0,51.2
2477_karpaty_lviv_2000s_117481,2477_karpaty_lviv_2000s,2477,Karpaty Lviv,2000s,117481,Roman Mysak (117481),Ukraine,Goalkeeper,Goalkeeper,GK,1,1,0.0,0,0,0,0,0,0,0.0,3.0,51.0,51.2,0.16754871301419294,1.0,51.2
2477_karpaty_lviv_2000s_121002,2477_karpaty_lviv_2000s,2477,Karpaty Lviv,2000s,121002,Artur Grytsenko (121002),Ukraine,Defender - Centre-Back,Defender,CB,1,1,0.0,0,0,0,0,0,0,0.0,3.0,51.0,51.2,0.16754871301419294,1.0,51.2
2477_karpaty_lviv_2000s_169744,2477_karpaty_lviv_2000s,2477,Karpaty Lviv,2000s,169744,Volodymyr Bobylev (169744),Ukraine,Midfield,Midfield,CM,1,1,0.0,0,0,0,0,0,0,0.0,3.0,51.0,51.2,0.16754871301419294,1.0,51.2
2477_karpaty_lviv_2000s_858000,2477_karpaty_lviv_2000s,2477,Karpaty Lviv,2000s,858000,Vitaliy Sakhno (858000),Ukraine,Midfield,Midfield,CM,1,1,0.0,0,0,0,1,0,0,0.0,3.0,51.0,51.2,0.16754871301419294,1.0,51.2
2477_karpaty_lviv_2000s_943654,2477_karpaty_lviv_2000s,2477,Karpaty Lviv,2000s,943654,Roman Zub (943654),Ukraine,Midfield - Defensive Midfield,Midfield,CDM,1,1,0.0,0,0,0,0,0,0,0.0,3.0,51.0,51.2,0.16754871301419294,1.0,51.2
2477_karpaty_lviv_2000s_58251,2477_karpaty_lviv_2000s,2477,Karpaty Lviv,2000s,58251,Yevgeniy Shmakov (58251),Ukraine,Midfield - Defensive Midfield,Midfield,CDM,1,1,0.0,0,0,0,4,0,0,0.0,1.0,50.3,45.1,0.0039692085638681745,1.0,45.1
2477_karpaty_lviv_2010s_58042,2477_karpaty_lviv_2010s,2477,Karpaty Lviv,2010s,58042,Ihor Khudobiak (58042),Ukraine,Midfield - Central Midfield,Midfield,CM,7,7,19.0,20,0,0,20,1,0,4609.0,193.5,95.0,91.7,0.989174885734905,1.0,91.7
2477_karpaty_lviv_2010s_53270,2477_karpaty_lviv_2010s,2477,Karpaty Lviv,2010s,53270,Oleksandr Gladkyi (53270),Ukraine,Attack - Centre-Forward,Attack,FW,5,5,23.0,9,0,0,13,0,3,1654.0,166.0,88.6,90.1,0.9853259562184268,1.0,90.1
2477_karpaty_lviv_2010s_359247,2477_karpaty_lviv_2010s,2477,Karpaty Lviv,2010s,359247,Maryan Shved (359247),Ukraine,Attack - Right Winger,Attack,RM,4,6,22.0,7,0,0,3,0,3,1180.0,149.0,84.7,89.3,0.9809959105123888,1.0,89.3
2477_karpaty_lviv_2010s_73185,2477_karpaty_lviv_2010s,2477,Karpaty Lviv,2010s,73185,Lucas Pérez (73185),Spain,Attack - Centre-Forward,Attack,FW,3,3,14.0,8,0,0,14,0,1,519.0,111.0,75.8,86.6,0.9648785181621361,1.0,86.6
2477_karpaty_lviv_2010s_296366,2477_karpaty_lviv_2010s,2477,Karpaty Lviv,2010s,296366,Oleksiy Gutsulyak (296366),Ukraine,Attack - Right Winger,Attack,RM,6,8,12.0,7,0,0,15,0,1,2112.0,106.0,74.7,86.1,0.9624729372143372,1.0,86.1
2477_karpaty_lviv_2010s_58016,2477_karpaty_lviv_2010s,2477,Karpaty Lviv,2010s,58016,Oleh Holodyuk (58016),Ukraine,Midfield - Central Midfield,Midfield,CM,9,10,10.0,7,0,0,41,1,0,6863.0,102.5,73.8,85.6,0.9595862400769786,1.0,85.6
2477_karpaty_lviv_2010s_57888,2477_karpaty_lviv_2010s,2477,Karpaty Lviv,2010s,57888,Pavlo Ksyonz (57888),Ukraine,Defender - Right-Back,Defender,RB,7,7,6.0,12,0,0,19,0,1,1289.0,98.0,72.8,85.2,0.9568198219870099,1.0,85.2
2477_karpaty_lviv_2010s_58403,2477_karpaty_lviv_2010s,2477,Karpaty Lviv,2010s,58403,Denys Kozhanov (58403),Ukraine,Attack - Right Winger,Attack,RM,3,3,11.0,8,0,0,8,0,1,1636.0,96.0,72.3,84.8,0.9545345200866009,1.0,84.8
2477_karpaty_lviv_2010s_193158,2477_karpaty_lviv_2010s,2477,Karpaty Lviv,2010s,193158,Sergiy Myakushko (193158),Ukraine,Attack - Left Winger,Attack,LM,2,4,13.0,6,0,0,5,0,3,1458.0,95.0,72.1,84.7,0.9539331248496512,1.0,84.7
2477_karpaty_lviv_2010s_181006,2477_karpaty_lviv_2010s,2477,Karpaty Lviv,2010s,181006,Gustavo Blanco Leschuk (181006),Argentina  Ukraine,Attack - Centre-Forward,Attack,FW,2,2,9.0,4,0,0,5,0,0,603.0,67.0,65.6,82.0,0.9253067115708443,1.0,82.0
2477_karpaty_lviv_2010s_58051,2477_karpaty_lviv_2010s,2477,Karpaty Lviv,2010s,58051,Mykhaylo Kopolovets (58051),Ukraine  Hungary,Attack - Left Winger,Attack,LM,4,4,5.0,6,0,0,17,0,0,2104.0,59.0,63.7,80.7,0.9090690401732018,1.0,80.7
2477_karpaty_lviv_2010s_198005,2477_karpaty_lviv_2010s,2477,Karpaty Lviv,2010s,198005,Cristian Ponde (198005),Portugal  Romania,Attack - Right Winger,Attack,RM,2,3,7.0,4,0,0,9,0,1,1149.0,57.0,63.3,80.4,0.9043781573249939,1.0,80.4
2477_karpaty_lviv_2010s_212232,2477_karpaty_lviv_2010s,2477,Karpaty Lviv,2010s,212232,Ambrosiy Chachua (212232),Ukraine  Georgia,Midfield - Attacking Midfield,Midfield,AM,5,6,7.0,2,0,0,13,0,0,1642.0,57.0,63.3,80.4,0.9043781573249939,1.0,80.4
2477_karpaty_lviv_2010s_28179,2477_karpaty_lviv_2010s,2477,Karpaty Lviv,2010s,28179,Mladen Bartulovic (28179),Croatia,Midfield - Left Midfield,Midfield,LM,1,1,7.0,5,0,0,9,1,3,267.0,56.5,63.1,80.2,0.9029348087563146,1.0,80.2
2477_karpaty_lviv_2010s_354145,2477_karpaty_lviv_2010s,2477,Karpaty Lviv,2010s,354145,Jorge Carrascal (354145),Colombia,Midfield - Attacking Midfield,Midfield,AM,2,3,6.0,5,0,0,15,0,1,576.0,56.0,63.0,80.1,0.9016117392350252,1.0,80.1
2477_karpaty_lviv_2010s_244262,2477_karpaty_lviv_2010s,2477,Karpaty Lviv,2010s,244262,Denys Miroshnichenko (244262),Ukraine,Defender - Right-Back,Defender,RB,6,8,3.0,4,0,0,19,0,0,3655.0,48.0,61.2,78.5,0.8812845802261247,1.0,78.5
2477_karpaty_lviv_2010s_117481,2477_karpaty_lviv_2010s,2477,Karpaty Lviv,2010s,117481,Roman Mysak (117481),Ukraine,Goalkeeper,Goalkeeper,GK,7,8,0.0,0,16,92,4,0,0,5480.0,45.0,60.5,77.7,0.8707000240558095,1.0,77.7
2477_karpaty_lviv_2010s_274058,2477_karpaty_lviv_2010s,2477,Karpaty Lviv,2010s,274058,Francisco Di Franco (274058),Argentina  Italy,Midfield - Attacking Midfield,Midfield,AM,3,5,4.0,4,0,0,24,0,0,2612.0,45.0,60.5,77.7,0.8707000240558095,1.0,77.7
2477_karpaty_lviv_2010s_282280,2477_karpaty_lviv_2010s,2477,Karpaty Lviv,2010s,282280,Vadym Strashkevych (282280),Ukraine,Midfield - Attacking Midfield,Midfield,AM,4,4,4.0,3,0,0,7,0,0,499.0,44.0,60.2,77.3,0.8663699783497715,1.0,77.3
2477_karpaty_lviv_2010s_58072,2477_karpaty_lviv_2010s,2477,Karpaty Lviv,2010s,58072,Yaroslav Martynyuk (58072),Ukraine,Midfield - Central Midfield,Midfield,CM,5,5,0.0,7,0,0,12,0,0,0.0,43.0,60.0,77.0,0.8626413278806832,1.0,77.0
2477_karpaty_lviv_2010s_25563,2477_karpaty_lviv_2010s,2477,Karpaty Lviv,2010s,25563,William Batista (25563),Brazil,Attack - Centre-Forward,Attack,FW,2,2,5.0,3,0,0,7,1,0,683.0,41.5,59.7,76.6,0.8575896078903055,1.0,76.6
2477_karpaty_lviv_2010s_278917,2477_karpaty_lviv_2010s,2477,Karpaty Lviv,2010s,278917,Roman Pidkivka (278917),Ukraine,Goalkeeper,Goalkeeper,GK,6,6,0.0,0,15,82,6,0,0,5130.0,40.5,59.4,76.3,0.8542217945633871,1.0,76.3
2477_karpaty_lviv_2010s_30732,2477_karpaty_lviv_2010s,2477,Karpaty Lviv,2010s,30732,Levan Kenia (30732),Georgia,Midfield - Attacking Midfield,Midfield,AM,1,1,3.0,5,0,0,4,0,0,467.0,38.0,58.8,75.8,0.8444791917248016,1.0,75.8
2477_karpaty_lviv_2010s_109314,2477_karpaty_lviv_2010s,2477,Karpaty Lviv,2010s,109314,Andriy Nesterov (109314),Ukraine,Defender - Centre-Back,Defender,CB,3,4,5.0,0,0,0,16,0,0,1734.0,34.0,57.9,74.8,0.8201828241520327,1.0,74.8
2477_karpaty_lviv_2010s_430190,2477_karpaty_lviv_2010s,2477,Karpaty Lviv,2010s,430190,Yegor Nazaryna (430190),Ukraine,Midfield - Central Midfield,Midfield,CM,1,2,5.0,1,0,0,5,0,2,249.0,32.0,57.4,74.3,0.8081549194130383,1.0,74.3
2477_karpaty_lviv_2010s_58946,2477_karpaty_lviv_2010s,2477,Karpaty Lviv,2010s,58946,Artur Karnoza (58946),Ukraine,Midfield - Attacking Midfield,Midfield,AM,2,2,5.0,0,0,0,5,0,1,909.0,31.0,57.2,74.0,0.8010584556170315,1.0,74.0
2477_karpaty_lviv_2010s_97335,2477_karpaty_lviv_2010s,2477,Karpaty Lviv,2010s,97335,Igor Plastun (97335),Ukraine  Bulgaria,Defender - Centre-Back,Defender,CB,4,4,4.0,0,0,0,17,0,0,5296.0,29.0,56.7,73.5,0.7883088765936974,1.0,73.5
2477_karpaty_lviv_2010s_58020,2477_karpaty_lviv_2010s,2477,Karpaty Lviv,2010s,58020,Samson Godwin (58020),Nigeria  Ukraine,Midfield - Defensive Midfield,Midfield,CDM,3,3,1.0,2,0,0,10,0,0,1904.0,22.0,55.1,71.1,0.7276882367091653,1.0,71.1
2477_karpaty_lviv_2010s_58150,2477_karpaty_lviv_2010s,2477,Karpaty Lviv,2010s,58150,Andriy Tkachuk (58150),Ukraine,Midfield - Defensive Midfield,Midfield,CDM,4,4,2.0,0,0,0,20,0,2,849.0,22.0,55.1,71.1,0.7276882367091653,1.0,71.1
2477_karpaty_lviv_2010s_43938,2477_karpaty_lviv_2010s,2477,Karpaty Lviv,2010s,43938,Răzvan Cociș (43938),Romania,Midfield - Central Midfield,Midfield,CM,1,1,2.0,2,0,0,3,0,0,421.0,21.0,54.9,70.7,0.7179456338705797,1.0,70.7
2477_karpaty_lviv_2010s_245048,2477_karpaty_lviv_2010s,2477,Karpaty Lviv,2010s,245048,Vasyl Kravets (245048),Ukraine,Defender - Left-Back,Defender,LB,3,3,0.0,3,0,0,11,0,0,0.0,21.0,54.9,70.7,0.7179456338705797,1.0,70.7
2477_karpaty_lviv_2010s_213984,2477_karpaty_lviv_2010s,2477,Karpaty Lviv,2010s,213984,Taras Zaviyskyi (213984),Ukraine,Midfield - Right Midfield,Midfield,RM,5,5,1.0,0,0,0,1,0,0,343.0,20.0,54.7,70.2,0.7051960548472456,1.0,70.2
2477_karpaty_lviv_2010s_262182,2477_karpaty_lviv_2010s,2477,Karpaty Lviv,2010s,262182,Roman Debelko (262182),Ukraine,Attack - Centre-Forward,Attack,FW,2,3,2.0,1,0,0,2,0,1,465.0,20.0,54.7,70.2,0.7051960548472456,1.0,70.2
2477_karpaty_lviv_2010s_398808,2477_karpaty_lviv_2010s,2477,Karpaty Lviv,2010s,398808,Martin Hongla (398808),Cameroon,Midfield - Defensive Midfield,Midfield,CDM,1,2,2.0,2,0,0,1,0,0,450.0,20.0,54.7,70.2,0.7051960548472456,1.0,70.2
2477_karpaty_lviv_2010s_140748,2477_karpaty_lviv_2010s,2477,Karpaty Lviv,2010s,140748,Danilo Avelar (140748),Brazil  Italy,Defender - Left-Back,Defender,LB,2,2,2.0,1,0,0,2,0,0,186.0,19.0,54.4,69.6,0.6904017320182824,1.0,69.6
2477_karpaty_lviv_2010s_448783,2477_karpaty_lviv_2010s,2477,Karpaty Lviv,2010s,448783,Maksym Grysyo (448783),Ukraine,Defender - Right-Back,Defender,RB,3,3,2.0,0,0,0,4,0,0,474.0,19.0,54.4,69.6,0.6904017320182824,1.0,69.6
2477_karpaty_lviv_2010s_176413,2477_karpaty_lviv_2010s,2477,Karpaty Lviv,2010s,176413,Taras Puchkovskyi (176413),Ukraine,Attack - Centre-Forward,Attack,FW,4,4,1.0,0,0,0,0,0,0,295.0,17.0,54.0,68.6,0.6645417368294443,1.0,68.6
2477_karpaty_lviv_2010s_59447,2477_karpaty_lviv_2010s,2477,Karpaty Lviv,2010s,59447,Andriy Tlumak (59447),Ukraine,Goalkeeper,Goalkeeper,GK,2,2,0.0,0,7,49,2,0,0,2970.0,16.5,53.8,68.2,0.6557613663699784,1.0,68.2
2477_karpaty_lviv_2010s_82599,2477_karpaty_lviv_2010s,2477,Karpaty Lviv,2010s,82599,Valeriy Fedorchuk (82599),Ukraine,Midfield - Central Midfield,Midfield,CM,1,1,2.0,1,0,0,7,1,0,1060.0,15.5,53.6,67.6,0.6383209044984364,1.0,67.6
2477_karpaty_lviv_2010s_118283,2477_karpaty_lviv_2010s,2477,Karpaty Lviv,2010s,118283,Cristian Erbes (118283),Argentina,Midfield - Defensive Midfield,Midfield,CDM,2,3,1.0,1,0,0,10,0,0,1115.0,15.0,53.5,67.4,0.6314649987972095,1.0,67.4
2477_karpaty_lviv_2010s_120966,2477_karpaty_lviv_2010s,2477,Karpaty Lviv,2010s,120966,Oleksandr Ilyushchenkov (120966),Ukraine,Goalkeeper,Goalkeeper,GK,4,4,0.0,0,2,35,1,0,0,1890.0,15.0,53.5,67.4,0.6314649987972095,1.0,67.4
2477_karpaty_lviv_2010s_61464,2477_karpaty_lviv_2010s,2477,Karpaty Lviv,2010s,61464,Karim Yoda (61464),France  Cote d'Ivoire,Attack - Right Winger,Attack,RM,1,2,1.0,2,0,0,1,1,1,456.0,14.5,53.4,67.2,0.6248496511907625,1.0,67.2
2477_karpaty_lviv_2010s_59024,2477_karpaty_lviv_2010s,2477,Karpaty Lviv,2010s,59024,Yevgen Borovyk (59024),Ukraine,Goalkeeper,Goalkeeper,GK,1,1,0.0,0,7,12,0,0,0,1260.0,13.5,53.1,66.7,0.610897281693529,1.0,66.7
2477_karpaty_lviv_2010s_192897,2477_karpaty_lviv_2010s,2477,Karpaty Lviv,2010s,192897,Adi Mehremic (192897),Bosnia-Herzegovina,Defender - Centre-Back,Defender,CB,1,2,1.0,2,0,0,8,0,0,1529.0,13.0,53.0,66.3,0.600072167428434,1.0,66.3
2477_karpaty_lviv_2010s_524964,2477_karpaty_lviv_2010s,2477,Karpaty Lviv,2010s,524964,Orest Lebedenko (524964),Ukraine,Defender - Left-Back,Defender,LB,2,3,1.0,1,0,0,5,0,0,184.0,13.0,53.0,66.3,0.600072167428434,1.0,66.3
2477_karpaty_lviv_2010s_226102,2477_karpaty_lviv_2010s,2477,Karpaty Lviv,2010s,226102,Frane Vojkovic (226102),Croatia,Midfield - Defensive Midfield,Midfield,CDM,1,1,1.0,1,0,0,2,0,0,396.0,12.0,52.8,65.5,0.5752946836661054,1.0,65.5
2477_karpaty_lviv_2010s_269351,2477_karpaty_lviv_2010s,2477,Karpaty Lviv,2010s,269351,Maksym Kuchynskyi (269351),Ukraine,Goalkeeper,Goalkeeper,GK,1,2,0.0,0,6,37,2,0,0,1980.0,12.0,52.8,65.5,0.5752946836661054,1.0,65.5
2477_karpaty_lviv_2010s_289059,2477_karpaty_lviv_2010s,2477,Karpaty Lviv,2010s,289059,Mykola Matvienko (289059),Ukraine,Defender - Centre-Back,Defender,CB,1,1,1.0,1,0,0,1,0,0,1247.0,12.0,52.8,65.5,0.5752946836661054,1.0,65.5
2477_karpaty_lviv_2010s_289060,2477_karpaty_lviv_2010s,2477,Karpaty Lviv,2010s,289060,Oleg Mozil (289060),Ukraine,Goalkeeper,Goalkeeper,GK,4,4,0.0,0,0,0,0,0,0,0.0,12.0,52.8,65.5,0.5752946836661054,1.0,65.5
2477_karpaty_lviv_2010s_313504,2477_karpaty_lviv_2010s,2477,Karpaty Lviv,2010s,313504,Marvin Martins (313504),Luxembourg  Cape Verde,Defender - Centre-Back,Defender,CB,1,2,1.0,1,0,0,4,0,0,1873.0,12.0,52.8,65.5,0.5752946836661054,1.0,65.5
2477_karpaty_lviv_2010s_58961,2477_karpaty_lviv_2010s,2477,Karpaty Lviv,2010s,58961,Pavlo Pashayev (58961),Azerbaijan  Ukraine,Defender - Right-Back,Defender,RB,1,1,0.0,2,0,0,5,0,0,0.0,11.0,52.6,64.6,0.5475102237190281,1.0,64.6
2477_karpaty_lviv_2010s_528423,2477_karpaty_lviv_2010s,2477,Karpaty Lviv,2010s,528423,Catriel Sánchez (528423),Argentina,Attack - Centre-Forward,Attack,FW,2,2,1.0,0,0,0,1,0,0,136.0,11.0,52.6,64.6,0.5475102237190281,1.0,64.6
2477_karpaty_lviv_2010s_533537,2477_karpaty_lviv_2010s,2477,Karpaty Lviv,2010s,533537,Rostyslav Lyakh (533537),Ukraine,Defender - Left-Back,Defender,LB,2,3,0.0,1,0,0,0,0,0,0.0,10.0,52.3,63.6,0.5188838104402214,1.0,63.6
2477_karpaty_lviv_2010s_497221,2477_karpaty_lviv_2010s,2477,Karpaty Lviv,2010s,497221,Andriy Remenyuk (497221),Ukraine,Attack - Left Winger,Attack,LM,3,4,0.0,0,0,0,0,0,0,0.0,9.0,52.1,62.9,0.49735386095742123,1.0,62.9
2477_karpaty_lviv_2010s_524965,2477_karpaty_lviv_2010s,2477,Karpaty Lviv,2010s,524965,Andriy Busko (524965),Ukraine,Defender - Centre-Back,Defender,CB,3,4,0.0,0,0,0,0,0,0,0.0,9.0,52.1,62.9,0.49735386095742123,1.0,62.9
2477_karpaty_lviv_2010s_45577,2477_karpaty_lviv_2010s,2477,Karpaty Lviv,2010s,45577,Sebastián Ribas (45577),Uruguay  Italy,Attack - Centre-Forward,Attack,FW,1,1,1.0,0,0,0,1,0,0,301.0,8.0,51.9,61.9,0.46572047149386575,1.0,61.9
2477_karpaty_lviv_2010s_54816,2477_karpaty_lviv_2010s,2477,Karpaty Lviv,2010s,54816,Dmytro Lyopa (54816),Ukraine,Midfield - Attacking Midfield,Midfield,AM,1,1,1.0,0,0,0,6,0,0,753.0,8.0,51.9,61.9,0.46572047149386575,1.0,61.9
2477_karpaty_lviv_2010s_72281,2477_karpaty_lviv_2010s,2477,Karpaty Lviv,2010s,72281,Cristóbal Márquez (72281),Spain,Midfield - Central Midfield,Midfield,CM,1,1,1.0,0,0,0,0,0,0,285.0,8.0,51.9,61.9,0.46572047149386575,1.0,61.9
2477_karpaty_lviv_2010s_363063,2477_karpaty_lviv_2010s,2477,Karpaty Lviv,2010s,363063,Oleksiy Kovtun (363063),Ukraine,Defender - Centre-Back,Defender,CB,2,3,0.0,1,0,0,6,0,0,0.0,8.0,51.9,61.9,0.46572047149386575,1.0,61.9
2477_karpaty_lviv_2010s_396530,2477_karpaty_lviv_2010s,2477,Karpaty Lviv,2010s,396530,Artem Kozak (396530),Ukraine,Midfield - Right Midfield,Midfield,RM,1,2,1.0,0,0,0,2,0,0,245.0,8.0,51.9,61.9,0.46572047149386575,1.0,61.9
2477_karpaty_lviv_2010s_427100,2477_karpaty_lviv_2010s,2477,Karpaty Lviv,2010s,427100,Matar Dieye (427100),Senegal,Attack - Centre-Forward,Attack,FW,1,1,1.0,0,0,0,2,0,0,263.0,8.0,51.9,61.9,0.46572047149386575,1.0,61.9
2477_karpaty_lviv_2010s_136537,2477_karpaty_lviv_2010s,2477,Karpaty Lviv,2010s,136537,Oleksiy Shevchenko (136537),Ukraine,Goalkeeper,Goalkeeper,GK,1,2,0.0,0,3,10,2,0,0,900.0,7.5,51.7,61.1,0.44274717344238634,1.0,61.1
2477_karpaty_lviv_2010s_49030,2477_karpaty_lviv_2010s,2477,Karpaty Lviv,2010s,49030,Denys Vasin (49030),Ukraine,Attack - Right Winger,Attack,RM,1,1,0.0,1,0,0,4,0,0,0.0,7.0,51.6,60.4,0.42097666586480637,1.0,60.4
2477_karpaty_lviv_2010s_95707,2477_karpaty_lviv_2010s,2477,Karpaty Lviv,2010s,95707,Volodymyr Tanchyk (95707),Ukraine,Midfield - Right Midfield,Midfield,RM,1,1,0.0,1,0,0,0,0,0,0.0,7.0,51.6,60.4,0.42097666586480637,1.0,60.4
2477_karpaty_lviv_2010s_620368,2477_karpaty_lviv_2010s,2477,Karpaty Lviv,2010s,620368,Ostap Prytula (620368),Ukraine,Midfield - Attacking Midfield,Midfield,AM,1,2,0.0,1,0,0,1,0,0,0.0,7.0,51.6,60.4,0.42097666586480637,1.0,60.4
2477_karpaty_lviv_2010s_58100,2477_karpaty_lviv_2010s,2477,Karpaty Lviv,2010s,58100,Taras Petrivskyi (58100),Ukraine,Defender - Right-Back,Defender,RB,2,2,0.0,0,0,0,3,0,0,0.0,6.0,51.4,58.6,0.36901611739235024,1.0,58.6
2477_karpaty_lviv_2010s_65060,2477_karpaty_lviv_2010s,2477,Karpaty Lviv,2010s,65060,Borja Gómez (65060),Spain,Defender - Centre-Back,Defender,CB,2,2,0.0,0,0,0,4,0,0,0.0,6.0,51.4,58.6,0.36901611739235024,1.0,58.6
2477_karpaty_lviv_2010s_315236,2477_karpaty_lviv_2010s,2477,Karpaty Lviv,2010s,315236,Gennadiy Pasich (315236),Ukraine,Midfield - Left Midfield,Midfield,LM,1,2,0.0,1,0,0,2,0,0,0.0,6.0,51.4,58.6,0.36901611739235024,1.0,58.6
2477_karpaty_lviv_2010s_341485,2477_karpaty_lviv_2010s,2477,Karpaty Lviv,2010s,341485,Oleg Kudryk (341485),Ukraine,Goalkeeper,Goalkeeper,GK,1,2,0.0,0,2,15,1,0,0,957.0,6.0,51.4,58.6,0.36901611739235024,1.0,58.6
2477_karpaty_lviv_2010s_419117,2477_karpaty_lviv_2010s,2477,Karpaty Lviv,2010s,419117,Petro Kharzhevskyi (419117),Ukraine,Defender - Right-Back,Defender,RB,2,3,0.0,0,0,0,0,0,0,0.0,6.0,51.4,58.6,0.36901611739235024,1.0,58.6
2477_karpaty_lviv_2010s_628569,2477_karpaty_lviv_2010s,2477,Karpaty Lviv,2010s,628569,Roman Tolochko (628569),Ukraine,Midfield - Central Midfield,Midfield,CM,2,3,0.0,0,0,0,1,0,0,0.0,6.0,51.4,58.6,0.36901611739235024,1.0,58.6
2477_karpaty_lviv_2010s_46706,2477_karpaty_lviv_2010s,2477,Karpaty Lviv,2010s,46706,Nemanja Tubic (46706),Serbia,Defender - Centre-Back,Defender,CB,1,1,0.0,1,0,0,2,0,0,0.0,5.0,51.2,57.4,0.33317296127014673,1.0,57.4
2477_karpaty_lviv_2010s_80312,2477_karpaty_lviv_2010s,2477,Karpaty Lviv,2010s,80312,Mykyta Shevchenko (80312),Ukraine,Goalkeeper,Goalkeeper,GK,1,1,0.0,0,1,10,1,0,0,720.0,4.5,51.0,57.1,0.3246331489054607,1.0,57.1
2477_karpaty_lviv_2010s_24026,2477_karpaty_lviv_2010s,2477,Karpaty Lviv,2010s,24026,Kostyantyn Kravchenko (24026),Ukraine,Midfield - Attacking Midfield,Midfield,AM,1,1,0.0,0,0,0,1,0,0,0.0,3.0,50.7,51.2,0.16754871301419294,1.0,51.2
2477_karpaty_lviv_2010s_26348,2477_karpaty_lviv_2010s,2477,Karpaty Lviv,2010s,26348,Leonid Kovel (26348),Belarus,Attack - Centre-Forward,Attack,FW,1,1,0.0,0,0,0,0,0,0,0.0,3.0,50.7,51.2,0.16754871301419294,1.0,51.2
2477_karpaty_lviv_2010s_27239,2477_karpaty_lviv_2010s,2477,Karpaty Lviv,2010s,27239,Simon Vukcevic (27239),Montenegro,Attack - Right Winger,Attack,RM,1,1,0.0,0,0,0,0,0,0,0.0,3.0,50.7,51.2,0.16754871301419294,1.0,51.2
2477_karpaty_lviv_2010s_35871,2477_karpaty_lviv_2010s,2477,Karpaty Lviv,2010s,35871,Fernando Tissone (35871),Argentina  Italy,Midfield - Defensive Midfield,Midfield,CDM,1,1,0.0,0,0,0,3,0,0,0.0,3.0,50.7,51.2,0.16754871301419294,1.0,51.2
2477_karpaty_lviv_2010s_44357,2477_karpaty_lviv_2010s,2477,Karpaty Lviv,2010s,44357,Oleksandr Kucher (44357),Ukraine,Defender - Centre-Back,Defender,CB,1,1,0.0,0,0,0,1,0,0,0.0,3.0,50.7,51.2,0.16754871301419294,1.0,51.2
2477_karpaty_lviv_2010s_58945,2477_karpaty_lviv_2010s,2477,Karpaty Lviv,2010s,58945,Anton Kanibolotskyi (58945),Ukraine,Goalkeeper,Goalkeeper,GK,1,2,0.0,0,0,4,0,0,0,90.0,3.0,50.7,51.2,0.16754871301419294,1.0,51.2
2477_karpaty_lviv_2010s_68542,2477_karpaty_lviv_2010s,2477,Karpaty Lviv,2010s,68542,Germán Pacheco (68542),Argentina  Spain,Midfield - Attacking Midfield,Midfield,AM,1,1,0.0,0,0,0,1,0,0,0.0,3.0,50.7,51.2,0.16754871301419294,1.0,51.2
2477_karpaty_lviv_2010s_97727,2477_karpaty_lviv_2010s,2477,Karpaty Lviv,2010s,97727,Igor Tyshchenko (97727),Ukraine  Russia,Defender - Right-Back,Defender,RB,1,1,0.0,0,0,0,2,0,0,0.0,3.0,50.7,51.2,0.16754871301419294,1.0,51.2
2477_karpaty_lviv_2010s_230409,2477_karpaty_lviv_2010s,2477,Karpaty Lviv,2010s,230409,Yevgen Neplyakh (230409),Ukraine,Defender - Left-Back,Defender,LB,1,1,0.0,0,0,0,0,0,0,0.0,3.0,50.7,51.2,0.16754871301419294,1.0,51.2
2477_karpaty_lviv_2010s_240260,2477_karpaty_lviv_2010s,2477,Karpaty Lviv,2010s,240260,Franjo Prce (240260),Croatia,Defender - Centre-Back,Defender,CB,1,1,0.0,0,0,0,0,0,0,0.0,3.0,50.7,51.2,0.16754871301419294,1.0,51.2
2477_karpaty_lviv_2010s_264646,2477_karpaty_lviv_2010s,2477,Karpaty Lviv,2010s,264646,Oleksandr Osman (264646),Ukraine,Defender - Left-Back,Defender,LB,1,1,0.0,0,0,0,0,0,0,0.0,3.0,50.7,51.2,0.16754871301419294,1.0,51.2
2477_karpaty_lviv_2010s_325386,2477_karpaty_lviv_2010s,2477,Karpaty Lviv,2010s,325386,Maksym Marusych (325386),Ukraine,Attack - Centre-Forward,Attack,FW,1,1,0.0,0,0,0,0,0,0,0.0,3.0,50.7,51.2,0.16754871301419294,1.0,51.2
2477_karpaty_lviv_2010s_357338,2477_karpaty_lviv_2010s,2477,Karpaty Lviv,2010s,357338,Cristian Paz (357338),Argentina,Defender - Centre-Back,Defender,CB,1,1,0.0,0,0,0,0,0,0,0.0,3.0,50.7,51.2,0.16754871301419294,1.0,51.2
2477_karpaty_lviv_2010s_375659,2477_karpaty_lviv_2010s,2477,Karpaty Lviv,2010s,375659,German Penkov (375659),Ukraine,Goalkeeper,Goalkeeper,GK,1,2,0.0,0,0,6,0,0,0,180.0,3.0,50.7,51.2,0.16754871301419294,1.0,51.2
2477_karpaty_lviv_2010s_383568,2477_karpaty_lviv_2010s,2477,Karpaty Lviv,2010s,383568,Ivan Siletskyi (383568),Ukraine,Goalkeeper,Goalkeeper,GK,1,1,0.0,0,0,0,0,0,0,0.0,3.0,50.7,51.2,0.16754871301419294,1.0,51.2
2477_karpaty_lviv_2010s_396402,2477_karpaty_lviv_2010s,2477,Karpaty Lviv,2010s,396402,Volodymyr Yakimets (396402),Ukraine,Defender - Left-Back,Defender,LB,1,2,0.0,0,0,0,1,0,0,0.0,3.0,50.7,51.2,0.16754871301419294,1.0,51.2
2477_karpaty_lviv_2010s_417228,2477_karpaty_lviv_2010s,2477,Karpaty Lviv,2010s,417228,Danylo Sikan (417228),Ukraine,Attack - Centre-Forward,Attack,FW,1,1,0.0,0,0,0,0,0,0,0.0,3.0,50.7,51.2,0.16754871301419294,1.0,51.2
2477_karpaty_lviv_2010s_470265,2477_karpaty_lviv_2010s,2477,Karpaty Lviv,2010s,470265,Kirill Kirilenko (470265),Belarus,Attack - Left Winger,Attack,LM,1,1,0.0,0,0,0,0,0,0,0.0,3.0,50.7,51.2,0.16754871301419294,1.0,51.2
2477_karpaty_lviv_2010s_497222,2477_karpaty_lviv_2010s,2477,Karpaty Lviv,2010s,497222,Oleg Veremiyenko (497222),Ukraine,Defender - Centre-Back,Defender,CB,1,2,0.0,0,0,0,2,0,0,0.0,3.0,50.7,51.2,0.16754871301419294,1.0,51.2
2477_karpaty_lviv_2010s_583607,2477_karpaty_lviv_2010s,2477,Karpaty Lviv,2010s,583607,William de Camargo (583607),Brazil  Spain,Attack - Right Winger,Attack,RM,1,1,0.0,0,0,0,1,0,0,0.0,3.0,50.7,51.2,0.16754871301419294,1.0,51.2
2477_karpaty_lviv_2010s_670000,2477_karpaty_lviv_2010s,2477,Karpaty Lviv,2010s,670000,João Diogo (670000),Brazil,Attack - Right Winger,Attack,RM,1,1,0.0,0,0,0,2,0,0,0.0,3.0,50.7,51.2,0.16754871301419294,1.0,51.2
2477_karpaty_lviv_2010s_721511,2477_karpaty_lviv_2010s,2477,Karpaty Lviv,2010s,721511,Maksym Khlan (721511),Ukraine,Attack - Left Winger,Attack,LM,1,1,0.0,0,0,0,0,0,0,0.0,3.0,50.7,51.2,0.16754871301419294,1.0,51.2
2477_karpaty_lviv_2010s_748838,2477_karpaty_lviv_2010s,2477,Karpaty Lviv,2010s,748838,Yuriy Tlumak (748838),Ukraine,Midfield - Central Midfield,Midfield,CM,1,2,0.0,0,0,0,0,0,0,0.0,3.0,50.7,51.2,0.16754871301419294,1.0,51.2
2477_karpaty_lviv_2010s_748939,2477_karpaty_lviv_2010s,2477,Karpaty Lviv,2010s,748939,Oleksiy Sych (748939),Ukraine,Defender - Right-Back,Defender,RB,1,2,0.0,0,0,0,0,0,0,0.0,3.0,50.7,51.2,0.16754871301419294,1.0,51.2
2477_karpaty_lviv_2010s_748940,2477_karpaty_lviv_2010s,2477,Karpaty Lviv,2010s,748940,Vasyl Runich (748940),Ukraine,Attack - Left Winger,Attack,LM,1,2,0.0,0,0,0,0,0,0,0.0,3.0,50.7,51.2,0.16754871301419294,1.0,51.2
2477_karpaty_lviv_2010s_774552,2477_karpaty_lviv_2010s,2477,Karpaty Lviv,2010s,774552,Denys Slyusar (774552),Ukraine,Defender - Centre-Back,Defender,CB,1,1,0.0,0,0,0,1,0,0,0.0,3.0,50.7,51.2,0.16754871301419294,1.0,51.2
2477_karpaty_lviv_2010s_789583,2477_karpaty_lviv_2010s,2477,Karpaty Lviv,2010s,789583,Yaroslav Karabin (789583),Ukraine,Attack - Centre-Forward,Attack,FW,1,1,0.0,0,0,0,0,0,0,0.0,3.0,50.7,51.2,0.16754871301419294,1.0,51.2
2477_karpaty_lviv_2010s_404847,2477_karpaty_lviv_2010s,2477,Karpaty Lviv,2010s,404847,Oleksiy Khakhlyov (404847),Ukraine,Midfield - Central Midfield,Midfield,CM,1,2,0.0,0,0,0,0,0,0,0.0,2.0,50.5,45.6,0.016237671397642532,1.0,45.6
2477_karpaty_lviv_2010s_242279,2477_karpaty_lviv_2010s,2477,Karpaty Lviv,2010s,242279,Oleksiy Dytyatyev (242279),Ukraine,Defender - Centre-Back,Defender,CB,1,1,0.0,0,0,0,3,1,0,0.0,1.5,50.3,45.4,0.00950204474380563,1.0,45.4
2477_karpaty_lviv_2010s_59414,2477_karpaty_lviv_2010s,2477,Karpaty Lviv,2010s,59414,Papa Gueye (59414),Senegal  Ukraine,Defender - Centre-Back,Defender,CB,1,2,0.0,0,0,0,4,0,0,0.0,1.0,50.2,45.1,0.0039692085638681745,1.0,45.1
2477_karpaty_lviv_2010s_330574,2477_karpaty_lviv_2010s,2477,Karpaty Lviv,2010s,330574,Oleg Boroday (330574),Ukraine,Defender - Centre-Back,Defender,CB,1,1,0.0,0,0,0,3,0,0,0.0,0.0,50.0,45.0,0.0006013952369497233,1.0,45.0
26459_nk_veres_rivne_2010s_222079,26459_nk_veres_rivne_2010s,26459,NK Veres Rivne,2010s,222079,Ruslan Stepanyuk (222079),Ukraine,Attack - Centre-Forward,Attack,FW,1,2,2.0,8,0,0,4,0,0,990.0,45.0,95.0,77.7,0.8707000240558095,1.0,77.7
26459_nk_veres_rivne_2010s_58046,26459_nk_veres_rivne_2010s,26459,NK Veres Rivne,2010s,58046,Vasyl Kobin (58046),Ukraine,Defender - Right-Back,Defender,RB,1,1,2.0,3,0,0,4,0,1,669.0,25.0,75.0,72.2,0.7552321385614625,1.0,72.2
26459_nk_veres_rivne_2010s_273663,26459_nk_veres_rivne_2010s,26459,NK Veres Rivne,2010s,273663,Volodymyr Adamyuk (273663),Ukraine,Defender - Right-Back,Defender,RB,1,2,3.0,2,0,0,4,1,0,660.0,24.5,74.5,72.0,0.7511426509502045,1.0,72.0
26459_nk_veres_rivne_2010s_85969,26459_nk_veres_rivne_2010s,26459,NK Veres Rivne,2010s,85969,Oleksandr Bandura (85969),Ukraine,Goalkeeper,Goalkeeper,GK,1,2,0.0,0,9,29,4,0,0,2700.0,16.5,66.5,68.2,0.6557613663699784,1.0,68.2
26459_nk_veres_rivne_2010s_82599,26459_nk_veres_rivne_2010s,26459,NK Veres Rivne,2010s,82599,Valeriy Fedorchuk (82599),Ukraine,Midfield - Central Midfield,Midfield,CM,1,1,1.0,2,0,0,3,0,0,810.0,16.0,66.0,67.9,0.6464998797209526,1.0,67.9
26459_nk_veres_rivne_2010s_58403,26459_nk_veres_rivne_2010s,26459,NK Veres Rivne,2010s,58403,Denys Kozhanov (58403),Ukraine,Attack - Right Winger,Attack,RM,1,2,1.0,1,0,0,0,0,0,547.0,12.0,62.0,65.5,0.5752946836661054,1.0,65.5
26459_nk_veres_rivne_2010s_58252,26459_nk_veres_rivne_2010s,26459,NK Veres Rivne,2010s,58252,Sergiy Siminin (58252),Ukraine,Defender - Right-Back,Defender,RB,1,2,2.0,0,0,0,8,0,1,891.0,11.0,61.0,64.6,0.5475102237190281,1.0,64.6
26459_nk_veres_rivne_2010s_91527,26459_nk_veres_rivne_2010s,26459,NK Veres Rivne,2010s,91527,Roman Karasyuk (91527),Ukraine,Midfield - Defensive Midfield,Midfield,CDM,1,2,1.0,0,0,0,3,0,0,1972.0,8.0,58.0,61.9,0.46572047149386575,1.0,61.9
26459_nk_veres_rivne_2010s_315236,26459_nk_veres_rivne_2010s,26459,NK Veres Rivne,2010s,315236,Gennadiy Pasich (315236),Ukraine,Midfield - Left Midfield,Midfield,LM,1,1,1.0,0,0,0,0,0,0,419.0,8.0,58.0,61.9,0.46572047149386575,1.0,61.9
26459_nk_veres_rivne_2010s_315237,26459_nk_veres_rivne_2010s,26459,NK Veres Rivne,2010s,315237,Yevgeniy Pasich (315237),Ukraine,Defender - Right-Back,Defender,RB,1,1,1.0,0,0,0,1,0,0,722.0,8.0,58.0,61.9,0.46572047149386575,1.0,61.9
26459_nk_veres_rivne_2010s_58035,26459_nk_veres_rivne_2010s,26459,NK Veres Rivne,2010s,58035,Mykola Ishchenko (58035),Ukraine,Defender - Centre-Back,Defender,CB,1,1,0.0,1,0,0,2,0,0,0.0,6.0,56.0,58.6,0.36901611739235024,1.0,58.6
26459_nk_veres_rivne_2010s_177276,26459_nk_veres_rivne_2010s,26459,NK Veres Rivne,2010s,177276,Bogdan Sarnavskyi (177276),Ukraine,Goalkeeper,Goalkeeper,GK,1,2,0.0,0,1,1,0,0,0,180.0,4.5,54.5,57.1,0.3246331489054607,1.0,57.1
26459_nk_veres_rivne_2010s_111074,26459_nk_veres_rivne_2010s,26459,NK Veres Rivne,2010s,111074,Artur Zapadnya (111074),Ukraine,Defender - Left-Back,Defender,LB,1,2,0.0,0,0,0,2,0,0,0.0,3.0,53.0,51.2,0.16754871301419294,1.0,51.2
26459_nk_veres_rivne_2010s_206054,26459_nk_veres_rivne_2010s,26459,NK Veres Rivne,2010s,206054,Pavlo Myagkov (206054),Ukraine,Defender - Left-Back,Defender,LB,1,2,0.0,0,0,0,0,0,0,0.0,3.0,53.0,51.2,0.16754871301419294,1.0,51.2
26459_nk_veres_rivne_2010s_248935,26459_nk_veres_rivne_2010s,26459,NK Veres Rivne,2010s,248935,Pavlo Lukyanchuk (248935),Ukraine,Defender - Centre-Back,Defender,CB,1,2,0.0,0,0,0,3,0,0,0.0,3.0,53.0,51.2,0.16754871301419294,1.0,51.2
26459_nk_veres_rivne_2010s_269374,26459_nk_veres_rivne_2010s,26459,NK Veres Rivne,2010s,269374,Sergiy Gryn (269374),Ukraine,Attack - Left Winger,Attack,LM,1,1,0.0,0,0,0,1,0,0,0.0,3.0,53.0,51.2,0.16754871301419294,1.0,51.2
26459_nk_veres_rivne_2010s_384299,26459_nk_veres_rivne_2010s,26459,NK Veres Rivne,2010s,384299,Edgar Caparrós (384299),Spain,Defender - Centre-Back,Defender,CB,1,1,0.0,0,0,0,0,0,0,0.0,3.0,53.0,51.2,0.16754871301419294,1.0,51.2
26459_nk_veres_rivne_2010s_517081,26459_nk_veres_rivne_2010s,26459,NK Veres Rivne,2010s,517081,Vladyslav Pryimak (517081),Ukraine,Defender - Centre-Back,Defender,CB,1,2,0.0,0,0,0,1,0,0,0.0,3.0,53.0,51.2,0.16754871301419294,1.0,51.2
26459_nk_veres_rivne_2010s_747315,26459_nk_veres_rivne_2010s,26459,NK Veres Rivne,2010s,747315,Orest Kostyk (747315),Ukraine,Goalkeeper,Goalkeeper,GK,1,1,0.0,0,0,0,0,0,0,0.0,3.0,53.0,51.2,0.16754871301419294,1.0,51.2
26459_nk_veres_rivne_2020s_177818,26459_nk_veres_rivne_2020s,26459,NK Veres Rivne,2020s,177818,Andriy Bliznichenko (177818),Ukraine,Attack - Right Winger,Attack,RM,2,2,6.0,2,0,0,2,0,3,559.0,44.0,95.0,77.3,0.8663699783497715,1.0,77.3
26459_nk_veres_rivne_2020s_315236,26459_nk_veres_rivne_2020s,26459,NK Veres Rivne,2020s,315236,Gennadiy Pasich (315236),Ukraine,Midfield - Left Midfield,Midfield,LM,2,2,4.0,3,0,0,17,0,0,2544.0,37.0,87.8,75.6,0.8391869136396439,1.0,75.6
26459_nk_veres_rivne_2020s_705337,26459_nk_veres_rivne_2020s,26459,NK Veres Rivne,2020s,705337,Marko Mrvaljevic (705337),Montenegro,Attack - Centre-Forward,Attack,FW,2,2,6.0,0,0,0,3,1,3,337.0,34.5,85.3,74.9,0.8228289631946115,1.0,74.9
26459_nk_veres_rivne_2020s_222079,26459_nk_veres_rivne_2020s,26459,NK Veres Rivne,2020s,222079,Ruslan Stepanyuk (222079),Ukraine,Attack - Centre-Forward,Attack,FW,1,1,4.0,2,0,0,2,0,0,516.0,31.0,81.7,74.0,0.8010584556170315,1.0,74.0
26459_nk_veres_rivne_2020s_363740,26459_nk_veres_rivne_2020s,26459,NK Veres Rivne,2020s,363740,Yevgeniy Shevchenko (363740),Ukraine,Defender - Left-Back,Defender,LB,2,2,3.0,2,0,0,8,0,0,2926.0,29.0,79.7,73.5,0.7883088765936974,1.0,73.5
26459_nk_veres_rivne_2020s_213976,26459_nk_veres_rivne_2020s,26459,NK Veres Rivne,2020s,213976,Igor Kharatin (213976),Ukraine  Hungary,Midfield - Defensive Midfield,Midfield,CDM,2,2,3.0,2,0,0,5,0,1,344.0,27.0,77.6,72.9,0.7733942747173442,1.0,72.9
26459_nk_veres_rivne_2020s_315237,26459_nk_veres_rivne_2020s,26459,NK Veres Rivne,2020s,315237,Yevgeniy Pasich (315237),Ukraine,Defender - Right-Back,Defender,RB,2,2,1.0,2,0,0,1,0,0,960.0,19.0,69.4,69.6,0.6904017320182824,1.0,69.6
26459_nk_veres_rivne_2020s_951439,26459_nk_veres_rivne_2020s,26459,NK Veres Rivne,2020s,951439,Maksym Smiyan (951439),Ukraine,Defender - Left-Back,Defender,LB,3,3,2.0,0,0,0,2,0,0,955.0,18.0,68.4,69.1,0.6780129901371181,1.0,69.1
26459_nk_veres_rivne_2020s_227199,26459_nk_veres_rivne_2020s,26459,NK Veres Rivne,2020s,227199,Igor Soldat (227199),Ukraine,Defender - Right-Back,Defender,RB,1,1,2.0,1,0,0,1,0,0,810.0,17.0,67.4,68.6,0.6645417368294443,1.0,68.6
26459_nk_veres_rivne_2020s_382895,26459_nk_veres_rivne_2020s,26459,NK Veres Rivne,2020s,382895,Roman Goncharenko (382895),Ukraine,Defender - Centre-Back,Defender,CB,3,3,0.0,2,0,0,10,0,0,0.0,17.0,67.4,68.6,0.6645417368294443,1.0,68.6
26459_nk_veres_rivne_2020s_359796,26459_nk_veres_rivne_2020s,26459,NK Veres Rivne,2020s,359796,Dmytro Shastal (359796),Ukraine,Attack - Right Winger,Attack,RM,1,1,1.0,2,0,0,2,0,0,895.0,16.0,66.4,67.9,0.6464998797209526,1.0,67.9
26459_nk_veres_rivne_2020s_120262,26459_nk_veres_rivne_2020s,26459,NK Veres Rivne,2020s,120262,Dmytro Nemchaninov (120262),Ukraine,Defender - Centre-Back,Defender,CB,1,1,1.0,2,0,0,3,1,0,1528.0,14.5,64.8,67.2,0.6248496511907625,1.0,67.2
26459_nk_veres_rivne_2020s_211317,26459_nk_veres_rivne_2020s,26459,NK Veres Rivne,2020s,211317,Robert Gegedosh (211317),Ukraine,Attack - Centre-Forward,Attack,FW,1,1,1.0,1,0,0,0,0,0,512.0,12.0,62.3,65.5,0.5752946836661054,1.0,65.5
26459_nk_veres_rivne_2020s_307053,26459_nk_veres_rivne_2020s,26459,NK Veres Rivne,2020s,307053,Sergiy Panasenko (307053),Ukraine,Midfield - Central Midfield,Midfield,CM,1,1,1.0,1,0,0,4,0,0,1041.0,12.0,62.3,65.5,0.5752946836661054,1.0,65.5
26459_nk_veres_rivne_2020s_539437,26459_nk_veres_rivne_2020s,26459,NK Veres Rivne,2020s,539437,Danyil Khondak (539437),Ukraine,Defender - Centre-Back,Defender,CB,2,2,1.0,0,0,0,0,0,0,225.0,11.0,61.2,64.6,0.5475102237190281,1.0,64.6
26459_nk_veres_rivne_2020s_522327,26459_nk_veres_rivne_2020s,26459,NK Veres Rivne,2020s,522327,Roman Gagun (522327),Ukraine,Defender - Right-Back,Defender,RB,2,2,0.0,1,0,0,3,0,0,0.0,10.0,60.2,63.6,0.5188838104402214,1.0,63.6
26459_nk_veres_rivne_2020s_325386,26459_nk_veres_rivne_2020s,26459,NK Veres Rivne,2020s,325386,Maksym Marusych (325386),Ukraine,Attack - Centre-Forward,Attack,FW,1,1,0.0,2,0,0,1,1,0,0.0,9.5,59.7,63.3,0.508539812364686,1.0,63.3
26459_nk_veres_rivne_2020s_49016,26459_nk_veres_rivne_2020s,26459,NK Veres Rivne,2020s,49016,Yevgen Past (49016),Ukraine,Goalkeeper,Goalkeeper,GK,1,1,0.0,0,4,22,1,0,0,1344.0,9.0,59.2,62.9,0.49735386095742123,1.0,62.9
26459_nk_veres_rivne_2020s_404851,26459_nk_veres_rivne_2020s,26459,NK Veres Rivne,2020s,404851,Denis Yanakov (404851),Ukraine,Attack - Left Winger,Attack,LM,1,1,1.0,0,0,0,0,0,1,137.0,8.0,58.2,61.9,0.46572047149386575,1.0,61.9
26459_nk_veres_rivne_2020s_468735,26459_nk_veres_rivne_2020s,26459,NK Veres Rivne,2020s,468735,Oleksandr Matkobozhyk (468735),Ukraine,Defender - Centre-Back,Defender,CB,1,1,1.0,0,0,0,2,0,0,186.0,8.0,58.2,61.9,0.46572047149386575,1.0,61.9
26459_nk_veres_rivne_2020s_521997,26459_nk_veres_rivne_2020s,26459,NK Veres Rivne,2020s,521997,Vitaliy Boyko (521997),Ukraine,Midfield - Central Midfield,Midfield,CM,1,1,1.0,0,0,0,1,0,0,342.0,8.0,58.2,61.9,0.46572047149386575,1.0,61.9
26459_nk_veres_rivne_2020s_365195,26459_nk_veres_rivne_2020s,26459,NK Veres Rivne,2020s,365195,Andriy Kukharuk (365195),Ukraine,Midfield - Central Midfield,Midfield,CM,1,1,0.0,1,0,0,8,0,0,0.0,7.0,57.2,60.4,0.42097666586480637,1.0,60.4
26459_nk_veres_rivne_2020s_808971,26459_nk_veres_rivne_2020s,26459,NK Veres Rivne,2020s,808971,Denys Ndukve (808971),Ukraine,Attack - Centre-Forward,Attack,FW,1,1,1.0,0,0,0,1,1,0,368.0,6.5,56.6,59.7,0.40161173923502524,1.0,59.7
26459_nk_veres_rivne_2020s_418891,26459_nk_veres_rivne_2020s,26459,NK Veres Rivne,2020s,418891,Oleksandr Melnyk (418891),Ukraine,Defender - Centre-Back,Defender,CB,2,2,0.0,0,0,0,0,0,0,0.0,6.0,56.1,58.6,0.36901611739235024,1.0,58.6
26459_nk_veres_rivne_2020s_520517,26459_nk_veres_rivne_2020s,26459,NK Veres Rivne,2020s,520517,Mihail Ghecev (520517),Moldova  Romania,Midfield - Left Midfield,Midfield,LM,2,2,0.0,0,0,0,2,0,0,0.0,6.0,56.1,58.6,0.36901611739235024,1.0,58.6
26459_nk_veres_rivne_2020s_88879,26459_nk_veres_rivne_2020s,26459,NK Veres Rivne,2020s,88879,Artem Kychak (88879),Ukraine,Goalkeeper,Goalkeeper,GK,1,1,0.0,0,1,0,0,0,0,13.0,4.5,54.6,57.1,0.3246331489054607,1.0,57.1
26459_nk_veres_rivne_2020s_725356,26459_nk_veres_rivne_2020s,26459,NK Veres Rivne,2020s,725356,Valentyn Gorokh (725356),Ukraine,Goalkeeper,Goalkeeper,GK,1,1,0.0,0,1,2,0,0,0,270.0,4.5,54.6,57.1,0.3246331489054607,1.0,57.1
26459_nk_veres_rivne_2020s_242272,26459_nk_veres_rivne_2020s,26459,NK Veres Rivne,2020s,242272,Yevgen Banada (242272),Ukraine,Midfield - Central Midfield,Midfield,CM,1,1,0.0,0,0,0,2,0,0,0.0,3.0,53.1,51.2,0.16754871301419294,1.0,51.2
26459_nk_veres_rivne_2020s_353584,26459_nk_veres_rivne_2020s,26459,NK Veres Rivne,2020s,353584,Sergiy Petko (353584),Ukraine,Midfield - Defensive Midfield,Midfield,CDM,1,1,0.0,0,0,0,3,0,0,0.0,3.0,53.1,51.2,0.16754871301419294,1.0,51.2
26459_nk_veres_rivne_2020s_567505,26459_nk_veres_rivne_2020s,26459,NK Veres Rivne,2020s,567505,Konstantinos Stamoulis (567505),Greece,Defender - Right-Back,Defender,RB,1,1,0.0,0,0,0,0,0,0,0.0,3.0,53.1,51.2,0.16754871301419294,1.0,51.2
26459_nk_veres_rivne_2020s_574774,26459_nk_veres_rivne_2020s,26459,NK Veres Rivne,2020s,574774,Wesley Pomba (574774),Brazil,Attack - Left Winger,Attack,LM,1,1,0.0,0,0,0,0,0,0,0.0,3.0,53.1,51.2,0.16754871301419294,1.0,51.2
26459_nk_veres_rivne_2020s_923512,26459_nk_veres_rivne_2020s,26459,NK Veres Rivne,2020s,923512,Sergiy Sten (923512),Ukraine,Attack - Left Winger,Attack,LM,1,1,0.0,0,0,0,0,0,0,0.0,3.0,53.1,51.2,0.16754871301419294,1.0,51.2
26459_nk_veres_rivne_2020s_1159925,26459_nk_veres_rivne_2020s,26459,NK Veres Rivne,2020s,1159925,Sergiy Korniychuk (1159925),Ukraine,Defender - Left-Back,Defender,LB,1,1,0.0,0,0,0,0,0,0,0.0,3.0,53.1,51.2,0.16754871301419294,1.0,51.2
26459_nk_veres_rivne_2020s_358956,26459_nk_veres_rivne_2020s,26459,NK Veres Rivne,2020s,358956,Oleksandr Kucherenko (358956),Ukraine  Moldova,Midfield - Defensive Midfield,Midfield,CDM,1,1,0.0,0,0,0,3,0,0,0.0,1.0,51.0,45.1,0.0039692085638681745,1.0,45.1
26459_veres_rivne_1990s_24004,26459_veres_rivne_1990s,26459,Veres Rivne,1990s,24004,Sergiy Dolganskyi (24004),Ukraine,Goalkeeper,Goalkeeper,GK,2,2,0.0,0,4,50,2,0,0,2805.0,12.0,95.0,65.5,0.5752946836661054,1.0,65.5
26459_veres_rivne_1990s_373477,26459_veres_rivne_1990s,26459,Veres Rivne,1990s,373477,Sergiy Tanasyuk (373477),Ukraine,Defender,Defender,CB,1,1,1.0,0,0,0,5,0,0,900.0,8.0,80.0,61.9,0.46572047149386575,1.0,61.9
26552_ska_odessa_1990s_123760,26552_ska_odessa_1990s,26552,SKA Odessa,1990s,123760,Ruslan Vasylkiv (123760),Ukraine,Defender,Defender,CB,1,1,0.0,0,0,0,0,0,0,0.0,3.0,95.0,51.2,0.16754871301419294,1.0,51.2
2712_nyva_ternopil_1990s_9596,2712_nyva_ternopil_1990s,2712,Nyva Ternopil,1990s,9596,Oleg Iachtchouk (9596),Ukraine  Belgium,Attack - Left Winger,Attack,LM,2,2,10.0,1,0,0,1,0,0,153.0,60.0,95.0,80.9,0.9114746211210007,1.0,80.9
2712_nyva_ternopil_1990s_943663,2712_nyva_ternopil_1990s,2712,Nyva Ternopil,1990s,943663,Kostyantyn Lemishko (943663),Ukraine,Defender,Defender,CB,1,1,2.0,1,0,0,1,0,0,608.0,17.0,62.8,68.6,0.6645417368294443,1.0,68.6
2712_nyva_ternopil_1990s_858024,2712_nyva_ternopil_1990s,2712,Nyva Ternopil,1990s,858024,Vitaliy Pervak (858024),Ukraine,Defender,Defender,CB,2,2,2.0,0,0,0,11,0,0,1305.0,16.0,62.0,67.9,0.6464998797209526,1.0,67.9
2712_nyva_ternopil_1990s_95691,2712_nyva_ternopil_1990s,2712,Nyva Ternopil,1990s,95691,Roman Litovchak (95691),Ukraine,Midfield,Midfield,CM,1,1,0.0,0,0,0,0,0,0,0.0,3.0,52.2,51.2,0.16754871301419294,1.0,51.2
2712_nyva_ternopil_1990s_373477,2712_nyva_ternopil_1990s,2712,Nyva Ternopil,1990s,373477,Sergiy Tanasyuk (373477),Ukraine,Defender,Defender,CB,1,1,0.0,0,0,0,3,0,0,0.0,3.0,52.2,51.2,0.16754871301419294,1.0,51.2
2712_nyva_ternopil_1990s_494569,2712_nyva_ternopil_1990s,2712,Nyva Ternopil,1990s,494569,Anatoliy Balatskiy (494569),Ukraine,Defender - Right-Back,Defender,RB,1,1,0.0,0,0,0,0,0,0,0.0,3.0,52.2,51.2,0.16754871301419294,1.0,51.2
2712_nyva_ternopil_2000s_943663,2712_nyva_ternopil_2000s,2712,Nyva Ternopil,2000s,943663,Kostyantyn Lemishko (943663),Ukraine,Defender,Defender,CB,1,1,0.0,0,0,0,3,0,0,0.0,3.0,95.0,51.2,0.16754871301419294,1.0,51.2
27241_fc_prykarpattya_ivano_frankivsk_1990s_514030,27241_fc_prykarpattya_ivano_frankivsk_1990s,27241,FC Prykarpattya Ivano-Frankivsk,1990s,514030,Andriy Zavyalov (514030),Turkmenistan  Ukraine,Midfield - Central Midfield,Midfield,CM,1,1,9.0,1,0,0,0,0,0,249.0,52.0,95.0,79.5,0.8937936011546789,1.0,79.5
27241_fc_prykarpattya_ivano_frankivsk_1990s_168988,27241_fc_prykarpattya_ivano_frankivsk_1990s,27241,FC Prykarpattya Ivano-Frankivsk,1990s,168988,Andriy Spevak (168988),Ukraine,Midfield - Central Midfield,Midfield,CM,1,1,6.0,3,0,0,4,0,1,424.0,45.0,88.9,77.7,0.8707000240558095,1.0,77.7
27241_fc_prykarpattya_ivano_frankivsk_1990s_494527,27241_fc_prykarpattya_ivano_frankivsk_1990s,27241,FC Prykarpattya Ivano-Frankivsk,1990s,494527,Volodymyr Tsytkin (494527),Ukraine  Israel,Goalkeeper,Goalkeeper,GK,1,1,0.0,0,0,4,0,0,0,176.0,3.0,52.6,51.2,0.16754871301419294,1.0,51.2
27241_fc_prykarpattya_ivano_frankivsk_1990s_524476,27241_fc_prykarpattya_ivano_frankivsk_1990s,27241,FC Prykarpattya Ivano-Frankivsk,1990s,524476,Yuriy Mokrytskyi (524476),Ukraine,Defender - Centre-Back,Defender,CB,1,1,0.0,0,0,0,0,0,0,0.0,3.0,52.6,51.2,0.16754871301419294,1.0,51.2
27241_fc_prykarpattya_ivano_frankivsk_1990s_858024,27241_fc_prykarpattya_ivano_frankivsk_1990s,27241,FC Prykarpattya Ivano-Frankivsk,1990s,858024,Vitaliy Pervak (858024),Ukraine,Defender,Defender,CB,1,1,0.0,0,0,0,5,0,0,0.0,3.0,52.6,51.2,0.16754871301419294,1.0,51.2
27241_fc_prykarpattya_ivano_frankivsk_1990s_943654,27241_fc_prykarpattya_ivano_frankivsk_1990s,27241,FC Prykarpattya Ivano-Frankivsk,1990s,943654,Roman Zub (943654),Ukraine,Midfield - Defensive Midfield,Midfield,CDM,1,1,0.0,0,0,0,3,0,0,0.0,3.0,52.6,51.2,0.16754871301419294,1.0,51.2
27241_fc_prykarpattya_ivano_frankivsk_1990s_58058,27241_fc_prykarpattya_ivano_frankivsk_1990s,27241,FC Prykarpattya Ivano-Frankivsk,1990s,58058,Mykola Lapko (58058),Ukraine,Defender,Defender,CB,1,1,0.0,0,0,0,2,0,0,0.0,2.0,51.7,45.6,0.016237671397642532,1.0,45.6
2740_vorskla_naftogaz_poltava_2000s_59269,2740_vorskla_naftogaz_poltava_2000s,2740,Vorskla-Naftogaz Poltava,2000s,59269,Lucky Idahor (59269),Nigeria,Attack - Centre-Forward,Attack,FW,1,1,5.0,1,0,0,0,0,0,251.0,32.0,95.0,74.3,0.8081549194130383,1.0,74.3
2740_vorskla_naftogaz_poltava_2000s_58255,2740_vorskla_naftogaz_poltava_2000s,2740,Vorskla-Naftogaz Poltava,2000s,58255,Yuriy Tselykh (58255),Ukraine,Attack - Centre-Forward,Attack,FW,2,2,5.0,0,0,0,1,0,0,539.0,31.0,93.6,74.0,0.8010584556170315,1.0,74.0
2740_vorskla_naftogaz_poltava_2000s_43404,2740_vorskla_naftogaz_poltava_2000s,2740,Vorskla-Naftogaz Poltava,2000s,43404,Oleksiy Chychykov (43404),Ukraine,Attack - Right Winger,Attack,RM,1,1,3.0,1,0,0,0,0,0,154.0,22.0,80.9,71.1,0.7276882367091653,1.0,71.1
2740_vorskla_naftogaz_poltava_2000s_38067,2740_vorskla_naftogaz_poltava_2000s,2740,Vorskla-Naftogaz Poltava,2000s,38067,Sofiene Melliti (38067),Tunisia,Midfield - Central Midfield,Midfield,CM,1,1,0.0,4,0,0,2,0,0,0.0,19.0,76.7,69.6,0.6904017320182824,1.0,69.6
2740_vorskla_naftogaz_poltava_2000s_62532,2740_vorskla_naftogaz_poltava_2000s,2740,Vorskla-Naftogaz Poltava,2000s,62532,Aleksey Saveljev (62532),Russia,Midfield - Attacking Midfield,Midfield,AM,1,1,1.0,2,0,0,2,0,0,1167.0,16.0,72.5,67.9,0.6464998797209526,1.0,67.9
2740_vorskla_naftogaz_poltava_2000s_24004,2740_vorskla_naftogaz_poltava_2000s,2740,Vorskla-Naftogaz Poltava,2000s,24004,Sergiy Dolganskyi (24004),Ukraine,Goalkeeper,Goalkeeper,GK,2,2,0.0,0,6,26,0,0,0,1890.0,15.0,71.1,67.4,0.6314649987972095,1.0,67.4
2740_vorskla_naftogaz_poltava_2000s_34670,2740_vorskla_naftogaz_poltava_2000s,2740,Vorskla-Naftogaz Poltava,2000s,34670,Vitaliy Postranskyi (34670),Ukraine,Goalkeeper,Goalkeeper,GK,2,2,0.0,0,5,40,0,0,0,2430.0,13.5,69.0,66.7,0.610897281693529,1.0,66.7
2740_vorskla_naftogaz_poltava_2000s_559384,2740_vorskla_naftogaz_poltava_2000s,2740,Vorskla-Naftogaz Poltava,2000s,559384,Roman Kapanistyi (559384),Ukraine,Attack - Centre-Forward,Attack,FW,2,2,0.0,1,0,0,1,0,0,0.0,10.0,64.1,63.6,0.5188838104402214,1.0,63.6
2740_vorskla_naftogaz_poltava_2000s_43359,2740_vorskla_naftogaz_poltava_2000s,2740,Vorskla-Naftogaz Poltava,2000s,43359,Pavlo Rebenok (43359),Ukraine,Midfield - Left Midfield,Midfield,LM,1,1,1.0,0,0,0,0,0,0,323.0,8.0,61.2,61.9,0.46572047149386575,1.0,61.9
2740_vorskla_naftogaz_poltava_2000s_24042,2740_vorskla_naftogaz_poltava_2000s,2740,Vorskla-Naftogaz Poltava,2000s,24042,Sergiy Motuz (24042),Ukraine,Attack - Centre-Forward,Attack,FW,1,1,0.0,1,0,0,4,0,0,0.0,7.0,59.8,60.4,0.42097666586480637,1.0,60.4
2740_vorskla_naftogaz_poltava_2000s_43377,2740_vorskla_naftogaz_poltava_2000s,2740,Vorskla-Naftogaz Poltava,2000s,43377,Denys Stoyan (43377),Ukraine,Defender - Left-Back,Defender,LB,1,1,1.0,0,0,0,1,0,0,2433.0,7.0,59.8,60.4,0.42097666586480637,1.0,60.4
2740_vorskla_naftogaz_poltava_2000s_59133,2740_vorskla_naftogaz_poltava_2000s,2740,Vorskla-Naftogaz Poltava,2000s,59133,Oleksandr Shevelyukhin (59133),Ukraine  Poland,Defender - Centre-Back,Defender,CB,1,1,0.0,1,0,0,2,0,0,0.0,7.0,59.8,60.4,0.42097666586480637,1.0,60.4
2740_vorskla_naftogaz_poltava_2000s_430990,2740_vorskla_naftogaz_poltava_2000s,2740,Vorskla-Naftogaz Poltava,2000s,430990,Vladyslav Prudius (430990),Ukraine  Russia,Midfield - Attacking Midfield,Midfield,AM,1,1,0.0,1,0,0,0,0,0,0.0,7.0,59.8,60.4,0.42097666586480637,1.0,60.4
2740_vorskla_naftogaz_poltava_2000s_882875,2740_vorskla_naftogaz_poltava_2000s,2740,Vorskla-Naftogaz Poltava,2000s,882875,Andriy Klymenko (882875),Ukraine,Midfield,Midfield,CM,1,1,0.0,1,0,0,2,0,0,0.0,7.0,59.8,60.4,0.42097666586480637,1.0,60.4
2740_vorskla_naftogaz_poltava_2000s_39996,2740_vorskla_naftogaz_poltava_2000s,2740,Vorskla-Naftogaz Poltava,2000s,39996,Andriy Pyatov (39996),Ukraine,Goalkeeper,Goalkeeper,GK,2,2,0.0,0,0,2,0,0,0,90.0,6.0,58.4,58.6,0.36901611739235024,1.0,58.6
2740_vorskla_naftogaz_poltava_2000s_43357,2740_vorskla_naftogaz_poltava_2000s,2740,Vorskla-Naftogaz Poltava,2000s,43357,Sergiy Radevych (43357),Ukraine,Defender - Left-Back,Defender,LB,2,2,0.0,0,0,0,1,0,0,0.0,6.0,58.4,58.6,0.36901611739235024,1.0,58.6
2740_vorskla_naftogaz_poltava_2000s_43288,2740_vorskla_naftogaz_poltava_2000s,2740,Vorskla-Naftogaz Poltava,2000s,43288,Oleksandr Chyzhov (43288),Ukraine,Defender - Centre-Back,Defender,CB,1,1,0.0,0,0,0,0,0,0,0.0,3.0,54.2,51.2,0.16754871301419294,1.0,51.2
2740_vorskla_naftogaz_poltava_2000s_60323,2740_vorskla_naftogaz_poltava_2000s,2740,Vorskla-Naftogaz Poltava,2000s,60323,Anton Monakhov (60323),Russia  Ukraine,Defender - Centre-Back,Defender,CB,1,1,0.0,0,0,0,0,0,0,0.0,3.0,54.2,51.2,0.16754871301419294,1.0,51.2
2740_vorskla_naftogaz_poltava_2000s_64167,2740_vorskla_naftogaz_poltava_2000s,2740,Vorskla-Naftogaz Poltava,2000s,64167,Peter Mercado (64167),Ecuador,Defender - Centre-Back,Defender,CB,1,1,0.0,0,0,0,2,0,0,0.0,3.0,54.2,51.2,0.16754871301419294,1.0,51.2
2740_vorskla_naftogaz_poltava_2000s_91474,2740_vorskla_naftogaz_poltava_2000s,2740,Vorskla-Naftogaz Poltava,2000s,91474,Pavlo Onysko (91474),Ukraine,Attack - Centre-Forward,Attack,FW,1,1,0.0,0,0,0,2,0,0,0.0,3.0,54.2,51.2,0.16754871301419294,1.0,51.2
2740_vorskla_naftogaz_poltava_2000s_559381,2740_vorskla_naftogaz_poltava_2000s,2740,Vorskla-Naftogaz Poltava,2000s,559381,Artem Shubin (559381),Ukraine  Russia,Midfield - Central Midfield,Midfield,CM,1,1,0.0,0,0,0,0,0,0,0.0,3.0,54.2,51.2,0.16754871301419294,1.0,51.2
2740_vorskla_naftogaz_poltava_2000s_901061,2740_vorskla_naftogaz_poltava_2000s,2740,Vorskla-Naftogaz Poltava,2000s,901061,Igor Djinovic (901061),Serbia,Defender - Left-Back,Defender,LB,1,1,0.0,0,0,0,3,0,0,0.0,3.0,54.2,51.2,0.16754871301419294,1.0,51.2
2740_vorskla_naftogaz_poltava_2000s_919353,2740_vorskla_naftogaz_poltava_2000s,2740,Vorskla-Naftogaz Poltava,2000s,919353,Fabio Pereira (919353),Brazil,Defender,Defender,CB,1,1,0.0,0,0,0,2,0,0,0.0,3.0,54.2,51.2,0.16754871301419294,1.0,51.2
2740_vorskla_poltava_1990s_369492,2740_vorskla_poltava_1990s,2740,Vorskla Poltava,1990s,369492,Vitaliy Kobzar (369492),Kyrgyzstan  Ukraine,Midfield,Midfield,CM,4,4,15.0,10,0,0,12,1,0,3653.0,124.5,95.0,87.8,0.9719749819581429,1.0,87.8
2740_vorskla_poltava_1990s_858005,2740_vorskla_poltava_1990s,2740,Vorskla Poltava,1990s,858005,Sergiy Chuychenko (858005),Ukraine,Attack - Centre-Forward,Attack,FW,3,3,19.0,3,0,0,2,0,2,382.0,116.0,91.9,87.0,0.9672840991099351,1.0,87.0
2740_vorskla_poltava_1990s_118430,2740_vorskla_poltava_1990s,2740,Vorskla Poltava,1990s,118430,Volodymyr Mazyar (118430),Ukraine,Attack - Centre-Forward,Attack,FW,1,1,10.0,2,0,0,6,0,0,169.0,61.0,72.0,81.1,0.9133990858792398,1.0,81.1
2740_vorskla_poltava_1990s_9797,2740_vorskla_poltava_1990s,2740,Vorskla Poltava,1990s,9797,Oleksandr Melashchenko (9797),Ukraine,Attack - Centre-Forward,Attack,FW,3,3,8.0,1,0,0,1,0,0,450.0,53.0,69.2,79.7,0.8960789030550877,1.0,79.7
2740_vorskla_poltava_1990s_58058,2740_vorskla_poltava_1990s,2740,Vorskla Poltava,1990s,58058,Mykola Lapko (58058),Ukraine,Defender,Defender,CB,2,2,2.0,1,0,0,1,0,0,467.0,20.0,57.2,70.2,0.7051960548472456,1.0,70.2
2740_vorskla_poltava_1990s_95210,2740_vorskla_poltava_1990s,2740,Vorskla Poltava,1990s,95210,Mykhaylo Gurka (95210),Ukraine,Defender,Defender,CB,2,2,2.0,0,0,0,2,0,0,581.0,16.0,55.8,67.9,0.6464998797209526,1.0,67.9
2740_vorskla_poltava_1990s_524476,2740_vorskla_poltava_1990s,2740,Vorskla Poltava,1990s,524476,Yuriy Mokrytskyi (524476),Ukraine,Defender - Centre-Back,Defender,CB,2,2,0.0,0,0,0,1,0,0,0.0,6.0,52.2,58.6,0.36901611739235024,1.0,58.6
2740_vorskla_poltava_1990s_780097,2740_vorskla_poltava_1990s,2740,Vorskla Poltava,1990s,780097,Oleg Storozhenko (780097),Ukraine,Goalkeeper,Goalkeeper,GK,1,1,0.0,0,0,1,0,0,0,6.0,3.0,51.1,51.2,0.16754871301419294,1.0,51.2
2740_vorskla_poltava_1990s_882875,2740_vorskla_poltava_1990s,2740,Vorskla Poltava,1990s,882875,Andriy Klymenko (882875),Ukraine,Midfield,Midfield,CM,1,1,0.0,0,0,0,2,0,0,0.0,3.0,51.1,51.2,0.16754871301419294,1.0,51.2
2740_vorskla_poltava_2000s_27826,2740_vorskla_poltava_2000s,2740,Vorskla Poltava,2000s,27826,Denis Glavina (27826),Croatia,Defender - Centre-Back,Defender,CB,5,5,15.0,12,0,0,7,0,2,1939.0,138.0,95.0,88.8,0.97822949242242,1.0,88.8
2740_vorskla_poltava_2000s_36149,2740_vorskla_poltava_2000s,2740,Vorskla Poltava,2000s,36149,Jovan Markoski (36149),Serbia  North Macedonia,Midfield - Attacking Midfield,Midfield,AM,4,4,16.0,9,0,0,28,0,1,3791.0,128.0,91.7,88.1,0.9737791676689921,1.0,88.1
2740_vorskla_poltava_2000s_59076,2740_vorskla_poltava_2000s,2740,Vorskla Poltava,2000s,59076,Sergiy Kravchenko (59076),Ukraine,Midfield - Central Midfield,Midfield,CM,4,4,14.0,10,0,0,19,1,0,2325.0,120.5,89.3,87.5,0.9701707962472937,1.0,87.5
2740_vorskla_poltava_2000s_24004,2740_vorskla_poltava_2000s,2740,Vorskla Poltava,2000s,24004,Serhiy Dolhanskyi (24004),Ukraine,Goalkeeper,Goalkeeper,GK,7,7,0.0,0,42,122,9,0,0,11205.0,84.0,77.4,83.8,0.9470772191484244,1.0,83.8
2740_vorskla_poltava_2000s_59150,2740_vorskla_poltava_2000s,2740,Vorskla Poltava,2000s,59150,Ahmed Januzi (59150),Albania  Kosovo,Attack - Centre-Forward,Attack,FW,4,4,6.0,9,0,0,9,0,0,1988.0,78.0,75.4,83.2,0.9393793601154679,1.0,83.2
2740_vorskla_poltava_2000s_25734,2740_vorskla_poltava_2000s,2740,Vorskla Poltava,2000s,25734,Denys Kulakov (25734),Ukraine,Defender - Right-Back,Defender,RB,3,3,4.0,12,0,0,14,0,0,3076.0,77.0,75.1,83.1,0.9388982439259081,1.0,83.1
2740_vorskla_poltava_2000s_59048,2740_vorskla_poltava_2000s,2740,Vorskla Poltava,2000s,59048,Miroslav Grumic (59048),Serbia  Hungary,Midfield - Attacking Midfield,Midfield,AM,2,2,6.0,4,0,0,12,1,0,1055.0,50.5,66.5,79.1,0.888982439259081,1.0,79.1
2740_vorskla_poltava_2000s_35607,2740_vorskla_poltava_2000s,2740,Vorskla Poltava,2000s,35607,Armend Dallku (35607),Albania  Kosovo,Defender - Centre-Back,Defender,CB,5,5,2.0,7,0,0,26,1,0,1223.0,48.5,65.8,78.7,0.8833293240317537,1.0,78.7
2740_vorskla_poltava_2000s_369492,2740_vorskla_poltava_2000s,2740,Vorskla Poltava,2000s,369492,Vitaliy Kobzar (369492),Kyrgyzstan  Ukraine,Midfield,Midfield,CM,3,3,1.0,6,0,0,9,0,1,1924.0,38.0,62.4,75.8,0.8444791917248016,1.0,75.8
2740_vorskla_poltava_2000s_39996,2740_vorskla_poltava_2000s,2740,Vorskla Poltava,2000s,39996,Andriy Pyatov (39996),Ukraine,Goalkeeper,Goalkeeper,GK,4,4,0.0,0,16,39,0,0,0,3780.0,36.0,61.7,75.3,0.832571566033197,1.0,75.3
2740_vorskla_poltava_2000s_43404,2740_vorskla_poltava_2000s,2740,Vorskla Poltava,2000s,43404,Oleksiy Chychykov (43404),Ukraine,Attack - Right Winger,Attack,RM,3,3,4.0,0,0,0,1,0,0,722.0,29.0,59.5,73.5,0.7883088765936974,1.0,73.5
2740_vorskla_poltava_2000s_97567,2740_vorskla_poltava_2000s,2740,Vorskla Poltava,2000s,97567,Roman Bezus (97567),Ukraine,Midfield - Attacking Midfield,Midfield,AM,2,2,3.0,1,0,0,1,0,0,259.0,25.0,58.2,72.2,0.7552321385614625,1.0,72.2
2740_vorskla_poltava_2000s_34670,2740_vorskla_poltava_2000s,2740,Vorskla Poltava,2000s,34670,Vitaliy Postranskyi (34670),Ukraine,Goalkeeper,Goalkeeper,GK,2,2,0.0,0,9,29,1,0,0,2340.0,19.5,56.4,69.9,0.6968968005773394,1.0,69.9
2740_vorskla_poltava_2000s_43288,2740_vorskla_poltava_2000s,2740,Vorskla Poltava,2000s,43288,Oleksandr Chyzhov (43288),Ukraine,Defender - Centre-Back,Defender,CB,3,3,2.0,0,0,0,7,0,0,1591.0,19.0,56.2,69.6,0.6904017320182824,1.0,69.6
2740_vorskla_poltava_2000s_9797,2740_vorskla_poltava_2000s,2740,Vorskla Poltava,2000s,9797,Oleksandr Melashchenko (9797),Ukraine,Attack - Centre-Forward,Attack,FW,1,1,2.0,1,0,0,0,0,0,409.0,17.0,55.5,68.6,0.6645417368294443,1.0,68.6
2740_vorskla_poltava_2000s_58930,2740_vorskla_poltava_2000s,2740,Vorskla Poltava,2000s,58930,Volodymyr Chesnakov (58930),Ukraine,Defender - Centre-Back,Defender,CB,3,3,2.0,0,0,0,5,0,0,1041.0,17.0,55.5,68.6,0.6645417368294443,1.0,68.6
2740_vorskla_poltava_2000s_58958,2740_vorskla_poltava_2000s,2740,Vorskla Poltava,2000s,58958,Oleksandr Matveyev (58958),Ukraine,Defender - Centre-Back,Defender,CB,2,2,2.0,0,0,0,5,0,0,697.0,15.0,54.9,67.4,0.6314649987972095,1.0,67.4
2740_vorskla_poltava_2000s_68915,2740_vorskla_poltava_2000s,2740,Vorskla Poltava,2000s,68915,Oleg Krasnopyorov (68915),Ukraine,Midfield - Defensive Midfield,Midfield,CDM,2,2,0.0,2,0,0,6,0,0,0.0,14.0,54.6,67.0,0.6188356988212653,1.0,67.0
2740_vorskla_poltava_2000s_38067,2740_vorskla_poltava_2000s,2740,Vorskla Poltava,2000s,38067,Sofiene Melliti (38067),Tunisia,Midfield - Central Midfield,Midfield,CM,1,1,1.0,1,0,0,2,1,0,1179.0,10.5,53.4,64.1,0.5318739475583354,1.0,64.1
2740_vorskla_poltava_2000s_43357,2740_vorskla_poltava_2000s,2740,Vorskla Poltava,2000s,43357,Sergiy Radevych (43357),Ukraine,Defender - Left-Back,Defender,LB,2,2,0.0,1,0,0,5,0,0,0.0,10.0,53.3,63.6,0.5188838104402214,1.0,63.6
2740_vorskla_poltava_2000s_25618,2740_vorskla_poltava_2000s,2740,Vorskla Poltava,2000s,25618,Sergiy Pshenychnykh (25618),Ukraine,Defender - Centre-Back,Defender,CB,3,3,0.0,0,0,0,2,0,0,0.0,9.0,52.9,62.9,0.49735386095742123,1.0,62.9
2740_vorskla_poltava_2000s_20918,2740_vorskla_poltava_2000s,2740,Vorskla Poltava,2000s,20918,Denys Sokolovskyi (20918),Ukraine,Midfield - Attacking Midfield,Midfield,AM,1,1,1.0,0,0,0,2,0,0,556.0,8.0,52.6,61.9,0.46572047149386575,1.0,61.9
2740_vorskla_poltava_2000s_64167,2740_vorskla_poltava_2000s,2740,Vorskla Poltava,2000s,64167,Peter Mercado (64167),Ecuador,Defender - Centre-Back,Defender,CB,1,1,0.0,1,0,0,3,0,0,0.0,7.0,52.3,60.4,0.42097666586480637,1.0,60.4
2740_vorskla_poltava_2000s_122088,2740_vorskla_poltava_2000s,2740,Vorskla Poltava,2000s,122088,Artem Gromov (122088),Ukraine,Attack - Left Winger,Attack,LM,1,1,0.0,1,0,0,0,0,0,0.0,7.0,52.3,60.4,0.42097666586480637,1.0,60.4
2740_vorskla_poltava_2000s_43359,2740_vorskla_poltava_2000s,2740,Vorskla Poltava,2000s,43359,Pavlo Rebenok (43359),Ukraine,Midfield - Left Midfield,Midfield,LM,2,2,0.0,0,0,0,0,0,0,0.0,6.0,52.0,58.6,0.36901611739235024,1.0,58.6
2740_vorskla_poltava_2000s_43377,2740_vorskla_poltava_2000s,2740,Vorskla Poltava,2000s,43377,Denys Stoyan (43377),Ukraine,Defender - Left-Back,Defender,LB,2,2,0.0,0,0,0,10,0,0,0.0,6.0,52.0,58.6,0.36901611739235024,1.0,58.6
2740_vorskla_poltava_2000s_58954,2740_vorskla_poltava_2000s,2740,Vorskla Poltava,2000s,58954,Yevgen Peskov (58954),Ukraine,Defender - Centre-Back,Defender,CB,2,2,0.0,0,0,0,0,0,0,0.0,6.0,52.0,58.6,0.36901611739235024,1.0,58.6
2740_vorskla_poltava_2000s_97576,2740_vorskla_poltava_2000s,2740,Vorskla Poltava,2000s,97576,Roman Kunev (97576),Ukraine,Midfield - Right Midfield,Midfield,RM,2,2,0.0,0,0,0,0,0,0,0.0,6.0,52.0,58.6,0.36901611739235024,1.0,58.6
2740_vorskla_poltava_2000s_43290,2740_vorskla_poltava_2000s,2740,Vorskla Poltava,2000s,43290,Oleg Chuvaev (43290),Ukraine  Russia,Goalkeeper,Goalkeeper,GK,1,1,0.0,0,0,0,0,0,0,0.0,3.0,51.0,51.2,0.16754871301419294,1.0,51.2
2740_vorskla_poltava_2000s_58255,2740_vorskla_poltava_2000s,2740,Vorskla Poltava,2000s,58255,Yuriy Tselykh (58255),Ukraine,Attack - Centre-Forward,Attack,FW,1,1,0.0,0,0,0,1,0,0,0.0,3.0,51.0,51.2,0.16754871301419294,1.0,51.2
2740_vorskla_poltava_2000s_58977,2740_vorskla_poltava_2000s,2740,Vorskla Poltava,2000s,58977,Sergiy Vovkodav (58977),Ukraine,Defender - Right-Back,Defender,RB,1,1,0.0,0,0,0,0,0,0,0.0,3.0,51.0,51.2,0.16754871301419294,1.0,51.2
2740_vorskla_poltava_2000s_95210,2740_vorskla_poltava_2000s,2740,Vorskla Poltava,2000s,95210,Mykhaylo Gurka (95210),Ukraine,Defender,Defender,CB,1,1,0.0,0,0,0,0,0,0,0.0,3.0,51.0,51.2,0.16754871301419294,1.0,51.2
2740_vorskla_poltava_2000s_118430,2740_vorskla_poltava_2000s,2740,Vorskla Poltava,2000s,118430,Volodymyr Mazyar (118430),Ukraine,Attack - Centre-Forward,Attack,FW,1,1,0.0,0,0,0,0,0,0,0.0,3.0,51.0,51.2,0.16754871301419294,1.0,51.2
2740_vorskla_poltava_2000s_943663,2740_vorskla_poltava_2000s,2740,Vorskla Poltava,2000s,943663,Kostyantyn Lemishko (943663),Ukraine,Defender,Defender,CB,1,1,0.0,0,0,0,2,0,0,0.0,3.0,51.0,51.2,0.16754871301419294,1.0,51.2
2740_vorskla_poltava_2010s_43359,2740_vorskla_poltava_2010s,2740,Vorskla Poltava,2010s,43359,Pavlo Rebenok (43359),Ukraine,Midfield - Left Midfield,Midfield,LM,8,11,14.0,26,0,0,16,0,0,6096.0,198.0,95.0,92.0,0.9898965600192446,1.0,92.0
2740_vorskla_poltava_2010s_122088,2740_vorskla_poltava_2010s,2740,Vorskla Poltava,2010s,122088,Artem Gromov (122088),Ukraine,Attack - Left Winger,Attack,LM,6,6,25.0,11,0,0,9,0,2,1462.0,186.0,92.3,91.1,0.9877315371662256,1.0,91.1
2740_vorskla_poltava_2010s_59150,2740_vorskla_poltava_2010s,2740,Vorskla Poltava,2010s,59150,Ahmed Januzi (59150),Albania  Kosovo,Attack - Centre-Forward,Attack,FW,6,6,22.0,7,0,0,23,0,4,1922.0,155.0,85.2,89.6,0.982679817175848,1.0,89.6
2740_vorskla_poltava_2010s_97567,2740_vorskla_poltava_2010s,2740,Vorskla Poltava,2010s,97567,Roman Bezus (97567),Ukraine,Midfield - Attacking Midfield,Midfield,AM,3,3,17.0,11,0,0,13,1,3,920.0,135.5,80.8,88.7,0.9771469809959105,1.0,88.7
2740_vorskla_poltava_2010s_58930,2740_vorskla_poltava_2010s,2740,Vorskla Poltava,2010s,58930,Volodymyr Chesnakov (58930),Ukraine,Defender - Centre-Back,Defender,CB,10,13,10.0,6,0,0,56,0,0,12274.0,103.0,73.4,85.7,0.9598267981717585,1.0,85.7
2740_vorskla_poltava_2010s_57901,2740_vorskla_poltava_2010s,2740,Vorskla Poltava,2010s,57901,Vyacheslav Sharpar (57901),Ukraine,Midfield - Central Midfield,Midfield,CM,3,5,14.0,5,0,0,17,0,5,1560.0,99.0,72.5,85.3,0.9577820543661294,1.0,85.3
2740_vorskla_poltava_2010s_201671,2740_vorskla_poltava_2010s,2740,Vorskla Poltava,2010s,201671,Igor Perduta (201671),Ukraine,Defender - Right-Back,Defender,RB,9,12,3.0,14,0,0,36,1,0,3482.0,96.5,71.9,84.9,0.9550156362761607,1.0,84.9
2740_vorskla_poltava_2010s_106632,2740_vorskla_poltava_2010s,2740,Vorskla Poltava,2010s,106632,Sanzhar Tursunov (106632),Uzbekistan  Russia,Midfield - Attacking Midfield,Midfield,AM,4,4,11.0,6,0,0,9,0,1,2249.0,89.0,70.2,84.2,0.9511667067596825,1.0,84.2
2740_vorskla_poltava_2010s_36149,2740_vorskla_poltava_2010s,2740,Vorskla Poltava,2010s,36149,Jovan Markoski (36149),Serbia  North Macedonia,Midfield - Attacking Midfield,Midfield,AM,5,5,3.0,13,0,0,23,0,0,3339.0,81.0,68.4,83.5,0.943348568679336,1.0,83.5
2740_vorskla_poltava_2010s_167556,2740_vorskla_poltava_2010s,2740,Vorskla Poltava,2010s,167556,Vladyslav Kulach (167556),Ukraine,Attack - Centre-Forward,Attack,FW,3,5,12.0,3,0,0,12,0,2,1392.0,81.0,68.4,83.5,0.943348568679336,1.0,83.5
2740_vorskla_poltava_2010s_39253,2740_vorskla_poltava_2010s,2740,Vorskla Poltava,2010s,39253,Anton Shynder (39253),Ukraine,Attack - Centre-Forward,Attack,FW,2,2,12.0,2,0,0,12,0,2,449.0,73.0,66.6,82.6,0.9321626172720712,1.0,82.6
2740_vorskla_poltava_2010s_35607,2740_vorskla_poltava_2010s,2740,Vorskla Poltava,2010s,35607,Armend Dallku (35607),Albania  Kosovo,Defender - Centre-Back,Defender,CB,6,6,3.0,10,0,0,49,1,0,7470.0,70.5,66.0,82.3,0.9286745248977628,1.0,82.3
2740_vorskla_poltava_2010s_43332,2740_vorskla_poltava_2010s,2740,Vorskla Poltava,2010s,43332,Oleksandr Kovpak (43332),Ukraine,Attack - Centre-Forward,Attack,FW,2,2,10.0,2,0,0,1,0,1,510.0,64.0,64.5,81.6,0.9200144334856868,1.0,81.6
2740_vorskla_poltava_2010s_59083,2740_vorskla_poltava_2010s,2740,Vorskla Poltava,2010s,59083,Oleg Barannik (59083),Ukraine,Attack - Centre-Forward,Attack,FW,7,7,5.0,3,0,0,3,0,0,1167.0,58.0,63.2,80.5,0.9067837382727929,1.0,80.5
2740_vorskla_poltava_2010s_91450,2740_vorskla_poltava_2010s,2740,Vorskla Poltava,2010s,91450,Oleg Mishchenko (91450),Ukraine,Attack - Right Winger,Attack,RM,3,3,7.0,3,0,0,8,0,0,486.0,56.0,62.7,80.1,0.9016117392350252,1.0,80.1
2740_vorskla_poltava_2010s_49030,2740_vorskla_poltava_2010s,2740,Vorskla Poltava,2010s,49030,Denys Vasin (49030),Ukraine,Attack - Right Winger,Attack,RM,3,6,8.0,1,0,0,12,0,5,885.0,53.0,62.0,79.7,0.8960789030550877,1.0,79.7
2740_vorskla_poltava_2010s_86502,2740_vorskla_poltava_2010s,2740,Vorskla Poltava,2010s,86502,Ivan Kryvosheenko (86502),Ukraine,Midfield - Right Midfield,Midfield,RM,4,4,5.0,4,0,0,3,0,0,2979.0,53.0,62.0,79.7,0.8960789030550877,1.0,79.7
2740_vorskla_poltava_2010s_59129,2740_vorskla_poltava_2010s,2740,Vorskla Poltava,2010s,59129,Vadym Sapay (59129),Ukraine,Defender - Left-Back,Defender,LB,8,11,3.0,4,0,0,33,0,0,3273.0,52.0,61.8,79.5,0.8937936011546789,1.0,79.5
2740_vorskla_poltava_2010s_59442,2740_vorskla_poltava_2010s,2740,Vorskla Poltava,2010s,59442,Yevgen Selin (59442),Ukraine,Defender - Centre-Back,Defender,CB,3,3,6.0,3,0,0,6,0,1,3526.0,51.0,61.6,79.3,0.8909069040173202,1.0,79.3
2740_vorskla_poltava_2010s_120144,2740_vorskla_poltava_2010s,2740,Vorskla Poltava,2010s,120144,Yevgen Budnik (120144),Ukraine,Attack - Centre-Forward,Attack,FW,4,4,6.0,2,0,0,3,0,1,193.0,50.0,61.4,79.1,0.8883810440221314,1.0,79.1
2740_vorskla_poltava_2010s_91801,2740_vorskla_poltava_2010s,2740,Vorskla Poltava,2010s,91801,Oleksandr Sklyar (91801),Ukraine,Midfield - Central Midfield,Midfield,CM,8,11,3.0,3,0,0,49,0,0,3748.0,48.0,60.9,78.5,0.8812845802261247,1.0,78.5
2740_vorskla_poltava_2010s_56698,2740_vorskla_poltava_2010s,2740,Vorskla Poltava,2010s,56698,Aleksandre Kobakhidze (56698),Georgia,Midfield - Right Midfield,Midfield,RM,3,5,4.0,4,0,0,4,0,1,1647.0,45.0,60.2,77.7,0.8707000240558095,1.0,77.7
2740_vorskla_poltava_2010s_98536,2740_vorskla_poltava_2010s,2740,Vorskla Poltava,2010s,98536,Adis Jahovic (98536),North Macedonia  Bosnia-Herzegovina,Attack - Centre-Forward,Attack,FW,1,1,6.0,3,0,0,4,0,1,247.0,45.0,60.2,77.7,0.8707000240558095,1.0,77.7
2740_vorskla_poltava_2010s_395069,2740_vorskla_poltava_2010s,2740,Vorskla Poltava,2010s,395069,Volodymyr Odaryuk (395069),Ukraine,Attack - Right Winger,Attack,RM,4,5,3.0,4,0,0,8,0,0,936.0,43.0,59.8,77.0,0.8626413278806832,1.0,77.0
2740_vorskla_poltava_2010s_24004,2740_vorskla_poltava_2010s,2740,Vorskla Poltava,2010s,24004,Serhiy Dolhanskyi (24004),Ukraine,Goalkeeper,Goalkeeper,GK,3,3,0.0,0,21,79,7,0,0,5935.0,40.5,59.2,76.3,0.8542217945633871,1.0,76.3
2740_vorskla_poltava_2010s_25734,2740_vorskla_poltava_2010s,2740,Vorskla Poltava,2010s,25734,Denys Kulakov (25734),Ukraine,Defender - Right-Back,Defender,RB,1,1,1.0,8,0,0,2,0,0,2698.0,40.0,59.1,76.2,0.8524176088525379,1.0,76.2
2740_vorskla_poltava_2010s_77847,2740_vorskla_poltava_2010s,2740,Vorskla Poltava,2010s,77847,Dmitriy Nepogodov (77847),Kazakhstan  Ukraine,Goalkeeper,Goalkeeper,GK,5,5,0.0,0,16,63,4,0,0,5040.0,39.0,58.9,76.0,0.8490497955256194,1.0,76.0
2740_vorskla_poltava_2010s_57869,2740_vorskla_poltava_2010s,2740,Vorskla Poltava,2010s,57869,Denys Dedechko (57869),Ukraine,Midfield - Defensive Midfield,Midfield,CDM,2,2,6.0,1,0,0,11,1,0,1298.0,37.5,58.5,75.7,0.8421938898243926,1.0,75.7
2740_vorskla_poltava_2010s_68915,2740_vorskla_poltava_2010s,2740,Vorskla Poltava,2010s,68915,Oleg Krasnopyorov (68915),Ukraine,Midfield - Defensive Midfield,Midfield,CDM,3,3,3.0,3,0,0,16,0,0,3615.0,36.0,58.2,75.3,0.832571566033197,1.0,75.3
2740_vorskla_poltava_2010s_58150,2740_vorskla_poltava_2010s,2740,Vorskla Poltava,2010s,58150,Andriy Tkachuk (58150),Ukraine,Midfield - Defensive Midfield,Midfield,CDM,4,4,3.0,2,0,0,11,0,0,2221.0,35.0,58.0,75.1,0.8263170555689199,1.0,75.1
2740_vorskla_poltava_2010s_174213,2740_vorskla_poltava_2010s,2740,Vorskla Poltava,2010s,174213,Oleksandr Tkachenko (174213),Ukraine,Goalkeeper,Goalkeeper,GK,5,8,0.0,0,11,63,4,0,0,3999.0,31.5,57.2,74.2,0.80454654799134,1.0,74.2
2740_vorskla_poltava_2010s_28179,2740_vorskla_poltava_2010s,2740,Vorskla Poltava,2010s,28179,Mladen Bartulovic (28179),Croatia,Midfield - Left Midfield,Midfield,LM,2,2,1.0,5,0,0,10,1,0,1142.0,29.5,56.7,73.7,0.7920375270627856,1.0,73.7
2740_vorskla_poltava_2010s_59933,2740_vorskla_poltava_2010s,2740,Vorskla Poltava,2010s,59933,Stanislav Bogush (59933),Ukraine,Goalkeeper,Goalkeeper,GK,3,3,0.0,0,13,30,2,0,0,3060.0,28.5,56.5,73.4,0.7840991099350493,1.0,73.4
2740_vorskla_poltava_2010s_86466,2740_vorskla_poltava_2010s,2740,Vorskla Poltava,2010s,86466,Yevgeniy Tkachuk (86466),Ukraine,Defender - Centre-Back,Defender,CB,6,6,0.0,2,0,0,15,0,0,0.0,26.0,55.9,72.6,0.7647341833052682,1.0,72.6
2740_vorskla_poltava_2010s_242279,2740_vorskla_poltava_2010s,2740,Vorskla Poltava,2010s,242279,Oleksiy Dytyatyev (242279),Ukraine,Defender - Centre-Back,Defender,CB,2,2,4.0,0,0,0,14,0,0,2012.0,26.0,55.9,72.6,0.7647341833052682,1.0,72.6
2740_vorskla_poltava_2010s_255638,2740_vorskla_poltava_2010s,2740,Vorskla Poltava,2010s,255638,Dmytro Kravchenko (255638),Ukraine,Midfield - Defensive Midfield,Midfield,CDM,7,8,1.0,0,0,0,9,0,0,636.0,26.0,55.9,72.6,0.7647341833052682,1.0,72.6
2740_vorskla_poltava_2010s_59423,2740_vorskla_poltava_2010s,2740,Vorskla Poltava,2010s,59423,Aleksey Kurilov (59423),Russia  Ukraine,Defender - Centre-Back,Defender,CB,4,4,2.0,1,0,0,16,1,0,1079.0,24.5,55.6,72.0,0.7511426509502045,1.0,72.0
2740_vorskla_poltava_2010s_213974,2740_vorskla_poltava_2010s,2740,Vorskla Poltava,2010s,213974,Artem Gabelok (213974),Ukraine,Midfield - Central Midfield,Midfield,CM,2,3,2.0,2,0,0,5,0,0,337.0,24.0,55.5,71.9,0.7468126052441665,1.0,71.9
2740_vorskla_poltava_2010s_222079,2740_vorskla_poltava_2010s,2740,Vorskla Poltava,2010s,222079,Ruslan Stepanyuk (222079),Ukraine,Attack - Centre-Forward,Attack,FW,1,2,4.0,0,0,0,1,0,0,331.0,23.0,55.2,71.5,0.7382727928794804,1.0,71.5
2740_vorskla_poltava_2010s_43288,2740_vorskla_poltava_2010s,2740,Vorskla Poltava,2010s,43288,Oleksandr Chyzhov (43288),Ukraine,Defender - Centre-Back,Defender,CB,3,5,3.0,0,0,0,21,0,0,1840.0,22.0,55.0,71.1,0.7276882367091653,1.0,71.1
2740_vorskla_poltava_2010s_193158,2740_vorskla_poltava_2010s,2740,Vorskla Poltava,2010s,193158,Sergiy Myakushko (193158),Ukraine,Attack - Left Winger,Attack,LM,1,1,1.0,3,0,0,1,0,0,898.0,20.0,54.5,70.2,0.7051960548472456,1.0,70.2
2740_vorskla_poltava_2010s_43404,2740_vorskla_poltava_2010s,2740,Vorskla Poltava,2010s,43404,Oleksiy Chychykov (43404),Ukraine,Attack - Right Winger,Attack,RM,3,3,1.0,1,0,0,1,0,0,574.0,18.0,54.1,69.1,0.6780129901371181,1.0,69.1
2740_vorskla_poltava_2010s_296903,2740_vorskla_poltava_2010s,2740,Vorskla Poltava,2010s,296903,Artur (296903),Brazil,Defender - Left-Back,Defender,LB,2,3,0.0,3,0,0,6,0,0,0.0,18.0,54.1,69.1,0.6780129901371181,1.0,69.1
2740_vorskla_poltava_2010s_58252,2740_vorskla_poltava_2010s,2740,Vorskla Poltava,2010s,58252,Sergiy Siminin (58252),Ukraine,Defender - Right-Back,Defender,RB,3,3,0.0,2,0,0,14,0,0,0.0,17.0,53.9,68.6,0.6645417368294443,1.0,68.6
2740_vorskla_poltava_2010s_285296,2740_vorskla_poltava_2010s,2740,Vorskla Poltava,2010s,285296,Edin Sehic (285296),Bosnia-Herzegovina  Croatia,Defender - Right-Back,Defender,RB,2,4,2.0,0,0,0,9,0,0,269.0,16.0,53.6,67.9,0.6464998797209526,1.0,67.9
2740_vorskla_poltava_2010s_543493,2740_vorskla_poltava_2010s,2740,Vorskla Poltava,2010s,543493,Najeeb Yakubu (543493),Niger  Ghana,Attack - Right Winger,Attack,RM,2,4,2.0,0,0,0,2,0,0,499.0,16.0,53.6,67.9,0.6464998797209526,1.0,67.9
2740_vorskla_poltava_2010s_543380,2740_vorskla_poltava_2010s,2740,Vorskla Poltava,2010s,543380,Ibrahim Kane (543380),Mali,Midfield - Right Midfield,Midfield,RM,2,4,1.0,1,0,0,5,0,0,450.0,14.0,53.2,67.0,0.6188356988212653,1.0,67.0
2740_vorskla_poltava_2010s_345401,2740_vorskla_poltava_2010s,2740,Vorskla Poltava,2010s,345401,Nicolas Careca (345401),Brazil,Attack - Centre-Forward,Attack,FW,1,2,2.0,0,0,0,4,0,0,1236.0,13.0,53.0,66.3,0.600072167428434,1.0,66.3
2740_vorskla_poltava_2010s_97835,2740_vorskla_poltava_2010s,2740,Vorskla Poltava,2010s,97835,Dmytro Yeremenko (97835),Ukraine,Attack - Right Winger,Attack,RM,1,1,1.0,1,0,0,3,0,0,320.0,12.0,52.7,65.5,0.5752946836661054,1.0,65.5
2740_vorskla_poltava_2010s_498899,2740_vorskla_poltava_2010s,2740,Vorskla Poltava,2010s,498899,Taras Sakiv (498899),Ukraine,Defender - Left-Back,Defender,LB,4,6,0.0,0,0,0,5,0,0,0.0,12.0,52.7,65.5,0.5752946836661054,1.0,65.5
2740_vorskla_poltava_2010s_597880,2740_vorskla_poltava_2010s,2740,Vorskla Poltava,2010s,597880,Dmytro Riznyk (597880),Ukraine,Goalkeeper,Goalkeeper,GK,2,4,0.0,0,4,19,0,0,0,1260.0,12.0,52.7,65.5,0.5752946836661054,1.0,65.5
2740_vorskla_poltava_2010s_511909,2740_vorskla_poltava_2010s,2740,Vorskla Poltava,2010s,511909,Artem Chelyadin (511909),Ukraine,Midfield - Defensive Midfield,Midfield,CDM,1,2,1.0,1,0,0,1,0,0,180.0,11.0,52.5,64.6,0.5475102237190281,1.0,64.6
2740_vorskla_poltava_2010s_58958,2740_vorskla_poltava_2010s,2740,Vorskla Poltava,2010s,58958,Oleksandr Matveyev (58958),Ukraine,Defender - Centre-Back,Defender,CB,4,4,0.0,0,0,0,9,0,0,0.0,10.0,52.3,63.6,0.5188838104402214,1.0,63.6
2740_vorskla_poltava_2010s_58977,2740_vorskla_poltava_2010s,2740,Vorskla Poltava,2010s,58977,Sergiy Vovkodav (58977),Ukraine,Defender - Right-Back,Defender,RB,3,3,0.0,0,0,0,1,0,0,0.0,9.0,52.0,62.9,0.49735386095742123,1.0,62.9
2740_vorskla_poltava_2010s_217760,2740_vorskla_poltava_2010s,2740,Vorskla Poltava,2010s,217760,Oleksiy Kazakov (217760),Ukraine,Goalkeeper,Goalkeeper,GK,3,3,0.0,0,0,8,0,0,0,540.0,9.0,52.0,62.9,0.49735386095742123,1.0,62.9
2740_vorskla_poltava_2010s_55763,2740_vorskla_poltava_2010s,2740,Vorskla Poltava,2010s,55763,Ivan Lietava (55763),Slovakia,Attack - Centre-Forward,Attack,FW,1,1,1.0,0,0,0,1,0,0,347.0,8.0,51.8,61.9,0.46572047149386575,1.0,61.9
2740_vorskla_poltava_2010s_751363,2740_vorskla_poltava_2010s,2740,Vorskla Poltava,2010s,751363,Danylo Kravchuk (751363),Ukraine,Attack - Centre-Forward,Attack,FW,1,1,1.0,0,0,0,1,0,0,358.0,8.0,51.8,61.9,0.46572047149386575,1.0,61.9
2740_vorskla_poltava_2010s_771914,2740_vorskla_poltava_2010s,2740,Vorskla Poltava,2010s,771914,Yevgen Pavlyuk (771914),Ukraine,Defender - Centre-Back,Defender,CB,1,1,1.0,0,0,0,0,0,0,271.0,8.0,51.8,61.9,0.46572047149386575,1.0,61.9
2740_vorskla_poltava_2010s_177276,2740_vorskla_poltava_2010s,2740,Vorskla Poltava,2010s,177276,Bogdan Sarnavskyi (177276),Ukraine,Goalkeeper,Goalkeeper,GK,2,2,0.0,0,1,4,0,0,0,270.0,7.5,51.7,61.1,0.44274717344238634,1.0,61.1
2740_vorskla_poltava_2010s_58016,2740_vorskla_poltava_2010s,2740,Vorskla Poltava,2010s,58016,Oleg Golodyuk (58016),Ukraine,Midfield - Central Midfield,Midfield,CM,1,1,0.0,1,0,0,3,0,0,0.0,7.0,51.6,60.4,0.42097666586480637,1.0,60.4
2740_vorskla_poltava_2010s_58954,2740_vorskla_poltava_2010s,2740,Vorskla Poltava,2010s,58954,Yevgen Peskov (58954),Ukraine,Defender - Centre-Back,Defender,CB,3,3,0.0,0,0,0,6,0,0,0.0,7.0,51.6,60.4,0.42097666586480637,1.0,60.4
2740_vorskla_poltava_2010s_197078,2740_vorskla_poltava_2010s,2740,Vorskla Poltava,2010s,197078,David Puclin (197078),Croatia,Midfield - Defensive Midfield,Midfield,CDM,1,2,0.0,1,0,0,3,0,0,0.0,7.0,51.6,60.4,0.42097666586480637,1.0,60.4
2740_vorskla_poltava_2010s_518723,2740_vorskla_poltava_2010s,2740,Vorskla Poltava,2010s,518723,Luizão (518723),Brazil,Midfield - Defensive Midfield,Midfield,CDM,1,2,1.0,0,0,0,5,0,0,1317.0,7.0,51.6,60.4,0.42097666586480637,1.0,60.4
2740_vorskla_poltava_2010s_771911,2740_vorskla_poltava_2010s,2740,Vorskla Poltava,2010s,771911,Ilya Gadzhuk (771911),Ukraine,Midfield - Central Midfield,Midfield,CM,1,1,0.0,1,0,0,0,0,0,0.0,7.0,51.6,60.4,0.42097666586480637,1.0,60.4
2740_vorskla_poltava_2010s_17228,2740_vorskla_poltava_2010s,2740,Vorskla Poltava,2010s,17228,Panagiotis Lagos (17228),Greece,Midfield - Left Midfield,Midfield,LM,2,2,0.0,0,0,0,2,0,0,0.0,6.0,51.4,58.6,0.36901611739235024,1.0,58.6
2740_vorskla_poltava_2010s_41885,2740_vorskla_poltava_2010s,2740,Vorskla Poltava,2010s,41885,Sergiy Silyuk (41885),Ukraine,Attack - Centre-Forward,Attack,FW,2,2,0.0,0,0,0,3,0,0,0.0,6.0,51.4,58.6,0.36901611739235024,1.0,58.6
2740_vorskla_poltava_2010s_59893,2740_vorskla_poltava_2010s,2740,Vorskla Poltava,2010s,59893,Oleksandr Romanchuk (59893),Ukraine,Defender - Left-Back,Defender,LB,2,2,0.0,0,0,0,1,0,0,0.0,6.0,51.4,58.6,0.36901611739235024,1.0,58.6
2740_vorskla_poltava_2010s_97576,2740_vorskla_poltava_2010s,2740,Vorskla Poltava,2010s,97576,Roman Kunev (97576),Ukraine,Midfield - Right Midfield,Midfield,RM,2,2,0.0,0,0,0,0,0,0,0.0,6.0,51.4,58.6,0.36901611739235024,1.0,58.6
2740_vorskla_poltava_2010s_107368,2740_vorskla_poltava_2010s,2740,Vorskla Poltava,2010s,107368,Maksym Lavrenyuk (107368),Ukraine,Goalkeeper,Goalkeeper,GK,2,2,0.0,0,0,4,0,0,0,90.0,6.0,51.4,58.6,0.36901611739235024,1.0,58.6
2740_vorskla_poltava_2010s_111074,2740_vorskla_poltava_2010s,2740,Vorskla Poltava,2010s,111074,Artur Zapadnya (111074),Ukraine,Defender - Left-Back,Defender,LB,2,2,0.0,0,0,0,0,0,0,0.0,6.0,51.4,58.6,0.36901611739235024,1.0,58.6
2740_vorskla_poltava_2010s_226014,2740_vorskla_poltava_2010s,2740,Vorskla Poltava,2010s,226014,Sergiy Chenbay (226014),Ukraine,Defender - Centre-Back,Defender,CB,2,2,0.0,0,0,0,1,0,0,0.0,6.0,51.4,58.6,0.36901611739235024,1.0,58.6
2740_vorskla_poltava_2010s_343316,2740_vorskla_poltava_2010s,2740,Vorskla Poltava,2010s,343316,Sergiy Kosovskyi (343316),Ukraine,Midfield - Defensive Midfield,Midfield,CDM,2,2,0.0,0,0,0,0,0,0,0.0,6.0,51.4,58.6,0.36901611739235024,1.0,58.6
2740_vorskla_poltava_2010s_429099,2740_vorskla_poltava_2010s,2740,Vorskla Poltava,2010s,429099,Bogdan Melnyk (429099),Ukraine,Defender - Right-Back,Defender,RB,2,2,0.0,0,0,0,0,0,0,0.0,6.0,51.4,58.6,0.36901611739235024,1.0,58.6
2740_vorskla_poltava_2010s_395068,2740_vorskla_poltava_2010s,2740,Vorskla Poltava,2010s,395068,Yan Vichnyi (395068),Ukraine,Goalkeeper,Goalkeeper,GK,1,1,0.0,0,1,0,0,0,0,17.0,4.5,51.0,57.1,0.3246331489054607,1.0,57.1
2740_vorskla_poltava_2010s_292570,2740_vorskla_poltava_2010s,2740,Vorskla Poltava,2010s,292570,Yevgen Martynenko (292570),Ukraine,Defender - Centre-Back,Defender,CB,2,4,0.0,0,0,0,3,1,0,0.0,3.5,50.8,56.7,0.31549194130382485,1.0,56.7
2740_vorskla_poltava_2010s_43290,2740_vorskla_poltava_2010s,2740,Vorskla Poltava,2010s,43290,Oleg Chuvaev (43290),Ukraine  Russia,Goalkeeper,Goalkeeper,GK,1,1,0.0,0,0,0,0,0,0,0.0,3.0,50.7,51.2,0.16754871301419294,1.0,51.2
2740_vorskla_poltava_2010s_58418,2740_vorskla_poltava_2010s,2740,Vorskla Poltava,2010s,58418,Vadym Milko (58418),Ukraine,Midfield - Central Midfield,Midfield,CM,1,1,0.0,0,0,0,0,0,0,0.0,3.0,50.7,51.2,0.16754871301419294,1.0,51.2
2740_vorskla_poltava_2010s_86931,2740_vorskla_poltava_2010s,2740,Vorskla Poltava,2010s,86931,Yevgen Opanasenko (86931),Ukraine,Defender - Right-Back,Defender,RB,1,1,0.0,0,0,0,0,0,0,0.0,3.0,50.7,51.2,0.16754871301419294,1.0,51.2
2740_vorskla_poltava_2010s_89427,2740_vorskla_poltava_2010s,2740,Vorskla Poltava,2010s,89427,Yevgen Pichkur (89427),Ukraine,Midfield - Left Midfield,Midfield,LM,1,1,0.0,0,0,0,0,0,0,0.0,3.0,50.7,51.2,0.16754871301419294,1.0,51.2
2740_vorskla_poltava_2010s_91549,2740_vorskla_poltava_2010s,2740,Vorskla Poltava,2010s,91549,Valeriy Kutsenko (91549),Ukraine,Midfield - Attacking Midfield,Midfield,AM,1,1,0.0,0,0,0,2,0,0,0.0,3.0,50.7,51.2,0.16754871301419294,1.0,51.2
2740_vorskla_poltava_2010s_110688,2740_vorskla_poltava_2010s,2740,Vorskla Poltava,2010s,110688,Sergiy Loginov (110688),Ukraine,Defender - Centre-Back,Defender,CB,1,1,0.0,0,0,0,0,0,0,0.0,3.0,50.7,51.2,0.16754871301419294,1.0,51.2
2740_vorskla_poltava_2010s_248930,2740_vorskla_poltava_2010s,2740,Vorskla Poltava,2010s,248930,Danylo Kanevtsev (248930),Ukraine,Goalkeeper,Goalkeeper,GK,1,1,0.0,0,0,1,0,0,0,28.0,3.0,50.7,51.2,0.16754871301419294,1.0,51.2
2740_vorskla_poltava_2010s_252778,2740_vorskla_poltava_2010s,2740,Vorskla Poltava,2010s,252778,Valeriy Kurelekh (252778),Ukraine,Defender - Centre-Back,Defender,CB,1,1,0.0,0,0,0,1,0,0,0.0,3.0,50.7,51.2,0.16754871301419294,1.0,51.2
2740_vorskla_poltava_2010s_272816,2740_vorskla_poltava_2010s,2740,Vorskla Poltava,2010s,272816,Yuriy Glushchuk (272816),Ukraine,Midfield - Central Midfield,Midfield,CM,1,2,0.0,0,0,0,0,0,0,0.0,3.0,50.7,51.2,0.16754871301419294,1.0,51.2
2740_vorskla_poltava_2010s_289059,2740_vorskla_poltava_2010s,2740,Vorskla Poltava,2010s,289059,Mykola Matvienko (289059),Ukraine,Defender - Centre-Back,Defender,CB,1,1,0.0,0,0,0,0,0,0,0.0,3.0,50.7,51.2,0.16754871301419294,1.0,51.2
2740_vorskla_poltava_2010s_316945,2740_vorskla_poltava_2010s,2740,Vorskla Poltava,2010s,316945,Maryan Mysyk (316945),Ukraine,Midfield - Left Midfield,Midfield,LM,1,2,0.0,0,0,0,3,0,0,0.0,3.0,50.7,51.2,0.16754871301419294,1.0,51.2
2740_vorskla_poltava_2010s_318361,2740_vorskla_poltava_2010s,2740,Vorskla Poltava,2010s,318361,Dzhemal Kyzylatesh (318361),Ukraine  Türkiye,Midfield - Defensive Midfield,Midfield,CDM,1,1,0.0,0,0,0,0,0,0,0.0,3.0,50.7,51.2,0.16754871301419294,1.0,51.2
2740_vorskla_poltava_2010s_325386,2740_vorskla_poltava_2010s,2740,Vorskla Poltava,2010s,325386,Maksym Marusych (325386),Ukraine,Attack - Centre-Forward,Attack,FW,1,1,0.0,0,0,0,0,0,0,0.0,3.0,50.7,51.2,0.16754871301419294,1.0,51.2
2740_vorskla_poltava_2010s_335192,2740_vorskla_poltava_2010s,2740,Vorskla Poltava,2010s,335192,Bogdan Sichkaruk (335192),Ukraine,Attack - Centre-Forward,Attack,FW,1,1,0.0,0,0,0,0,0,0,0.0,3.0,50.7,51.2,0.16754871301419294,1.0,51.2
2740_vorskla_poltava_2010s_335193,2740_vorskla_poltava_2010s,2740,Vorskla Poltava,2010s,335193,Tymur Pogranichnyi (335193),Ukraine,Midfield - Left Midfield,Midfield,LM,1,1,0.0,0,0,0,0,0,0,0.0,3.0,50.7,51.2,0.16754871301419294,1.0,51.2
2740_vorskla_poltava_2010s_429157,2740_vorskla_poltava_2010s,2740,Vorskla Poltava,2010s,429157,Yuriy Kozyrenko (429157),Ukraine,Attack - Right Winger,Attack,RM,1,2,0.0,0,0,0,0,0,0,0.0,3.0,50.7,51.2,0.16754871301419294,1.0,51.2
2740_vorskla_poltava_2010s_433219,2740_vorskla_poltava_2010s,2740,Vorskla Poltava,2010s,433219,Pape-Alioune Ndiaye (433219),France  Senegal,Defender - Centre-Back,Defender,CB,1,2,0.0,0,0,0,3,0,0,0.0,3.0,50.7,51.2,0.16754871301419294,1.0,51.2
2740_vorskla_poltava_2010s_461654,2740_vorskla_poltava_2010s,2740,Vorskla Poltava,2010s,461654,Taras Dmytruk (461654),Ukraine,Defender - Right-Back,Defender,RB,1,1,0.0,0,0,0,0,0,0,0.0,3.0,50.7,51.2,0.16754871301419294,1.0,51.2
2740_vorskla_poltava_2010s_461666,2740_vorskla_poltava_2010s,2740,Vorskla Poltava,2010s,461666,Maksym Melnychuk (461666),Ukraine,Defender - Left-Back,Defender,LB,1,2,0.0,0,0,0,2,0,0,0.0,3.0,50.7,51.2,0.16754871301419294,1.0,51.2
2740_vorskla_poltava_2010s_537853,2740_vorskla_poltava_2010s,2740,Vorskla Poltava,2010s,537853,Andriy Stryzhak (537853),Ukraine,Midfield - Defensive Midfield,Midfield,CDM,1,1,0.0,0,0,0,1,0,0,0.0,3.0,50.7,51.2,0.16754871301419294,1.0,51.2
2740_vorskla_poltava_2010s_539435,2740_vorskla_poltava_2010s,2740,Vorskla Poltava,2010s,539435,Bogdan Chuev (539435),Ukraine,Defender - Centre-Back,Defender,CB,1,1,0.0,0,0,0,0,0,0,0.0,3.0,50.7,51.2,0.16754871301419294,1.0,51.2
2740_vorskla_poltava_2010s_570537,2740_vorskla_poltava_2010s,2740,Vorskla Poltava,2010s,570537,Vadym Chervak (570537),Ukraine,Defender - Centre-Back,Defender,CB,1,2,0.0,0,0,0,0,0,0,0.0,3.0,50.7,51.2,0.16754871301419294,1.0,51.2
2740_vorskla_poltava_2010s_583354,2740_vorskla_poltava_2010s,2740,Vorskla Poltava,2010s,583354,Vladyslav Sydorenko (583354),Ukraine,Defender - Right-Back,Defender,RB,1,2,0.0,0,0,0,0,0,0,0.0,3.0,50.7,51.2,0.16754871301419294,1.0,51.2
2740_vorskla_poltava_2010s_629531,2740_vorskla_poltava_2010s,2740,Vorskla Poltava,2010s,629531,Artem Bilyi (629531),Ukraine,Midfield - Central Midfield,Midfield,CM,1,2,0.0,0,0,0,0,0,0,0.0,3.0,50.7,51.2,0.16754871301419294,1.0,51.2
2740_vorskla_poltava_2010s_726033,2740_vorskla_poltava_2010s,2740,Vorskla Poltava,2010s,726033,Pavlo Isenko (726033),Ukraine,Goalkeeper,Goalkeeper,GK,1,1,0.0,0,0,5,0,0,0,180.0,3.0,50.7,51.2,0.16754871301419294,1.0,51.2
2740_vorskla_poltava_2010s_745252,2740_vorskla_poltava_2010s,2740,Vorskla Poltava,2010s,745252,Artem Kulakovskyi (745252),Ukraine,Midfield - Central Midfield,Midfield,CM,1,1,0.0,0,0,0,0,0,0,0.0,3.0,50.7,51.2,0.16754871301419294,1.0,51.2
2740_vorskla_poltava_2010s_751977,2740_vorskla_poltava_2010s,2740,Vorskla Poltava,2010s,751977,Kiril Fesyun (751977),Ukraine,Goalkeeper,Goalkeeper,GK,1,2,0.0,0,0,0,0,0,0,0.0,3.0,50.7,51.2,0.16754871301419294,1.0,51.2
2740_vorskla_poltava_2010s_787776,2740_vorskla_poltava_2010s,2740,Vorskla Poltava,2010s,787776,Valeriy Dubko (787776),Ukraine,Defender - Centre-Back,Defender,CB,1,1,0.0,0,0,0,1,0,0,0.0,3.0,50.7,51.2,0.16754871301419294,1.0,51.2
2740_vorskla_poltava_2010s_789587,2740_vorskla_poltava_2010s,2740,Vorskla Poltava,2010s,789587,Oleg Vlasov (789587),Ukraine,Attack - Left Winger,Attack,LM,1,1,0.0,0,0,0,0,0,0,0.0,3.0,50.7,51.2,0.16754871301419294,1.0,51.2
2740_vorskla_poltava_2010s_791140,2740_vorskla_poltava_2010s,2740,Vorskla Poltava,2010s,791140,Daniyil Semilet (791140),Ukraine,Defender - Right-Back,Defender,RB,1,1,0.0,0,0,0,0,0,0,0.0,3.0,50.7,51.2,0.16754871301419294,1.0,51.2
2740_vorskla_poltava_2010s_794617,2740_vorskla_poltava_2010s,2740,Vorskla Poltava,2010s,794617,Yan Kostenko (794617),Ukraine,Midfield - Left Midfield,Midfield,LM,1,1,0.0,0,0,0,0,0,0,0.0,3.0,50.7,51.2,0.16754871301419294,1.0,51.2
2740_vorskla_poltava_2010s_24047,2740_vorskla_poltava_2010s,2740,Vorskla Poltava,2010s,24047,Oleksandr Rykun (24047),Ukraine,Midfield - Attacking Midfield,Midfield,AM,1,1,0.0,0,0,0,0,0,0,0.0,2.0,50.5,45.6,0.016237671397642532,1.0,45.6
2740_vorskla_poltava_2020s_222079,2740_vorskla_poltava_2020s,2740,Vorskla Poltava,2020s,222079,Ruslan Stepanyuk (222079),Ukraine,Attack - Centre-Forward,Attack,FW,4,4,25.0,22,0,0,12,0,3,1295.0,223.0,95.0,93.1,0.9927832571566033,1.0,93.1
2740_vorskla_poltava_2020s_91801,2740_vorskla_poltava_2020s,2740,Vorskla Poltava,2020s,91801,Oleksandr Sklyar (91801),Ukraine,Midfield - Central Midfield,Midfield,CM,5,5,12.0,19,0,0,35,1,3,3831.0,146.5,79.6,89.2,0.9802742362280491,1.0,89.2
2740_vorskla_poltava_2020s_543380,2740_vorskla_poltava_2020s,2740,Vorskla Poltava,2020s,543380,Ibrahim Kane (543380),Mali,Midfield - Right Midfield,Midfield,RM,5,5,12.0,13,0,0,14,1,1,3987.0,124.5,75.1,87.8,0.9719749819581429,1.0,87.8
2740_vorskla_poltava_2020s_167556,2740_vorskla_poltava_2020s,2740,Vorskla Poltava,2020s,167556,Vladyslav Kulach (167556),Ukraine,Attack - Centre-Forward,Attack,FW,2,2,16.0,0,0,0,6,0,5,452.0,86.0,67.4,83.9,0.9487611258118835,1.0,83.9
2740_vorskla_poltava_2020s_287015,2740_vorskla_poltava_2020s,2740,Vorskla Poltava,2020s,287015,Olivier Thill (287015),Luxembourg,Midfield - Attacking Midfield,Midfield,AM,2,2,10.0,8,0,0,4,0,2,707.0,85.0,67.2,83.8,0.9475583353379842,1.0,83.8
2740_vorskla_poltava_2020s_511909,2740_vorskla_poltava_2020s,2740,Vorskla Poltava,2020s,511909,Artem Chelyadin (511909),Ukraine,Midfield - Defensive Midfield,Midfield,CDM,5,5,4.0,10,0,0,31,0,0,4253.0,75.0,65.1,82.9,0.9364926629781092,1.0,82.9
2740_vorskla_poltava_2020s_254985,2740_vorskla_poltava_2020s,2740,Vorskla Poltava,2020s,254985,Taulant Seferi (254985),Albania  North Macedonia,Attack - Centre-Forward,Attack,FW,1,1,13.0,0,0,0,5,0,6,180.0,67.0,63.5,82.0,0.9253067115708443,1.0,82.0
2740_vorskla_poltava_2020s_201671,2740_vorskla_poltava_2020s,2740,Vorskla Poltava,2020s,201671,Igor Perduta (201671),Ukraine,Defender - Right-Back,Defender,RB,5,5,0.0,14,0,0,16,3,0,0.0,62.5,62.6,81.4,0.9170074573009381,1.0,81.4
2740_vorskla_poltava_2020s_726033,2740_vorskla_poltava_2020s,2740,Vorskla Poltava,2020s,726033,Pavlo Isenko (726033),Ukraine,Goalkeeper,Goalkeeper,GK,5,5,0.0,0,22,99,9,0,0,6548.0,48.0,59.7,78.5,0.8812845802261247,1.0,78.5
2740_vorskla_poltava_2020s_310782,2740_vorskla_poltava_2020s,2740,Vorskla Poltava,2020s,310782,Andriy Batsula (310782),Ukraine,Defender - Left-Back,Defender,LB,3,3,1.0,7,0,0,8,0,0,1647.0,42.0,58.5,76.7,0.8592735145537648,1.0,76.7
2740_vorskla_poltava_2020s_887142,2740_vorskla_poltava_2020s,2740,Vorskla Poltava,2020s,887142,Ivan Nesterenko (887142),Ukraine,Midfield - Attacking Midfield,Midfield,AM,5,5,4.0,1,0,0,2,0,0,1084.0,39.0,57.9,76.0,0.8490497955256194,1.0,76.0
2740_vorskla_poltava_2020s_193158,2740_vorskla_poltava_2020s,2740,Vorskla Poltava,2020s,193158,Sergiy Myakushko (193158),Ukraine,Attack - Left Winger,Attack,LM,2,2,4.0,3,0,0,4,0,0,821.0,38.0,57.7,75.8,0.8444791917248016,1.0,75.8
2740_vorskla_poltava_2020s_597880,2740_vorskla_poltava_2020s,2740,Vorskla Poltava,2020s,597880,Dmytro Riznyk (597880),Ukraine,Goalkeeper,Goalkeeper,GK,3,3,0.0,0,18,65,6,0,0,5040.0,36.0,57.3,75.3,0.832571566033197,1.0,75.3
2740_vorskla_poltava_2020s_889438,2740_vorskla_poltava_2020s,2740,Vorskla Poltava,2020s,889438,Ilya Krupskyi (889438),Ukraine,Defender - Right-Back,Defender,RB,5,5,1.0,4,0,0,8,1,0,1761.0,34.5,57.0,74.9,0.8228289631946115,1.0,74.9
2740_vorskla_poltava_2020s_808971,2740_vorskla_poltava_2020s,2740,Vorskla Poltava,2020s,808971,Denys Ndukve (808971),Ukraine,Attack - Centre-Forward,Attack,FW,1,1,4.0,2,0,0,2,0,0,316.0,31.0,56.3,74.0,0.8010584556170315,1.0,74.0
2740_vorskla_poltava_2020s_58930,2740_vorskla_poltava_2020s,2740,Vorskla Poltava,2020s,58930,Volodymyr Chesnakov (58930),Ukraine,Defender - Centre-Back,Defender,CB,4,4,2.0,2,0,0,6,0,0,2476.0,30.0,56.1,73.8,0.7954053403897041,1.0,73.8
2740_vorskla_poltava_2020s_436833,2740_vorskla_poltava_2020s,2740,Vorskla Poltava,2020s,436833,Felipe Rodrigues (436833),Brazil,Defender - Right-Back,Defender,RB,2,2,4.0,1,0,0,7,0,0,871.0,30.0,56.1,73.8,0.7954053403897041,1.0,73.8
2740_vorskla_poltava_2020s_57895,2740_vorskla_poltava_2020s,2740,Vorskla Poltava,2020s,57895,Denys Oliynyk (57895),Ukraine,Attack - Left Winger,Attack,LM,1,1,2.0,4,0,0,2,0,1,787.0,29.0,55.9,73.5,0.7883088765936974,1.0,73.5
2740_vorskla_poltava_2020s_197078,2740_vorskla_poltava_2020s,2740,Vorskla Poltava,2020s,197078,David Puclin (197078),Croatia,Midfield - Defensive Midfield,Midfield,CDM,2,2,3.0,2,0,0,12,0,0,2219.0,29.0,55.9,73.5,0.7883088765936974,1.0,73.5
2740_vorskla_poltava_2020s_245048,2740_vorskla_poltava_2020s,2740,Vorskla Poltava,2020s,245048,Vasyl Kravets (245048),Ukraine,Defender - Left-Back,Defender,LB,1,1,3.0,3,0,0,6,0,0,748.0,28.0,55.7,73.2,0.7803704594659611,1.0,73.2
2740_vorskla_poltava_2020s_442784,2740_vorskla_poltava_2020s,2740,Vorskla Poltava,2020s,442784,Rangel (442784),Brazil,Attack - Centre-Forward,Attack,FW,1,1,4.0,1,0,0,3,0,0,245.0,27.0,55.4,72.9,0.7733942747173442,1.0,72.9
2740_vorskla_poltava_2020s_421636,2740_vorskla_poltava_2020s,2740,Vorskla Poltava,2020s,421636,Samson Iyede (421636),Nigeria,Attack - Centre-Forward,Attack,FW,1,1,3.0,2,0,0,2,0,0,506.0,26.0,55.2,72.6,0.7647341833052682,1.0,72.6
2740_vorskla_poltava_2020s_157373,2740_vorskla_poltava_2020s,2740,Vorskla Poltava,2020s,157373,Vladlen Yurchenko (157373),Ukraine,Midfield - Attacking Midfield,Midfield,AM,2,2,3.0,1,0,0,4,0,0,1640.0,25.0,55.0,72.2,0.7552321385614625,1.0,72.2
2740_vorskla_poltava_2020s_771914,2740_vorskla_poltava_2020s,2740,Vorskla Poltava,2020s,771914,Yevgen Pavlyuk (771914),Ukraine,Defender - Centre-Back,Defender,CB,5,5,2.0,0,0,0,13,0,0,3860.0,21.0,54.2,70.7,0.7179456338705797,1.0,70.7
2740_vorskla_poltava_2020s_467243,2740_vorskla_poltava_2020s,2740,Vorskla Poltava,2020s,467243,Viktor Korniyenko (467243),Ukraine,Defender - Left-Back,Defender,LB,2,2,2.0,1,0,0,5,0,0,1533.0,20.0,54.0,70.2,0.7051960548472456,1.0,70.2
2740_vorskla_poltava_2020s_751363,2740_vorskla_poltava_2020s,2740,Vorskla Poltava,2020s,751363,Danylo Kravchuk (751363),Ukraine,Attack - Centre-Forward,Attack,FW,3,3,2.0,0,0,0,2,0,0,445.0,17.0,53.4,68.6,0.6645417368294443,1.0,68.6
2740_vorskla_poltava_2020s_115133,2740_vorskla_poltava_2020s,2740,Vorskla Poltava,2020s,115133,Ivan Pesic (115133),Croatia,Attack - Left Winger,Attack,LM,2,2,1.0,1,0,0,4,0,0,517.0,15.0,53.0,67.4,0.6314649987972095,1.0,67.4
2740_vorskla_poltava_2020s_91479,2740_vorskla_poltava_2020s,2740,Vorskla Poltava,2020s,91479,Sergiy Yavorskyi (91479),Ukraine,Defender - Centre-Back,Defender,CB,3,3,1.0,0,0,0,12,1,0,2131.0,12.5,52.5,66.0,0.5909309598267982,1.0,66.0
2740_vorskla_poltava_2020s_436379,2740_vorskla_poltava_2020s,2740,Vorskla Poltava,2020s,436379,Dmytro Shcherbak (436379),Ukraine,Midfield - Attacking Midfield,Midfield,AM,1,1,1.0,1,0,0,1,0,0,503.0,12.0,52.4,65.5,0.5752946836661054,1.0,65.5
2740_vorskla_poltava_2020s_537859,2740_vorskla_poltava_2020s,2740,Vorskla Poltava,2020s,537859,Andriy Kravchuk (537859),Ukraine,Midfield - Central Midfield,Midfield,CM,1,1,1.0,1,0,0,0,0,0,224.0,12.0,52.4,65.5,0.5752946836661054,1.0,65.5
2740_vorskla_poltava_2020s_884849,2740_vorskla_poltava_2020s,2740,Vorskla Poltava,2020s,884849,Daniil Khrypchuk (884849),Ukraine,Defender - Centre-Back,Defender,CB,5,5,0.0,0,0,0,3,2,0,0.0,12.0,52.4,65.5,0.5752946836661054,1.0,65.5
2740_vorskla_poltava_2020s_543493,2740_vorskla_poltava_2020s,2740,Vorskla Poltava,2020s,543493,Najeeb Yakubu (543493),Niger  Ghana,Attack - Right Winger,Attack,RM,3,3,0.0,1,0,0,8,0,0,0.0,11.0,52.2,64.6,0.5475102237190281,1.0,64.6
2740_vorskla_poltava_2020s_624883,2740_vorskla_poltava_2020s,2740,Vorskla Poltava,2020s,624883,Amilcar Djau Codjovi (624883),Spain  England,Attack - Left Winger,Attack,LM,2,2,1.0,0,0,0,0,0,0,81.0,11.0,52.2,64.6,0.5475102237190281,1.0,64.6
2740_vorskla_poltava_2020s_518723,2740_vorskla_poltava_2020s,2740,Vorskla Poltava,2020s,518723,Luizão (518723),Brazil,Midfield - Defensive Midfield,Midfield,CDM,2,2,0.0,1,0,0,0,0,0,0.0,10.0,52.0,63.6,0.5188838104402214,1.0,63.6
2740_vorskla_poltava_2020s_745252,2740_vorskla_poltava_2020s,2740,Vorskla Poltava,2020s,745252,Artem Kulakovskyi (745252),Ukraine,Midfield - Central Midfield,Midfield,CM,3,3,0.0,0,0,0,2,0,0,0.0,9.0,51.8,62.9,0.49735386095742123,1.0,62.9
2740_vorskla_poltava_2020s_965816,2740_vorskla_poltava_2020s,2740,Vorskla Poltava,2020s,965816,Stanislav Prus (965816),Ukraine,Attack - Right Winger,Attack,RM,3,3,0.0,0,0,0,0,0,0,0.0,9.0,51.8,62.9,0.49735386095742123,1.0,62.9
2740_vorskla_poltava_2020s_1035982,2740_vorskla_poltava_2020s,2740,Vorskla Poltava,2020s,1035982,Dmytro Chernysh (1035982),Ukraine,Midfield - Central Midfield,Midfield,CM,3,3,0.0,0,0,0,0,0,0,0.0,9.0,51.8,62.9,0.49735386095742123,1.0,62.9
2740_vorskla_poltava_2020s_111556,2740_vorskla_poltava_2020s,2740,Vorskla Poltava,2020s,111556,Joonas Tamm (111556),Estonia,Defender - Centre-Back,Defender,CB,1,1,1.0,0,0,0,3,0,0,1344.0,8.0,51.6,61.9,0.46572047149386575,1.0,61.9
2740_vorskla_poltava_2020s_419067,2740_vorskla_poltava_2020s,2740,Vorskla Poltava,2020s,419067,Giorgi Tsitaishvili (419067),Georgia  Ukraine,Attack - Right Winger,Attack,RM,1,1,1.0,0,0,0,0,0,0,230.0,8.0,51.6,61.9,0.46572047149386575,1.0,61.9
2740_vorskla_poltava_2020s_717392,2740_vorskla_poltava_2020s,2740,Vorskla Poltava,2020s,717392,Anton Glushchenko (717392),Ukraine,Attack - Left Winger,Attack,LM,1,1,1.0,0,0,0,3,0,0,365.0,8.0,51.6,61.9,0.46572047149386575,1.0,61.9
2740_vorskla_poltava_2020s_174213,2740_vorskla_poltava_2020s,2740,Vorskla Poltava,2020s,174213,Oleksandr Tkachenko (174213),Ukraine,Goalkeeper,Goalkeeper,GK,2,2,0.0,0,1,3,0,0,0,270.0,7.5,51.5,61.1,0.44274717344238634,1.0,61.1
2740_vorskla_poltava_2020s_49030,2740_vorskla_poltava_2020s,2740,Vorskla Poltava,2020s,49030,Denys Vasin (49030),Ukraine,Attack - Right Winger,Attack,RM,1,1,0.0,1,0,0,0,0,0,0.0,7.0,51.4,60.4,0.42097666586480637,1.0,60.4
2740_vorskla_poltava_2020s_572163,2740_vorskla_poltava_2020s,2740,Vorskla Poltava,2020s,572163,Daniil Yermolov (572163),Ukraine,Goalkeeper,Goalkeeper,GK,2,2,0.0,0,0,0,0,0,0,0.0,6.0,51.2,58.6,0.36901611739235024,1.0,58.6
2740_vorskla_poltava_2020s_892025,2740_vorskla_poltava_2020s,2740,Vorskla Poltava,2020s,892025,Anton Salabay (892025),Ukraine,Attack - Centre-Forward,Attack,FW,1,1,0.0,1,0,0,2,1,0,0.0,5.5,51.1,57.5,0.3363002165022853,1.0,57.5
2740_vorskla_poltava_2020s_965929,2740_vorskla_poltava_2020s,2740,Vorskla Poltava,2020s,965929,Vladyslav Ostrovskyi (965929),Ukraine,Attack - Centre-Forward,Attack,FW,2,2,0.0,0,0,0,1,0,0,0.0,5.0,51.0,57.4,0.33317296127014673,1.0,57.4
2740_vorskla_poltava_2020s_59129,2740_vorskla_poltava_2020s,2740,Vorskla Poltava,2020s,59129,Vadym Sapay (59129),Ukraine,Defender - Left-Back,Defender,LB,1,1,0.0,0,0,0,2,0,0,0.0,3.0,50.6,51.2,0.16754871301419294,1.0,51.2
2740_vorskla_poltava_2020s_86931,2740_vorskla_poltava_2020s,2740,Vorskla Poltava,2020s,86931,Yevgen Opanasenko (86931),Ukraine,Defender - Right-Back,Defender,RB,1,1,0.0,0,0,0,0,0,0,0.0,3.0,50.6,51.2,0.16754871301419294,1.0,51.2
2740_vorskla_poltava_2020s_122361,2740_vorskla_poltava_2020s,2740,Vorskla Poltava,2020s,122361,Aderinsola Habib Eseola (122361),Ukraine  Nigeria,Attack - Centre-Forward,Attack,FW,1,1,0.0,0,0,0,0,0,0,0.0,3.0,50.6,51.2,0.16754871301419294,1.0,51.2
2740_vorskla_poltava_2020s_167555,2740_vorskla_poltava_2020s,2740,Vorskla Poltava,2020s,167555,Oleksandr Chornomorets (167555),Ukraine,Defender - Left-Back,Defender,LB,1,1,0.0,0,0,0,1,0,0,0.0,3.0,50.6,51.2,0.16754871301419294,1.0,51.2
2740_vorskla_poltava_2020s_313741,2740_vorskla_poltava_2020s,2740,Vorskla Poltava,2020s,313741,Bradley de Nooijer (313741),Netherlands  Suriname,Defender - Left-Back,Defender,LB,1,1,0.0,0,0,0,1,0,0,0.0,3.0,50.6,51.2,0.16754871301419294,1.0,51.2
2740_vorskla_poltava_2020s_315237,2740_vorskla_poltava_2020s,2740,Vorskla Poltava,2020s,315237,Yevgeniy Pasich (315237),Ukraine,Defender - Right-Back,Defender,RB,1,1,0.0,0,0,0,0,0,0,0.0,3.0,50.6,51.2,0.16754871301419294,1.0,51.2
2740_vorskla_poltava_2020s_321417,2740_vorskla_poltava_2020s,2740,Vorskla Poltava,2020s,321417,Mykyta Tatarkov (321417),Ukraine,Midfield - Attacking Midfield,Midfield,AM,1,1,0.0,0,0,0,0,0,0,0.0,3.0,50.6,51.2,0.16754871301419294,1.0,51.2
2740_vorskla_poltava_2020s_345183,2740_vorskla_poltava_2020s,2740,Vorskla Poltava,2020s,345183,Ennur Totre (345183),North Macedonia  Albania,Midfield - Central Midfield,Midfield,CM,1,1,0.0,0,0,0,1,0,0,0.0,3.0,50.6,51.2,0.16754871301419294,1.0,51.2
2740_vorskla_poltava_2020s_365540,2740_vorskla_poltava_2020s,2740,Vorskla Poltava,2020s,365540,Valeriy Bondarenko (365540),Ukraine,Defender - Centre-Back,Defender,CB,1,1,0.0,0,0,0,1,0,0,0.0,3.0,50.6,51.2,0.16754871301419294,1.0,51.2
2740_vorskla_poltava_2020s_365779,2740_vorskla_poltava_2020s,2740,Vorskla Poltava,2020s,365779,Luka Gucek (365779),Slovenia,Defender - Centre-Back,Defender,CB,1,1,0.0,0,0,0,1,0,0,0.0,3.0,50.6,51.2,0.16754871301419294,1.0,51.2
2740_vorskla_poltava_2020s_375226,2740_vorskla_poltava_2020s,2740,Vorskla Poltava,2020s,375226,Ricardo Lopes (375226),Brazil,Attack - Left Winger,Attack,LM,1,1,0.0,0,0,0,2,0,0,0.0,3.0,50.6,51.2,0.16754871301419294,1.0,51.2
2740_vorskla_poltava_2020s_378520,2740_vorskla_poltava_2020s,2740,Vorskla Poltava,2020s,378520,Fernán Faerron (378520),Costa Rica  United States,Defender - Centre-Back,Defender,CB,1,1,0.0,0,0,0,0,0,0,0.0,3.0,50.6,51.2,0.16754871301419294,1.0,51.2
2740_vorskla_poltava_2020s_428603,2740_vorskla_poltava_2020s,2740,Vorskla Poltava,2020s,428603,Bogdan Kushnirenko (428603),Ukraine,Midfield - Defensive Midfield,Midfield,CDM,1,1,0.0,0,0,0,1,0,0,0.0,3.0,50.6,51.2,0.16754871301419294,1.0,51.2
2740_vorskla_poltava_2020s_429157,2740_vorskla_poltava_2020s,2740,Vorskla Poltava,2020s,429157,Yuriy Kozyrenko (429157),Ukraine,Attack - Right Winger,Attack,RM,1,1,0.0,0,0,0,1,0,0,0.0,3.0,50.6,51.2,0.16754871301419294,1.0,51.2
2740_vorskla_poltava_2020s_461666,2740_vorskla_poltava_2020s,2740,Vorskla Poltava,2020s,461666,Maksym Melnychuk (461666),Ukraine,Defender - Left-Back,Defender,LB,1,1,0.0,0,0,0,0,0,0,0.0,3.0,50.6,51.2,0.16754871301419294,1.0,51.2
2740_vorskla_poltava_2020s_510432,2740_vorskla_poltava_2020s,2740,Vorskla Poltava,2020s,510432,Rodel Richards (510432),England,Attack - Centre-Forward,Attack,FW,1,1,0.0,0,0,0,0,0,0,0.0,3.0,50.6,51.2,0.16754871301419294,1.0,51.2
2740_vorskla_poltava_2020s_522791,2740_vorskla_poltava_2020s,2740,Vorskla Poltava,2020s,522791,Sambou Sissoko (522791),France  Mali,Midfield - Defensive Midfield,Midfield,CDM,1,1,0.0,0,0,0,3,0,0,0.0,3.0,50.6,51.2,0.16754871301419294,1.0,51.2
2740_vorskla_poltava_2020s_526578,2740_vorskla_poltava_2020s,2740,Vorskla Poltava,2020s,526578,Vladyslav Vakula (526578),Ukraine,Attack - Left Winger,Attack,LM,1,1,0.0,0,0,0,0,0,0,0.0,3.0,50.6,51.2,0.16754871301419294,1.0,51.2
2740_vorskla_poltava_2020s_574215,2740_vorskla_poltava_2020s,2740,Vorskla Poltava,2020s,574215,Oleksandr Kozhevnikov (574215),Ukraine,Attack - Right Winger,Attack,RM,1,1,0.0,0,0,0,0,0,0,0.0,3.0,50.6,51.2,0.16754871301419294,1.0,51.2
2740_vorskla_poltava_2020s_636756,2740_vorskla_poltava_2020s,2740,Vorskla Poltava,2020s,636756,Milot Avdyli (636756),Kosovo,Midfield - Right Midfield,Midfield,RM,1,1,0.0,0,0,0,2,0,0,0.0,3.0,50.6,51.2,0.16754871301419294,1.0,51.2
2740_vorskla_poltava_2020s_771911,2740_vorskla_poltava_2020s,2740,Vorskla Poltava,2020s,771911,Ilya Gadzhuk (771911),Ukraine,Midfield - Central Midfield,Midfield,CM,1,1,0.0,0,0,0,0,0,0,0.0,3.0,50.6,51.2,0.16754871301419294,1.0,51.2
2740_vorskla_poltava_2020s_787776,2740_vorskla_poltava_2020s,2740,Vorskla Poltava,2020s,787776,Valeriy Dubko (787776),Ukraine,Defender - Centre-Back,Defender,CB,1,1,0.0,0,0,0,0,0,0,0.0,3.0,50.6,51.2,0.16754871301419294,1.0,51.2
2740_vorskla_poltava_2020s_789587,2740_vorskla_poltava_2020s,2740,Vorskla Poltava,2020s,789587,Oleg Vlasov (789587),Ukraine,Attack - Left Winger,Attack,LM,1,1,0.0,0,0,0,0,0,0,0.0,3.0,50.6,51.2,0.16754871301419294,1.0,51.2
2740_vorskla_poltava_2020s_791140,2740_vorskla_poltava_2020s,2740,Vorskla Poltava,2020s,791140,Daniyil Semilet (791140),Ukraine,Defender - Right-Back,Defender,RB,1,1,0.0,0,0,0,1,0,0,0.0,3.0,50.6,51.2,0.16754871301419294,1.0,51.2
2740_vorskla_poltava_2020s_892044,2740_vorskla_poltava_2020s,2740,Vorskla Poltava,2020s,892044,Artur Ulyanytskyi (892044),Ukraine,Midfield - Defensive Midfield,Midfield,CDM,1,1,0.0,0,0,0,0,0,0,0.0,3.0,50.6,51.2,0.16754871301419294,1.0,51.2
2740_vorskla_poltava_2020s_973704,2740_vorskla_poltava_2020s,2740,Vorskla Poltava,2020s,973704,Thiago Cunha (973704),Brazil,Attack - Left Winger,Attack,LM,1,1,0.0,0,0,0,0,0,0,0.0,3.0,50.6,51.2,0.16754871301419294,1.0,51.2
2740_vorskla_poltava_2020s_43359,2740_vorskla_poltava_2020s,2740,Vorskla Poltava,2020s,43359,Pavlo Rebenok (43359),Ukraine,Midfield - Left Midfield,Midfield,LM,1,1,0.0,0,0,0,1,0,0,0.0,2.0,50.4,45.6,0.016237671397642532,1.0,45.6
2740_vorskla_poltava_2020s_433219,2740_vorskla_poltava_2020s,2740,Vorskla Poltava,2020s,433219,Pape-Alioune Ndiaye (433219),France  Senegal,Defender - Centre-Back,Defender,CB,1,1,0.0,0,0,0,3,0,0,0.0,2.0,50.4,45.6,0.016237671397642532,1.0,45.6
2742_obolon_kyiv_2012_2000s_27215,2742_obolon_kyiv_2012_2000s,2742,Obolon Kyiv (-2012),2000s,27215,Vyacheslav Tereshchenko (27215),Ukraine,Attack - Centre-Forward,Attack,FW,3,3,21.0,5,0,0,7,0,3,912.0,134.0,95.0,88.5,0.9761847486167909,1.0,88.5
2742_obolon_kyiv_2012_2000s_27182,2742_obolon_kyiv_2012_2000s,2742,Obolon Kyiv (-2012),2000s,27182,Oleg Mazurenko (27182),Ukraine,Midfield - Right Midfield,Midfield,RM,4,4,10.0,9,0,0,17,0,3,1064.0,97.0,82.6,85.0,0.9556170315131104,1.0,85.0
2742_obolon_kyiv_2012_2000s_167028,2742_obolon_kyiv_2012_2000s,2742,Obolon Kyiv (-2012),2000s,167028,Igor Prodan (167028),Ukraine,Attack - Centre-Forward,Attack,FW,3,3,12.0,3,0,0,6,0,0,851.0,80.0,76.9,83.3,0.9416646620158768,1.0,83.3
2742_obolon_kyiv_2012_2000s_91549,2742_obolon_kyiv_2012_2000s,2742,Obolon Kyiv (-2012),2000s,91549,Valeriy Kutsenko (91549),Ukraine,Midfield - Attacking Midfield,Midfield,AM,1,1,5.0,6,0,0,4,0,2,382.0,51.0,67.1,79.3,0.8909069040173202,1.0,79.3
2742_obolon_kyiv_2012_2000s_369492,2742_obolon_kyiv_2012_2000s,2742,Obolon Kyiv (-2012),2000s,369492,Vitaliy Kobzar (369492),Kyrgyzstan  Ukraine,Midfield,Midfield,CM,3,3,4.0,3,0,0,12,0,0,1441.0,41.0,63.8,76.5,0.8559057012268463,1.0,76.5
2742_obolon_kyiv_2012_2000s_27172,2742_obolon_kyiv_2012_2000s,2742,Obolon Kyiv (-2012),2000s,27172,Pavlo Kutas (27172),Ukraine,Defender - Right-Back,Defender,RB,4,4,2.0,5,0,0,12,0,0,4877.0,40.0,63.4,76.2,0.8524176088525379,1.0,76.2
2742_obolon_kyiv_2012_2000s_855951,2742_obolon_kyiv_2012_2000s,2742,Obolon Kyiv (-2012),2000s,855951,Dmytro Karyaka (855951),Ukraine,Midfield,Midfield,CM,3,3,5.0,1,0,0,15,0,0,3330.0,38.0,62.8,75.8,0.8444791917248016,1.0,75.8
2742_obolon_kyiv_2012_2000s_27204,2742_obolon_kyiv_2012_2000s,2742,Obolon Kyiv (-2012),2000s,27204,Vsevolod Romanenko (27204),Ukraine,Goalkeeper,Goalkeeper,GK,3,3,0.0,0,19,58,5,0,0,4823.0,37.5,62.6,75.7,0.8421938898243926,1.0,75.7
2742_obolon_kyiv_2012_2000s_107039,2742_obolon_kyiv_2012_2000s,2742,Obolon Kyiv (-2012),2000s,107039,Sergiy Kovalets (107039),Ukraine,Midfield - Attacking Midfield,Midfield,AM,2,2,2.0,5,0,0,6,1,1,658.0,34.5,61.6,74.9,0.8228289631946115,1.0,74.9
2742_obolon_kyiv_2012_2000s_91550,2742_obolon_kyiv_2012_2000s,2742,Obolon Kyiv (-2012),2000s,91550,Vyacheslav Nivinskyi (91550),Ukraine,Defender - Centre-Back,Defender,CB,3,3,3.0,1,0,0,10,0,0,3659.0,28.0,59.4,73.2,0.7803704594659611,1.0,73.2
2742_obolon_kyiv_2012_2000s_855963,2742_obolon_kyiv_2012_2000s,2742,Obolon Kyiv (-2012),2000s,855963,Roman Oliynyk (855963),Ukraine,Defender,Defender,CB,3,3,0.0,4,0,0,10,0,0,0.0,25.0,58.4,72.2,0.7552321385614625,1.0,72.2
2742_obolon_kyiv_2012_2000s_126621,2742_obolon_kyiv_2012_2000s,2742,Obolon Kyiv (-2012),2000s,126621,Oleksandr Grebenozhko (126621),Ukraine,Attack,Attack,FW,2,2,1.0,2,0,0,1,0,0,489.0,19.0,56.4,69.6,0.6904017320182824,1.0,69.6
2742_obolon_kyiv_2012_2000s_145909,2742_obolon_kyiv_2012_2000s,2742,Obolon Kyiv (-2012),2000s,145909,Andriy Dragolyuk (145909),Ukraine,Attack - Second Striker,Attack,FW,3,3,1.0,1,0,0,4,0,0,335.0,18.0,56.0,69.1,0.6780129901371181,1.0,69.1
2742_obolon_kyiv_2012_2000s_27160,2742_obolon_kyiv_2012_2000s,2742,Obolon Kyiv (-2012),2000s,27160,Sergiy Konyushenko (27160),Ukraine,Defender - Right-Back,Defender,RB,3,3,0.0,2,0,0,9,0,0,0.0,17.0,55.7,68.6,0.6645417368294443,1.0,68.6
2742_obolon_kyiv_2012_2000s_27216,2742_obolon_kyiv_2012_2000s,2742,Obolon Kyiv (-2012),2000s,27216,Andriy Tovt (27216),Ukraine,Goalkeeper,Goalkeeper,GK,3,3,0.0,0,5,30,0,0,0,1736.0,16.5,55.5,68.2,0.6557613663699784,1.0,68.2
2742_obolon_kyiv_2012_2000s_27192,2742_obolon_kyiv_2012_2000s,2742,Obolon Kyiv (-2012),2000s,27192,Volodymyr Chernikov (27192),Ukraine,Midfield - Defensive Midfield,Midfield,CDM,2,2,1.0,1,0,0,7,0,0,363.0,15.0,55.0,67.4,0.6314649987972095,1.0,67.4
2742_obolon_kyiv_2012_2000s_91352,2742_obolon_kyiv_2012_2000s,2742,Obolon Kyiv (-2012),2000s,91352,Dmytro Gololobov (91352),Ukraine,Defender - Centre-Back,Defender,CB,2,2,1.0,1,0,0,1,0,0,693.0,15.0,55.0,67.4,0.6314649987972095,1.0,67.4
2742_obolon_kyiv_2012_2000s_855965,2742_obolon_kyiv_2012_2000s,2742,Obolon Kyiv (-2012),2000s,855965,Yevgen Sukhyna (855965),Ukraine,Goalkeeper,Goalkeeper,GK,3,3,0.0,0,3,24,0,0,0,1226.0,13.5,54.5,66.7,0.610897281693529,1.0,66.7
2742_obolon_kyiv_2012_2000s_91479,2742_obolon_kyiv_2012_2000s,2742,Obolon Kyiv (-2012),2000s,91479,Sergiy Yavorskyi (91479),Ukraine,Defender - Centre-Back,Defender,CB,1,1,2.0,0,0,0,3,0,0,1076.0,13.0,54.4,66.3,0.600072167428434,1.0,66.3
2742_obolon_kyiv_2012_2000s_12064,2742_obolon_kyiv_2012_2000s,2742,Obolon Kyiv (-2012),2000s,12064,Igor Skoba (12064),Ukraine  Russia,Midfield - Central Midfield,Midfield,CM,1,1,1.0,1,0,0,1,0,1,746.0,12.0,54.0,65.5,0.5752946836661054,1.0,65.5
2742_obolon_kyiv_2012_2000s_91474,2742_obolon_kyiv_2012_2000s,2742,Obolon Kyiv (-2012),2000s,91474,Pavlo Onysko (91474),Ukraine,Attack - Centre-Forward,Attack,FW,2,2,1.0,0,0,0,1,0,0,597.0,11.0,53.7,64.6,0.5475102237190281,1.0,64.6
2742_obolon_kyiv_2012_2000s_91931,2742_obolon_kyiv_2012_2000s,2742,Obolon Kyiv (-2012),2000s,91931,Denys Boyko (91931),Ukraine,Goalkeeper,Goalkeeper,GK,1,1,0.0,0,5,26,2,0,0,1350.0,10.5,53.5,64.1,0.5318739475583354,1.0,64.1
2742_obolon_kyiv_2012_2000s_95691,2742_obolon_kyiv_2012_2000s,2742,Obolon Kyiv (-2012),2000s,95691,Roman Litovchak (95691),Ukraine,Midfield,Midfield,CM,2,2,0.0,1,0,0,0,0,0,0.0,10.0,53.4,63.6,0.5188838104402214,1.0,63.6
2742_obolon_kyiv_2012_2000s_27169,2742_obolon_kyiv_2012_2000s,2742,Obolon Kyiv (-2012),2000s,27169,Volodymyr Krokhmal (27169),Ukraine,Defender - Right-Back,Defender,RB,3,3,0.0,0,0,0,5,0,0,0.0,9.0,53.0,62.9,0.49735386095742123,1.0,62.9
2742_obolon_kyiv_2012_2000s_156025,2742_obolon_kyiv_2012_2000s,2742,Obolon Kyiv (-2012),2000s,156025,Vladyslav Korobkin (156025),Ukraine,Attack - Centre-Forward,Attack,FW,3,3,0.0,0,0,0,0,0,0,0.0,9.0,53.0,62.9,0.49735386095742123,1.0,62.9
2742_obolon_kyiv_2012_2000s_855983,2742_obolon_kyiv_2012_2000s,2742,Obolon Kyiv (-2012),2000s,855983,Mykhaylo Slobodyan (855983),Ukraine,Attack,Attack,FW,3,3,0.0,0,0,0,0,0,0,0.0,9.0,53.0,62.9,0.49735386095742123,1.0,62.9
2742_obolon_kyiv_2012_2000s_24042,2742_obolon_kyiv_2012_2000s,2742,Obolon Kyiv (-2012),2000s,24042,Sergiy Motuz (24042),Ukraine,Attack - Centre-Forward,Attack,FW,1,1,1.0,0,0,0,4,0,0,621.0,8.0,52.7,61.9,0.46572047149386575,1.0,61.9
2742_obolon_kyiv_2012_2000s_25861,2742_obolon_kyiv_2012_2000s,2742,Obolon Kyiv (-2012),2000s,25861,Ivan Kotenko (25861),Ukraine,Midfield - Left Midfield,Midfield,LM,1,1,1.0,0,0,0,2,0,0,812.0,8.0,52.7,61.9,0.46572047149386575,1.0,61.9
2742_obolon_kyiv_2012_2000s_59389,2742_obolon_kyiv_2012_2000s,2742,Obolon Kyiv (-2012),2000s,59389,Mykola Morozyuk (59389),Ukraine,Defender - Right-Back,Defender,RB,1,1,0.0,1,0,0,6,0,0,0.0,7.0,52.4,60.4,0.42097666586480637,1.0,60.4
2742_obolon_kyiv_2012_2000s_86343,2742_obolon_kyiv_2012_2000s,2742,Obolon Kyiv (-2012),2000s,86343,Sergiy Ditkovskyi (86343),Ukraine,Attack - Centre-Forward,Attack,FW,1,1,0.0,1,0,0,0,0,0,0.0,7.0,52.4,60.4,0.42097666586480637,1.0,60.4
2742_obolon_kyiv_2012_2000s_855982,2742_obolon_kyiv_2012_2000s,2742,Obolon Kyiv (-2012),2000s,855982,Oleksiy Oleshko (855982),Ukraine,Midfield,Midfield,CM,1,1,0.0,1,0,0,0,0,0,0.0,7.0,52.4,60.4,0.42097666586480637,1.0,60.4
2742_obolon_kyiv_2012_2000s_494527,2742_obolon_kyiv_2012_2000s,2742,Obolon Kyiv (-2012),2000s,494527,Volodymyr Tsytkin (494527),Ukraine  Israel,Goalkeeper,Goalkeeper,GK,1,1,0.0,0,2,10,0,0,0,675.0,6.0,52.0,58.6,0.36901611739235024,1.0,58.6
2742_obolon_kyiv_2012_2000s_894515,2742_obolon_kyiv_2012_2000s,2742,Obolon Kyiv (-2012),2000s,894515,Roman Kozerenko (894515),Ukraine,Midfield,Midfield,CM,2,2,0.0,0,0,0,1,0,0,0.0,6.0,52.0,58.6,0.36901611739235024,1.0,58.6
2742_obolon_kyiv_2012_2000s_19619,2742_obolon_kyiv_2012_2000s,2742,Obolon Kyiv (-2012),2000s,19619,Oleksandr Rybka (19619),Ukraine,Goalkeeper,Goalkeeper,GK,1,1,0.0,0,1,11,0,0,0,585.0,4.5,51.5,57.1,0.3246331489054607,1.0,57.1
2742_obolon_kyiv_2012_2000s_20918,2742_obolon_kyiv_2012_2000s,2742,Obolon Kyiv (-2012),2000s,20918,Denys Sokolovskyi (20918),Ukraine,Midfield - Attacking Midfield,Midfield,AM,1,1,0.0,0,0,0,0,0,0,0.0,3.0,51.0,51.2,0.16754871301419294,1.0,51.2
2742_obolon_kyiv_2012_2000s_27191,2742_obolon_kyiv_2012_2000s,2742,Obolon Kyiv (-2012),2000s,27191,Oleg Karamushka (27191),Ukraine,Defender - Centre-Back,Defender,CB,1,1,0.0,0,0,0,2,0,0,0.0,3.0,51.0,51.2,0.16754871301419294,1.0,51.2
2742_obolon_kyiv_2012_2000s_43330,2742_obolon_kyiv_2012_2000s,2742,Obolon Kyiv (-2012),2000s,43330,Andriy Kornev (43330),Ukraine,Midfield - Defensive Midfield,Midfield,CDM,1,1,0.0,0,0,0,2,0,0,0.0,3.0,51.0,51.2,0.16754871301419294,1.0,51.2
2742_obolon_kyiv_2012_2000s_58255,2742_obolon_kyiv_2012_2000s,2742,Obolon Kyiv (-2012),2000s,58255,Yuriy Tselykh (58255),Ukraine,Attack - Centre-Forward,Attack,FW,1,1,0.0,0,0,0,0,0,0,0.0,3.0,51.0,51.2,0.16754871301419294,1.0,51.2
2742_obolon_kyiv_2012_2000s_81633,2742_obolon_kyiv_2012_2000s,2742,Obolon Kyiv (-2012),2000s,81633,Marian Marushchak (81633),Ukraine,Goalkeeper,Goalkeeper,GK,1,1,0.0,0,0,5,0,0,0,90.0,3.0,51.0,51.2,0.16754871301419294,1.0,51.2
2742_obolon_kyiv_2012_2000s_86933,2742_obolon_kyiv_2012_2000s,2742,Obolon Kyiv (-2012),2000s,86933,Yuriy Sak (86933),Ukraine,Midfield - Defensive Midfield,Midfield,CDM,1,1,0.0,0,0,0,0,0,0,0.0,3.0,51.0,51.2,0.16754871301419294,1.0,51.2
2742_obolon_kyiv_2012_2000s_91245,2742_obolon_kyiv_2012_2000s,2742,Obolon Kyiv (-2012),2000s,91245,Ruslan Yermolenko (91245),Ukraine,Midfield - Central Midfield,Midfield,CM,1,1,0.0,0,0,0,0,0,0,0.0,3.0,51.0,51.2,0.16754871301419294,1.0,51.2
2742_obolon_kyiv_2012_2000s_97335,2742_obolon_kyiv_2012_2000s,2742,Obolon Kyiv (-2012),2000s,97335,Igor Plastun (97335),Ukraine  Bulgaria,Defender - Centre-Back,Defender,CB,1,1,0.0,0,0,0,0,0,0,0.0,3.0,51.0,51.2,0.16754871301419294,1.0,51.2
2742_obolon_kyiv_2012_2000s_123760,2742_obolon_kyiv_2012_2000s,2742,Obolon Kyiv (-2012),2000s,123760,Ruslan Vasylkiv (123760),Ukraine,Defender,Defender,CB,1,1,0.0,0,0,0,0,0,0,0.0,3.0,51.0,51.2,0.16754871301419294,1.0,51.2
2742_obolon_kyiv_2012_2000s_130908,2742_obolon_kyiv_2012_2000s,2742,Obolon Kyiv (-2012),2000s,130908,Sergiy Zuevych (130908),Ukraine,Midfield - Central Midfield,Midfield,CM,1,1,0.0,0,0,0,0,0,0,0.0,3.0,51.0,51.2,0.16754871301419294,1.0,51.2
2742_obolon_kyiv_2012_2000s_133461,2742_obolon_kyiv_2012_2000s,2742,Obolon Kyiv (-2012),2000s,133461,Oleg Tymchyshyn (133461),Ukraine,Defender,Defender,CB,1,1,0.0,0,0,0,2,0,0,0.0,3.0,51.0,51.2,0.16754871301419294,1.0,51.2
2742_obolon_kyiv_2012_2000s_217090,2742_obolon_kyiv_2012_2000s,2742,Obolon Kyiv (-2012),2000s,217090,Oleksandr Burdin (217090),Ukraine,Midfield,Midfield,CM,1,1,0.0,0,0,0,0,0,0,0.0,3.0,51.0,51.2,0.16754871301419294,1.0,51.2
2742_obolon_kyiv_2012_2000s_855956,2742_obolon_kyiv_2012_2000s,2742,Obolon Kyiv (-2012),2000s,855956,Andriy Boryachynskyi (855956),Ukraine,Goalkeeper,Goalkeeper,GK,1,1,0.0,0,0,7,0,0,0,270.0,3.0,51.0,51.2,0.16754871301419294,1.0,51.2
2742_obolon_kyiv_2012_2000s_855964,2742_obolon_kyiv_2012_2000s,2742,Obolon Kyiv (-2012),2000s,855964,Oleksandr Sobkovych (855964),Ukraine,Midfield - Central Midfield,Midfield,CM,1,1,0.0,0,0,0,0,0,0,0.0,3.0,51.0,51.2,0.16754871301419294,1.0,51.2
2742_obolon_kyiv_2012_2000s_855970,2742_obolon_kyiv_2012_2000s,2742,Obolon Kyiv (-2012),2000s,855970,Yevgen Yastrebinskyi (855970),Ukraine,Midfield - Attacking Midfield,Midfield,AM,1,1,0.0,0,0,0,0,0,0,0.0,3.0,51.0,51.2,0.16754871301419294,1.0,51.2
2742_obolon_kyiv_2012_2000s_858258,2742_obolon_kyiv_2012_2000s,2742,Obolon Kyiv (-2012),2000s,858258,Yuriy Shevchuk (858258),Ukraine,Midfield,Midfield,CM,1,1,0.0,0,0,0,1,0,0,0.0,3.0,51.0,51.2,0.16754871301419294,1.0,51.2
2742_obolon_kyiv_2012_2010s_82620,2742_obolon_kyiv_2012_2010s,2742,Obolon Kyiv (-2012),2010s,82620,Vadym Panas (82620),Ukraine,Midfield - Attacking Midfield,Midfield,AM,2,2,3.0,2,0,0,2,0,0,618.0,28.0,95.0,73.2,0.7803704594659611,1.0,73.2
2742_obolon_kyiv_2012_2010s_25861,2742_obolon_kyiv_2012_2010s,2742,Obolon Kyiv (-2012),2010s,25861,Ivan Kotenko (25861),Ukraine,Midfield - Left Midfield,Midfield,LM,2,2,2.0,1,0,0,5,0,0,1180.0,20.0,82.1,70.2,0.7051960548472456,1.0,70.2
2742_obolon_kyiv_2012_2010s_97335,2742_obolon_kyiv_2012_2010s,2742,Obolon Kyiv (-2012),2010s,97335,Igor Plastun (97335),Ukraine  Bulgaria,Defender - Centre-Back,Defender,CB,2,2,3.0,0,0,0,8,0,1,3627.0,16.0,75.7,67.9,0.6464998797209526,1.0,67.9
2742_obolon_kyiv_2012_2010s_181763,2742_obolon_kyiv_2012_2010s,2742,Obolon Kyiv (-2012),2010s,181763,Igor Berezovskyi (181763),Ukraine,Goalkeeper,Goalkeeper,GK,2,2,0.0,0,5,22,0,0,0,1349.0,13.5,71.7,66.7,0.610897281693529,1.0,66.7
2742_obolon_kyiv_2012_2010s_42660,2742_obolon_kyiv_2012_2010s,2742,Obolon Kyiv (-2012),2010s,42660,Valentyn Slyusar (42660),Ukraine,Midfield - Defensive Midfield,Midfield,CDM,2,2,0.0,2,0,0,8,1,0,0.0,12.5,70.1,66.0,0.5909309598267982,1.0,66.0
2742_obolon_kyiv_2012_2010s_19619,2742_obolon_kyiv_2012_2010s,2742,Obolon Kyiv (-2012),2010s,19619,Oleksandr Rybka (19619),Ukraine,Goalkeeper,Goalkeeper,GK,1,1,0.0,0,6,24,1,0,0,1963.0,12.0,69.3,65.5,0.5752946836661054,1.0,65.5
2742_obolon_kyiv_2012_2010s_27172,2742_obolon_kyiv_2012_2010s,2742,Obolon Kyiv (-2012),2010s,27172,Pavlo Kutas (27172),Ukraine,Defender - Right-Back,Defender,RB,1,1,1.0,1,0,0,6,0,0,2140.0,12.0,69.3,65.5,0.5752946836661054,1.0,65.5
2742_obolon_kyiv_2012_2010s_69581,2742_obolon_kyiv_2012_2010s,2742,Obolon Kyiv (-2012),2010s,69581,Kostyantyn Makhnovskyi (69581),Ukraine,Goalkeeper,Goalkeeper,GK,2,2,0.0,0,4,9,2,0,0,738.0,12.0,69.3,65.5,0.5752946836661054,1.0,65.5
2742_obolon_kyiv_2012_2010s_59129,2742_obolon_kyiv_2012_2010s,2742,Obolon Kyiv (-2012),2010s,59129,Vadym Sapay (59129),Ukraine,Defender - Left-Back,Defender,LB,2,2,0.0,2,0,0,11,0,0,0.0,11.0,67.7,64.6,0.5475102237190281,1.0,64.6
2742_obolon_kyiv_2012_2010s_9779,2742_obolon_kyiv_2012_2010s,2742,Obolon Kyiv (-2012),2010s,9779,Vitaliy Reva (9779),Ukraine,Goalkeeper,Goalkeeper,GK,1,1,0.0,0,2,15,0,0,0,900.0,6.0,59.6,58.6,0.36901611739235024,1.0,58.6
2742_obolon_kyiv_2012_2010s_136054,2742_obolon_kyiv_2012_2010s,2742,Obolon Kyiv (-2012),2010s,136054,Yuriy Yakovenko (136054),Ukraine,Attack - Centre-Forward,Attack,FW,2,2,0.0,0,0,0,0,0,0,0.0,6.0,59.6,58.6,0.36901611739235024,1.0,58.6
2742_obolon_kyiv_2012_2010s_43330,2742_obolon_kyiv_2012_2010s,2742,Obolon Kyiv (-2012),2010s,43330,Andriy Kornev (43330),Ukraine,Midfield - Defensive Midfield,Midfield,CDM,1,1,0.0,1,0,0,1,1,0,0.0,3.5,55.6,56.7,0.31549194130382485,1.0,56.7
2742_obolon_kyiv_2012_2010s_25563,2742_obolon_kyiv_2012_2010s,2742,Obolon Kyiv (-2012),2010s,25563,William Batista (25563),Brazil,Attack - Centre-Forward,Attack,FW,1,1,0.0,0,0,0,1,0,0,0.0,3.0,54.8,51.2,0.16754871301419294,1.0,51.2
2742_obolon_kyiv_2012_2010s_27182,2742_obolon_kyiv_2012_2010s,2742,Obolon Kyiv (-2012),2010s,27182,Oleg Mazurenko (27182),Ukraine,Midfield - Right Midfield,Midfield,RM,1,1,0.0,0,0,0,1,0,0,0.0,3.0,54.8,51.2,0.16754871301419294,1.0,51.2
2742_obolon_kyiv_2012_2010s_27191,2742_obolon_kyiv_2012_2010s,2742,Obolon Kyiv (-2012),2010s,27191,Oleg Karamushka (27191),Ukraine,Defender - Centre-Back,Defender,CB,1,1,0.0,0,0,0,0,0,0,0.0,3.0,54.8,51.2,0.16754871301419294,1.0,51.2
2742_obolon_kyiv_2012_2010s_58980,2742_obolon_kyiv_2012_2010s,2742,Obolon Kyiv (-2012),2010s,58980,Vyacheslav Turchanov (58980),Ukraine,Midfield - Defensive Midfield,Midfield,CDM,1,1,0.0,0,0,0,4,0,0,0.0,3.0,54.8,51.2,0.16754871301419294,1.0,51.2
2742_obolon_kyiv_2012_2010s_59407,2742_obolon_kyiv_2012_2010s,2742,Obolon Kyiv (-2012),2010s,59407,Sergiy Barilko (59407),Ukraine,Midfield - Right Midfield,Midfield,RM,1,1,0.0,0,0,0,1,0,0,0.0,3.0,54.8,51.2,0.16754871301419294,1.0,51.2
2742_obolon_kyiv_2012_2010s_59924,2742_obolon_kyiv_2012_2010s,2742,Obolon Kyiv (-2012),2010s,59924,Yaroslav Zakharevych (59924),Ukraine,Midfield - Left Midfield,Midfield,LM,1,1,0.0,0,0,0,1,0,0,0.0,3.0,54.8,51.2,0.16754871301419294,1.0,51.2
2742_obolon_kyiv_2012_2010s_91312,2742_obolon_kyiv_2012_2010s,2742,Obolon Kyiv (-2012),2010s,91312,Anton Shendrik (91312),Russia  Ukraine,Defender - Centre-Back,Defender,CB,1,1,0.0,0,0,0,2,0,0,0.0,3.0,54.8,51.2,0.16754871301419294,1.0,51.2
2742_obolon_kyiv_2012_2010s_140676,2742_obolon_kyiv_2012_2010s,2742,Obolon Kyiv (-2012),2010s,140676,Kyrylo Kovalets (140676),Ukraine,Midfield - Attacking Midfield,Midfield,AM,1,1,0.0,0,0,0,0,0,0,0.0,3.0,54.8,51.2,0.16754871301419294,1.0,51.2
2742_obolon_kyiv_2012_2010s_193158,2742_obolon_kyiv_2012_2010s,2742,Obolon Kyiv (-2012),2010s,193158,Sergiy Myakushko (193158),Ukraine,Attack - Left Winger,Attack,LM,1,1,0.0,0,0,0,0,0,0,0.0,3.0,54.8,51.2,0.16754871301419294,1.0,51.2
2744_cska_kyiv_1990s_24025,2744_cska_kyiv_1990s,2744,CSKA Kyiv,1990s,24025,Ruslan Kostyshyn (24025),Ukraine,Midfield - Attacking Midfield,Midfield,AM,4,4,7.0,7,0,0,12,0,0,1960.0,74.0,95.0,82.8,0.93492903536204,1.0,82.8
2744_cska_kyiv_1990s_9779,2744_cska_kyiv_1990s,2744,CSKA Kyiv,1990s,9779,Vitaliy Reva (9779),Ukraine,Goalkeeper,Goalkeeper,GK,4,4,0.0,0,32,112,1,0,0,8911.0,60.0,86.5,80.9,0.9114746211210007,1.0,80.9
2744_cska_kyiv_1990s_42656,2744_cska_kyiv_1990s,2744,CSKA Kyiv,1990s,42656,Oleksiy Oliynyk (42656),Ukraine,Midfield - Left Midfield,Midfield,LM,3,3,6.0,5,0,0,6,0,0,2784.0,59.0,85.9,80.7,0.9090690401732018,1.0,80.7
2744_cska_kyiv_1990s_418361,2744_cska_kyiv_1990s,2744,CSKA Kyiv,1990s,418361,Yakiv Kripak (418361),Ukraine,Attack - Centre-Forward,Attack,FW,2,2,7.0,1,0,0,2,0,0,669.0,45.0,77.4,77.7,0.8707000240558095,1.0,77.7
2744_cska_kyiv_1990s_15907,2744_cska_kyiv_1990s,2744,CSKA Kyiv,1990s,15907,Andrey Karyaka (15907),Russia  Ukraine,Attack - Left Winger,Attack,LM,3,3,4.0,1,0,0,3,0,0,991.0,33.0,70.1,74.6,0.8146499879720953,1.0,74.6
2744_cska_kyiv_1990s_494569,2744_cska_kyiv_1990s,2744,CSKA Kyiv,1990s,494569,Anatoliy Balatskiy (494569),Ukraine,Defender - Right-Back,Defender,RB,3,3,1.0,0,0,0,6,0,0,1215.0,14.0,58.5,67.0,0.6188356988212653,1.0,67.0
2744_cska_kyiv_1990s_42631,2744_cska_kyiv_1990s,2744,CSKA Kyiv,1990s,42631,Oleksandr Goryainov (42631),Ukraine,Goalkeeper,Goalkeeper,GK,1,1,0.0,0,2,9,0,0,0,720.0,6.0,53.6,58.6,0.36901611739235024,1.0,58.6
2744_cska_kyiv_1990s_24004,2744_cska_kyiv_1990s,2744,CSKA Kyiv,1990s,24004,Sergiy Dolganskyi (24004),Ukraine,Goalkeeper,Goalkeeper,GK,1,1,0.0,0,0,0,0,0,0,0.0,3.0,51.8,51.2,0.16754871301419294,1.0,51.2
2744_cska_kyiv_1990s_91475,2744_cska_kyiv_1990s,2744,CSKA Kyiv,1990s,91475,Volodymyr Ovsienko (91475),Ukraine,Goalkeeper,Goalkeeper,GK,1,1,0.0,0,0,0,0,0,0,0.0,3.0,51.8,51.2,0.16754871301419294,1.0,51.2
2744_cska_kyiv_1990s_855964,2744_cska_kyiv_1990s,2744,CSKA Kyiv,1990s,855964,Oleksandr Sobkovych (855964),Ukraine,Midfield - Central Midfield,Midfield,CM,1,1,0.0,0,0,0,0,0,0,0.0,3.0,51.8,51.2,0.16754871301419294,1.0,51.2
2744_cska_kyiv_2000s_24025,2744_cska_kyiv_2000s,2744,CSKA Kyiv,2000s,24025,Ruslan Kostyshyn (24025),Ukraine,Midfield - Attacking Midfield,Midfield,AM,2,2,4.0,3,0,0,5,0,0,1484.0,38.0,95.0,75.8,0.8444791917248016,1.0,75.8
2744_cska_kyiv_2000s_9779,2744_cska_kyiv_2000s,2744,CSKA Kyiv,2000s,9779,Vitaliy Reva (9779),Ukraine,Goalkeeper,Goalkeeper,GK,1,1,0.0,0,9,23,0,0,0,2340.0,16.5,69.5,68.2,0.6557613663699784,1.0,68.2
2744_cska_kyiv_2000s_24022,2744_cska_kyiv_2000s,2744,CSKA Kyiv,2000s,24022,Vyacheslav Kernozenko (24022),Ukraine,Goalkeeper,Goalkeeper,GK,1,1,0.0,0,3,15,2,0,0,1170.0,7.5,58.9,61.1,0.44274717344238634,1.0,61.1
2744_cska_kyiv_2000s_24004,2744_cska_kyiv_2000s,2744,CSKA Kyiv,2000s,24004,Sergiy Dolganskyi (24004),Ukraine,Goalkeeper,Goalkeeper,GK,1,1,0.0,0,0,0,0,0,0,0.0,3.0,53.6,51.2,0.16754871301419294,1.0,51.2
2744_cska_kyiv_2000s_86343,2744_cska_kyiv_2000s,2744,CSKA Kyiv,2000s,86343,Sergiy Ditkovskyi (86343),Ukraine,Attack - Centre-Forward,Attack,FW,1,1,0.0,0,0,0,0,0,0,0.0,3.0,53.6,51.2,0.16754871301419294,1.0,51.2
2783_metalurg_donetsk__2015_1990s_92464,2783_metalurg_donetsk__2015_1990s,2783,Metalurg Donetsk (- 2015),1990s,92464,Sergiy Dranov (92464),Ukraine,Attack - Centre-Forward,Attack,FW,1,1,6.0,1,0,0,1,0,1,228.0,37.0,95.0,75.6,0.8391869136396439,1.0,75.6
2783_metalurg_donetsk__2015_1990s_24063,2783_metalurg_donetsk__2015_1990s,2783,Metalurg Donetsk (- 2015),1990s,24063,Yuriy Virt (24063),Ukraine,Goalkeeper,Goalkeeper,GK,2,2,0.0,0,19,44,7,0,0,3519.0,34.5,92.0,74.9,0.8228289631946115,1.0,74.9
2783_metalurg_donetsk__2015_1990s_514030,2783_metalurg_donetsk__2015_1990s,2783,Metalurg Donetsk (- 2015),1990s,514030,Andriy Zavyalov (514030),Turkmenistan  Ukraine,Midfield - Central Midfield,Midfield,CM,3,3,4.0,1,0,0,4,0,0,1637.0,33.0,90.1,74.6,0.8146499879720953,1.0,74.6
2783_metalurg_donetsk__2015_1990s_24054,2783_metalurg_donetsk__2015_1990s,2783,Metalurg Donetsk (- 2015),1990s,24054,Oleg Shelayev (24054),Ukraine,Midfield - Defensive Midfield,Midfield,CDM,1,1,3.0,3,0,0,3,0,0,354.0,30.0,86.5,73.8,0.7954053403897041,1.0,73.8
2783_metalurg_donetsk__2015_1990s_168988,2783_metalurg_donetsk__2015_1990s,2783,Metalurg Donetsk (- 2015),1990s,168988,Andriy Spevak (168988),Ukraine,Midfield - Central Midfield,Midfield,CM,2,2,1.0,4,0,0,2,0,0,858.0,27.0,82.8,72.9,0.7733942747173442,1.0,72.9
2783_metalurg_donetsk__2015_1990s_42660,2783_metalurg_donetsk__2015_1990s,2783,Metalurg Donetsk (- 2015),1990s,42660,Valentyn Slyusar (42660),Ukraine,Midfield - Defensive Midfield,Midfield,CDM,1,1,2.0,3,0,0,1,0,0,537.0,25.0,80.4,72.2,0.7552321385614625,1.0,72.2
2783_metalurg_donetsk__2015_1990s_20918,2783_metalurg_donetsk__2015_1990s,2783,Metalurg Donetsk (- 2015),1990s,20918,Denys Sokolovskyi (20918),Ukraine,Midfield - Attacking Midfield,Midfield,AM,2,2,2.0,1,0,0,2,0,0,348.0,20.0,74.3,70.2,0.7051960548472456,1.0,70.2
2783_metalurg_donetsk__2015_1990s_418361,2783_metalurg_donetsk__2015_1990s,2783,Metalurg Donetsk (- 2015),1990s,418361,Yakiv Kripak (418361),Ukraine,Attack - Centre-Forward,Attack,FW,1,1,1.0,0,0,0,1,0,0,630.0,8.0,59.7,61.9,0.46572047149386575,1.0,61.9
2783_metalurg_donetsk__2015_1990s_91704,2783_metalurg_donetsk__2015_1990s,2783,Metalurg Donetsk (- 2015),1990s,91704,Yuriy Danchenko (91704),Ukraine,Defender - Left-Back,Defender,LB,1,1,0.0,1,0,0,1,0,0,0.0,7.0,58.5,60.4,0.42097666586480637,1.0,60.4
2783_metalurg_donetsk__2015_1990s_855963,2783_metalurg_donetsk__2015_1990s,2783,Metalurg Donetsk (- 2015),1990s,855963,Roman Oliynyk (855963),Ukraine,Defender,Defender,CB,2,2,0.0,0,0,0,5,0,0,0.0,6.0,57.3,58.6,0.36901611739235024,1.0,58.6
2783_metalurg_donetsk__2015_1990s_882875,2783_metalurg_donetsk__2015_1990s,2783,Metalurg Donetsk (- 2015),1990s,882875,Andriy Klymenko (882875),Ukraine,Midfield,Midfield,CM,1,1,0.0,0,0,0,1,0,0,0.0,3.0,53.6,51.2,0.16754871301419294,1.0,51.2
2783_metalurg_donetsk__2015_2000s_9650,2783_metalurg_donetsk__2015_2000s,2783,Metalurg Donetsk (- 2015),2000s,9650,Andrés Mendoza (9650),Peru  Belgium,Attack - Centre-Forward,Attack,FW,3,3,22.0,1,0,0,12,0,4,592.0,123.0,95.0,87.7,0.9716141448159731,1.0,87.7
2783_metalurg_donetsk__2015_2000s_9833,2783_metalurg_donetsk__2015_2000s,2783,Metalurg Donetsk (- 2015),2000s,9833,Ricardo Fernandes (9833),Portugal,Midfield - Attacking Midfield,Midfield,AM,2,2,9.0,11,0,0,10,1,6,1060.0,93.5,84.2,84.5,0.9530911715179216,1.0,84.5
2783_metalurg_donetsk__2015_2000s_55735,2783_metalurg_donetsk__2015_2000s,2783,Metalurg Donetsk (- 2015),2000s,55735,Henrikh Mkhitaryan (55735),Armenia,Midfield - Central Midfield,Midfield,CM,1,1,9.0,6,0,0,3,0,0,283.0,72.0,76.3,82.4,0.9302381525138321,1.0,82.4
2783_metalurg_donetsk__2015_2000s_92464,2783_metalurg_donetsk__2015_2000s,2783,Metalurg Donetsk (- 2015),2000s,92464,Sergiy Dranov (92464),Ukraine,Attack - Centre-Forward,Attack,FW,4,4,8.0,5,0,0,6,0,0,1037.0,72.0,76.3,82.4,0.9302381525138321,1.0,82.4
2783_metalurg_donetsk__2015_2000s_14513,2783_metalurg_donetsk__2015_2000s,2783,Metalurg Donetsk (- 2015),2000s,14513,Mário Sérgio (14513),Portugal,Defender - Right-Back,Defender,RB,2,2,2.0,11,0,0,8,0,1,1294.0,60.0,72.0,80.9,0.9114746211210007,1.0,80.9
2783_metalurg_donetsk__2015_2000s_24048,2783_metalurg_donetsk__2015_2000s,2783,Metalurg Donetsk (- 2015),2000s,24048,Bratislav Ristic (24048),Serbia  Belgium,Attack - Right Winger,Attack,RM,4,4,1.0,11,0,0,5,1,0,1609.0,59.5,71.8,80.8,0.9100312725523214,1.0,80.8
2783_metalurg_donetsk__2015_2000s_24063,2783_metalurg_donetsk__2015_2000s,2783,Metalurg Donetsk (- 2015),2000s,24063,Yuriy Virt (24063),Ukraine,Goalkeeper,Goalkeeper,GK,5,5,0.0,0,27,58,9,0,0,5502.0,55.5,70.3,80.0,0.9001683906663459,1.0,80.0
2783_metalurg_donetsk__2015_2000s_13091,2783_metalurg_donetsk__2015_2000s,2783,Metalurg Donetsk (- 2015),2000s,13091,Yaya Touré (13091),Cote d'Ivoire  England,Midfield - Central Midfield,Midfield,CM,2,2,3.0,4,0,0,2,1,0,1446.0,34.5,62.6,74.9,0.8228289631946115,1.0,74.9
2783_metalurg_donetsk__2015_2000s_13758,2783_metalurg_donetsk__2015_2000s,2783,Metalurg Donetsk (- 2015),2000s,13758,Zézéto (13758),Cote d'Ivoire,Attack - Right Winger,Attack,RM,2,2,3.0,3,0,0,6,1,0,861.0,31.5,61.5,74.2,0.80454654799134,1.0,74.2
2783_metalurg_donetsk__2015_2000s_24013,2783_metalurg_donetsk__2015_2000s,2783,Metalurg Donetsk (- 2015),2000s,24013,Igor Gjuzelov (24013),North Macedonia  Belgium,Defender - Centre-Back,Defender,CB,4,4,4.0,0,0,0,16,0,0,4694.0,31.0,61.3,74.0,0.8010584556170315,1.0,74.0
2783_metalurg_donetsk__2015_2000s_24008,2783_metalurg_donetsk__2015_2000s,2783,Metalurg Donetsk (- 2015),2000s,24008,Rubén Gomez (24008),Argentina,Midfield - Central Midfield,Midfield,CM,4,4,1.0,3,0,0,4,0,0,1032.0,29.0,60.6,73.5,0.7883088765936974,1.0,73.5
2783_metalurg_donetsk__2015_2000s_92466,2783_metalurg_donetsk__2015_2000s,2783,Metalurg Donetsk (- 2015),2000s,92466,Volodymyr Ponomarenko (92466),Ukraine,Midfield - Right Midfield,Midfield,RM,3,3,2.0,2,0,0,4,0,0,833.0,26.0,59.5,72.6,0.7647341833052682,1.0,72.6
2783_metalurg_donetsk__2015_2000s_98479,2783_metalurg_donetsk__2015_2000s,2783,Metalurg Donetsk (- 2015),2000s,98479,Yevgen Kotov (98479),Ukraine,Defender - Centre-Back,Defender,CB,3,3,3.0,0,0,0,6,0,0,2051.0,23.0,58.4,71.5,0.7382727928794804,1.0,71.5
2783_metalurg_donetsk__2015_2000s_92461,2783_metalurg_donetsk__2015_2000s,2783,Metalurg Donetsk (- 2015),2000s,92461,Yuriy Seleznyov (92461),Ukraine,Midfield - Central Midfield,Midfield,CM,2,2,3.0,0,0,0,5,0,0,360.0,21.0,57.7,70.7,0.7179456338705797,1.0,70.7
2783_metalurg_donetsk__2015_2000s_3953,2783_metalurg_donetsk__2015_2000s,2783,Metalurg Donetsk (- 2015),2000s,3953,Sergio Pacheco (3953),Brazil,Midfield - Attacking Midfield,Midfield,AM,2,2,2.0,1,0,0,5,0,0,585.0,20.0,57.3,70.2,0.7051960548472456,1.0,70.2
2783_metalurg_donetsk__2015_2000s_49018,2783_metalurg_donetsk__2015_2000s,2783,Metalurg Donetsk (- 2015),2000s,49018,Oleksiy Polyanskyi (49018),Ukraine,Defender - Centre-Back,Defender,CB,3,3,1.0,1,0,0,8,0,0,1138.0,18.0,56.6,69.1,0.6780129901371181,1.0,69.1
2783_metalurg_donetsk__2015_2000s_8139,2783_metalurg_donetsk__2015_2000s,2783,Metalurg Donetsk (- 2015),2000s,8139,Haruna Babangida (8139),Nigeria  Spain,Attack - Right Winger,Attack,RM,2,2,2.0,0,0,0,1,0,0,260.0,16.0,55.9,67.9,0.6464998797209526,1.0,67.9
2783_metalurg_donetsk__2015_2000s_28532,2783_metalurg_donetsk__2015_2000s,2783,Metalurg Donetsk (- 2015),2000s,28532,Marian Aliuta (28532),Romania,Midfield - Attacking Midfield,Midfield,AM,1,1,2.0,0,0,0,1,0,0,621.0,13.0,54.8,66.3,0.600072167428434,1.0,66.3
2783_metalurg_donetsk__2015_2000s_44357,2783_metalurg_donetsk__2015_2000s,2783,Metalurg Donetsk (- 2015),2000s,44357,Oleksandr Kucher (44357),Ukraine,Defender - Centre-Back,Defender,CB,3,3,0.0,1,0,0,1,0,0,0.0,13.0,54.8,66.3,0.600072167428434,1.0,66.3
2783_metalurg_donetsk__2015_2000s_24004,2783_metalurg_donetsk__2015_2000s,2783,Metalurg Donetsk (- 2015),2000s,24004,Sergiy Dolganskyi (24004),Ukraine,Goalkeeper,Goalkeeper,GK,2,2,0.0,0,4,25,1,0,0,1866.0,12.0,54.4,65.5,0.5752946836661054,1.0,65.5
2783_metalurg_donetsk__2015_2000s_19728,2783_metalurg_donetsk__2015_2000s,2783,Metalurg Donetsk (- 2015),2000s,19728,Paulo Ramos Vogt (19728),Brazil  Portugal,Attack - Centre-Forward,Attack,FW,2,2,1.0,0,0,0,3,0,0,342.0,11.0,54.0,64.6,0.5475102237190281,1.0,64.6
2783_metalurg_donetsk__2015_2000s_53232,2783_metalurg_donetsk__2015_2000s,2783,Metalurg Donetsk (- 2015),2000s,53232,Fabinho (53232),Brazil,Midfield - Central Midfield,Midfield,CM,2,2,1.0,0,0,0,0,0,0,386.0,11.0,54.0,64.6,0.5475102237190281,1.0,64.6
2783_metalurg_donetsk__2015_2000s_15651,2783_metalurg_donetsk__2015_2000s,2783,Metalurg Donetsk (- 2015),2000s,15651,Marcinho Guerreiro (15651),Brazil  Italy,Midfield - Defensive Midfield,Midfield,CDM,2,2,1.0,0,0,0,1,0,0,108.0,10.0,53.7,63.6,0.5188838104402214,1.0,63.6
2783_metalurg_donetsk__2015_2000s_10183,2783_metalurg_donetsk__2015_2000s,2783,Metalurg Donetsk (- 2015),2000s,10183,Dani Fernández (10183),Spain,Defender - Right-Back,Defender,RB,2,2,0.0,1,0,0,7,0,0,0.0,9.0,53.3,62.9,0.49735386095742123,1.0,62.9
2783_metalurg_donetsk__2015_2000s_32627,2783_metalurg_donetsk__2015_2000s,2783,Metalurg Donetsk (- 2015),2000s,32627,Anthony Alegbe (32627),Nigeria,Defender - Centre-Back,Defender,CB,3,3,0.0,0,0,0,2,0,0,0.0,9.0,53.3,62.9,0.49735386095742123,1.0,62.9
2783_metalurg_donetsk__2015_2000s_516,2783_metalurg_donetsk__2015_2000s,2783,Metalurg Donetsk (- 2015),2000s,516,Aílton (516),Brazil,Attack - Centre-Forward,Attack,FW,1,1,1.0,0,0,0,0,0,0,68.0,8.0,52.9,61.9,0.46572047149386575,1.0,61.9
2783_metalurg_donetsk__2015_2000s_514030,2783_metalurg_donetsk__2015_2000s,2783,Metalurg Donetsk (- 2015),2000s,514030,Andriy Zavyalov (514030),Turkmenistan  Ukraine,Midfield - Central Midfield,Midfield,CM,1,1,1.0,0,0,0,0,0,0,1143.0,8.0,52.9,61.9,0.46572047149386575,1.0,61.9
2783_metalurg_donetsk__2015_2000s_57971,2783_metalurg_donetsk__2015_2000s,2783,Metalurg Donetsk (- 2015),2000s,57971,Andriy Berezovchuk (57971),Ukraine,Defender - Centre-Back,Defender,CB,1,1,0.0,1,0,0,3,0,0,0.0,7.0,52.6,60.4,0.42097666586480637,1.0,60.4
2783_metalurg_donetsk__2015_2000s_91704,2783_metalurg_donetsk__2015_2000s,2783,Metalurg Donetsk (- 2015),2000s,91704,Yuriy Danchenko (91704),Ukraine,Defender - Left-Back,Defender,LB,1,1,0.0,1,0,0,1,0,0,0.0,7.0,52.6,60.4,0.42097666586480637,1.0,60.4
2783_metalurg_donetsk__2015_2000s_23990,2783_metalurg_donetsk__2015_2000s,2783,Metalurg Donetsk (- 2015),2000s,23990,Denys Andrienko (23990),Ukraine,Defender - Left-Back,Defender,LB,2,2,0.0,0,0,0,3,0,0,0.0,6.0,52.2,58.6,0.36901611739235024,1.0,58.6
2783_metalurg_donetsk__2015_2000s_4356,2783_metalurg_donetsk__2015_2000s,2783,Metalurg Donetsk (- 2015),2000s,4356,Giorgi Gakhokidze (4356),Georgia,Attack - Left Winger,Attack,LM,1,1,0.0,0,0,0,0,0,0,0.0,3.0,51.1,51.2,0.16754871301419294,1.0,51.2
2783_metalurg_donetsk__2015_2000s_15796,2783_metalurg_donetsk__2015_2000s,2783,Metalurg Donetsk (- 2015),2000s,15796,Igor Lolo (15796),Cote d'Ivoire,Defender - Right-Back,Defender,RB,1,1,0.0,0,0,0,3,0,0,0.0,3.0,51.1,51.2,0.16754871301419294,1.0,51.2
2783_metalurg_donetsk__2015_2000s_16566,2783_metalurg_donetsk__2015_2000s,2783,Metalurg Donetsk (- 2015),2000s,16566,Chavdar Yankov (16566),Bulgaria,Midfield - Central Midfield,Midfield,CM,1,1,0.0,0,0,0,2,0,0,0.0,3.0,51.1,51.2,0.16754871301419294,1.0,51.2
2783_metalurg_donetsk__2015_2000s_25820,2783_metalurg_donetsk__2015_2000s,2783,Metalurg Donetsk (- 2015),2000s,25820,Vyacheslav Shevchuk (25820),Ukraine,Defender - Left-Back,Defender,LB,1,1,0.0,0,0,0,0,0,0,0.0,3.0,51.1,51.2,0.16754871301419294,1.0,51.2
2783_metalurg_donetsk__2015_2000s_25869,2783_metalurg_donetsk__2015_2000s,2783,Metalurg Donetsk (- 2015),2000s,25869,Volodymyr Romanenko (25869),Ukraine,Midfield - Defensive Midfield,Midfield,CDM,1,1,0.0,0,0,0,1,0,0,0.0,3.0,51.1,51.2,0.16754871301419294,1.0,51.2
2783_metalurg_donetsk__2015_2000s_57997,2783_metalurg_donetsk__2015_2000s,2783,Metalurg Donetsk (- 2015),2000s,57997,Sergiy Dmytriev (57997),Ukraine  Russia,Attack - Left Winger,Attack,LM,1,1,0.0,0,0,0,2,0,0,0.0,3.0,51.1,51.2,0.16754871301419294,1.0,51.2
2783_metalurg_donetsk__2015_2000s_59038,2783_metalurg_donetsk__2015_2000s,2783,Metalurg Donetsk (- 2015),2000s,59038,Vitaliy Gavrysh (59038),Ukraine,Defender - Centre-Back,Defender,CB,1,1,0.0,0,0,0,0,0,0,0.0,3.0,51.1,51.2,0.16754871301419294,1.0,51.2
2783_metalurg_donetsk__2015_2000s_59129,2783_metalurg_donetsk__2015_2000s,2783,Metalurg Donetsk (- 2015),2000s,59129,Vadym Sapay (59129),Ukraine,Defender - Left-Back,Defender,LB,1,1,0.0,0,0,0,1,0,0,0.0,3.0,51.1,51.2,0.16754871301419294,1.0,51.2
2783_metalurg_donetsk__2015_2000s_77847,2783_metalurg_donetsk__2015_2000s,2783,Metalurg Donetsk (- 2015),2000s,77847,Dmitriy Nepogodov (77847),Kazakhstan  Ukraine,Goalkeeper,Goalkeeper,GK,1,1,0.0,0,0,3,0,0,0,180.0,3.0,51.1,51.2,0.16754871301419294,1.0,51.2
2783_metalurg_donetsk__2015_2000s_86502,2783_metalurg_donetsk__2015_2000s,2783,Metalurg Donetsk (- 2015),2000s,86502,Ivan Kryvosheenko (86502),Ukraine,Midfield - Right Midfield,Midfield,RM,1,1,0.0,0,0,0,0,0,0,0.0,3.0,51.1,51.2,0.16754871301419294,1.0,51.2
2783_metalurg_donetsk__2015_2000s_91354,2783_metalurg_donetsk__2015_2000s,2783,Metalurg Donetsk (- 2015),2000s,91354,Anton Izvekov (91354),Ukraine,Midfield,Midfield,CM,1,1,0.0,0,0,0,0,0,0,0.0,3.0,51.1,51.2,0.16754871301419294,1.0,51.2
2783_metalurg_donetsk__2015_2000s_91450,2783_metalurg_donetsk__2015_2000s,2783,Metalurg Donetsk (- 2015),2000s,91450,Oleg Mishchenko (91450),Ukraine,Attack - Right Winger,Attack,RM,1,1,0.0,0,0,0,0,0,0,0.0,3.0,51.1,51.2,0.16754871301419294,1.0,51.2
2783_metalurg_donetsk__2015_2000s_109647,2783_metalurg_donetsk__2015_2000s,2783,Metalurg Donetsk (- 2015),2000s,109647,Vitaliy Abramov (109647),Kazakhstan  Russia,Midfield - Attacking Midfield,Midfield,AM,1,1,0.0,0,0,0,1,0,0,0.0,3.0,51.1,51.2,0.16754871301419294,1.0,51.2
2783_metalurg_donetsk__2015_2000s_183706,2783_metalurg_donetsk__2015_2000s,2783,Metalurg Donetsk (- 2015),2000s,183706,Andriy Skarlosh (183706),Ukraine,Midfield - Attacking Midfield,Midfield,AM,1,1,0.0,0,0,0,0,0,0,0.0,3.0,51.1,51.2,0.16754871301419294,1.0,51.2
2783_metalurg_donetsk__2015_2000s_418361,2783_metalurg_donetsk__2015_2000s,2783,Metalurg Donetsk (- 2015),2000s,418361,Yakiv Kripak (418361),Ukraine,Attack - Centre-Forward,Attack,FW,1,1,0.0,0,0,0,0,0,0,0.0,3.0,51.1,51.2,0.16754871301419294,1.0,51.2
2783_metalurg_donetsk__2015_2000s_59039,2783_metalurg_donetsk__2015_2000s,2783,Metalurg Donetsk (- 2015),2000s,59039,Andriy Gavryushov (59039),Ukraine,Defender - Right-Back,Defender,RB,1,1,0.0,0,0,0,5,0,0,0.0,2.0,50.7,45.6,0.016237671397642532,1.0,45.6
2783_metalurg_donetsk__2015_2010s_52915,2783_metalurg_donetsk__2015_2010s,2783,Metalurg Donetsk (- 2015),2010s,52915,Júnior Moraes (52915),Ukraine  Brazil,Attack - Centre-Forward,Attack,FW,3,3,35.0,7,0,0,6,1,9,490.0,210.5,95.0,92.5,0.991339908587924,1.0,92.5
2783_metalurg_donetsk__2015_2010s_59389,2783_metalurg_donetsk__2015_2010s,2783,Metalurg Donetsk (- 2015),2010s,59389,Mykola Morozyuk (59389),Ukraine,Defender - Right-Back,Defender,RB,5,5,9.0,17,0,0,29,0,0,5059.0,125.0,76.7,87.8,0.9723358191003127,1.0,87.8
2783_metalurg_donetsk__2015_2010s_60324,2783_metalurg_donetsk__2015_2010s,2783,Metalurg Donetsk (- 2015),2010s,60324,Gregory Nelson (60324),Netherlands  Suriname,Attack - Right Winger,Attack,RM,4,4,6.0,5,0,0,13,0,0,3852.0,62.0,63.3,81.2,0.9155641087322588,1.0,81.2
2783_metalurg_donetsk__2015_2010s_85969,2783_metalurg_donetsk__2015_2010s,2783,Metalurg Donetsk (- 2015),2010s,85969,Oleksandr Bandura (85969),Ukraine,Goalkeeper,Goalkeeper,GK,5,5,0.0,0,27,116,5,0,0,8010.0,55.5,61.9,80.0,0.9001683906663459,1.0,80.0
2783_metalurg_donetsk__2015_2010s_55734,2783_metalurg_donetsk__2015_2010s,2783,Metalurg Donetsk (- 2015),2010s,55734,Gevorg Ghazaryan (55734),Armenia,Attack - Left Winger,Attack,LM,3,3,6.0,2,0,0,3,0,0,1592.0,47.0,60.0,78.3,0.878277604041376,1.0,78.3
2783_metalurg_donetsk__2015_2010s_9833,2783_metalurg_donetsk__2015_2010s,2783,Metalurg Donetsk (- 2015),2010s,9833,Ricardo Fernandes (9833),Portugal,Midfield - Attacking Midfield,Midfield,AM,2,2,5.0,4,0,0,7,1,2,1055.0,45.5,59.7,77.9,0.8734664421457782,1.0,77.9
2783_metalurg_donetsk__2015_2010s_51232,2783_metalurg_donetsk__2015_2010s,2783,Metalurg Donetsk (- 2015),2010s,51232,Danilo (51232),Belgium  Brazil,Midfield - Attacking Midfield,Midfield,AM,3,3,2.0,5,0,0,9,0,0,2576.0,39.0,58.3,76.0,0.8490497955256194,1.0,76.0
2783_metalurg_donetsk__2015_2010s_264063,2783_metalurg_donetsk__2015_2010s,2783,Metalurg Donetsk (- 2015),2010s,264063,Sergiy Bolbat (264063),Ukraine,Attack - Right Winger,Attack,RM,1,1,2.0,6,0,0,3,0,0,780.0,37.0,57.9,75.6,0.8391869136396439,1.0,75.6
2783_metalurg_donetsk__2015_2010s_14513,2783_metalurg_donetsk__2015_2010s,2783,Metalurg Donetsk (- 2015),2010s,14513,Mário Sérgio (14513),Portugal,Defender - Right-Back,Defender,RB,2,2,2.0,4,0,0,11,0,0,695.0,32.0,56.8,74.3,0.8081549194130383,1.0,74.3
2783_metalurg_donetsk__2015_2010s_55735,2783_metalurg_donetsk__2015_2010s,2783,Metalurg Donetsk (- 2015),2010s,55735,Henrikh Mkhitaryan (55735),Armenia,Midfield - Central Midfield,Midfield,CM,1,1,3.0,1,0,0,0,0,1,240.0,22.0,54.7,71.1,0.7276882367091653,1.0,71.1
2783_metalurg_donetsk__2015_2010s_9369,2783_metalurg_donetsk__2015_2010s,2783,Metalurg Donetsk (- 2015),2010s,9369,Dele Adeleye (9369),Nigeria,Defender - Centre-Back,Defender,CB,2,2,3.0,0,0,0,3,0,0,780.0,21.0,54.5,70.7,0.7179456338705797,1.0,70.7
2783_metalurg_donetsk__2015_2010s_37430,2783_metalurg_donetsk__2015_2010s,2783,Metalurg Donetsk (- 2015),2010s,37430,,Ireland,Defender - Centre-Back,Defender,CB,1,1,2.0,1,0,0,2,0,0,378.0,17.0,53.6,68.6,0.6645417368294443,1.0,68.6
2783_metalurg_donetsk__2015_2010s_59440,2783_metalurg_donetsk__2015_2010s,2783,Metalurg Donetsk (- 2015),2010s,59440,Anton Postupalenko (59440),Ukraine,Midfield - Attacking Midfield,Midfield,AM,1,1,2.0,0,0,0,3,0,0,95.0,13.0,52.8,66.3,0.600072167428434,1.0,66.3
2783_metalurg_donetsk__2015_2010s_193323,2783_metalurg_donetsk__2015_2010s,2783,Metalurg Donetsk (- 2015),2010s,193323,Maksim Degtyarov (193323),Russia  Ukraine,Attack - Centre-Forward,Attack,FW,3,3,0.0,1,0,0,0,0,0,0.0,13.0,52.8,66.3,0.600072167428434,1.0,66.3
2783_metalurg_donetsk__2015_2010s_77847,2783_metalurg_donetsk__2015_2010s,2783,Metalurg Donetsk (- 2015),2010s,77847,Dmitriy Nepogodov (77847),Kazakhstan  Ukraine,Goalkeeper,Goalkeeper,GK,2,2,0.0,0,3,20,0,0,0,1260.0,10.5,52.2,64.1,0.5318739475583354,1.0,64.1
2783_metalurg_donetsk__2015_2010s_206717,2783_metalurg_donetsk__2015_2010s,2783,Metalurg Donetsk (- 2015),2010s,206717,Eduard Sobol (206717),Ukraine,Defender - Left-Back,Defender,LB,1,1,0.0,2,0,0,6,0,0,0.0,10.0,52.1,63.6,0.5188838104402214,1.0,63.6
2783_metalurg_donetsk__2015_2010s_51948,2783_metalurg_donetsk__2015_2010s,2783,Metalurg Donetsk (- 2015),2010s,51948,Daniel de Oliveira (51948),Brazil,Attack - Centre-Forward,Attack,FW,1,1,1.0,0,0,0,2,0,0,271.0,8.0,51.7,61.9,0.46572047149386575,1.0,61.9
2783_metalurg_donetsk__2015_2010s_183943,2783_metalurg_donetsk__2015_2010s,2783,Metalurg Donetsk (- 2015),2010s,183943,Gabriel Araújo (183943),Brazil,Defender - Left-Back,Defender,LB,1,1,0.0,1,0,0,1,0,0,0.0,7.0,51.5,60.4,0.42097666586480637,1.0,60.4
2783_metalurg_donetsk__2015_2010s_16566,2783_metalurg_donetsk__2015_2010s,2783,Metalurg Donetsk (- 2015),2010s,16566,Chavdar Yankov (16566),Bulgaria,Midfield - Central Midfield,Midfield,CM,2,2,0.0,0,0,0,0,0,0,0.0,6.0,51.3,58.6,0.36901611739235024,1.0,58.6
2783_metalurg_donetsk__2015_2010s_91450,2783_metalurg_donetsk__2015_2010s,2783,Metalurg Donetsk (- 2015),2010s,91450,Oleg Mishchenko (91450),Ukraine,Attack - Right Winger,Attack,RM,2,2,0.0,0,0,0,2,0,0,0.0,6.0,51.3,58.6,0.36901611739235024,1.0,58.6
2783_metalurg_donetsk__2015_2010s_5568,2783_metalurg_donetsk__2015_2010s,2783,Metalurg Donetsk (- 2015),2010s,5568,Filipe Teixeira (5568),Portugal  France,Attack - Right Winger,Attack,RM,1,1,0.0,0,0,0,2,0,0,0.0,3.0,50.6,51.2,0.16754871301419294,1.0,51.2
2783_metalurg_donetsk__2015_2010s_57901,2783_metalurg_donetsk__2015_2010s,2783,Metalurg Donetsk (- 2015),2010s,57901,Vyacheslav Sharpar (57901),Ukraine,Midfield - Central Midfield,Midfield,CM,1,1,0.0,0,0,0,0,0,0,0.0,3.0,50.6,51.2,0.16754871301419294,1.0,51.2
2783_metalurg_donetsk__2015_2010s_58043,2783_metalurg_donetsk__2015_2010s,2783,Metalurg Donetsk (- 2015),2010s,58043,Rustam Khudzhamov (58043),Ukraine,Goalkeeper,Goalkeeper,GK,1,1,0.0,0,0,0,0,0,0,0.0,3.0,50.6,51.2,0.16754871301419294,1.0,51.2
2783_metalurg_donetsk__2015_2010s_59290,2783_metalurg_donetsk__2015_2010s,2783,Metalurg Donetsk (- 2015),2010s,59290,Anton Savin (59290),Ukraine,Attack - Left Winger,Attack,LM,1,1,0.0,0,0,0,1,0,0,0.0,3.0,50.6,51.2,0.16754871301419294,1.0,51.2
2783_metalurg_donetsk__2015_2010s_91366,2783_metalurg_donetsk__2015_2010s,2783,Metalurg Donetsk (- 2015),2010s,91366,Oleksandr Akymenko (91366),Ukraine,Attack - Centre-Forward,Attack,FW,1,1,0.0,0,0,0,0,0,0,0.0,3.0,50.6,51.2,0.16754871301419294,1.0,51.2
2783_metalurg_donetsk__2015_2010s_124870,2783_metalurg_donetsk__2015_2010s,2783,Metalurg Donetsk (- 2015),2010s,124870,Lorenzo Ebecilio (124870),Netherlands  Suriname,Midfield - Attacking Midfield,Midfield,AM,1,1,0.0,0,0,0,0,0,0,0.0,3.0,50.6,51.2,0.16754871301419294,1.0,51.2
2783_metalurg_donetsk__2015_2010s_162952,2783_metalurg_donetsk__2015_2010s,2783,Metalurg Donetsk (- 2015),2010s,162952,Gaetano Monachello (162952),Italy,Attack - Centre-Forward,Attack,FW,1,1,0.0,0,0,0,1,0,0,0.0,3.0,50.6,51.2,0.16754871301419294,1.0,51.2
2783_metalurg_donetsk__2015_2010s_164561,2783_metalurg_donetsk__2015_2010s,2783,Metalurg Donetsk (- 2015),2010s,164561,Oleksandr Musienko (164561),Ukraine,Goalkeeper,Goalkeeper,GK,1,1,0.0,0,0,0,0,0,0,0.0,3.0,50.6,51.2,0.16754871301419294,1.0,51.2
2783_metalurg_donetsk__2015_2010s_297008,2783_metalurg_donetsk__2015_2010s,2783,Metalurg Donetsk (- 2015),2010s,297008,Igor Koshman (297008),Ukraine,Midfield - Attacking Midfield,Midfield,AM,1,1,0.0,0,0,0,1,0,0,0.0,3.0,50.6,51.2,0.16754871301419294,1.0,51.2
2783_metalurg_donetsk__2015_2010s_316945,2783_metalurg_donetsk__2015_2010s,2783,Metalurg Donetsk (- 2015),2010s,316945,Maryan Mysyk (316945),Ukraine,Midfield - Left Midfield,Midfield,LM,1,1,0.0,0,0,0,0,0,0,0.0,3.0,50.6,51.2,0.16754871301419294,1.0,51.2
2783_metalurg_donetsk__2015_2010s_325420,2783_metalurg_donetsk__2015_2010s,2783,Metalurg Donetsk (- 2015),2010s,325420,Bogdan Myshenko (325420),Ukraine,Midfield - Left Midfield,Midfield,LM,1,1,0.0,0,0,0,2,0,0,0.0,3.0,50.6,51.2,0.16754871301419294,1.0,51.2
2783_metalurg_donetsk__2015_2010s_325429,2783_metalurg_donetsk__2015_2010s,2783,Metalurg Donetsk (- 2015),2010s,325429,Maksym Zaderaka (325429),Ukraine,Attack - Right Winger,Attack,RM,1,1,0.0,0,0,0,0,0,0,0.0,3.0,50.6,51.2,0.16754871301419294,1.0,51.2
2783_metalurg_donetsk__2015_2010s_375180,2783_metalurg_donetsk__2015_2010s,2783,Metalurg Donetsk (- 2015),2010s,375180,Oleksandr Kozak (375180),Ukraine,Attack - Left Winger,Attack,LM,1,1,0.0,0,0,0,0,0,0,0.0,3.0,50.6,51.2,0.16754871301419294,1.0,51.2
2783_metalurg_donetsk__2015_2010s_375659,2783_metalurg_donetsk__2015_2010s,2783,Metalurg Donetsk (- 2015),2010s,375659,German Penkov (375659),Ukraine,Goalkeeper,Goalkeeper,GK,1,1,0.0,0,0,0,0,0,0,0.0,3.0,50.6,51.2,0.16754871301419294,1.0,51.2
2783_metalurg_donetsk__2015_2010s_59434,2783_metalurg_donetsk__2015_2010s,2783,Metalurg Donetsk (- 2015),2010s,59434,Artem Putivtsev (59434),Ukraine  Poland,Defender - Centre-Back,Defender,CB,1,1,0.0,0,0,0,3,1,0,0.0,1.5,50.3,45.4,0.00950204474380563,1.0,45.4
32131_cska_borysfen_kyiv_1990s_9779,32131_cska_borysfen_kyiv_1990s,32131,CSKA-Borysfen Kyiv,1990s,9779,Vitaliy Reva (9779),Ukraine,Goalkeeper,Goalkeeper,GK,1,1,0.0,0,14,24,0,0,0,2706.0,24.0,95.0,71.9,0.7468126052441665,1.0,71.9
32131_cska_borysfen_kyiv_1990s_430990,32131_cska_borysfen_kyiv_1990s,32131,CSKA-Borysfen Kyiv,1990s,430990,Vladyslav Prudius (430990),Ukraine  Russia,Midfield - Attacking Midfield,Midfield,AM,1,1,1.0,0,0,0,0,0,0,221.0,8.0,65.0,61.9,0.46572047149386575,1.0,61.9
32131_cska_borysfen_kyiv_1990s_24164,32131_cska_borysfen_kyiv_1990s,32131,CSKA-Borysfen Kyiv,1990s,24164,Volodymyr Savchenko (24164),Ukraine  Russia,Goalkeeper,Goalkeeper,GK,1,1,0.0,0,1,1,0,0,0,180.0,4.5,58.4,57.1,0.3246331489054607,1.0,57.1
32131_cska_borysfen_kyiv_1990s_42631,32131_cska_borysfen_kyiv_1990s,32131,CSKA-Borysfen Kyiv,1990s,42631,Oleksandr Goryainov (42631),Ukraine,Goalkeeper,Goalkeeper,GK,1,1,0.0,0,1,2,0,0,0,174.0,4.5,58.4,57.1,0.3246331489054607,1.0,57.1
338_dynamo_kyiv_1990s_3522,338_dynamo_kyiv_1990s,338,Dynamo Kyiv,1990s,3522,Andriy Shevchenko (3522),Ukraine,Attack - Centre-Forward,Attack,FW,5,5,60.0,14,0,0,7,0,2,1432.0,371.0,95.0,96.3,0.9980755352417608,1.0,96.3
338_dynamo_kyiv_1990s_24039,338_dynamo_kyiv_1990s,338,Dynamo Kyiv,1990s,24039,Dmytro Mykhaylenko (24039),Ukraine,Midfield - Central Midfield,Midfield,CM,6,6,16.0,20,0,0,8,0,0,3983.0,178.0,71.6,90.6,0.9865287466923262,1.0,90.6
338_dynamo_kyiv_1990s_9798,338_dynamo_kyiv_1990s,338,Dynamo Kyiv,1990s,9798,Maksim Shatskikh (9798),Uzbekistan  Ukraine,Attack - Centre-Forward,Attack,FW,1,1,19.0,9,0,0,2,0,0,87.0,134.0,66.3,88.5,0.9761847486167909,1.0,88.5
338_dynamo_kyiv_1990s_107039,338_dynamo_kyiv_1990s,338,Dynamo Kyiv,1990s,107039,Sergiy Kovalets (107039),Ukraine,Midfield - Attacking Midfield,Midfield,AM,4,5,6.0,12,0,0,4,0,0,4401.0,90.0,60.9,84.4,0.952128939138802,1.0,84.4
338_dynamo_kyiv_1990s_175951,338_dynamo_kyiv_1990s,338,Dynamo Kyiv,1990s,175951,Volodymyr Sharan (175951),Ukraine,Midfield - Attacking Midfield,Midfield,AM,4,5,9.0,4,0,0,8,0,0,2334.0,73.0,58.9,82.6,0.9321626172720712,1.0,82.6
338_dynamo_kyiv_1990s_3430,338_dynamo_kyiv_1990s,338,Dynamo Kyiv,1990s,3430,Kakhaber Kaladze (3430),Georgia,Defender - Centre-Back,Defender,CB,3,3,6.0,3,0,0,14,0,0,3409.0,51.0,56.2,79.3,0.8909069040173202,1.0,79.3
338_dynamo_kyiv_1990s_9631,338_dynamo_kyiv_1990s,338,Dynamo Kyiv,1990s,9631,Sergiy Serebrennikov (9631),Ukraine  Russia,Midfield - Central Midfield,Midfield,CM,2,2,7.0,2,0,0,1,0,1,321.0,49.0,55.9,78.9,0.8857349049795525,1.0,78.9
338_dynamo_kyiv_1990s_24022,338_dynamo_kyiv_1990s,338,Dynamo Kyiv,1990s,24022,Vyacheslav Kernozenko (24022),Ukraine,Goalkeeper,Goalkeeper,GK,4,4,0.0,0,16,15,0,0,0,2430.0,36.0,54.4,75.3,0.832571566033197,1.0,75.3
338_dynamo_kyiv_1990s_514030,338_dynamo_kyiv_1990s,338,Dynamo Kyiv,1990s,514030,Andriy Zavyalov (514030),Turkmenistan  Ukraine,Midfield - Central Midfield,Midfield,CM,2,2,3.0,0,0,0,0,0,0,233.0,21.0,52.5,70.7,0.7179456338705797,1.0,70.7
338_dynamo_kyiv_1990s_24046,338_dynamo_kyiv_1990s,338,Dynamo Kyiv,1990s,24046,Oleksandr Radchenko (24046),Ukraine,Defender - Left-Back,Defender,LB,3,3,1.0,0,0,0,0,0,0,770.0,14.0,51.7,67.0,0.6188356988212653,1.0,67.0
338_dynamo_kyiv_1990s_430990,338_dynamo_kyiv_1990s,338,Dynamo Kyiv,1990s,430990,Vladyslav Prudius (430990),Ukraine  Russia,Midfield - Attacking Midfield,Midfield,AM,2,2,1.0,0,0,0,0,0,0,492.0,11.0,51.3,64.6,0.5475102237190281,1.0,64.6
338_dynamo_kyiv_1990s_24006,338_dynamo_kyiv_1990s,338,Dynamo Kyiv,1990s,24006,Volodymyr Yezerskyi (24006),Ukraine,Defender - Right-Back,Defender,RB,2,2,0.0,0,0,0,1,0,0,0.0,6.0,50.7,58.6,0.36901611739235024,1.0,58.6
338_dynamo_kyiv_1990s_27204,338_dynamo_kyiv_1990s,338,Dynamo Kyiv,1990s,27204,Vsevolod Romanenko (27204),Ukraine,Goalkeeper,Goalkeeper,GK,2,2,0.0,0,0,0,0,0,0,0.0,6.0,50.7,58.6,0.36901611739235024,1.0,58.6
338_dynamo_kyiv_1990s_15389,338_dynamo_kyiv_1990s,338,Dynamo Kyiv,1990s,15389,Valeriy Esipov (15389),Russia,Attack - Right Winger,Attack,RM,1,1,0.0,0,0,0,0,0,0,0.0,3.0,50.4,51.2,0.16754871301419294,1.0,51.2
338_dynamo_kyiv_1990s_35142,338_dynamo_kyiv_1990s,338,Dynamo Kyiv,1990s,35142,Taras Lutsenko (35142),Ukraine,Goalkeeper,Goalkeeper,GK,1,1,0.0,0,0,0,0,0,0,0.0,3.0,50.4,51.2,0.16754871301419294,1.0,51.2
338_dynamo_kyiv_1990s_58255,338_dynamo_kyiv_1990s,338,Dynamo Kyiv,1990s,58255,Yuriy Tselykh (58255),Ukraine,Attack - Centre-Forward,Attack,FW,1,1,0.0,0,0,0,0,0,0,0.0,3.0,50.4,51.2,0.16754871301419294,1.0,51.2
338_dynamo_kyiv_1990s_81633,338_dynamo_kyiv_1990s,338,Dynamo Kyiv,1990s,81633,Marian Marushchak (81633),Ukraine,Goalkeeper,Goalkeeper,GK,1,1,0.0,0,0,0,0,0,0,0.0,3.0,50.4,51.2,0.16754871301419294,1.0,51.2
338_dynamo_kyiv_2000s_9798,338_dynamo_kyiv_2000s,338,Dynamo Kyiv,2000s,9798,Maksim Shatskikh (9798),Uzbekistan  Ukraine,Attack - Centre-Forward,Attack,FW,9,10,77.0,47,0,0,10,0,1,1609.0,599.0,95.0,98.5,0.9997594419052201,1.0,98.5
338_dynamo_kyiv_2000s_9800,338_dynamo_kyiv_2000s,338,Dynamo Kyiv,2000s,9800,Artem Milevskyi (9800),Ukraine  Belarus,Attack - Centre-Forward,Attack,FW,8,9,42.0,35,0,0,23,0,6,1457.0,373.0,78.0,96.5,0.9983160933365408,1.0,96.5
338_dynamo_kyiv_2000s_15880,338_dynamo_kyiv_2000s,338,Dynamo Kyiv,2000s,15880,Kléber (15880),Brazil,Attack - Centre-Forward,Attack,FW,5,6,28.0,15,0,0,13,0,0,672.0,214.0,66.1,92.8,0.9920615828722636,1.0,92.8
338_dynamo_kyiv_2000s_9791,338_dynamo_kyiv_2000s,338,Dynamo Kyiv,2000s,9791,Goran Gavrancic (9791),Serbia,Defender - Centre-Back,Defender,CB,8,9,22.0,7,0,0,11,0,3,3639.0,156.0,61.7,89.7,0.9830406543180178,1.0,89.7
338_dynamo_kyiv_2000s_9797,338_dynamo_kyiv_2000s,338,Dynamo Kyiv,2000s,9797,Oleksandr Melashchenko (9797),Ukraine,Attack - Centre-Forward,Attack,FW,4,4,19.0,8,0,0,0,0,0,611.0,139.0,60.4,88.9,0.9785903295645898,1.0,88.9
338_dynamo_kyiv_2000s_48740,338_dynamo_kyiv_2000s,338,Dynamo Kyiv,2000s,48740,Milos Ninkovic (48740),Serbia  Australia,Midfield - Attacking Midfield,Midfield,AM,6,6,11.0,15,0,0,7,0,0,1258.0,133.0,60.0,88.3,0.9753427952850613,1.0,88.3
338_dynamo_kyiv_2000s_43818,338_dynamo_kyiv_2000s,338,Dynamo Kyiv,2000s,43818,Corrêa (43818),Brazil,Midfield - Defensive Midfield,Midfield,CDM,4,4,10.0,17,0,0,9,0,0,2198.0,130.0,59.8,88.2,0.9745008419533318,1.0,88.2
338_dynamo_kyiv_2000s_25780,338_dynamo_kyiv_2000s,338,Dynamo Kyiv,2000s,25780,Ayila Yussuf (25780),Nigeria,Defender - Centre-Back,Defender,CB,7,7,10.0,3,0,0,20,0,0,4383.0,82.0,56.2,83.6,0.9449121962954053,1.0,83.6
338_dynamo_kyiv_2000s_24049,338_dynamo_kyiv_2000s,338,Dynamo Kyiv,2000s,24049,Ruslan Rotan (24049),Ukraine,Midfield - Central Midfield,Midfield,CM,3,4,5.0,11,0,0,8,0,0,982.0,78.0,55.9,83.2,0.9393793601154679,1.0,83.2
338_dynamo_kyiv_2000s_58405,338_dynamo_kyiv_2000s,338,Dynamo Kyiv,2000s,58405,Artem Kravets (58405),Ukraine,Attack - Centre-Forward,Attack,FW,4,4,8.0,5,0,0,1,0,0,615.0,72.0,55.4,82.4,0.9302381525138321,1.0,82.4
338_dynamo_kyiv_2000s_69015,338_dynamo_kyiv_2000s,338,Dynamo Kyiv,2000s,69015,Andriy Yarmolenko (69015),Ukraine,Attack - Right Winger,Attack,RM,3,3,8.0,4,0,0,6,0,0,319.0,65.0,54.9,81.8,0.9219388982439259,1.0,81.8
338_dynamo_kyiv_2000s_3522,338_dynamo_kyiv_2000s,338,Dynamo Kyiv,2000s,3522,Andriy Shevchenko (3522),Ukraine,Attack - Centre-Forward,Attack,FW,1,1,7.0,5,0,0,4,0,1,237.0,58.0,54.4,80.5,0.9067837382727929,1.0,80.5
338_dynamo_kyiv_2000s_9779,338_dynamo_kyiv_2000s,338,Dynamo Kyiv,2000s,9779,Vitaliy Reva (9779),Ukraine,Goalkeeper,Goalkeeper,GK,4,4,0.0,0,30,23,0,0,0,4425.0,57.0,54.3,80.4,0.9043781573249939,1.0,80.4
338_dynamo_kyiv_2000s_44367,338_dynamo_kyiv_2000s,338,Dynamo Kyiv,2000s,44367,Roman Eremenko (44367),Finland  Russia,Midfield - Attacking Midfield,Midfield,AM,2,2,2.0,9,0,0,7,0,0,3566.0,52.0,53.9,79.5,0.8937936011546789,1.0,79.5
338_dynamo_kyiv_2000s_59269,338_dynamo_kyiv_2000s,338,Dynamo Kyiv,2000s,59269,Lucky Idahor (59269),Nigeria,Attack - Centre-Forward,Attack,FW,2,2,5.0,5,0,0,1,0,0,220.0,51.0,53.8,79.3,0.8909069040173202,1.0,79.3
338_dynamo_kyiv_2000s_70767,338_dynamo_kyiv_2000s,338,Dynamo Kyiv,2000s,70767,Roman Zozulya (70767),Ukraine,Attack - Centre-Forward,Attack,FW,3,3,3.0,3,0,0,4,0,1,550.0,36.0,52.7,75.3,0.832571566033197,1.0,75.3
338_dynamo_kyiv_2000s_52276,338_dynamo_kyiv_2000s,338,Dynamo Kyiv,2000s,52276,Michael (52276),Brazil,Midfield - Left Midfield,Midfield,LM,1,1,3.0,4,0,0,0,0,0,164.0,34.0,52.6,74.8,0.8201828241520327,1.0,74.8
338_dynamo_kyiv_2000s_9783,338_dynamo_kyiv_2000s,338,Dynamo Kyiv,2000s,9783,László Bodnár (9783),Hungary,Defender - Right-Back,Defender,RB,3,3,3.0,2,0,0,4,0,0,1791.0,32.0,52.4,74.3,0.8081549194130383,1.0,74.3
338_dynamo_kyiv_2000s_27303,338_dynamo_kyiv_2000s,338,Dynamo Kyiv,2000s,27303,Gerson Magrão (27303),Brazil,Midfield - Left Midfield,Midfield,LM,1,1,3.0,3,0,0,6,0,0,572.0,30.0,52.3,73.8,0.7954053403897041,1.0,73.8
338_dynamo_kyiv_2000s_59933,338_dynamo_kyiv_2000s,338,Dynamo Kyiv,2000s,59933,Stanislav Bogush (59933),Ukraine,Goalkeeper,Goalkeeper,GK,2,2,0.0,0,15,13,2,0,0,2250.0,28.5,52.1,73.4,0.7840991099350493,1.0,73.4
338_dynamo_kyiv_2000s_24032,338_dynamo_kyiv_2000s,338,Dynamo Kyiv,2000s,24032,Vitaliy Lysytskyi (24032),Ukraine,Defender - Centre-Back,Defender,CB,3,3,2.0,1,0,0,3,0,0,181.0,23.0,51.7,71.5,0.7382727928794804,1.0,71.5
338_dynamo_kyiv_2000s_59076,338_dynamo_kyiv_2000s,338,Dynamo Kyiv,2000s,59076,Sergiy Kravchenko (59076),Ukraine,Midfield - Central Midfield,Midfield,CM,2,2,2.0,1,0,0,1,0,0,567.0,20.0,51.5,70.2,0.7051960548472456,1.0,70.2
338_dynamo_kyiv_2000s_19619,338_dynamo_kyiv_2000s,338,Dynamo Kyiv,2000s,19619,Oleksandr Rybka (19619),Ukraine,Goalkeeper,Goalkeeper,GK,4,5,0.0,0,5,10,0,0,0,1260.0,19.5,51.5,69.9,0.6968968005773394,1.0,69.9
338_dynamo_kyiv_2000s_14539,338_dynamo_kyiv_2000s,338,Dynamo Kyiv,2000s,14539,Marjan Markovic (14539),Serbia,Midfield - Right Midfield,Midfield,RM,3,3,2.0,0,0,0,7,0,0,641.0,19.0,51.4,69.6,0.6904017320182824,1.0,69.6
338_dynamo_kyiv_2000s_35142,338_dynamo_kyiv_2000s,338,Dynamo Kyiv,2000s,35142,Taras Lutsenko (35142),Ukraine,Goalkeeper,Goalkeeper,GK,4,4,0.0,0,4,4,0,0,0,630.0,18.0,51.4,69.1,0.6780129901371181,1.0,69.1
338_dynamo_kyiv_2000s_48987,338_dynamo_kyiv_2000s,338,Dynamo Kyiv,2000s,48987,Andrey Eshchenko (48987),Russia,Defender - Right-Back,Defender,RB,2,3,1.0,1,0,0,0,0,0,696.0,15.0,51.1,67.4,0.6314649987972095,1.0,67.4
338_dynamo_kyiv_2000s_57895,338_dynamo_kyiv_2000s,338,Dynamo Kyiv,2000s,57895,Denys Oliynyk (57895),Ukraine,Attack - Left Winger,Attack,LM,2,2,1.0,1,0,0,0,0,0,45.0,15.0,51.1,67.4,0.6314649987972095,1.0,67.4
338_dynamo_kyiv_2000s_58392,338_dynamo_kyiv_2000s,338,Dynamo Kyiv,2000s,58392,Vitaliy Fedoriv (58392),Ukraine,Defender - Centre-Back,Defender,CB,2,2,1.0,1,0,0,1,0,0,45.0,15.0,51.1,67.4,0.6314649987972095,1.0,67.4
338_dynamo_kyiv_2000s_15881,338_dynamo_kyiv_2000s,338,Dynamo Kyiv,2000s,15881,Sergey Kornilenko (15881),Belarus  Russia,Attack - Centre-Forward,Attack,FW,1,1,2.0,0,0,0,0,0,0,190.0,13.0,51.0,66.3,0.600072167428434,1.0,66.3
338_dynamo_kyiv_2000s_53823,338_dynamo_kyiv_2000s,338,Dynamo Kyiv,2000s,53823,Vladimir Kuzmichev (53823),Russia,Attack - Left Winger,Attack,LM,1,1,2.0,0,0,0,0,0,0,245.0,13.0,51.0,66.3,0.600072167428434,1.0,66.3
338_dynamo_kyiv_2000s_67907,338_dynamo_kyiv_2000s,338,Dynamo Kyiv,2000s,67907,Leandro Machado (67907),Brazil,Attack - Centre-Forward,Attack,FW,1,1,2.0,0,0,0,1,0,0,118.0,13.0,51.0,66.3,0.600072167428434,1.0,66.3
338_dynamo_kyiv_2000s_3430,338_dynamo_kyiv_2000s,338,Dynamo Kyiv,2000s,3430,Kakhaber Kaladze (3430),Georgia,Defender - Centre-Back,Defender,CB,1,1,0.0,2,0,0,1,0,0,0.0,11.0,50.8,64.6,0.5475102237190281,1.0,64.6
338_dynamo_kyiv_2000s_9631,338_dynamo_kyiv_2000s,338,Dynamo Kyiv,2000s,9631,Sergiy Serebrennikov (9631),Ukraine  Russia,Midfield - Central Midfield,Midfield,CM,2,2,1.0,0,0,0,1,0,0,386.0,11.0,50.8,64.6,0.5475102237190281,1.0,64.6
338_dynamo_kyiv_2000s_18445,338_dynamo_kyiv_2000s,338,Dynamo Kyiv,2000s,18445,Betão (18445),Brazil  Italy,Defender - Centre-Back,Defender,CB,2,2,0.0,1,0,0,5,0,0,0.0,10.0,50.8,63.6,0.5188838104402214,1.0,63.6
338_dynamo_kyiv_2000s_58043,338_dynamo_kyiv_2000s,338,Dynamo Kyiv,2000s,58043,Rustam Khudzhamov (58043),Ukraine,Goalkeeper,Goalkeeper,GK,3,3,0.0,0,0,0,0,0,0,0.0,9.0,50.7,62.9,0.49735386095742123,1.0,62.9
338_dynamo_kyiv_2000s_59389,338_dynamo_kyiv_2000s,338,Dynamo Kyiv,2000s,59389,Mykola Morozyuk (59389),Ukraine,Defender - Right-Back,Defender,RB,3,3,0.0,0,0,0,3,0,0,0.0,9.0,50.7,62.9,0.49735386095742123,1.0,62.9
338_dynamo_kyiv_2000s_25651,338_dynamo_kyiv_2000s,338,Dynamo Kyiv,2000s,25651,Aleksandr Filimonov (25651),Russia,Goalkeeper,Goalkeeper,GK,1,1,0.0,0,3,1,0,0,0,360.0,7.5,50.6,61.1,0.44274717344238634,1.0,61.1
338_dynamo_kyiv_2000s_58389,338_dynamo_kyiv_2000s,338,Dynamo Kyiv,2000s,58389,Oleg Dopilka (58389),Ukraine,Defender - Centre-Back,Defender,CB,3,3,0.0,0,0,0,1,1,0,0.0,7.5,50.6,61.1,0.44274717344238634,1.0,61.1
338_dynamo_kyiv_2000s_70754,338_dynamo_kyiv_2000s,338,Dynamo Kyiv,2000s,70754,Denys Garmash (70754),Ukraine,Midfield - Attacking Midfield,Midfield,AM,1,1,0.0,1,0,0,0,0,0,0.0,7.0,50.5,60.4,0.42097666586480637,1.0,60.4
338_dynamo_kyiv_2000s_108710,338_dynamo_kyiv_2000s,338,Dynamo Kyiv,2000s,108710,Vladyslav Kalitvintsev (108710),Ukraine  Russia,Midfield - Right Midfield,Midfield,RM,1,1,0.0,1,0,0,0,0,0,0.0,7.0,50.5,60.4,0.42097666586480637,1.0,60.4
338_dynamo_kyiv_2000s_15878,338_dynamo_kyiv_2000s,338,Dynamo Kyiv,2000s,15878,Ruslan Bidnenko (15878),Ukraine,Midfield - Defensive Midfield,Midfield,CDM,2,2,0.0,0,0,0,0,0,0,0.0,6.0,50.5,58.6,0.36901611739235024,1.0,58.6
338_dynamo_kyiv_2000s_24046,338_dynamo_kyiv_2000s,338,Dynamo Kyiv,2000s,24046,Oleksandr Radchenko (24046),Ukraine,Defender - Left-Back,Defender,LB,2,2,0.0,0,0,0,0,0,0,0.0,6.0,50.5,58.6,0.36901611739235024,1.0,58.6
338_dynamo_kyiv_2000s_57869,338_dynamo_kyiv_2000s,338,Dynamo Kyiv,2000s,57869,Denys Dedechko (57869),Ukraine,Midfield - Defensive Midfield,Midfield,CDM,2,2,0.0,0,0,0,0,0,0,0.0,6.0,50.5,58.6,0.36901611739235024,1.0,58.6
338_dynamo_kyiv_2000s_58413,338_dynamo_kyiv_2000s,338,Dynamo Kyiv,2000s,58413,Volodymyr Lysenko (58413),Ukraine,Attack - Centre-Forward,Attack,FW,2,2,0.0,0,0,0,0,0,0,0.0,6.0,50.5,58.6,0.36901611739235024,1.0,58.6
338_dynamo_kyiv_2000s_58418,338_dynamo_kyiv_2000s,338,Dynamo Kyiv,2000s,58418,Vadym Milko (58418),Ukraine,Midfield - Central Midfield,Midfield,CM,2,2,0.0,0,0,0,0,0,0,0.0,6.0,50.5,58.6,0.36901611739235024,1.0,58.6
338_dynamo_kyiv_2000s_59893,338_dynamo_kyiv_2000s,338,Dynamo Kyiv,2000s,59893,Oleksandr Romanchuk (59893),Ukraine,Defender - Left-Back,Defender,LB,2,2,0.0,0,0,0,1,0,0,0.0,6.0,50.5,58.6,0.36901611739235024,1.0,58.6
338_dynamo_kyiv_2000s_24022,338_dynamo_kyiv_2000s,338,Dynamo Kyiv,2000s,24022,Vyacheslav Kernozenko (24022),Ukraine,Goalkeeper,Goalkeeper,GK,1,1,0.0,0,1,5,0,0,0,450.0,4.5,50.3,57.1,0.3246331489054607,1.0,57.1
338_dynamo_kyiv_2000s_91931,338_dynamo_kyiv_2000s,338,Dynamo Kyiv,2000s,91931,Denys Boyko (91931),Ukraine,Goalkeeper,Goalkeeper,GK,1,1,0.0,0,1,0,0,0,0,90.0,4.5,50.3,57.1,0.3246331489054607,1.0,57.1
338_dynamo_kyiv_2000s_1470,338_dynamo_kyiv_2000s,338,Dynamo Kyiv,2000s,1470,Perica Ognjenovic (1470),Serbia,Attack - Right Winger,Attack,RM,1,1,0.0,0,0,0,0,0,0,0.0,3.0,50.2,51.2,0.16754871301419294,1.0,51.2
338_dynamo_kyiv_2000s_12064,338_dynamo_kyiv_2000s,338,Dynamo Kyiv,2000s,12064,Igor Skoba (12064),Ukraine  Russia,Midfield - Central Midfield,Midfield,CM,1,1,0.0,0,0,0,0,0,0,0.0,3.0,50.2,51.2,0.16754871301419294,1.0,51.2
338_dynamo_kyiv_2000s_20044,338_dynamo_kyiv_2000s,338,Dynamo Kyiv,2000s,20044,Demba Touré (20044),Senegal  France,Attack - Second Striker,Attack,FW,1,1,0.0,0,0,0,0,0,0,0.0,3.0,50.2,51.2,0.16754871301419294,1.0,51.2
338_dynamo_kyiv_2000s_24006,338_dynamo_kyiv_2000s,338,Dynamo Kyiv,2000s,24006,Volodymyr Yezerskyi (24006),Ukraine,Defender - Right-Back,Defender,RB,1,1,0.0,0,0,0,0,0,0,0.0,3.0,50.2,51.2,0.16754871301419294,1.0,51.2
338_dynamo_kyiv_2000s_24039,338_dynamo_kyiv_2000s,338,Dynamo Kyiv,2000s,24039,Dmytro Mykhaylenko (24039),Ukraine,Midfield - Central Midfield,Midfield,CM,1,1,0.0,0,0,0,0,0,0,0.0,3.0,50.2,51.2,0.16754871301419294,1.0,51.2
338_dynamo_kyiv_2000s_25739,338_dynamo_kyiv_2000s,338,Dynamo Kyiv,2000s,25739,Kakhaber Aladashvili (25739),Georgia,Defender - Right-Back,Defender,RB,1,1,0.0,0,0,0,0,0,0,0.0,3.0,50.2,51.2,0.16754871301419294,1.0,51.2
338_dynamo_kyiv_2000s_44305,338_dynamo_kyiv_2000s,338,Dynamo Kyiv,2000s,44305,David Imedashvili (44305),Georgia,Midfield - Defensive Midfield,Midfield,CDM,1,1,0.0,0,0,0,1,0,0,0.0,3.0,50.2,51.2,0.16754871301419294,1.0,51.2
338_dynamo_kyiv_2000s_58427,338_dynamo_kyiv_2000s,338,Dynamo Kyiv,2000s,58427,Kyrylo Petrov (58427),Ukraine,Midfield - Defensive Midfield,Midfield,CDM,1,1,0.0,0,0,0,0,0,0,0.0,3.0,50.2,51.2,0.16754871301419294,1.0,51.2
338_dynamo_kyiv_2000s_59826,338_dynamo_kyiv_2000s,338,Dynamo Kyiv,2000s,59826,Oleg Gerasymyuk (59826),Ukraine,Midfield - Central Midfield,Midfield,CM,1,1,0.0,0,0,0,0,0,0,0.0,3.0,50.2,51.2,0.16754871301419294,1.0,51.2
338_dynamo_kyiv_2000s_81633,338_dynamo_kyiv_2000s,338,Dynamo Kyiv,2000s,81633,Marian Marushchak (81633),Ukraine,Goalkeeper,Goalkeeper,GK,1,1,0.0,0,0,0,0,0,0,0.0,3.0,50.2,51.2,0.16754871301419294,1.0,51.2
338_dynamo_kyiv_2000s_88879,338_dynamo_kyiv_2000s,338,Dynamo Kyiv,2000s,88879,Artem Kychak (88879),Ukraine,Goalkeeper,Goalkeeper,GK,1,1,0.0,0,0,0,0,0,0,0.0,3.0,50.2,51.2,0.16754871301419294,1.0,51.2
338_dynamo_kyiv_2000s_52960,338_dynamo_kyiv_2000s,338,Dynamo Kyiv,2000s,52960,Leandro Almeida (52960),Brazil,Defender - Centre-Back,Defender,CB,1,1,0.0,0,0,0,5,1,0,0.0,1.5,50.1,45.4,0.00950204474380563,1.0,45.4
338_dynamo_kyiv_2010s_69015,338_dynamo_kyiv_2010s,338,Dynamo Kyiv,2010s,69015,Andriy Yarmolenko (69015),Ukraine,Attack - Right Winger,Attack,RM,8,8,91.0,61,0,0,32,1,12,1346.0,719.5,95.0,99.0,1.0,1.0,99.0
338_dynamo_kyiv_2010s_70754,338_dynamo_kyiv_2010s,338,Dynamo Kyiv,2010s,70754,Denys Garmash (70754),Ukraine,Midfield - Attacking Midfield,Midfield,AM,10,12,23.0,29,0,0,41,1,0,5689.0,258.5,66.2,94.0,0.9949482800096223,1.0,94.0
338_dynamo_kyiv_2010s_64308,338_dynamo_kyiv_2010s,338,Dynamo Kyiv,2010s,64308,Brown Ideye (64308),Nigeria,Attack - Centre-Forward,Attack,FW,3,3,34.0,8,0,0,7,1,1,449.0,209.5,63.1,92.4,0.9910993504931441,1.0,92.4
338_dynamo_kyiv_2010s_44624,338_dynamo_kyiv_2010s,338,Dynamo Kyiv,2010s,44624,Dieumerci Mbokani (44624),DR Congo,Attack - Centre-Forward,Attack,FW,3,4,25.0,13,0,0,9,0,0,595.0,186.0,61.6,91.1,0.9877315371662256,1.0,91.1
338_dynamo_kyiv_2010s_58405,338_dynamo_kyiv_2010s,338,Dynamo Kyiv,2010s,58405,Artem Kravets (58405),Ukraine,Attack - Centre-Forward,Attack,FW,7,7,25.0,7,0,0,4,0,0,604.0,174.0,60.9,90.4,0.9860476305027664,1.0,90.4
338_dynamo_kyiv_2010s_9800,338_dynamo_kyiv_2010s,338,Dynamo Kyiv,2010s,9800,Artem Milevskyi (9800),Ukraine  Belarus,Attack - Centre-Forward,Attack,FW,3,3,15.0,18,0,0,15,1,1,434.0,154.5,59.7,89.6,0.9824392590810681,1.0,89.6
338_dynamo_kyiv_2010s_188180,338_dynamo_kyiv_2010s,338,Dynamo Kyiv,2010s,188180,Benjamin Verbic (188180),Slovenia,Attack - Left Winger,Attack,LM,3,6,22.0,7,0,0,10,1,3,934.0,145.5,59.1,89.1,0.9797931200384893,1.0,89.1
338_dynamo_kyiv_2010s_52915,338_dynamo_kyiv_2010s,338,Dynamo Kyiv,2010s,52915,Júnior Moraes (52915),Ukraine  Brazil,Attack - Centre-Forward,Attack,FW,3,4,22.0,5,0,0,6,1,2,634.0,137.5,58.6,88.8,0.9778686552802501,1.0,88.8
338_dynamo_kyiv_2010s_124182,338_dynamo_kyiv_2010s,338,Dynamo Kyiv,2010s,124182,Sergiy Sydorchuk (124182),Ukraine,Midfield - Defensive Midfield,Midfield,CDM,8,11,12.0,10,0,0,32,0,0,3993.0,121.0,57.6,87.6,0.9707721914842434,1.0,87.6
338_dynamo_kyiv_2010s_38497,338_dynamo_kyiv_2010s,338,Dynamo Kyiv,2010s,38497,Jeremain Lens (38497),Netherlands  Suriname,Attack - Right Winger,Attack,RM,2,2,10.0,14,0,0,4,0,0,678.0,112.0,57.0,86.7,0.9656001924464758,1.0,86.7
338_dynamo_kyiv_2010s_3522,338_dynamo_kyiv_2010s,338,Dynamo Kyiv,2010s,3522,Andriy Shevchenko (3522),Ukraine,Attack - Centre-Forward,Attack,FW,2,2,16.0,5,0,0,5,0,3,314.0,106.0,56.6,86.1,0.9624729372143372,1.0,86.1
338_dynamo_kyiv_2010s_59389,338_dynamo_kyiv_2010s,338,Dynamo Kyiv,2010s,59389,Mykola Morozyuk (59389),Ukraine,Defender - Right-Back,Defender,RB,4,5,6.0,16,0,0,11,0,0,2765.0,106.0,56.6,86.1,0.9624729372143372,1.0,86.1
338_dynamo_kyiv_2010s_43848,338_dynamo_kyiv_2010s,338,Dynamo Kyiv,2010s,43848,Miguel Veloso (43848),Portugal,Midfield - Defensive Midfield,Midfield,CDM,4,4,6.0,14,0,0,14,0,0,4285.0,96.0,56.0,84.8,0.9545345200866009,1.0,84.8
338_dynamo_kyiv_2010s_46083,338_dynamo_kyiv_2010s,338,Dynamo Kyiv,2010s,46083,Domagoj Vida (46083),Croatia,Defender - Centre-Back,Defender,CB,6,6,10.0,5,0,0,17,0,0,3955.0,88.0,55.5,84.1,0.9504450324753428,1.0,84.1
338_dynamo_kyiv_2010s_257740,338_dynamo_kyiv_2010s,338,Dynamo Kyiv,2010s,257740,Carlos de Pena (257740),Uruguay  Italy,Attack - Left Winger,Attack,LM,2,3,10.0,6,0,0,7,0,1,1035.0,80.0,55.0,83.3,0.9416646620158768,1.0,83.3
338_dynamo_kyiv_2010s_120211,338_dynamo_kyiv_2010s,338,Dynamo Kyiv,2010s,120211,Maksym Koval (120211),Ukraine,Goalkeeper,Goalkeeper,GK,7,7,0.0,0,37,56,4,0,0,6397.0,76.5,54.8,83.1,0.9386576858311282,1.0,83.1
338_dynamo_kyiv_2010s_157849,338_dynamo_kyiv_2010s,338,Dynamo Kyiv,2010s,157849,Lukasz Teodorczyk (157849),Poland,Attack - Centre-Forward,Attack,FW,2,2,10.0,1,0,0,0,0,0,153.0,60.0,53.8,80.9,0.9114746211210007,1.0,80.9
338_dynamo_kyiv_2010s_404842,338_dynamo_kyiv_2010s,338,Dynamo Kyiv,2010s,404842,Vitaliy Mykolenko (404842),Ukraine,Defender - Left-Back,Defender,LB,3,6,3.0,9,0,0,10,0,0,1206.0,60.0,53.8,80.9,0.9114746211210007,1.0,80.9
338_dynamo_kyiv_2010s_44367,338_dynamo_kyiv_2010s,338,Dynamo Kyiv,2010s,44367,Roman Eremenko (44367),Finland  Russia,Midfield - Attacking Midfield,Midfield,AM,2,2,3.0,9,0,0,7,0,0,695.0,57.0,53.6,80.4,0.9043781573249939,1.0,80.4
338_dynamo_kyiv_2010s_91931,338_dynamo_kyiv_2010s,338,Dynamo Kyiv,2010s,91931,Denys Boyko (91931),Ukraine,Goalkeeper,Goalkeeper,GK,5,8,0.0,0,28,51,4,0,0,5294.0,57.0,53.6,80.4,0.9043781573249939,1.0,80.4
338_dynamo_kyiv_2010s_366729,338_dynamo_kyiv_2010s,338,Dynamo Kyiv,2010s,366729,Nazariy Rusyn (366729),Ukraine,Attack - Centre-Forward,Attack,FW,3,5,7.0,3,0,0,5,0,1,650.0,56.0,53.5,80.1,0.9016117392350252,1.0,80.1
338_dynamo_kyiv_2010s_213865,338_dynamo_kyiv_2010s,338,Dynamo Kyiv,2010s,213865,Mykyta Burda (213865),Ukraine,Defender - Centre-Back,Defender,CB,6,9,6.0,0,0,0,13,1,0,3556.0,45.5,52.8,77.9,0.8734664421457782,1.0,77.9
338_dynamo_kyiv_2010s_96455,338_dynamo_kyiv_2010s,338,Dynamo Kyiv,2010s,96455,Yevgen Makarenko (96455),Ukraine,Midfield - Defensive Midfield,Midfield,CDM,4,4,2.0,4,0,0,6,1,0,2454.0,36.5,52.3,75.5,0.8363002165022853,1.0,75.5
338_dynamo_kyiv_2010s_114937,338_dynamo_kyiv_2010s,338,Dynamo Kyiv,2010s,114937,Dudu (114937),Brazil,Attack - Left Winger,Attack,LM,3,3,2.0,4,0,0,2,0,0,818.0,35.0,52.2,75.1,0.8263170555689199,1.0,75.1
338_dynamo_kyiv_2010s_97567,338_dynamo_kyiv_2010s,338,Dynamo Kyiv,2010s,97567,Roman Bezus (97567),Ukraine,Midfield - Attacking Midfield,Midfield,AM,3,3,4.0,1,0,0,3,0,0,887.0,33.0,52.1,74.6,0.8146499879720953,1.0,74.6
338_dynamo_kyiv_2010s_44699,338_dynamo_kyiv_2010s,338,Dynamo Kyiv,2010s,44699,Antunes (44699),Portugal,Defender - Left-Back,Defender,LB,3,3,3.0,2,0,0,6,0,0,4408.0,32.0,52.0,74.3,0.8081549194130383,1.0,74.3
338_dynamo_kyiv_2010s_108710,338_dynamo_kyiv_2010s,338,Dynamo Kyiv,2010s,108710,Vladyslav Kalitvintsev (108710),Ukraine  Russia,Midfield - Right Midfield,Midfield,RM,6,6,2.0,1,0,0,2,0,0,569.0,32.0,52.0,74.3,0.8081549194130383,1.0,74.3
338_dynamo_kyiv_2010s_16746,338_dynamo_kyiv_2010s,338,Dynamo Kyiv,2010s,16746,Niko Kranjcar (16746),Croatia,Midfield - Attacking Midfield,Midfield,AM,1,1,4.0,2,0,0,0,0,0,201.0,31.0,51.9,74.0,0.8010584556170315,1.0,74.0
338_dynamo_kyiv_2010s_81649,338_dynamo_kyiv_2010s,338,Dynamo Kyiv,2010s,81649,Sergiy Rybalka (81649),Ukraine,Midfield - Defensive Midfield,Midfield,CDM,6,6,2.0,1,0,0,11,0,0,3433.0,30.0,51.9,73.8,0.7954053403897041,1.0,73.8
338_dynamo_kyiv_2010s_129646,338_dynamo_kyiv_2010s,338,Dynamo Kyiv,2010s,129646,Artur Rudko (129646),Ukraine,Goalkeeper,Goalkeeper,GK,6,8,0.0,1,5,23,0,0,0,1800.0,29.5,51.8,73.7,0.7920375270627856,1.0,73.7
338_dynamo_kyiv_2010s_19721,338_dynamo_kyiv_2010s,338,Dynamo Kyiv,2010s,19721,Goran Popov (19721),North Macedonia,Defender - Left-Back,Defender,LB,3,3,2.0,2,0,0,8,0,0,2615.0,27.0,51.7,72.9,0.7733942747173442,1.0,72.9
338_dynamo_kyiv_2010s_19619,338_dynamo_kyiv_2010s,338,Dynamo Kyiv,2010s,19619,Oleksandr Rybka (19619),Ukraine,Goalkeeper,Goalkeeper,GK,3,3,0.0,0,11,18,0,0,0,2070.0,25.5,51.6,72.4,0.7599230214096704,1.0,72.4
338_dynamo_kyiv_2010s_48740,338_dynamo_kyiv_2010s,338,Dynamo Kyiv,2010s,48740,Milos Ninkovic (48740),Serbia  Australia,Midfield - Attacking Midfield,Midfield,AM,3,3,3.0,0,0,0,4,0,0,1508.0,24.0,51.5,71.9,0.7468126052441665,1.0,71.9
338_dynamo_kyiv_2010s_52960,338_dynamo_kyiv_2010s,338,Dynamo Kyiv,2010s,52960,Leandro Almeida (52960),Brazil,Defender - Centre-Back,Defender,CB,3,3,3.0,0,0,0,5,0,0,413.0,24.0,51.5,71.9,0.7468126052441665,1.0,71.9
338_dynamo_kyiv_2010s_64313,338_dynamo_kyiv_2010s,338,Dynamo Kyiv,2010s,64313,Tamás Kádár (64313),Hungary,Defender - Centre-Back,Defender,CB,4,6,0.0,3,0,0,14,0,0,0.0,22.0,51.4,71.1,0.7276882367091653,1.0,71.1
338_dynamo_kyiv_2010s_164292,338_dynamo_kyiv_2010s,338,Dynamo Kyiv,2010s,164292,Fran Sol (164292),Spain,Attack - Centre-Forward,Attack,FW,2,3,2.0,1,0,0,1,0,0,582.0,20.0,51.3,70.2,0.7051960548472456,1.0,70.2
338_dynamo_kyiv_2010s_66058,338_dynamo_kyiv_2010s,338,Dynamo Kyiv,2010s,66058,Admir Mehmedi (66058),Switzerland  North Macedonia,Attack - Second Striker,Attack,FW,2,2,1.0,2,0,0,1,0,0,364.0,19.0,51.2,69.6,0.6904017320182824,1.0,69.6
338_dynamo_kyiv_2010s_330060,338_dynamo_kyiv_2010s,338,Dynamo Kyiv,2010s,330060,Sidcley (330060),Brazil,Defender - Left-Back,Defender,LB,2,3,1.0,2,0,0,1,0,0,762.0,19.0,51.2,69.6,0.6904017320182824,1.0,69.6
338_dynamo_kyiv_2010s_236468,338_dynamo_kyiv_2010s,338,Dynamo Kyiv,2010s,236468,Artem Shabanov (236468),Ukraine,Defender - Centre-Back,Defender,CB,3,6,2.0,1,0,0,8,1,0,737.0,18.5,51.2,69.4,0.684868895838345,1.0,69.4
338_dynamo_kyiv_2010s_18445,338_dynamo_kyiv_2010s,338,Dynamo Kyiv,2010s,18445,Betão (18445),Brazil  Italy,Defender - Centre-Back,Defender,CB,4,4,0.0,1,0,0,8,0,0,0.0,16.0,51.0,67.9,0.6464998797209526,1.0,67.9
338_dynamo_kyiv_2010s_19819,338_dynamo_kyiv_2010s,338,Dynamo Kyiv,2010s,19819,Raffael (19819),Brazil  Germany,Attack - Second Striker,Attack,FW,1,1,1.0,2,0,0,0,0,0,409.0,16.0,51.0,67.9,0.6464998797209526,1.0,67.9
338_dynamo_kyiv_2010s_45826,338_dynamo_kyiv_2010s,338,Dynamo Kyiv,2010s,45826,Josip Pivaric (45826),Croatia,Defender - Left-Back,Defender,LB,3,5,0.0,2,0,0,3,1,0,0.0,15.5,51.0,67.6,0.6383209044984364,1.0,67.6
338_dynamo_kyiv_2010s_70767,338_dynamo_kyiv_2010s,338,Dynamo Kyiv,2010s,70767,Roman Zozulya (70767),Ukraine,Attack - Centre-Forward,Attack,FW,1,1,0.0,3,0,0,3,0,0,0.0,15.0,50.9,67.4,0.6314649987972095,1.0,67.4
338_dynamo_kyiv_2010s_122088,338_dynamo_kyiv_2010s,338,Dynamo Kyiv,2010s,122088,Artem Gromov (122088),Ukraine,Attack - Left Winger,Attack,LM,1,1,0.0,3,0,0,0,0,0,0.0,15.0,50.9,67.4,0.6314649987972095,1.0,67.4
338_dynamo_kyiv_2010s_248936,338_dynamo_kyiv_2010s,338,Dynamo Kyiv,2010s,248936,Pavlo Orikhovskyi (248936),Ukraine,Midfield - Central Midfield,Midfield,CM,2,2,1.0,1,0,0,0,0,0,173.0,15.0,50.9,67.4,0.6314649987972095,1.0,67.4
338_dynamo_kyiv_2010s_43818,338_dynamo_kyiv_2010s,338,Dynamo Kyiv,2010s,43818,Corrêa (43818),Brazil,Midfield - Defensive Midfield,Midfield,CDM,1,1,2.0,0,0,0,1,0,0,241.0,13.0,50.8,66.3,0.600072167428434,1.0,66.3
338_dynamo_kyiv_2010s_155964,338_dynamo_kyiv_2010s,338,Dynamo Kyiv,2010s,155964,Andriy Tsurikov (155964),Ukraine,Defender - Left-Back,Defender,LB,3,3,0.0,1,0,0,0,0,0,0.0,13.0,50.8,66.3,0.600072167428434,1.0,66.3
338_dynamo_kyiv_2010s_282734,338_dynamo_kyiv_2010s,338,Dynamo Kyiv,2010s,282734,Gerson Rodrigues (282734),Luxembourg  Portugal,Attack - Centre-Forward,Attack,FW,1,1,2.0,0,0,0,1,0,0,244.0,13.0,50.8,66.3,0.600072167428434,1.0,66.3
338_dynamo_kyiv_2010s_419067,338_dynamo_kyiv_2010s,338,Dynamo Kyiv,2010s,419067,Giorgi Tsitaishvili (419067),Georgia  Ukraine,Attack - Right Winger,Attack,RM,3,5,0.0,1,0,0,2,0,0,0.0,13.0,50.8,66.3,0.600072167428434,1.0,66.3
338_dynamo_kyiv_2010s_30825,338_dynamo_kyiv_2010s,338,Dynamo Kyiv,2010s,30825,Marco Ruben (30825),Argentina  Spain,Attack - Centre-Forward,Attack,FW,1,1,1.0,1,0,0,0,0,0,417.0,12.0,50.8,65.5,0.5752946836661054,1.0,65.5
338_dynamo_kyiv_2010s_82599,338_dynamo_kyiv_2010s,338,Dynamo Kyiv,2010s,82599,Valeriy Fedorchuk (82599),Ukraine,Midfield - Central Midfield,Midfield,CM,2,2,1.0,0,0,0,3,0,0,280.0,11.0,50.7,64.6,0.5475102237190281,1.0,64.6
338_dynamo_kyiv_2010s_167093,338_dynamo_kyiv_2010s,338,Dynamo Kyiv,2010s,167093,Aleksandar Pantic (167093),Serbia,Defender - Centre-Back,Defender,CB,2,2,0.0,1,0,0,3,0,0,0.0,10.0,50.6,63.6,0.5188838104402214,1.0,63.6
338_dynamo_kyiv_2010s_193158,338_dynamo_kyiv_2010s,338,Dynamo Kyiv,2010s,193158,Sergiy Myakushko (193158),Ukraine,Attack - Left Winger,Attack,LM,2,2,0.0,1,0,0,0,0,0,0.0,10.0,50.6,63.6,0.5188838104402214,1.0,63.6
338_dynamo_kyiv_2010s_25780,338_dynamo_kyiv_2010s,338,Dynamo Kyiv,2010s,25780,Ayila Yussuf (25780),Nigeria,Defender - Centre-Back,Defender,CB,3,3,0.0,0,0,0,3,0,0,0.0,9.0,50.6,62.9,0.49735386095742123,1.0,62.9
338_dynamo_kyiv_2010s_59442,338_dynamo_kyiv_2010s,338,Dynamo Kyiv,2010s,59442,Yevgen Selin (59442),Ukraine,Defender - Centre-Back,Defender,CB,3,3,0.0,0,0,0,3,0,0,0.0,9.0,50.6,62.9,0.49735386095742123,1.0,62.9
338_dynamo_kyiv_2010s_343175,338_dynamo_kyiv_2010s,338,Dynamo Kyiv,2010s,343175,Akhmed Alibekov (343175),Ukraine,Midfield - Defensive Midfield,Midfield,CDM,2,4,0.0,1,0,0,0,0,0,0.0,9.0,50.6,62.9,0.49735386095742123,1.0,62.9
338_dynamo_kyiv_2010s_75296,338_dynamo_kyiv_2010s,338,Dynamo Kyiv,2010s,75296,Radosav Petrovic (75296),Serbia,Defender - Centre-Back,Defender,CB,1,1,1.0,0,0,0,1,0,0,563.0,8.0,50.5,61.9,0.46572047149386575,1.0,61.9
338_dynamo_kyiv_2010s_27303,338_dynamo_kyiv_2010s,338,Dynamo Kyiv,2010s,27303,Gerson Magrão (27303),Brazil,Midfield - Left Midfield,Midfield,LM,1,1,0.0,1,0,0,3,0,0,0.0,7.0,50.4,60.4,0.42097666586480637,1.0,60.4
338_dynamo_kyiv_2010s_31776,338_dynamo_kyiv_2010s,338,Dynamo Kyiv,2010s,31776,Oleksandr Yakovenko (31776),Ukraine  Belgium,Attack - Left Winger,Attack,LM,1,1,0.0,1,0,0,0,0,0,0.0,7.0,50.4,60.4,0.42097666586480637,1.0,60.4
338_dynamo_kyiv_2010s_107525,338_dynamo_kyiv_2010s,338,Dynamo Kyiv,2010s,107525,Facundo Bertoglio (107525),Argentina  Italy,Midfield - Attacking Midfield,Midfield,AM,1,1,0.0,1,0,0,1,0,0,0.0,7.0,50.4,60.4,0.42097666586480637,1.0,60.4
338_dynamo_kyiv_2010s_419061,338_dynamo_kyiv_2010s,338,Dynamo Kyiv,2010s,419061,Vladyslav Supryaga (419061),Ukraine,Attack - Centre-Forward,Attack,FW,1,1,0.0,1,0,0,0,0,0,0.0,7.0,50.4,60.4,0.42097666586480637,1.0,60.4
338_dynamo_kyiv_2010s_88879,338_dynamo_kyiv_2010s,338,Dynamo Kyiv,2010s,88879,Artem Kychak (88879),Ukraine,Goalkeeper,Goalkeeper,GK,2,2,0.0,0,0,1,0,0,0,51.0,6.0,50.4,58.6,0.36901611739235024,1.0,58.6
338_dynamo_kyiv_2010s_294730,338_dynamo_kyiv_2010s,338,Dynamo Kyiv,2010s,294730,Bogdan Mykhaylichenko (294730),Ukraine,Defender - Left-Back,Defender,LB,2,2,0.0,0,0,0,0,0,0,0.0,6.0,50.4,58.6,0.36901611739235024,1.0,58.6
338_dynamo_kyiv_2010s_370399,338_dynamo_kyiv_2010s,338,Dynamo Kyiv,2010s,370399,Mykyta Kravchenko (370399),Ukraine,Defender - Right-Back,Defender,RB,2,3,0.0,0,0,0,1,0,0,0.0,6.0,50.4,58.6,0.36901611739235024,1.0,58.6
338_dynamo_kyiv_2010s_396532,338_dynamo_kyiv_2010s,338,Dynamo Kyiv,2010s,396532,Yevgeniy Smyrnyi (396532),Ukraine,Midfield - Central Midfield,Midfield,CM,2,3,0.0,0,0,0,0,0,0,0.0,6.0,50.4,58.6,0.36901611739235024,1.0,58.6
338_dynamo_kyiv_2010s_53270,338_dynamo_kyiv_2010s,338,Dynamo Kyiv,2010s,53270,Oleksandr Gladkyi (53270),Ukraine,Attack - Centre-Forward,Attack,FW,1,1,0.0,0,0,0,1,0,0,0.0,3.0,50.2,51.2,0.16754871301419294,1.0,51.2
338_dynamo_kyiv_2010s_59933,338_dynamo_kyiv_2010s,338,Dynamo Kyiv,2010s,59933,Stanislav Bogush (59933),Ukraine,Goalkeeper,Goalkeeper,GK,1,1,0.0,0,0,0,0,0,0,0.0,3.0,50.2,51.2,0.16754871301419294,1.0,51.2
338_dynamo_kyiv_2010s_104509,338_dynamo_kyiv_2010s,338,Dynamo Kyiv,2010s,104509,André Felipe (104509),Brazil,Attack - Centre-Forward,Attack,FW,1,1,0.0,0,0,0,0,0,0,0.0,3.0,50.2,51.2,0.16754871301419294,1.0,51.2
338_dynamo_kyiv_2010s_213976,338_dynamo_kyiv_2010s,338,Dynamo Kyiv,2010s,213976,Igor Kharatin (213976),Ukraine  Hungary,Midfield - Defensive Midfield,Midfield,CDM,1,1,0.0,0,0,0,0,0,0,0.0,3.0,50.2,51.2,0.16754871301419294,1.0,51.2
338_dynamo_kyiv_2010s_221958,338_dynamo_kyiv_2010s,338,Dynamo Kyiv,2010s,221958,Roman Yaremchuk (221958),Ukraine,Attack - Centre-Forward,Attack,FW,1,1,0.0,0,0,0,0,0,0,0.0,3.0,50.2,51.2,0.16754871301419294,1.0,51.2
338_dynamo_kyiv_2010s_248935,338_dynamo_kyiv_2010s,338,Dynamo Kyiv,2010s,248935,Pavlo Lukyanchuk (248935),Ukraine,Defender - Centre-Back,Defender,CB,1,1,0.0,0,0,0,0,0,0,0.0,3.0,50.2,51.2,0.16754871301419294,1.0,51.2
338_dynamo_kyiv_2010s_294723,338_dynamo_kyiv_2010s,338,Dynamo Kyiv,2010s,294723,Volodymyr Makhankov (294723),Ukraine,Goalkeeper,Goalkeeper,GK,1,1,0.0,0,0,0,0,0,0,0.0,3.0,50.2,51.2,0.16754871301419294,1.0,51.2
338_dynamo_kyiv_2010s_364261,338_dynamo_kyiv_2010s,338,Dynamo Kyiv,2010s,364261,Tchê Tchê (364261),Brazil,Midfield - Central Midfield,Midfield,CM,1,1,0.0,0,0,0,1,0,0,0.0,3.0,50.2,51.2,0.16754871301419294,1.0,51.2
338_dynamo_kyiv_2010s_390368,338_dynamo_kyiv_2010s,338,Dynamo Kyiv,2010s,390368,Vitor Bueno (390368),Brazil  Italy,Midfield - Attacking Midfield,Midfield,AM,1,1,0.0,0,0,0,0,0,0,0.0,3.0,50.2,51.2,0.16754871301419294,1.0,51.2
338_dynamo_kyiv_2010s_396536,338_dynamo_kyiv_2010s,338,Dynamo Kyiv,2010s,396536,Roman Vantukh (396536),Ukraine,Defender - Left-Back,Defender,LB,1,1,0.0,0,0,0,0,0,0,0.0,3.0,50.2,51.2,0.16754871301419294,1.0,51.2
338_dynamo_kyiv_2010s_404838,338_dynamo_kyiv_2010s,338,Dynamo Kyiv,2010s,404838,Vladyslav Kucheruk (404838),Ukraine,Goalkeeper,Goalkeeper,GK,1,1,0.0,0,0,0,0,0,0,0.0,3.0,50.2,51.2,0.16754871301419294,1.0,51.2
338_dynamo_kyiv_2010s_404846,338_dynamo_kyiv_2010s,338,Dynamo Kyiv,2010s,404846,Sergiy Buletsa (404846),Ukraine,Midfield - Attacking Midfield,Midfield,AM,1,1,0.0,0,0,0,0,0,0,0.0,3.0,50.2,51.2,0.16754871301419294,1.0,51.2
338_dynamo_kyiv_2010s_442942,338_dynamo_kyiv_2010s,338,Dynamo Kyiv,2010s,442942,Mohammed Kadiri (442942),Ghana,Midfield - Defensive Midfield,Midfield,CDM,1,2,0.0,0,0,0,4,0,0,0.0,3.0,50.2,51.2,0.16754871301419294,1.0,51.2
338_dynamo_kyiv_2010s_461670,338_dynamo_kyiv_2010s,338,Dynamo Kyiv,2010s,461670,Bogdan Biloshevskyi (461670),Ukraine,Midfield - Defensive Midfield,Midfield,CDM,1,1,0.0,0,0,0,0,0,0,0.0,3.0,50.2,51.2,0.16754871301419294,1.0,51.2
338_dynamo_kyiv_2010s_491960,338_dynamo_kyiv_2010s,338,Dynamo Kyiv,2010s,491960,Benito (491960),Nigeria  Cote d'Ivoire,Attack - Right Winger,Attack,RM,1,1,0.0,0,0,0,0,0,0,0.0,3.0,50.2,51.2,0.16754871301419294,1.0,51.2
338_dynamo_kyiv_2010s_539441,338_dynamo_kyiv_2010s,338,Dynamo Kyiv,2010s,539441,Yevgeniy Isaenko (539441),Ukraine,Attack - Centre-Forward,Attack,FW,1,1,0.0,0,0,0,0,0,0,0.0,3.0,50.2,51.2,0.16754871301419294,1.0,51.2
338_dynamo_kyiv_2010s_659089,338_dynamo_kyiv_2010s,338,Dynamo Kyiv,2010s,659089,Ilya Zabarnyi (659089),Ukraine,Defender - Centre-Back,Defender,CB,1,1,0.0,0,0,0,0,0,0,0.0,3.0,50.2,51.2,0.16754871301419294,1.0,51.2
338_dynamo_kyiv_2010s_92567,338_dynamo_kyiv_2010s,338,Dynamo Kyiv,2010s,92567,Andriy Bogdanov (92567),Ukraine,Midfield - Central Midfield,Midfield,CM,1,1,0.0,0,0,0,0,0,0,0.0,2.0,50.1,45.6,0.016237671397642532,1.0,45.6
338_dynamo_kyiv_2010s_24049,338_dynamo_kyiv_2010s,338,Dynamo Kyiv,2010s,24049,Ruslan Rotan (24049),Ukraine,Midfield - Central Midfield,Midfield,CM,1,2,0.0,0,0,0,2,1,0,0.0,1.5,50.1,45.4,0.00950204474380563,1.0,45.4
338_dynamo_kyiv_2010s_550696,338_dynamo_kyiv_2010s,338,Dynamo Kyiv,2010s,550696,Ibrahim Kargbo Jr. (550696),Belgium  Sierra Leone,Attack - Centre-Forward,Attack,FW,1,1,0.0,0,0,0,0,0,0,0.0,1.0,50.1,45.1,0.0039692085638681745,1.0,45.1
338_dynamo_kyiv_2020s_631821,338_dynamo_kyiv_2020s,338,Dynamo Kyiv,2020s,631821,Vladyslav Vanat (631821),Ukraine,Attack - Centre-Forward,Attack,FW,5,5,44.0,18,0,0,12,0,5,530.0,306.0,95.0,95.4,0.9968727447678615,1.0,95.4
338_dynamo_kyiv_2020s_69015,338_dynamo_kyiv_2020s,338,Dynamo Kyiv,2020s,69015,Andriy Yarmolenko (69015),Ukraine,Attack - Right Winger,Attack,RM,3,3,15.0,6,0,0,6,0,6,316.0,108.0,65.9,86.4,0.9637960067356267,1.0,86.4
338_dynamo_kyiv_2020s_70754,338_dynamo_kyiv_2020s,338,Dynamo Kyiv,2020s,70754,Denys Garmash (70754),Ukraine,Midfield - Attacking Midfield,Midfield,AM,3,3,11.0,6,0,0,4,0,0,1185.0,88.0,62.9,84.1,0.9504450324753428,1.0,84.1
338_dynamo_kyiv_2020s_210689,338_dynamo_kyiv_2020s,338,Dynamo Kyiv,2020s,210689,Vladyslav Kabaev (210689),Ukraine,Attack - Left Winger,Attack,LM,4,4,7.0,9,0,0,9,0,0,1384.0,83.0,62.2,83.7,0.9462352658166947,1.0,83.7
338_dynamo_kyiv_2020s_669306,338_dynamo_kyiv_2020s,338,Dynamo Kyiv,2020s,669306,Volodymyr Brazhko (669306),Ukraine,Midfield - Defensive Midfield,Midfield,CDM,3,3,9.0,7,0,0,9,0,0,819.0,82.0,62.1,83.6,0.9449121962954053,1.0,83.6
338_dynamo_kyiv_2020s_257740,338_dynamo_kyiv_2020s,338,Dynamo Kyiv,2020s,257740,Carlos de Pena (257740),Uruguay  Italy,Attack - Left Winger,Attack,LM,2,2,5.0,10,0,0,5,0,1,802.0,70.0,60.3,82.3,0.928193408708203,1.0,82.3
338_dynamo_kyiv_2020s_124182,338_dynamo_kyiv_2020s,338,Dynamo Kyiv,2020s,124182,Sergiy Sydorchuk (124182),Ukraine,Midfield - Defensive Midfield,Midfield,CDM,4,4,6.0,4,0,0,19,1,0,1294.0,56.5,58.3,80.2,0.9029348087563146,1.0,80.2
338_dynamo_kyiv_2020s_419061,338_dynamo_kyiv_2020s,338,Dynamo Kyiv,2020s,419061,Vladyslav Supryaga (419061),Ukraine,Attack - Centre-Forward,Attack,FW,6,6,2.0,4,0,0,1,0,0,438.0,44.0,56.5,77.3,0.8663699783497715,1.0,77.3
338_dynamo_kyiv_2020s_404842,338_dynamo_kyiv_2020s,338,Dynamo Kyiv,2020s,404842,Vitaliy Mykolenko (404842),Ukraine,Defender - Left-Back,Defender,LB,2,2,2.0,6,0,0,4,0,0,968.0,40.0,55.9,76.2,0.8524176088525379,1.0,76.2
338_dynamo_kyiv_2020s_188180,338_dynamo_kyiv_2020s,338,Dynamo Kyiv,2020s,188180,Benjamin Verbic (188180),Slovenia,Attack - Left Winger,Attack,LM,2,2,5.0,2,0,0,3,0,0,401.0,39.0,55.7,76.0,0.8490497955256194,1.0,76.0
338_dynamo_kyiv_2020s_282734,338_dynamo_kyiv_2020s,338,Dynamo Kyiv,2020s,282734,Gerson Rodrigues (282734),Luxembourg  Portugal,Attack - Centre-Forward,Attack,FW,2,2,4.0,2,0,0,3,0,1,212.0,34.0,55.0,74.8,0.8201828241520327,1.0,74.8
338_dynamo_kyiv_2020s_294780,338_dynamo_kyiv_2020s,338,Dynamo Kyiv,2020s,294780,Oleksandr Pikhalyonok (294780),Ukraine,Midfield - Central Midfield,Midfield,CM,2,2,3.0,3,0,0,2,0,0,251.0,33.0,54.9,74.6,0.8146499879720953,1.0,74.6
338_dynamo_kyiv_2020s_491960,338_dynamo_kyiv_2020s,338,Dynamo Kyiv,2020s,491960,Benito (491960),Nigeria  Cote d'Ivoire,Attack - Right Winger,Attack,RM,2,2,3.0,3,0,0,4,0,0,921.0,33.0,54.9,74.6,0.8146499879720953,1.0,74.6
338_dynamo_kyiv_2020s_626475,338_dynamo_kyiv_2020s,338,Dynamo Kyiv,2020s,626475,Mykola Mykhaylenko (626475),Ukraine,Midfield - Defensive Midfield,Midfield,CDM,2,2,3.0,2,0,0,1,0,0,1038.0,29.0,54.3,73.5,0.7883088765936974,1.0,73.5
338_dynamo_kyiv_2020s_502842,338_dynamo_kyiv_2020s,338,Dynamo Kyiv,2020s,502842,Eduardo Guerrero (502842),Panama,Attack - Centre-Forward,Attack,FW,2,2,2.0,2,0,0,0,0,0,162.0,24.0,53.5,71.9,0.7468126052441665,1.0,71.9
338_dynamo_kyiv_2020s_523315,338_dynamo_kyiv_2020s,338,Dynamo Kyiv,2020s,523315,Ilya Shkurin (523315),Belarus,Attack - Centre-Forward,Attack,FW,1,1,0.0,5,0,0,0,0,0,0.0,23.0,53.4,71.5,0.7382727928794804,1.0,71.5
338_dynamo_kyiv_2020s_91931,338_dynamo_kyiv_2020s,338,Dynamo Kyiv,2020s,91931,Denys Boyko (91931),Ukraine,Goalkeeper,Goalkeeper,GK,3,3,0.0,0,8,0,0,0,0,596.0,21.0,53.1,70.7,0.7179456338705797,1.0,70.7
338_dynamo_kyiv_2020s_695310,338_dynamo_kyiv_2020s,338,Dynamo Kyiv,2020s,695310,Maksym Bragaru (695310),Ukraine,Attack - Left Winger,Attack,LM,2,2,2.0,1,0,0,2,0,0,653.0,20.0,52.9,70.2,0.7051960548472456,1.0,70.2
338_dynamo_kyiv_2020s_659089,338_dynamo_kyiv_2020s,338,Dynamo Kyiv,2020s,659089,Ilya Zabarnyi (659089),Ukraine,Defender - Centre-Back,Defender,CB,3,3,1.0,2,0,0,7,2,0,1846.0,19.0,52.8,69.6,0.6904017320182824,1.0,69.6
338_dynamo_kyiv_2020s_666943,338_dynamo_kyiv_2020s,338,Dynamo Kyiv,2020s,666943,Valentyn Rubchynskyi (666943),Ukraine,Midfield - Central Midfield,Midfield,CM,1,1,3.0,0,0,0,2,0,0,211.0,18.0,52.6,69.1,0.6780129901371181,1.0,69.1
338_dynamo_kyiv_2020s_670965,338_dynamo_kyiv_2020s,338,Dynamo Kyiv,2020s,670965,Vitinho (670965),Brazil,Attack - Left Winger,Attack,LM,1,1,3.0,0,0,0,3,0,0,117.0,18.0,52.6,69.1,0.6780129901371181,1.0,69.1
338_dynamo_kyiv_2020s_423606,338_dynamo_kyiv_2020s,338,Dynamo Kyiv,2020s,423606,Bogdan Lednev (423606),Ukraine,Midfield - Attacking Midfield,Midfield,AM,4,4,1.0,0,0,0,0,0,0,197.0,17.0,52.5,68.6,0.6645417368294443,1.0,68.6
338_dynamo_kyiv_2020s_1067225,338_dynamo_kyiv_2020s,338,Dynamo Kyiv,2020s,1067225,Taras Mykhavko (1067225),Ukraine,Defender - Centre-Back,Defender,CB,3,3,2.0,1,0,0,1,0,0,2421.0,17.0,52.5,68.6,0.6645417368294443,1.0,68.6
338_dynamo_kyiv_2020s_330060,338_dynamo_kyiv_2020s,338,Dynamo Kyiv,2020s,330060,Sidcley (330060),Brazil,Defender - Left-Back,Defender,LB,2,2,2.0,0,0,0,0,0,0,27.0,16.0,52.4,67.9,0.6464998797209526,1.0,67.9
338_dynamo_kyiv_2020s_357917,338_dynamo_kyiv_2020s,338,Dynamo Kyiv,2020s,357917,Justin Lonwijk (357917),Suriname  Netherlands,Midfield - Central Midfield,Midfield,CM,2,2,1.0,1,0,0,3,0,0,928.0,15.0,52.2,67.4,0.6314649987972095,1.0,67.4
338_dynamo_kyiv_2020s_167556,338_dynamo_kyiv_2020s,338,Dynamo Kyiv,2020s,167556,Vladyslav Kulach (167556),Ukraine,Attack - Centre-Forward,Attack,FW,2,2,1.0,0,0,0,0,0,0,77.0,11.0,51.6,64.6,0.5475102237190281,1.0,64.6
338_dynamo_kyiv_2020s_539436,338_dynamo_kyiv_2020s,338,Dynamo Kyiv,2020s,539436,Kristian Bilovar (539436),Ukraine  Hungary,Defender - Centre-Back,Defender,CB,3,3,0.0,0,0,0,3,0,0,0.0,9.0,51.3,62.9,0.49735386095742123,1.0,62.9
338_dynamo_kyiv_2020s_650863,338_dynamo_kyiv_2020s,338,Dynamo Kyiv,2020s,650863,Brayan Ceballos (650863),Colombia,Defender - Centre-Back,Defender,CB,1,1,1.0,0,0,0,1,0,0,159.0,8.0,51.2,61.9,0.46572047149386575,1.0,61.9
338_dynamo_kyiv_2020s_250007,338_dynamo_kyiv_2020s,338,Dynamo Kyiv,2020s,250007,Clayton (250007),Brazil,Attack - Centre-Forward,Attack,FW,1,1,0.0,1,0,0,0,0,0,0.0,7.0,51.0,60.4,0.42097666586480637,1.0,60.4
338_dynamo_kyiv_2020s_236468,338_dynamo_kyiv_2020s,338,Dynamo Kyiv,2020s,236468,Artem Shabanov (236468),Ukraine,Defender - Centre-Back,Defender,CB,2,2,0.0,0,0,0,1,0,0,0.0,6.0,50.9,58.6,0.36901611739235024,1.0,58.6
338_dynamo_kyiv_2020s_599224,338_dynamo_kyiv_2020s,338,Dynamo Kyiv,2020s,599224,Ángel Torres (599224),Colombia,Attack - Right Winger,Attack,RM,2,2,0.0,0,0,0,0,0,0,0.0,6.0,50.9,58.6,0.36901611739235024,1.0,58.6
338_dynamo_kyiv_2020s_838384,338_dynamo_kyiv_2020s,338,Dynamo Kyiv,2020s,838384,Anton Bol (838384),Ukraine,Defender - Centre-Back,Defender,CB,2,2,0.0,0,0,0,1,0,0,0.0,6.0,50.9,58.6,0.36901611739235024,1.0,58.6
338_dynamo_kyiv_2020s_955349,338_dynamo_kyiv_2020s,338,Dynamo Kyiv,2020s,955349,Oleksiy Gusev (955349),Ukraine,Defender - Right-Back,Defender,RB,2,2,0.0,0,0,0,0,0,0,0.0,6.0,50.9,58.6,0.36901611739235024,1.0,58.6
338_dynamo_kyiv_2020s_58405,338_dynamo_kyiv_2020s,338,Dynamo Kyiv,2020s,58405,Artem Kravets (58405),Ukraine,Attack - Centre-Forward,Attack,FW,1,1,0.0,0,0,0,0,0,0,0.0,3.0,50.4,51.2,0.16754871301419294,1.0,51.2
338_dynamo_kyiv_2020s_164292,338_dynamo_kyiv_2020s,338,Dynamo Kyiv,2020s,164292,Fran Sol (164292),Spain,Attack - Centre-Forward,Attack,FW,1,1,0.0,0,0,0,0,0,0,0.0,3.0,50.4,51.2,0.16754871301419294,1.0,51.2
338_dynamo_kyiv_2020s_213865,338_dynamo_kyiv_2020s,338,Dynamo Kyiv,2020s,213865,Mykyta Burda (213865),Ukraine,Defender - Centre-Back,Defender,CB,1,1,0.0,0,0,0,0,0,0,0.0,3.0,50.4,51.2,0.16754871301419294,1.0,51.2
338_dynamo_kyiv_2020s_248934,338_dynamo_kyiv_2020s,338,Dynamo Kyiv,2020s,248934,Valeriy Luchkevych (248934),Ukraine,Defender - Right-Back,Defender,RB,1,1,0.0,0,0,0,0,0,0,0.0,3.0,50.4,51.2,0.16754871301419294,1.0,51.2
338_dynamo_kyiv_2020s_343175,338_dynamo_kyiv_2020s,338,Dynamo Kyiv,2020s,343175,Akhmed Alibekov (343175),Ukraine,Midfield - Defensive Midfield,Midfield,CDM,1,1,0.0,0,0,0,0,0,0,0.0,3.0,50.4,51.2,0.16754871301419294,1.0,51.2
338_dynamo_kyiv_2020s_366729,338_dynamo_kyiv_2020s,338,Dynamo Kyiv,2020s,366729,Nazariy Rusyn (366729),Ukraine,Attack - Centre-Forward,Attack,FW,1,1,0.0,0,0,0,0,0,0,0.0,3.0,50.4,51.2,0.16754871301419294,1.0,51.2
338_dynamo_kyiv_2020s_370399,338_dynamo_kyiv_2020s,338,Dynamo Kyiv,2020s,370399,Mykyta Kravchenko (370399),Ukraine,Defender - Right-Back,Defender,RB,1,1,0.0,0,0,0,0,0,0,0.0,3.0,50.4,51.2,0.16754871301419294,1.0,51.2
338_dynamo_kyiv_2020s_383325,338_dynamo_kyiv_2020s,338,Dynamo Kyiv,2020s,383325,Denys Antyukh (383325),Ukraine,Attack - Right Winger,Attack,RM,1,1,0.0,0,0,0,0,0,0,0.0,3.0,50.4,51.2,0.16754871301419294,1.0,51.2
338_dynamo_kyiv_2020s_404846,338_dynamo_kyiv_2020s,338,Dynamo Kyiv,2020s,404846,Sergiy Buletsa (404846),Ukraine,Midfield - Attacking Midfield,Midfield,AM,1,1,0.0,0,0,0,0,0,0,0.0,3.0,50.4,51.2,0.16754871301419294,1.0,51.2
338_dynamo_kyiv_2020s_419067,338_dynamo_kyiv_2020s,338,Dynamo Kyiv,2020s,419067,Giorgi Tsitaishvili (419067),Georgia  Ukraine,Attack - Right Winger,Attack,RM,1,1,0.0,0,0,0,0,0,0,0.0,3.0,50.4,51.2,0.16754871301419294,1.0,51.2
338_dynamo_kyiv_2020s_631819,338_dynamo_kyiv_2020s,338,Dynamo Kyiv,2020s,631819,Danil Skorko (631819),Ukraine,Defender - Right-Back,Defender,RB,1,1,0.0,0,0,0,0,0,0,0.0,3.0,50.4,51.2,0.16754871301419294,1.0,51.2
338_dynamo_kyiv_2020s_1141487,338_dynamo_kyiv_2020s,338,Dynamo Kyiv,2020s,1141487,Vladyslav Gerych (1141487),Ukraine,Attack - Centre-Forward,Attack,FW,1,1,0.0,0,0,0,0,0,0,0.0,3.0,50.4,51.2,0.16754871301419294,1.0,51.2
339_dnipro_dnipropetrovsk_1990s_175951,339_dnipro_dnipropetrovsk_1990s,339,Dnipro Dnipropetrovsk,1990s,175951,Volodymyr Sharan (175951),Ukraine,Midfield - Attacking Midfield,Midfield,AM,4,4,18.0,4,0,0,14,1,0,1900.0,116.5,95.0,87.1,0.9680057733942747,1.0,87.1
339_dnipro_dnipropetrovsk_1990s_24039,339_dnipro_dnipropetrovsk_1990s,339,Dnipro Dnipropetrovsk,1990s,24039,Dmytro Mykhaylenko (24039),Ukraine,Midfield - Central Midfield,Midfield,CM,3,3,10.0,2,0,0,6,1,0,838.0,65.5,75.3,81.8,0.9227808515756555,1.0,81.8
339_dnipro_dnipropetrovsk_1990s_107039,339_dnipro_dnipropetrovsk_1990s,339,Dnipro Dnipropetrovsk,1990s,107039,Sergiy Kovalets (107039),Ukraine,Midfield - Attacking Midfield,Midfield,AM,3,3,4.0,5,0,0,2,0,0,380.0,49.0,68.9,78.9,0.8857349049795525,1.0,78.9
339_dnipro_dnipropetrovsk_1990s_1969,339_dnipro_dnipropetrovsk_1990s,339,Dnipro Dnipropetrovsk,1990s,1969,Emerson (1969),Brazil  Germany,Attack - Centre-Forward,Attack,FW,1,1,7.0,2,0,0,1,0,1,147.0,46.0,67.8,78.0,0.8755111859514073,1.0,78.0
339_dnipro_dnipropetrovsk_1990s_24061,339_dnipro_dnipropetrovsk_1990s,339,Dnipro Dnipropetrovsk,1990s,24061,Sergiy Valyaev (24061),Ukraine,Midfield - Central Midfield,Midfield,CM,3,3,4.0,3,0,0,0,0,0,1785.0,41.0,65.8,76.5,0.8559057012268463,1.0,76.5
339_dnipro_dnipropetrovsk_1990s_24036,339_dnipro_dnipropetrovsk_1990s,339,Dnipro Dnipropetrovsk,1990s,24036,Sergiy Matyukhin (24036),Ukraine,Defender - Centre-Back,Defender,CB,3,3,5.0,0,0,0,6,0,0,339.0,34.0,63.1,74.8,0.8201828241520327,1.0,74.8
339_dnipro_dnipropetrovsk_1990s_96879,339_dnipro_dnipropetrovsk_1990s,339,Dnipro Dnipropetrovsk,1990s,96879,Sergiy Zadorozhnyi (96879),Ukraine,Defender - Left-Back,Defender,LB,4,4,4.0,0,0,0,4,0,2,585.0,32.0,62.4,74.3,0.8081549194130383,1.0,74.3
339_dnipro_dnipropetrovsk_1990s_24054,339_dnipro_dnipropetrovsk_1990s,339,Dnipro Dnipropetrovsk,1990s,24054,Oleg Shelayev (24054),Ukraine,Midfield - Defensive Midfield,Midfield,CDM,1,1,2.0,4,0,0,3,0,2,536.0,29.0,61.2,73.5,0.7883088765936974,1.0,73.5
339_dnipro_dnipropetrovsk_1990s_24043,339_dnipro_dnipropetrovsk_1990s,339,Dnipro Dnipropetrovsk,1990s,24043,Sergiy Nazarenko (24043),Ukraine,Midfield - Attacking Midfield,Midfield,AM,2,2,2.0,2,0,0,0,0,0,676.0,23.0,58.9,71.5,0.7382727928794804,1.0,71.5
339_dnipro_dnipropetrovsk_1990s_24047,339_dnipro_dnipropetrovsk_1990s,339,Dnipro Dnipropetrovsk,1990s,24047,Oleksandr Rykun (24047),Ukraine,Midfield - Attacking Midfield,Midfield,AM,2,2,1.0,1,0,0,7,0,0,793.0,15.0,55.8,67.4,0.6314649987972095,1.0,67.4
339_dnipro_dnipropetrovsk_1990s_24049,339_dnipro_dnipropetrovsk_1990s,339,Dnipro Dnipropetrovsk,1990s,24049,Ruslan Rotan (24049),Ukraine,Midfield - Central Midfield,Midfield,CM,1,1,0.0,3,0,0,0,0,0,0.0,15.0,55.8,67.4,0.6314649987972095,1.0,67.4
339_dnipro_dnipropetrovsk_1990s_58976,339_dnipro_dnipropetrovsk_1990s,339,Dnipro Dnipropetrovsk,1990s,58976,Maksim Startsev (58976),Ukraine  Russia,Goalkeeper,Goalkeeper,GK,2,2,0.0,0,5,29,2,0,0,1710.0,13.5,55.2,66.7,0.610897281693529,1.0,66.7
339_dnipro_dnipropetrovsk_1990s_92464,339_dnipro_dnipropetrovsk_1990s,339,Dnipro Dnipropetrovsk,1990s,92464,Sergiy Dranov (92464),Ukraine,Attack - Centre-Forward,Attack,FW,1,1,1.0,1,0,0,1,0,0,378.0,12.0,54.6,65.5,0.5752946836661054,1.0,65.5
339_dnipro_dnipropetrovsk_1990s_24028,339_dnipro_dnipropetrovsk_1990s,339,Dnipro Dnipropetrovsk,1990s,24028,Artem Kusliy (24028),Ukraine,Goalkeeper,Goalkeeper,GK,3,3,0.0,0,1,10,0,0,0,450.0,10.5,54.1,64.1,0.5318739475583354,1.0,64.1
339_dnipro_dnipropetrovsk_1990s_15596,339_dnipro_dnipropetrovsk_1990s,339,Dnipro Dnipropetrovsk,1990s,15596,Bogdan Shershun (15596),Ukraine,Defender - Centre-Back,Defender,CB,3,3,0.0,0,0,0,5,0,0,0.0,9.0,53.5,62.9,0.49735386095742123,1.0,62.9
339_dnipro_dnipropetrovsk_1990s_857997,339_dnipro_dnipropetrovsk_1990s,339,Dnipro Dnipropetrovsk,1990s,857997,Igor Plotko (857997),Ukraine,Midfield - Central Midfield,Midfield,CM,1,1,1.0,0,0,0,1,0,0,841.0,8.0,53.1,61.9,0.46572047149386575,1.0,61.9
339_dnipro_dnipropetrovsk_1990s_858005,339_dnipro_dnipropetrovsk_1990s,339,Dnipro Dnipropetrovsk,1990s,858005,Sergiy Chuychenko (858005),Ukraine,Attack - Centre-Forward,Attack,FW,1,1,0.0,1,0,0,0,0,0,0.0,7.0,52.7,60.4,0.42097666586480637,1.0,60.4
339_dnipro_dnipropetrovsk_1990s_59406,339_dnipro_dnipropetrovsk_1990s,339,Dnipro Dnipropetrovsk,1990s,59406,Oleksandr Babych (59406),Ukraine,Defender - Centre-Back,Defender,CB,2,2,0.0,0,0,0,1,0,0,0.0,6.0,52.3,58.6,0.36901611739235024,1.0,58.6
339_dnipro_dnipropetrovsk_1990s_97319,339_dnipro_dnipropetrovsk_1990s,339,Dnipro Dnipropetrovsk,1990s,97319,Oleksandr Gumenyuk (97319),Ukraine,Goalkeeper,Goalkeeper,GK,2,2,0.0,0,0,2,0,0,0,90.0,6.0,52.3,58.6,0.36901611739235024,1.0,58.6
339_dnipro_dnipropetrovsk_1990s_24010,339_dnipro_dnipropetrovsk_1990s,339,Dnipro Dnipropetrovsk,1990s,24010,Oleksandr Grytsay (24010),Ukraine,Midfield - Defensive Midfield,Midfield,CDM,1,1,0.0,0,0,0,2,0,0,0.0,3.0,51.2,51.2,0.16754871301419294,1.0,51.2
339_dnipro_dnipropetrovsk_1990s_70610,339_dnipro_dnipropetrovsk_1990s,339,Dnipro Dnipropetrovsk,1990s,70610,Roman Pasichnychenko (70610),Ukraine,Defender - Right-Back,Defender,RB,1,1,0.0,0,0,0,0,0,0,0.0,3.0,51.2,51.2,0.16754871301419294,1.0,51.2
339_dnipro_dnipropetrovsk_1990s_193271,339_dnipro_dnipropetrovsk_1990s,339,Dnipro Dnipropetrovsk,1990s,193271,Anatoliy Matkevych (193271),Ukraine,Defender - Centre-Back,Defender,CB,1,1,0.0,0,0,0,2,0,0,0.0,3.0,51.2,51.2,0.16754871301419294,1.0,51.2
339_dnipro_dnipropetrovsk_1990s_858258,339_dnipro_dnipropetrovsk_1990s,339,Dnipro Dnipropetrovsk,1990s,858258,Yuriy Shevchuk (858258),Ukraine,Midfield,Midfield,CM,1,1,0.0,0,0,0,0,0,0,0.0,3.0,51.2,51.2,0.16754871301419294,1.0,51.2
339_dnipro_dnipropetrovsk_2000s_24049,339_dnipro_dnipropetrovsk_2000s,339,Dnipro Dnipropetrovsk,2000s,24049,Ruslan Rotan (24049),Ukraine,Midfield - Central Midfield,Midfield,CM,5,5,11.0,23,0,0,17,0,0,3212.0,160.0,95.0,89.8,0.9838826076497474,1.0,89.8
339_dnipro_dnipropetrovsk_2000s_24054,339_dnipro_dnipropetrovsk_2000s,339,Dnipro Dnipropetrovsk,2000s,24054,Oleg Shelayev (24054),Ukraine,Midfield - Defensive Midfield,Midfield,CDM,5,5,17.0,10,0,0,26,0,6,3229.0,135.0,88.0,88.6,0.9769064229011306,1.0,88.6
339_dnipro_dnipropetrovsk_2000s_24043,339_dnipro_dnipropetrovsk_2000s,339,Dnipro Dnipropetrovsk,2000s,24043,Sergiy Nazarenko (24043),Ukraine,Midfield - Attacking Midfield,Midfield,AM,5,5,13.0,12,0,0,14,1,2,1376.0,126.5,85.6,88.0,0.9730574933846524,1.0,88.0
339_dnipro_dnipropetrovsk_2000s_24025,339_dnipro_dnipropetrovsk_2000s,339,Dnipro Dnipropetrovsk,2000s,24025,Ruslan Kostyshyn (24025),Ukraine,Midfield - Attacking Midfield,Midfield,AM,3,3,12.0,7,0,0,10,0,0,2755.0,97.0,77.3,85.0,0.9556170315131104,1.0,85.0
339_dnipro_dnipropetrovsk_2000s_24061,339_dnipro_dnipropetrovsk_2000s,339,Dnipro Dnipropetrovsk,2000s,24061,Sergiy Valyaev (24061),Ukraine,Midfield - Central Midfield,Midfield,CM,4,4,10.0,5,0,0,2,0,0,904.0,82.0,73.1,83.6,0.9449121962954053,1.0,83.6
339_dnipro_dnipropetrovsk_2000s_24047,339_dnipro_dnipropetrovsk_2000s,339,Dnipro Dnipropetrovsk,2000s,24047,Oleksandr Rykun (24047),Ukraine,Midfield - Attacking Midfield,Midfield,AM,2,2,9.0,6,0,0,5,0,1,1178.0,75.0,71.1,82.9,0.9364926629781092,1.0,82.9
339_dnipro_dnipropetrovsk_2000s_24006,339_dnipro_dnipropetrovsk_2000s,339,Dnipro Dnipropetrovsk,2000s,24006,Volodymyr Yezerskyi (24006),Ukraine,Defender - Right-Back,Defender,RB,5,5,8.0,3,0,0,24,1,0,3043.0,64.5,68.1,81.7,0.9209766658648063,1.0,81.7
339_dnipro_dnipropetrovsk_2000s_9797,339_dnipro_dnipropetrovsk_2000s,339,Dnipro Dnipropetrovsk,2000s,9797,Oleksandr Melashchenko (9797),Ukraine,Attack - Centre-Forward,Attack,FW,2,2,8.0,2,0,0,2,0,0,526.0,54.0,65.2,79.8,0.8981236468607169,1.0,79.8
339_dnipro_dnipropetrovsk_2000s_24036,339_dnipro_dnipropetrovsk_2000s,339,Dnipro Dnipropetrovsk,2000s,24036,Sergiy Matyukhin (24036),Ukraine,Defender - Centre-Back,Defender,CB,5,5,3.0,5,0,0,12,0,0,2811.0,50.0,64.1,79.1,0.8883810440221314,1.0,79.1
339_dnipro_dnipropetrovsk_2000s_24039,339_dnipro_dnipropetrovsk_2000s,339,Dnipro Dnipropetrovsk,2000s,24039,Dmytro Mykhaylenko (24039),Ukraine,Midfield - Central Midfield,Midfield,CM,3,3,4.0,4,0,0,9,0,0,585.0,45.0,62.7,77.7,0.8707000240558095,1.0,77.7
339_dnipro_dnipropetrovsk_2000s_118430,339_dnipro_dnipropetrovsk_2000s,339,Dnipro Dnipropetrovsk,2000s,118430,Volodymyr Mazyar (118430),Ukraine,Attack - Centre-Forward,Attack,FW,2,2,5.0,3,0,0,5,0,0,943.0,43.0,62.1,77.0,0.8626413278806832,1.0,77.0
339_dnipro_dnipropetrovsk_2000s_15881,339_dnipro_dnipropetrovsk_2000s,339,Dnipro Dnipropetrovsk,2000s,15881,Sergey Kornilenko (15881),Belarus  Russia,Attack - Centre-Forward,Attack,FW,1,1,7.0,1,0,0,4,0,2,153.0,42.0,61.8,76.7,0.8592735145537648,1.0,76.7
339_dnipro_dnipropetrovsk_2000s_168988,339_dnipro_dnipropetrovsk_2000s,339,Dnipro Dnipropetrovsk,2000s,168988,Andriy Spevak (168988),Ukraine,Midfield - Central Midfield,Midfield,CM,4,4,3.0,4,0,0,5,1,0,548.0,41.5,61.7,76.6,0.8575896078903055,1.0,76.6
339_dnipro_dnipropetrovsk_2000s_24046,339_dnipro_dnipropetrovsk_2000s,339,Dnipro Dnipropetrovsk,2000s,24046,Oleksandr Radchenko (24046),Ukraine,Defender - Left-Back,Defender,LB,3,3,1.0,6,0,0,4,0,0,1742.0,36.0,60.1,75.3,0.832571566033197,1.0,75.3
339_dnipro_dnipropetrovsk_2000s_24010,339_dnipro_dnipropetrovsk_2000s,339,Dnipro Dnipropetrovsk,2000s,24010,Oleksandr Grytsay (24010),Ukraine,Midfield - Defensive Midfield,Midfield,CDM,5,5,3.0,1,0,0,24,0,0,2451.0,34.0,59.6,74.8,0.8201828241520327,1.0,74.8
339_dnipro_dnipropetrovsk_2000s_96879,339_dnipro_dnipropetrovsk_2000s,339,Dnipro Dnipropetrovsk,2000s,96879,Sergiy Zadorozhnyi (96879),Ukraine,Defender - Left-Back,Defender,LB,3,3,4.0,0,0,0,14,0,0,3872.0,29.0,58.2,73.5,0.7883088765936974,1.0,73.5
339_dnipro_dnipropetrovsk_2000s_24022,339_dnipro_dnipropetrovsk_2000s,339,Dnipro Dnipropetrovsk,2000s,24022,Vyacheslav Kernozenko (24022),Ukraine,Goalkeeper,Goalkeeper,GK,2,2,0.0,0,13,40,0,0,0,3240.0,25.5,57.2,72.4,0.7599230214096704,1.0,72.4
339_dnipro_dnipropetrovsk_2000s_24028,339_dnipro_dnipropetrovsk_2000s,339,Dnipro Dnipropetrovsk,2000s,24028,Artem Kusliy (24028),Ukraine,Goalkeeper,Goalkeeper,GK,4,4,0.0,0,7,20,0,0,0,1448.0,22.5,56.3,71.3,0.7331007938417128,1.0,71.3
339_dnipro_dnipropetrovsk_2000s_58246,339_dnipro_dnipropetrovsk_2000s,339,Dnipro Dnipropetrovsk,2000s,58246,Alexandru Popovici (58246),Moldova  Russia,Attack - Centre-Forward,Attack,FW,2,2,1.0,2,0,0,0,0,0,474.0,19.0,55.3,69.6,0.6904017320182824,1.0,69.6
339_dnipro_dnipropetrovsk_2000s_25820,339_dnipro_dnipropetrovsk_2000s,339,Dnipro Dnipropetrovsk,2000s,25820,Vyacheslav Shevchuk (25820),Ukraine,Defender - Left-Back,Defender,LB,1,1,1.0,2,0,0,3,0,0,761.0,16.0,54.5,67.9,0.6464998797209526,1.0,67.9
339_dnipro_dnipropetrovsk_2000s_24053,339_dnipro_dnipropetrovsk_2000s,339,Dnipro Dnipropetrovsk,2000s,24053,Dmytro Semochko (24053),Ukraine  Russia,Defender - Left-Back,Defender,LB,2,2,2.0,0,0,0,8,1,0,475.0,13.5,53.8,66.7,0.610897281693529,1.0,66.7
339_dnipro_dnipropetrovsk_2000s_24050,339_dnipro_dnipropetrovsk_2000s,339,Dnipro Dnipropetrovsk,2000s,24050,Andriy Rusol (24050),Ukraine,Defender - Centre-Back,Defender,CB,3,3,1.0,0,0,0,9,0,0,2122.0,13.0,53.7,66.3,0.600072167428434,1.0,66.3
339_dnipro_dnipropetrovsk_2000s_58976,339_dnipro_dnipropetrovsk_2000s,339,Dnipro Dnipropetrovsk,2000s,58976,Maksim Startsev (58976),Ukraine  Russia,Goalkeeper,Goalkeeper,GK,4,4,0.0,0,0,0,0,0,0,0.0,12.0,53.4,65.5,0.5752946836661054,1.0,65.5
339_dnipro_dnipropetrovsk_2000s_24026,339_dnipro_dnipropetrovsk_2000s,339,Dnipro Dnipropetrovsk,2000s,24026,Kostyantyn Kravchenko (24026),Ukraine,Midfield - Attacking Midfield,Midfield,AM,2,2,1.0,0,0,0,1,0,0,283.0,11.0,53.1,64.6,0.5475102237190281,1.0,64.6
339_dnipro_dnipropetrovsk_2000s_24032,339_dnipro_dnipropetrovsk_2000s,339,Dnipro Dnipropetrovsk,2000s,24032,Vitaliy Lysytskyi (24032),Ukraine,Defender - Centre-Back,Defender,CB,2,2,1.0,0,0,0,1,0,0,334.0,11.0,53.1,64.6,0.5475102237190281,1.0,64.6
339_dnipro_dnipropetrovsk_2000s_34766,339_dnipro_dnipropetrovsk_2000s,339,Dnipro Dnipropetrovsk,2000s,34766,Kostyantyn Balabanov (34766),Ukraine,Attack - Centre-Forward,Attack,FW,1,1,1.0,0,0,0,0,0,0,182.0,8.0,52.2,61.9,0.46572047149386575,1.0,61.9
339_dnipro_dnipropetrovsk_2000s_15596,339_dnipro_dnipropetrovsk_2000s,339,Dnipro Dnipropetrovsk,2000s,15596,Bogdan Shershun (15596),Ukraine,Defender - Centre-Back,Defender,CB,2,2,0.0,0,0,0,4,0,0,0.0,6.0,51.7,58.6,0.36901611739235024,1.0,58.6
339_dnipro_dnipropetrovsk_2000s_24042,339_dnipro_dnipropetrovsk_2000s,339,Dnipro Dnipropetrovsk,2000s,24042,Sergiy Motuz (24042),Ukraine,Attack - Centre-Forward,Attack,FW,2,2,0.0,0,0,0,0,0,0,0.0,6.0,51.7,58.6,0.36901611739235024,1.0,58.6
339_dnipro_dnipropetrovsk_2000s_15878,339_dnipro_dnipropetrovsk_2000s,339,Dnipro Dnipropetrovsk,2000s,15878,Ruslan Bidnenko (15878),Ukraine,Midfield - Defensive Midfield,Midfield,CDM,1,1,0.0,0,0,0,0,0,0,0.0,3.0,50.8,51.2,0.16754871301419294,1.0,51.2
339_dnipro_dnipropetrovsk_2000s_25861,339_dnipro_dnipropetrovsk_2000s,339,Dnipro Dnipropetrovsk,2000s,25861,Ivan Kotenko (25861),Ukraine,Midfield - Left Midfield,Midfield,LM,1,1,0.0,0,0,0,0,0,0,0.0,3.0,50.8,51.2,0.16754871301419294,1.0,51.2
339_dnipro_dnipropetrovsk_2000s_193271,339_dnipro_dnipropetrovsk_2000s,339,Dnipro Dnipropetrovsk,2000s,193271,Anatoliy Matkevych (193271),Ukraine,Defender - Centre-Back,Defender,CB,1,1,0.0,0,0,0,0,0,0,0.0,3.0,50.8,51.2,0.16754871301419294,1.0,51.2
339_dnipro_dnipropetrovsk_2000s_418361,339_dnipro_dnipropetrovsk_2000s,339,Dnipro Dnipropetrovsk,2000s,418361,Yakiv Kripak (418361),Ukraine,Attack - Centre-Forward,Attack,FW,1,1,0.0,0,0,0,0,0,0,0.0,3.0,50.8,51.2,0.16754871301419294,1.0,51.2
339_dnipro_dnipropetrovsk_2000s_23990,339_dnipro_dnipropetrovsk_2000s,339,Dnipro Dnipropetrovsk,2000s,23990,Denys Andrienko (23990),Ukraine,Defender - Left-Back,Defender,LB,1,1,0.0,0,0,0,2,0,0,0.0,2.0,50.6,45.6,0.016237671397642532,1.0,45.6
339_dnipro_dnipropetrovsk_2000s_70610,339_dnipro_dnipropetrovsk_2000s,339,Dnipro Dnipropetrovsk,2000s,70610,Roman Pasichnychenko (70610),Ukraine,Defender - Right-Back,Defender,RB,1,1,0.0,0,0,0,0,0,0,0.0,1.0,50.3,45.1,0.0039692085638681745,1.0,45.1
339_dnipro_dnipropetrovsk__2020_2000s_24043,339_dnipro_dnipropetrovsk__2020_2000s,339,Dnipro Dnipropetrovsk (- 2020),2000s,24043,Sergiy Nazarenko (24043),Ukraine,Midfield - Attacking Midfield,Midfield,AM,5,5,33.0,27,0,0,25,1,7,1997.0,284.5,95.0,95.0,0.9963916285783017,1.0,95.0
339_dnipro_dnipropetrovsk__2020_2000s_15593,339_dnipro_dnipropetrovsk__2020_2000s,339,Dnipro Dnipropetrovsk (- 2020),2000s,15593,Sergey Samodin (15593),Russia,Attack - Centre-Forward,Attack,FW,4,4,13.0,7,0,0,7,0,0,610.0,105.0,66.6,86.0,0.9618715419773876,1.0,86.0
339_dnipro_dnipropetrovsk__2020_2000s_15881,339_dnipro_dnipropetrovsk__2020_2000s,339,Dnipro Dnipropetrovsk (- 2020),2000s,15881,Sergey Kornilenko (15881),Belarus  Russia,Attack - Centre-Forward,Attack,FW,4,4,16.0,2,0,0,18,0,0,669.0,99.0,65.7,85.3,0.9577820543661294,1.0,85.3
339_dnipro_dnipropetrovsk__2020_2000s_24049,339_dnipro_dnipropetrovsk__2020_2000s,339,Dnipro Dnipropetrovsk (- 2020),2000s,24049,Ruslan Rotan (24049),Ukraine,Midfield - Central Midfield,Midfield,CM,3,3,6.0,13,0,0,14,1,0,1487.0,89.5,64.2,84.3,0.9516478229492422,1.0,84.3
339_dnipro_dnipropetrovsk__2020_2000s_59908,339_dnipro_dnipropetrovsk__2020_2000s,339,Dnipro Dnipropetrovsk (- 2020),2000s,59908,Yevgen Seleznyov (59908),Ukraine,Attack - Centre-Forward,Attack,FW,1,1,13.0,5,0,0,4,0,2,154.0,87.0,63.8,84.0,0.9497233581910032,1.0,84.0
339_dnipro_dnipropetrovsk__2020_2000s_14945,339_dnipro_dnipropetrovsk__2020_2000s,339,Dnipro Dnipropetrovsk (- 2020),2000s,14945,Andriy Vorobey (14945),Ukraine,Attack - Centre-Forward,Attack,FW,2,2,12.0,2,0,0,5,0,0,577.0,74.0,61.7,82.8,0.93492903536204,1.0,82.8
339_dnipro_dnipropetrovsk__2020_2000s_16682,339_dnipro_dnipropetrovsk__2020_2000s,339,Dnipro Dnipropetrovsk (- 2020),2000s,16682,Osmar Ferreyra (16682),Argentina,Midfield - Attacking Midfield,Midfield,AM,3,3,4.0,11,0,0,6,0,1,470.0,73.0,61.5,82.6,0.9321626172720712,1.0,82.6
339_dnipro_dnipropetrovsk__2020_2000s_24054,339_dnipro_dnipropetrovsk__2020_2000s,339,Dnipro Dnipropetrovsk (- 2020),2000s,24054,Oleg Shelayev (24054),Ukraine,Midfield - Defensive Midfield,Midfield,CDM,4,4,7.0,7,0,0,20,0,3,2777.0,73.0,61.5,82.6,0.9321626172720712,1.0,82.6
339_dnipro_dnipropetrovsk__2020_2000s_24022,339_dnipro_dnipropetrovsk__2020_2000s,339,Dnipro Dnipropetrovsk (- 2020),2000s,24022,Vyacheslav Kernozenko (24022),Ukraine,Goalkeeper,Goalkeeper,GK,5,5,0.0,0,34,46,3,0,0,5416.0,66.0,60.4,81.9,0.9237430839547751,1.0,81.9
339_dnipro_dnipropetrovsk__2020_2000s_24050,339_dnipro_dnipropetrovsk__2020_2000s,339,Dnipro Dnipropetrovsk (- 2020),2000s,24050,Andriy Rusol (24050),Ukraine,Defender - Centre-Back,Defender,CB,5,5,7.0,4,0,0,20,1,0,6743.0,63.5,60.0,81.5,0.9191724801539571,1.0,81.5
339_dnipro_dnipropetrovsk__2020_2000s_43309,339_dnipro_dnipropetrovsk__2020_2000s,339,Dnipro Dnipropetrovsk (- 2020),2000s,43309,Volodymyr Gomenyuk (43309),Ukraine,Attack - Centre-Forward,Attack,FW,2,2,9.0,3,0,0,5,0,0,623.0,63.0,60.0,81.4,0.9180899687274476,1.0,81.4
339_dnipro_dnipropetrovsk__2020_2000s_24026,339_dnipro_dnipropetrovsk__2020_2000s,339,Dnipro Dnipropetrovsk (- 2020),2000s,24026,Kostyantyn Kravchenko (24026),Ukraine,Midfield - Attacking Midfield,Midfield,AM,3,3,4.0,5,0,0,9,1,0,1136.0,47.5,57.5,78.4,0.8794803945152755,1.0,78.4
339_dnipro_dnipropetrovsk__2020_2000s_25823,339_dnipro_dnipropetrovsk__2020_2000s,339,Dnipro Dnipropetrovsk (- 2020),2000s,25823,Vitaliy Denisov (25823),Uzbekistan  Russia,Defender - Left-Back,Defender,LB,4,4,1.0,5,0,0,9,0,0,1801.0,37.0,55.9,75.6,0.8391869136396439,1.0,75.6
339_dnipro_dnipropetrovsk__2020_2000s_58949,339_dnipro_dnipropetrovsk__2020_2000s,339,Dnipro Dnipropetrovsk (- 2020),2000s,58949,Yevgen Konoplyanka (58949),Ukraine,Attack - Left Winger,Attack,LM,3,3,4.0,2,0,0,2,0,0,388.0,37.0,55.9,75.6,0.8391869136396439,1.0,75.6
339_dnipro_dnipropetrovsk__2020_2000s_54816,339_dnipro_dnipropetrovsk__2020_2000s,339,Dnipro Dnipropetrovsk (- 2020),2000s,54816,Dmytro Lyopa (54816),Ukraine,Midfield - Attacking Midfield,Midfield,AM,3,3,4.0,1,0,0,7,0,0,1296.0,33.0,55.2,74.6,0.8146499879720953,1.0,74.6
339_dnipro_dnipropetrovsk__2020_2000s_25758,339_dnipro_dnipropetrovsk__2020_2000s,339,Dnipro Dnipropetrovsk (- 2020),2000s,25758,Jaba Kankava (25758),Georgia,Midfield - Defensive Midfield,Midfield,CDM,3,3,3.0,3,0,0,5,1,0,432.0,32.5,55.1,74.5,0.8112821746451768,1.0,74.5
339_dnipro_dnipropetrovsk__2020_2000s_15596,339_dnipro_dnipropetrovsk__2020_2000s,339,Dnipro Dnipropetrovsk (- 2020),2000s,15596,Bogdan Shershun (15596),Ukraine,Defender - Centre-Back,Defender,CB,4,4,3.0,2,0,0,15,2,0,6996.0,32.0,55.1,74.3,0.8081549194130383,1.0,74.3
339_dnipro_dnipropetrovsk__2020_2000s_9797,339_dnipro_dnipropetrovsk__2020_2000s,339,Dnipro Dnipropetrovsk (- 2020),2000s,9797,Oleksandr Melashchenko (9797),Ukraine,Attack - Centre-Forward,Attack,FW,2,2,5.0,0,0,0,0,0,0,619.0,31.0,54.9,74.0,0.8010584556170315,1.0,74.0
339_dnipro_dnipropetrovsk__2020_2000s_24032,339_dnipro_dnipropetrovsk__2020_2000s,339,Dnipro Dnipropetrovsk (- 2020),2000s,24032,Vitaliy Lysytskyi (24032),Ukraine,Defender - Centre-Back,Defender,CB,4,4,3.0,1,0,0,8,0,0,713.0,31.0,54.9,74.0,0.8010584556170315,1.0,74.0
339_dnipro_dnipropetrovsk__2020_2000s_24006,339_dnipro_dnipropetrovsk__2020_2000s,339,Dnipro Dnipropetrovsk (- 2020),2000s,24006,Volodymyr Yezerskyi (24006),Ukraine,Defender - Right-Back,Defender,RB,2,2,4.0,1,0,0,11,0,0,475.0,30.0,54.7,73.8,0.7954053403897041,1.0,73.8
339_dnipro_dnipropetrovsk__2020_2000s_34766,339_dnipro_dnipropetrovsk__2020_2000s,339,Dnipro Dnipropetrovsk (- 2020),2000s,34766,Kostyantyn Balabanov (34766),Ukraine,Attack - Centre-Forward,Attack,FW,3,3,3.0,1,0,0,3,0,0,270.0,28.0,54.4,73.2,0.7803704594659611,1.0,73.2
339_dnipro_dnipropetrovsk__2020_2000s_58976,339_dnipro_dnipropetrovsk__2020_2000s,339,Dnipro Dnipropetrovsk (- 2020),2000s,58976,Maksim Startsev (58976),Ukraine  Russia,Goalkeeper,Goalkeeper,GK,3,3,0.0,0,12,23,3,0,0,2495.0,27.0,54.3,72.9,0.7733942747173442,1.0,72.9
339_dnipro_dnipropetrovsk__2020_2000s_28179,339_dnipro_dnipropetrovsk__2020_2000s,339,Dnipro Dnipropetrovsk (- 2020),2000s,28179,Mladen Bartulovic (28179),Croatia,Midfield - Left Midfield,Midfield,LM,4,4,0.0,3,0,0,6,0,0,0.0,24.0,53.8,71.9,0.7468126052441665,1.0,71.9
339_dnipro_dnipropetrovsk__2020_2000s_23990,339_dnipro_dnipropetrovsk__2020_2000s,339,Dnipro Dnipropetrovsk (- 2020),2000s,23990,Denys Andrienko (23990),Ukraine,Defender - Left-Back,Defender,LB,4,4,0.0,3,0,0,9,0,0,0.0,23.0,53.6,71.5,0.7382727928794804,1.0,71.5
339_dnipro_dnipropetrovsk__2020_2000s_24046,339_dnipro_dnipropetrovsk__2020_2000s,339,Dnipro Dnipropetrovsk (- 2020),2000s,24046,Oleksandr Radchenko (24046),Ukraine,Defender - Left-Back,Defender,LB,2,2,1.0,3,0,0,5,0,0,2240.0,23.0,53.6,71.5,0.7382727928794804,1.0,71.5
339_dnipro_dnipropetrovsk__2020_2000s_24010,339_dnipro_dnipropetrovsk__2020_2000s,339,Dnipro Dnipropetrovsk (- 2020),2000s,24010,Oleksandr Grytsay (24010),Ukraine,Midfield - Defensive Midfield,Midfield,CDM,4,4,1.0,1,0,0,9,0,0,1584.0,21.0,53.3,70.7,0.7179456338705797,1.0,70.7
339_dnipro_dnipropetrovsk__2020_2000s_24028,339_dnipro_dnipropetrovsk__2020_2000s,339,Dnipro Dnipropetrovsk (- 2020),2000s,24028,Artem Kusliy (24028),Ukraine,Goalkeeper,Goalkeeper,GK,3,3,0.0,0,8,18,2,0,0,1674.0,21.0,53.3,70.7,0.7179456338705797,1.0,70.7
339_dnipro_dnipropetrovsk__2020_2000s_59024,339_dnipro_dnipropetrovsk__2020_2000s,339,Dnipro Dnipropetrovsk (- 2020),2000s,59024,Yevgen Borovyk (59024),Ukraine,Goalkeeper,Goalkeeper,GK,2,2,0.0,0,10,20,2,0,0,2113.0,21.0,53.3,70.7,0.7179456338705797,1.0,70.7
339_dnipro_dnipropetrovsk__2020_2000s_15365,339_dnipro_dnipropetrovsk__2020_2000s,339,Dnipro Dnipropetrovsk (- 2020),2000s,15365,Rolan Gusev (15365),Russia,Midfield - Right Midfield,Midfield,RM,2,2,0.0,3,0,0,3,0,0,0.0,18.0,52.8,69.1,0.6780129901371181,1.0,69.1
339_dnipro_dnipropetrovsk__2020_2000s_36410,339_dnipro_dnipropetrovsk__2020_2000s,339,Dnipro Dnipropetrovsk (- 2020),2000s,36410,Mario Holek (36410),Czech Republic,Defender - Centre-Back,Defender,CB,3,3,1.0,1,0,0,9,0,0,748.0,18.0,52.8,69.1,0.6780129901371181,1.0,69.1
339_dnipro_dnipropetrovsk__2020_2000s_58970,339_dnipro_dnipropetrovsk__2020_2000s,339,Dnipro Dnipropetrovsk (- 2020),2000s,58970,Yevgen Shakhov (58970),Ukraine,Midfield - Central Midfield,Midfield,CM,4,4,1.0,0,0,0,0,0,0,213.0,17.0,52.7,68.6,0.6645417368294443,1.0,68.6
339_dnipro_dnipropetrovsk__2020_2000s_43934,339_dnipro_dnipropetrovsk__2020_2000s,339,Dnipro Dnipropetrovsk (- 2020),2000s,43934,Ionuț Mazilu (43934),Romania,Attack - Centre-Forward,Attack,FW,2,2,1.0,1,0,0,1,0,0,371.0,15.0,52.4,67.4,0.6314649987972095,1.0,67.4
339_dnipro_dnipropetrovsk__2020_2000s_24053,339_dnipro_dnipropetrovsk__2020_2000s,339,Dnipro Dnipropetrovsk (- 2020),2000s,24053,Dmytro Semochko (24053),Ukraine  Russia,Defender - Left-Back,Defender,LB,1,1,1.0,1,0,0,7,0,0,1373.0,12.0,51.9,65.5,0.5752946836661054,1.0,65.5
339_dnipro_dnipropetrovsk__2020_2000s_25861,339_dnipro_dnipropetrovsk__2020_2000s,339,Dnipro Dnipropetrovsk (- 2020),2000s,25861,Ivan Kotenko (25861),Ukraine,Midfield - Left Midfield,Midfield,LM,1,1,1.0,1,0,0,3,0,0,623.0,12.0,51.9,65.5,0.5752946836661054,1.0,65.5
339_dnipro_dnipropetrovsk__2020_2000s_3835,339_dnipro_dnipropetrovsk__2020_2000s,339,Dnipro Dnipropetrovsk (- 2020),2000s,3835,Alcides (3835),Brazil  Portugal,Defender - Centre-Back,Defender,CB,2,2,0.0,1,0,0,3,0,0,0.0,10.0,51.6,63.6,0.5188838104402214,1.0,63.6
339_dnipro_dnipropetrovsk__2020_2000s_24858,339_dnipro_dnipropetrovsk__2020_2000s,339,Dnipro Dnipropetrovsk (- 2020),2000s,24858,Davidson Morais (24858),Brazil,Defender - Right-Back,Defender,RB,2,2,0.0,1,0,0,6,0,0,0.0,10.0,51.6,63.6,0.5188838104402214,1.0,63.6
339_dnipro_dnipropetrovsk__2020_2000s_48987,339_dnipro_dnipropetrovsk__2020_2000s,339,Dnipro Dnipropetrovsk (- 2020),2000s,48987,Andrey Eshchenko (48987),Russia,Defender - Right-Back,Defender,RB,2,2,0.0,1,0,0,4,0,0,0.0,10.0,51.6,63.6,0.5188838104402214,1.0,63.6
339_dnipro_dnipropetrovsk__2020_2000s_24025,339_dnipro_dnipropetrovsk__2020_2000s,339,Dnipro Dnipropetrovsk (- 2020),2000s,24025,Ruslan Kostyshyn (24025),Ukraine,Midfield - Attacking Midfield,Midfield,AM,2,2,1.0,0,0,0,2,1,0,870.0,9.5,51.5,63.3,0.508539812364686,1.0,63.3
339_dnipro_dnipropetrovsk__2020_2000s_24036,339_dnipro_dnipropetrovsk__2020_2000s,339,Dnipro Dnipropetrovsk (- 2020),2000s,24036,Sergiy Matyukhin (24036),Ukraine,Defender - Centre-Back,Defender,CB,3,3,0.0,0,0,0,2,0,0,0.0,9.0,51.4,62.9,0.49735386095742123,1.0,62.9
339_dnipro_dnipropetrovsk__2020_2000s_57900,339_dnipro_dnipropetrovsk__2020_2000s,339,Dnipro Dnipropetrovsk (- 2020),2000s,57900,Vyacheslav Serdyuk (57900),Ukraine,Defender - Centre-Back,Defender,CB,3,3,0.0,0,0,0,2,0,0,0.0,9.0,51.4,62.9,0.49735386095742123,1.0,62.9
339_dnipro_dnipropetrovsk__2020_2000s_24039,339_dnipro_dnipropetrovsk__2020_2000s,339,Dnipro Dnipropetrovsk (- 2020),2000s,24039,Dmytro Mykhaylenko (24039),Ukraine,Midfield - Central Midfield,Midfield,CM,1,1,1.0,0,0,0,1,0,0,539.0,8.0,51.3,61.9,0.46572047149386575,1.0,61.9
339_dnipro_dnipropetrovsk__2020_2000s_59076,339_dnipro_dnipropetrovsk__2020_2000s,339,Dnipro Dnipropetrovsk (- 2020),2000s,59076,Sergiy Kravchenko (59076),Ukraine,Midfield - Central Midfield,Midfield,CM,1,1,1.0,0,0,0,1,0,0,689.0,8.0,51.3,61.9,0.46572047149386575,1.0,61.9
339_dnipro_dnipropetrovsk__2020_2000s_24047,339_dnipro_dnipropetrovsk__2020_2000s,339,Dnipro Dnipropetrovsk (- 2020),2000s,24047,Oleksandr Rykun (24047),Ukraine,Midfield - Attacking Midfield,Midfield,AM,1,1,0.0,1,0,0,0,0,0,0.0,7.0,51.1,60.4,0.42097666586480637,1.0,60.4
339_dnipro_dnipropetrovsk__2020_2000s_59114,339_dnipro_dnipropetrovsk__2020_2000s,339,Dnipro Dnipropetrovsk (- 2020),2000s,59114,Maksym Pashayev (59114),Ukraine,Defender - Left-Back,Defender,LB,1,1,0.0,1,0,0,2,0,0,0.0,7.0,51.1,60.4,0.42097666586480637,1.0,60.4
339_dnipro_dnipropetrovsk__2020_2000s_58961,339_dnipro_dnipropetrovsk__2020_2000s,339,Dnipro Dnipropetrovsk (- 2020),2000s,58961,Pavlo Pashayev (58961),Azerbaijan  Ukraine,Defender - Right-Back,Defender,RB,2,2,0.0,1,0,0,1,1,0,0.0,6.5,51.0,59.7,0.40161173923502524,1.0,59.7
339_dnipro_dnipropetrovsk__2020_2000s_15878,339_dnipro_dnipropetrovsk__2020_2000s,339,Dnipro Dnipropetrovsk (- 2020),2000s,15878,Ruslan Bidnenko (15878),Ukraine,Midfield - Defensive Midfield,Midfield,CDM,2,2,0.0,0,0,0,0,0,0,0.0,6.0,50.9,58.6,0.36901611739235024,1.0,58.6
339_dnipro_dnipropetrovsk__2020_2000s_24042,339_dnipro_dnipropetrovsk__2020_2000s,339,Dnipro Dnipropetrovsk (- 2020),2000s,24042,Sergiy Motuz (24042),Ukraine,Attack - Centre-Forward,Attack,FW,2,2,0.0,0,0,0,2,0,0,0.0,6.0,50.9,58.6,0.36901611739235024,1.0,58.6
339_dnipro_dnipropetrovsk__2020_2000s_56698,339_dnipro_dnipropetrovsk__2020_2000s,339,Dnipro Dnipropetrovsk (- 2020),2000s,56698,Aleksandre Kobakhidze (56698),Georgia,Midfield - Right Midfield,Midfield,RM,2,2,0.0,0,0,0,0,0,0,0.0,6.0,50.9,58.6,0.36901611739235024,1.0,58.6
339_dnipro_dnipropetrovsk__2020_2000s_57418,339_dnipro_dnipropetrovsk__2020_2000s,339,Dnipro Dnipropetrovsk (- 2020),2000s,57418,Linas Klimavičius (57418),Lithuania,Defender - Centre-Back,Defender,CB,2,2,0.0,0,0,0,1,0,0,0.0,6.0,50.9,58.6,0.36901611739235024,1.0,58.6
339_dnipro_dnipropetrovsk__2020_2000s_58945,339_dnipro_dnipropetrovsk__2020_2000s,339,Dnipro Dnipropetrovsk (- 2020),2000s,58945,Anton Kanibolotskyi (58945),Ukraine,Goalkeeper,Goalkeeper,GK,2,2,0.0,0,0,2,0,0,0,180.0,6.0,50.9,58.6,0.36901611739235024,1.0,58.6
339_dnipro_dnipropetrovsk__2020_2000s_58946,339_dnipro_dnipropetrovsk__2020_2000s,339,Dnipro Dnipropetrovsk (- 2020),2000s,58946,Artur Karnoza (58946),Ukraine,Midfield - Attacking Midfield,Midfield,AM,2,2,0.0,0,0,0,0,0,0,0.0,6.0,50.9,58.6,0.36901611739235024,1.0,58.6
339_dnipro_dnipropetrovsk__2020_2000s_15681,339_dnipro_dnipropetrovsk__2020_2000s,339,Dnipro Dnipropetrovsk (- 2020),2000s,15681,Vyacheslav Sviderskyi (15681),Ukraine,Defender - Centre-Back,Defender,CB,1,1,0.0,0,0,0,1,0,0,0.0,3.0,50.5,51.2,0.16754871301419294,1.0,51.2
339_dnipro_dnipropetrovsk__2020_2000s_25739,339_dnipro_dnipropetrovsk__2020_2000s,339,Dnipro Dnipropetrovsk (- 2020),2000s,25739,Kakhaber Aladashvili (25739),Georgia,Defender - Right-Back,Defender,RB,1,1,0.0,0,0,0,2,0,0,0.0,3.0,50.5,51.2,0.16754871301419294,1.0,51.2
339_dnipro_dnipropetrovsk__2020_2000s_27826,339_dnipro_dnipropetrovsk__2020_2000s,339,Dnipro Dnipropetrovsk (- 2020),2000s,27826,Denis Glavina (27826),Croatia,Defender - Centre-Back,Defender,CB,1,1,0.0,0,0,0,1,0,0,0.0,3.0,50.5,51.2,0.16754871301419294,1.0,51.2
339_dnipro_dnipropetrovsk__2020_2000s_43404,339_dnipro_dnipropetrovsk__2020_2000s,339,Dnipro Dnipropetrovsk (- 2020),2000s,43404,Oleksiy Chychykov (43404),Ukraine,Attack - Right Winger,Attack,RM,1,1,0.0,0,0,0,0,0,0,0.0,3.0,50.5,51.2,0.16754871301419294,1.0,51.2
339_dnipro_dnipropetrovsk__2020_2000s_52759,339_dnipro_dnipropetrovsk__2020_2000s,339,Dnipro Dnipropetrovsk (- 2020),2000s,52759,Revaz Barabadze (52759),Georgia,Attack - Centre-Forward,Attack,FW,1,1,0.0,0,0,0,1,0,0,0.0,3.0,50.5,51.2,0.16754871301419294,1.0,51.2
339_dnipro_dnipropetrovsk__2020_2000s_58956,339_dnipro_dnipropetrovsk__2020_2000s,339,Dnipro Dnipropetrovsk (- 2020),2000s,58956,Oleksandr Maksymov (58956),Ukraine,Midfield - Central Midfield,Midfield,CM,1,1,0.0,0,0,0,0,0,0,0.0,3.0,50.5,51.2,0.16754871301419294,1.0,51.2
339_dnipro_dnipropetrovsk__2020_2000s_59893,339_dnipro_dnipropetrovsk__2020_2000s,339,Dnipro Dnipropetrovsk (- 2020),2000s,59893,Oleksandr Romanchuk (59893),Ukraine,Defender - Left-Back,Defender,LB,1,1,0.0,0,0,0,0,0,0,0.0,3.0,50.5,51.2,0.16754871301419294,1.0,51.2
339_dnipro_dnipropetrovsk__2020_2000s_91549,339_dnipro_dnipropetrovsk__2020_2000s,339,Dnipro Dnipropetrovsk (- 2020),2000s,91549,Valeriy Kutsenko (91549),Ukraine,Midfield - Attacking Midfield,Midfield,AM,1,1,0.0,0,0,0,0,0,0,0.0,3.0,50.5,51.2,0.16754871301419294,1.0,51.2
339_dnipro_dnipropetrovsk__2020_2000s_15796,339_dnipro_dnipropetrovsk__2020_2000s,339,Dnipro Dnipropetrovsk (- 2020),2000s,15796,Igor Lolo (15796),Cote d'Ivoire,Defender - Right-Back,Defender,RB,1,1,0.0,0,0,0,0,0,0,0.0,1.0,50.2,45.1,0.0039692085638681745,1.0,45.1
339_dnipro_dnipropetrovsk__2020_2010s_59908,339_dnipro_dnipropetrovsk__2020_2010s,339,Dnipro Dnipropetrovsk (- 2020),2010s,59908,Yevgen Seleznyov (59908),Ukraine,Attack - Centre-Forward,Attack,FW,5,5,55.0,12,0,0,17,0,6,706.0,338.0,95.0,95.8,0.9973538609574212,1.0,95.8
339_dnipro_dnipropetrovsk__2020_2010s_58949,339_dnipro_dnipropetrovsk__2020_2010s,339,Dnipro Dnipropetrovsk (- 2020),2010s,58949,Yevgen Konoplyanka (58949),Ukraine,Attack - Left Winger,Attack,LM,5,5,31.0,26,0,0,16,0,2,1784.0,273.0,86.3,94.6,0.995790233341352,1.0,94.6
339_dnipro_dnipropetrovsk__2020_2010s_36371,339_dnipro_dnipropetrovsk__2020_2010s,339,Dnipro Dnipropetrovsk (- 2020),2010s,36371,Nikola Kalinić (36371),Croatia,Attack - Centre-Forward,Attack,FW,5,5,37.0,5,0,0,10,1,5,660.0,217.5,79.0,92.9,0.9923021409670435,1.0,92.9
339_dnipro_dnipropetrovsk__2020_2010s_70767,339_dnipro_dnipropetrovsk__2020_2010s,339,Dnipro Dnipropetrovsk (- 2020),2010s,70767,Roman Zozulya (70767),Ukraine,Attack - Centre-Forward,Attack,FW,5,5,22.0,20,0,0,22,0,1,1828.0,203.0,77.0,92.3,0.9908587923983642,1.0,92.3
339_dnipro_dnipropetrovsk__2020_2010s_24049,339_dnipro_dnipropetrovsk__2020_2010s,339,Dnipro Dnipropetrovsk (- 2020),2010s,24049,Ruslan Rotan (24049),Ukraine,Midfield - Central Midfield,Midfield,CM,7,7,17.0,21,0,0,45,1,1,3738.0,184.5,74.6,90.8,0.987009862881886,1.0,90.8
339_dnipro_dnipropetrovsk__2020_2010s_54375,339_dnipro_dnipropetrovsk__2020_2010s,339,Dnipro Dnipropetrovsk (- 2020),2010s,54375,Giuliano (54375),Brazil,Midfield - Attacking Midfield,Midfield,AM,4,4,16.0,14,0,0,6,1,0,2245.0,146.5,69.5,89.2,0.9802742362280491,1.0,89.2
339_dnipro_dnipropetrovsk__2020_2010s_58970,339_dnipro_dnipropetrovsk__2020_2010s,339,Dnipro Dnipropetrovsk (- 2020),2010s,58970,Yevgen Shakhov (58970),Ukraine,Midfield - Central Midfield,Midfield,CM,6,6,10.0,12,0,0,9,0,0,1135.0,116.0,65.4,87.0,0.9672840991099351,1.0,87.0
339_dnipro_dnipropetrovsk__2020_2010s_15568,339_dnipro_dnipropetrovsk__2020_2010s,339,Dnipro Dnipropetrovsk (- 2020),2010s,15568,Bruno Gama (15568),Portugal,Attack - Left Winger,Attack,LM,3,3,9.0,12,0,0,7,0,0,1776.0,102.0,63.6,85.6,0.9593456819821987,1.0,85.6
339_dnipro_dnipropetrovsk__2020_2010s_59076,339_dnipro_dnipropetrovsk__2020_2010s,339,Dnipro Dnipropetrovsk (- 2020),2010s,59076,Sergiy Kravchenko (59076),Ukraine,Midfield - Central Midfield,Midfield,CM,6,6,6.0,13,0,0,21,1,0,3291.0,97.5,63.0,85.1,0.9562184267500602,1.0,85.1
339_dnipro_dnipropetrovsk__2020_2010s_57895,339_dnipro_dnipropetrovsk__2020_2010s,339,Dnipro Dnipropetrovsk (- 2020),2010s,57895,Denys Oliynyk (57895),Ukraine,Attack - Left Winger,Attack,LM,2,2,9.0,5,0,0,4,0,0,497.0,71.0,59.5,82.3,0.9292759201347125,1.0,82.3
339_dnipro_dnipropetrovsk__2020_2010s_24043,339_dnipro_dnipropetrovsk__2020_2010s,339,Dnipro Dnipropetrovsk (- 2020),2010s,24043,Sergiy Nazarenko (24043),Ukraine,Midfield - Attacking Midfield,Midfield,AM,3,3,6.0,6,0,0,2,0,3,248.0,63.0,58.4,81.4,0.9180899687274476,1.0,81.4
339_dnipro_dnipropetrovsk__2020_2010s_177818,339_dnipro_dnipropetrovsk__2020_2010s,339,Dnipro Dnipropetrovsk (- 2020),2010s,177818,Andriy Bliznichenko (177818),Ukraine,Attack - Right Winger,Attack,RM,5,5,5.0,5,0,0,2,0,2,671.0,60.0,58.0,80.9,0.9114746211210007,1.0,80.9
339_dnipro_dnipropetrovsk__2020_2010s_91931,339_dnipro_dnipropetrovsk__2020_2010s,339,Dnipro Dnipropetrovsk (- 2020),2010s,91931,Denys Boyko (91931),Ukraine,Goalkeeper,Goalkeeper,GK,3,3,0.0,0,28,57,8,0,0,5760.0,51.0,56.8,79.3,0.8909069040173202,1.0,79.3
339_dnipro_dnipropetrovsk__2020_2010s_53270,339_dnipro_dnipropetrovsk__2020_2010s,339,Dnipro Dnipropetrovsk (- 2020),2010s,53270,Oleksandr Gladkyi (53270),Ukraine,Attack - Centre-Forward,Attack,FW,2,2,2.0,8,0,0,2,0,0,516.0,48.0,56.4,78.5,0.8812845802261247,1.0,78.5
339_dnipro_dnipropetrovsk__2020_2010s_97567,339_dnipro_dnipropetrovsk__2020_2010s,339,Dnipro Dnipropetrovsk (- 2020),2010s,97567,Roman Bezus (97567),Ukraine,Midfield - Attacking Midfield,Midfield,AM,2,2,5.0,4,0,0,5,0,1,1080.0,47.0,56.3,78.3,0.878277604041376,1.0,78.3
339_dnipro_dnipropetrovsk__2020_2010s_248934,339_dnipro_dnipropetrovsk__2020_2010s,339,Dnipro Dnipropetrovsk (- 2020),2010s,248934,Valeriy Luchkevych (248934),Ukraine,Defender - Right-Back,Defender,RB,3,3,5.0,3,0,0,4,0,0,1866.0,46.0,56.1,78.0,0.8755111859514073,1.0,78.0
339_dnipro_dnipropetrovsk__2020_2010s_25734,339_dnipro_dnipropetrovsk__2020_2010s,339,Dnipro Dnipropetrovsk (- 2020),2010s,25734,Denys Kulakov (25734),Ukraine,Defender - Right-Back,Defender,RB,3,3,0.0,8,0,0,3,0,0,0.0,41.0,55.5,76.5,0.8559057012268463,1.0,76.5
339_dnipro_dnipropetrovsk__2020_2010s_248932,339_dnipro_dnipropetrovsk__2020_2010s,339,Dnipro Dnipropetrovsk (- 2020),2010s,248932,Vladyslav Kochergin (248932),Ukraine,Midfield - Defensive Midfield,Midfield,CDM,1,1,6.0,1,0,0,5,0,0,279.0,37.0,54.9,75.6,0.8391869136396439,1.0,75.6
339_dnipro_dnipropetrovsk__2020_2010s_308436,339_dnipro_dnipropetrovsk__2020_2010s,339,Dnipro Dnipropetrovsk (- 2020),2010s,308436,Denys Balanyuk (308436),Ukraine,Attack - Centre-Forward,Attack,FW,3,3,4.0,1,0,0,2,0,0,321.0,33.0,54.4,74.6,0.8146499879720953,1.0,74.6
339_dnipro_dnipropetrovsk__2020_2010s_343537,339_dnipro_dnipropetrovsk__2020_2010s,339,Dnipro Dnipropetrovsk (- 2020),2010s,343537,Artem Dovbyk (343537),Ukraine,Attack - Centre-Forward,Attack,FW,1,1,6.0,0,0,0,2,0,0,241.0,33.0,54.4,74.6,0.8146499879720953,1.0,74.6
339_dnipro_dnipropetrovsk__2020_2010s_25845,339_dnipro_dnipropetrovsk__2020_2010s,339,Dnipro Dnipropetrovsk (- 2020),2010s,25845,Oleksiy Antonov (25845),Ukraine,Attack - Centre-Forward,Attack,FW,1,1,4.0,1,0,0,1,0,0,143.0,27.0,53.6,72.9,0.7733942747173442,1.0,72.9
339_dnipro_dnipropetrovsk__2020_2010s_43309,339_dnipro_dnipropetrovsk__2020_2010s,339,Dnipro Dnipropetrovsk (- 2020),2010s,43309,Volodymyr Gomenyuk (43309),Ukraine,Attack - Centre-Forward,Attack,FW,1,1,4.0,1,0,0,1,0,0,206.0,27.0,53.6,72.9,0.7733942747173442,1.0,72.9
339_dnipro_dnipropetrovsk__2020_2010s_16682,339_dnipro_dnipropetrovsk__2020_2010s,339,Dnipro Dnipropetrovsk (- 2020),2010s,16682,Osmar Ferreyra (16682),Argentina,Midfield - Attacking Midfield,Midfield,AM,1,1,1.0,4,0,0,2,0,0,832.0,24.0,53.2,71.9,0.7468126052441665,1.0,71.9
339_dnipro_dnipropetrovsk__2020_2010s_25758,339_dnipro_dnipropetrovsk__2020_2010s,339,Dnipro Dnipropetrovsk (- 2020),2010s,25758,Jaba Kankava (25758),Georgia,Midfield - Defensive Midfield,Midfield,CDM,5,5,1.0,1,0,0,17,0,0,888.0,24.0,53.2,71.9,0.7468126052441665,1.0,71.9
339_dnipro_dnipropetrovsk__2020_2010s_343153,339_dnipro_dnipropetrovsk__2020_2010s,339,Dnipro Dnipropetrovsk (- 2020),2010s,343153,Yevgen Cheberko (343153),Ukraine,Defender - Centre-Back,Defender,CB,1,1,2.0,2,0,0,1,0,1,329.0,21.0,52.8,70.7,0.7179456338705797,1.0,70.7
339_dnipro_dnipropetrovsk__2020_2010s_54031,339_dnipro_dnipropetrovsk__2020_2010s,339,Dnipro Dnipropetrovsk (- 2020),2010s,54031,Anderson Pico (54031),Brazil,Defender - Left-Back,Defender,LB,2,2,2.0,1,0,0,4,0,0,444.0,20.0,52.7,70.2,0.7051960548472456,1.0,70.2
339_dnipro_dnipropetrovsk__2020_2010s_58606,339_dnipro_dnipropetrovsk__2020_2010s,339,Dnipro Dnipropetrovsk (- 2020),2010s,58606,Sergiy Politylo (58606),Ukraine,Midfield - Central Midfield,Midfield,CM,4,4,0.0,2,0,0,4,0,0,0.0,20.0,52.7,70.2,0.7051960548472456,1.0,70.2
339_dnipro_dnipropetrovsk__2020_2010s_58945,339_dnipro_dnipropetrovsk__2020_2010s,339,Dnipro Dnipropetrovsk (- 2020),2010s,58945,Anton Kanibolotskyi (58945),Ukraine,Goalkeeper,Goalkeeper,GK,3,3,0.0,0,7,11,0,0,0,1186.0,19.5,52.6,69.9,0.6968968005773394,1.0,69.9
339_dnipro_dnipropetrovsk__2020_2010s_369155,339_dnipro_dnipropetrovsk__2020_2010s,339,Dnipro Dnipropetrovsk (- 2020),2010s,369155,Yuriy Vakulko (369155),Ukraine,Midfield - Central Midfield,Midfield,CM,2,2,2.0,1,0,0,3,0,0,987.0,19.0,52.5,69.6,0.6904017320182824,1.0,69.6
339_dnipro_dnipropetrovsk__2020_2010s_82599,339_dnipro_dnipropetrovsk__2020_2010s,339,Dnipro Dnipropetrovsk (- 2020),2010s,82599,Valeriy Fedorchuk (82599),Ukraine,Midfield - Central Midfield,Midfield,CM,3,3,1.0,1,0,0,5,0,0,644.0,18.0,52.4,69.1,0.6780129901371181,1.0,69.1
339_dnipro_dnipropetrovsk__2020_2010s_57888,339_dnipro_dnipropetrovsk__2020_2010s,339,Dnipro Dnipropetrovsk (- 2020),2010s,57888,Pavlo Ksyonz (57888),Ukraine,Defender - Right-Back,Defender,RB,1,1,1.0,2,0,0,0,0,0,1070.0,16.0,52.1,67.9,0.6464998797209526,1.0,67.9
339_dnipro_dnipropetrovsk__2020_2010s_24050,339_dnipro_dnipropetrovsk__2020_2010s,339,Dnipro Dnipropetrovsk (- 2020),2010s,24050,Andriy Rusol (24050),Ukraine,Defender - Centre-Back,Defender,CB,2,2,1.0,1,0,0,5,0,0,1707.0,15.0,52.0,67.4,0.6314649987972095,1.0,67.4
339_dnipro_dnipropetrovsk__2020_2010s_25732,339_dnipro_dnipropetrovsk__2020_2010s,339,Dnipro Dnipropetrovsk (- 2020),2010s,25732,Dmytro Chygrynskyi (25732),Ukraine,Defender - Centre-Back,Defender,CB,2,2,1.0,1,0,0,2,0,0,1076.0,15.0,52.0,67.4,0.6314649987972095,1.0,67.4
339_dnipro_dnipropetrovsk__2020_2010s_18091,339_dnipro_dnipropetrovsk__2020_2010s,339,Dnipro Dnipropetrovsk (- 2020),2010s,18091,Derek Boateng (18091),Ghana,Midfield - Defensive Midfield,Midfield,CDM,2,2,2.0,0,0,0,5,1,0,698.0,14.5,51.9,67.2,0.6248496511907625,1.0,67.2
339_dnipro_dnipropetrovsk__2020_2010s_56698,339_dnipro_dnipropetrovsk__2020_2010s,339,Dnipro Dnipropetrovsk (- 2020),2010s,56698,Aleksandre Kobakhidze (56698),Georgia,Midfield - Right Midfield,Midfield,RM,3,3,1.0,0,0,0,0,0,0,136.0,14.0,51.9,67.0,0.6188356988212653,1.0,67.0
339_dnipro_dnipropetrovsk__2020_2010s_273663,339_dnipro_dnipropetrovsk__2020_2010s,339,Dnipro Dnipropetrovsk (- 2020),2010s,273663,Volodymyr Adamyuk (273663),Ukraine,Defender - Right-Back,Defender,RB,2,2,0.0,2,0,0,4,0,0,0.0,14.0,51.9,67.0,0.6188356988212653,1.0,67.0
339_dnipro_dnipropetrovsk__2020_2010s_64344,339_dnipro_dnipropetrovsk__2020_2010s,339,Dnipro Dnipropetrovsk (- 2020),2010s,64344,Igor Vartsaba (64344),Ukraine,Goalkeeper,Goalkeeper,GK,4,4,0.0,0,1,2,0,0,0,180.0,13.5,51.8,66.7,0.610897281693529,1.0,66.7
339_dnipro_dnipropetrovsk__2020_2010s_404839,339_dnipro_dnipropetrovsk__2020_2010s,339,Dnipro Dnipropetrovsk (- 2020),2010s,404839,Andriy Lunin (404839),Ukraine,Goalkeeper,Goalkeeper,GK,1,1,0.0,0,7,25,2,0,0,1980.0,13.5,51.8,66.7,0.610897281693529,1.0,66.7
339_dnipro_dnipropetrovsk__2020_2010s_448868,339_dnipro_dnipropetrovsk__2020_2010s,339,Dnipro Dnipropetrovsk (- 2020),2010s,448868,Igor Kogut (448868),Ukraine,Midfield - Central Midfield,Midfield,CM,1,1,2.0,0,0,0,7,0,0,504.0,13.0,51.7,66.3,0.600072167428434,1.0,66.3
339_dnipro_dnipropetrovsk__2020_2010s_25823,339_dnipro_dnipropetrovsk__2020_2010s,339,Dnipro Dnipropetrovsk (- 2020),2010s,25823,Vitaliy Denisov (25823),Uzbekistan  Russia,Defender - Left-Back,Defender,LB,3,3,1.0,0,0,0,8,1,0,621.0,12.5,51.7,66.0,0.5909309598267982,1.0,66.0
339_dnipro_dnipropetrovsk__2020_2010s_140561,339_dnipro_dnipropetrovsk__2020_2010s,339,Dnipro Dnipropetrovsk (- 2020),2010s,140561,Michael Odibe (140561),Nigeria,Defender - Centre-Back,Defender,CB,1,1,1.0,1,0,0,1,0,0,676.0,12.0,51.6,65.5,0.5752946836661054,1.0,65.5
339_dnipro_dnipropetrovsk__2020_2010s_244271,339_dnipro_dnipropetrovsk__2020_2010s,339,Dnipro Dnipropetrovsk (- 2020),2010s,244271,Oleksandr Svatok (244271),Ukraine,Defender - Centre-Back,Defender,CB,3,3,0.0,1,0,0,5,0,0,0.0,11.0,51.5,64.6,0.5475102237190281,1.0,64.6
339_dnipro_dnipropetrovsk__2020_2010s_54816,339_dnipro_dnipropetrovsk__2020_2010s,339,Dnipro Dnipropetrovsk (- 2020),2010s,54816,Dmytro Lyopa (54816),Ukraine,Midfield - Attacking Midfield,Midfield,AM,2,2,0.0,1,0,0,3,0,0,0.0,10.0,51.3,63.6,0.5188838104402214,1.0,63.6
339_dnipro_dnipropetrovsk__2020_2010s_101304,339_dnipro_dnipropetrovsk__2020_2010s,339,Dnipro Dnipropetrovsk (- 2020),2010s,101304,Douglas (101304),Brazil,Defender - Centre-Back,Defender,CB,4,4,1.0,0,0,0,8,2,0,863.0,10.0,51.3,63.6,0.5188838104402214,1.0,63.6
339_dnipro_dnipropetrovsk__2020_2010s_23443,339_dnipro_dnipropetrovsk__2020_2010s,339,Dnipro Dnipropetrovsk (- 2020),2010s,23443,Ondrej Mazuch (23443),Czech Republic,Defender - Centre-Back,Defender,CB,4,4,0.0,1,0,0,12,1,0,0.0,9.5,51.3,63.3,0.508539812364686,1.0,63.3
339_dnipro_dnipropetrovsk__2020_2010s_94928,339_dnipro_dnipropetrovsk__2020_2010s,339,Dnipro Dnipropetrovsk (- 2020),2010s,94928,Ruslan Babenko (94928),Ukraine,Midfield - Central Midfield,Midfield,CM,3,3,0.0,0,0,0,0,0,0,0.0,9.0,51.2,62.9,0.49735386095742123,1.0,62.9
339_dnipro_dnipropetrovsk__2020_2010s_343492,339_dnipro_dnipropetrovsk__2020_2010s,339,Dnipro Dnipropetrovsk (- 2020),2010s,343492,Oleg Kozhushko (343492),Ukraine,Attack - Centre-Forward,Attack,FW,2,2,0.0,1,0,0,2,1,0,0.0,8.5,51.1,62.5,0.4862881885975463,1.0,62.5
339_dnipro_dnipropetrovsk__2020_2010s_43299,339_dnipro_dnipropetrovsk__2020_2010s,339,Dnipro Dnipropetrovsk (- 2020),2010s,43299,Edmar Galovskyi (43299),Ukraine  Brazil,Midfield - Central Midfield,Midfield,CM,1,1,1.0,0,0,0,3,0,0,644.0,8.0,51.1,61.9,0.46572047149386575,1.0,61.9
339_dnipro_dnipropetrovsk__2020_2010s_288857,339_dnipro_dnipropetrovsk__2020_2010s,339,Dnipro Dnipropetrovsk (- 2020),2010s,288857,Dmitriy Nagiyev (288857),Azerbaijan  Ukraine,Defender - Right-Back,Defender,RB,1,1,1.0,0,0,0,0,0,0,956.0,8.0,51.1,61.9,0.46572047149386575,1.0,61.9
339_dnipro_dnipropetrovsk__2020_2010s_49985,339_dnipro_dnipropetrovsk__2020_2010s,339,Dnipro Dnipropetrovsk (- 2020),2010s,49985,Ivan Tomecak (49985),Croatia,Defender - Right-Back,Defender,RB,1,1,0.0,1,0,0,2,0,0,0.0,7.0,50.9,60.4,0.42097666586480637,1.0,60.4
339_dnipro_dnipropetrovsk__2020_2010s_288856,339_dnipro_dnipropetrovsk__2020_2010s,339,Dnipro Dnipropetrovsk (- 2020),2010s,288856,Oleksandr Migunov (288856),Ukraine,Defender - Left-Back,Defender,LB,1,1,0.0,1,0,0,1,0,0,0.0,7.0,50.9,60.4,0.42097666586480637,1.0,60.4
339_dnipro_dnipropetrovsk__2020_2010s_401822,339_dnipro_dnipropetrovsk__2020_2010s,339,Dnipro Dnipropetrovsk (- 2020),2010s,401822,Maksym Lunyov (401822),Ukraine,Attack - Left Winger,Attack,LM,1,1,0.0,1,0,0,4,0,0,0.0,7.0,50.9,60.4,0.42097666586480637,1.0,60.4
339_dnipro_dnipropetrovsk__2020_2010s_3835,339_dnipro_dnipropetrovsk__2020_2010s,339,Dnipro Dnipropetrovsk (- 2020),2010s,3835,Alcides (3835),Brazil  Portugal,Defender - Centre-Back,Defender,CB,2,2,0.0,0,0,0,0,0,0,0.0,6.0,50.8,58.6,0.36901611739235024,1.0,58.6
339_dnipro_dnipropetrovsk__2020_2010s_36410,339_dnipro_dnipropetrovsk__2020_2010s,339,Dnipro Dnipropetrovsk (- 2020),2010s,36410,Mario Holek (36410),Czech Republic,Defender - Centre-Back,Defender,CB,2,2,0.0,0,0,0,0,0,0,0.0,6.0,50.8,58.6,0.36901611739235024,1.0,58.6
339_dnipro_dnipropetrovsk__2020_2010s_58961,339_dnipro_dnipropetrovsk__2020_2010s,339,Dnipro Dnipropetrovsk (- 2020),2010s,58961,Pavlo Pashayev (58961),Azerbaijan  Ukraine,Defender - Right-Back,Defender,RB,2,2,0.0,0,0,0,1,0,0,0.0,6.0,50.8,58.6,0.36901611739235024,1.0,58.6
339_dnipro_dnipropetrovsk__2020_2010s_59414,339_dnipro_dnipropetrovsk__2020_2010s,339,Dnipro Dnipropetrovsk (- 2020),2010s,59414,Papa Gueye (59414),Senegal  Ukraine,Defender - Centre-Back,Defender,CB,2,2,0.0,0,0,0,2,0,0,0.0,6.0,50.8,58.6,0.36901611739235024,1.0,58.6
339_dnipro_dnipropetrovsk__2020_2010s_173079,339_dnipro_dnipropetrovsk__2020_2010s,339,Dnipro Dnipropetrovsk (- 2020),2010s,173079,Oleksandr Vasyliev (173079),Ukraine,Midfield - Defensive Midfield,Midfield,CDM,2,2,0.0,0,0,0,0,0,0,0.0,6.0,50.8,58.6,0.36901611739235024,1.0,58.6
339_dnipro_dnipropetrovsk__2020_2010s_427341,339_dnipro_dnipropetrovsk__2020_2010s,339,Dnipro Dnipropetrovsk (- 2020),2010s,427341,Danylo Kucher (427341),Ukraine,Goalkeeper,Goalkeeper,GK,2,2,0.0,0,0,1,0,0,0,90.0,6.0,50.8,58.6,0.36901611739235024,1.0,58.6
339_dnipro_dnipropetrovsk__2020_2010s_51232,339_dnipro_dnipropetrovsk__2020_2010s,339,Dnipro Dnipropetrovsk (- 2020),2010s,51232,Danilo (51232),Belgium  Brazil,Midfield - Attacking Midfield,Midfield,AM,1,1,0.0,0,0,0,2,0,0,0.0,3.0,50.4,51.2,0.16754871301419294,1.0,51.2
339_dnipro_dnipropetrovsk__2020_2010s_54419,339_dnipro_dnipropetrovsk__2020_2010s,339,Dnipro Dnipropetrovsk (- 2020),2010s,54419,Egídio (54419),Brazil,Defender - Left-Back,Defender,LB,1,1,0.0,0,0,0,0,0,0,0.0,3.0,50.4,51.2,0.16754871301419294,1.0,51.2
339_dnipro_dnipropetrovsk__2020_2010s_58946,339_dnipro_dnipropetrovsk__2020_2010s,339,Dnipro Dnipropetrovsk (- 2020),2010s,58946,Artur Karnoza (58946),Ukraine,Midfield - Attacking Midfield,Midfield,AM,1,1,0.0,0,0,0,0,0,0,0.0,3.0,50.4,51.2,0.16754871301419294,1.0,51.2
339_dnipro_dnipropetrovsk__2020_2010s_64341,339_dnipro_dnipropetrovsk__2020_2010s,339,Dnipro Dnipropetrovsk (- 2020),2010s,64341,Anton Kravchenko (64341),Ukraine,Defender - Centre-Back,Defender,CB,1,1,0.0,0,0,0,1,0,0,0.0,3.0,50.4,51.2,0.16754871301419294,1.0,51.2
339_dnipro_dnipropetrovsk__2020_2010s_141168,339_dnipro_dnipropetrovsk__2020_2010s,339,Dnipro Dnipropetrovsk (- 2020),2010s,141168,Denys Maznyi (141168),Ukraine,Midfield - Left Midfield,Midfield,LM,1,1,0.0,0,0,0,0,0,0,0.0,3.0,50.4,51.2,0.16754871301419294,1.0,51.2
339_dnipro_dnipropetrovsk__2020_2010s_248938,339_dnipro_dnipropetrovsk__2020_2010s,339,Dnipro Dnipropetrovsk (- 2020),2010s,248938,Maksym Tretyakov (248938),Ukraine,Attack - Left Winger,Attack,LM,1,1,0.0,0,0,0,0,0,0,0.0,3.0,50.4,51.2,0.16754871301419294,1.0,51.2
339_dnipro_dnipropetrovsk__2020_2010s_288853,339_dnipro_dnipropetrovsk__2020_2010s,339,Dnipro Dnipropetrovsk (- 2020),2010s,288853,Sergiy Gorbunov (288853),Ukraine,Midfield - Left Midfield,Midfield,LM,1,1,0.0,0,0,0,0,0,0,0.0,3.0,50.4,51.2,0.16754871301419294,1.0,51.2
339_dnipro_dnipropetrovsk__2020_2010s_366446,339_dnipro_dnipropetrovsk__2020_2010s,339,Dnipro Dnipropetrovsk (- 2020),2010s,366446,Denys Kostyshyn (366446),Ukraine,Midfield - Attacking Midfield,Midfield,AM,1,1,0.0,0,0,0,0,0,0,0.0,3.0,50.4,51.2,0.16754871301419294,1.0,51.2
339_dnipro_dnipropetrovsk__2020_2010s_419061,339_dnipro_dnipropetrovsk__2020_2010s,339,Dnipro Dnipropetrovsk (- 2020),2010s,419061,Vladyslav Supryaga (419061),Ukraine,Attack - Centre-Forward,Attack,FW,1,1,0.0,0,0,0,0,0,0,0.0,3.0,50.4,51.2,0.16754871301419294,1.0,51.2
339_dnipro_dnipropetrovsk__2020_2010s_430190,339_dnipro_dnipropetrovsk__2020_2010s,339,Dnipro Dnipropetrovsk (- 2020),2010s,430190,Yegor Nazaryna (430190),Ukraine,Midfield - Central Midfield,Midfield,CM,1,1,0.0,0,0,0,0,0,0,0.0,3.0,50.4,51.2,0.16754871301419294,1.0,51.2
339_dnipro_dnipropetrovsk__2020_2010s_448867,339_dnipro_dnipropetrovsk__2020_2010s,339,Dnipro Dnipropetrovsk (- 2020),2010s,448867,Maksym Lopyryonok (448867),Ukraine,Defender - Centre-Back,Defender,CB,1,1,0.0,0,0,0,2,0,0,0.0,3.0,50.4,51.2,0.16754871301419294,1.0,51.2
339_dnipro_dnipropetrovsk__2020_2010s_467241,339_dnipro_dnipropetrovsk__2020_2010s,339,Dnipro Dnipropetrovsk (- 2020),2010s,467241,Oleksandr Safronov (467241),Ukraine,Defender - Centre-Back,Defender,CB,1,1,0.0,0,0,0,0,0,0,0.0,3.0,50.4,51.2,0.16754871301419294,1.0,51.2
339_dnipro_dnipropetrovsk__2020_2010s_28179,339_dnipro_dnipropetrovsk__2020_2010s,339,Dnipro Dnipropetrovsk (- 2020),2010s,28179,Mladen Bartulovic (28179),Croatia,Midfield - Left Midfield,Midfield,LM,1,1,0.0,0,0,0,0,1,0,0.0,1.5,50.2,45.4,0.00950204474380563,1.0,45.4
3592_kryvbas_kryvyi_rig_1990s_92466,3592_kryvbas_kryvyi_rig_1990s,3592,Kryvbas Kryvyi Rig,1990s,92466,Volodymyr Ponomarenko (92466),Ukraine,Midfield - Right Midfield,Midfield,RM,2,2,6.0,17,0,0,8,0,1,388.0,104.0,95.0,85.8,0.9605484724560982,1.0,85.8
3592_kryvbas_kryvyi_rig_1990s_857997,3592_kryvbas_kryvyi_rig_1990s,3592,Kryvbas Kryvyi Rig,1990s,857997,Igor Plotko (857997),Ukraine,Midfield - Central Midfield,Midfield,CM,1,1,2.0,1,0,0,3,0,1,557.0,17.0,57.4,68.6,0.6645417368294443,1.0,68.6
3592_kryvbas_kryvyi_rig_1990s_24006,3592_kryvbas_kryvyi_rig_1990s,3592,Kryvbas Kryvyi Rig,1990s,24006,Volodymyr Yezerskyi (24006),Ukraine,Defender - Right-Back,Defender,RB,1,1,0.0,1,0,0,1,0,0,0.0,7.0,53.0,60.4,0.42097666586480637,1.0,60.4
3592_kryvbas_kryvyi_rig_1990s_24004,3592_kryvbas_kryvyi_rig_1990s,3592,Kryvbas Kryvyi Rig,1990s,24004,Sergiy Dolganskyi (24004),Ukraine,Goalkeeper,Goalkeeper,GK,2,2,0.0,0,0,0,0,0,0,0.0,6.0,52.6,58.6,0.36901611739235024,1.0,58.6
3592_kryvbas_kryvyi_rig_1990s_858258,3592_kryvbas_kryvyi_rig_1990s,3592,Kryvbas Kryvyi Rig,1990s,858258,Yuriy Shevchuk (858258),Ukraine,Midfield,Midfield,CM,2,2,0.0,0,0,0,2,0,0,0.0,6.0,52.6,58.6,0.36901611739235024,1.0,58.6
3592_kryvbas_kryvyi_rig_1990s_24050,3592_kryvbas_kryvyi_rig_1990s,3592,Kryvbas Kryvyi Rig,1990s,24050,Andriy Rusol (24050),Ukraine,Defender - Centre-Back,Defender,CB,1,1,0.0,0,0,0,0,0,0,0.0,3.0,51.3,51.2,0.16754871301419294,1.0,51.2
3592_kryvbas_kryvyi_rig_1990s_60323,3592_kryvbas_kryvyi_rig_1990s,3592,Kryvbas Kryvyi Rig,1990s,60323,Anton Monakhov (60323),Russia  Ukraine,Defender - Centre-Back,Defender,CB,1,1,0.0,0,0,0,1,0,0,0.0,2.0,50.9,45.6,0.016237671397642532,1.0,45.6
3592_kryvbas_kryvyi_rig_2000s_57878,3592_kryvbas_kryvyi_rig_2000s,3592,Kryvbas Kryvyi Rig,2000s,57878,Vasil Gigiadze (57878),Georgia,Midfield - Attacking Midfield,Midfield,AM,2,2,20.0,5,0,0,12,0,8,465.0,126.0,95.0,87.9,0.9726966562424826,1.0,87.9
3592_kryvbas_kryvyi_rig_2000s_28179,3592_kryvbas_kryvyi_rig_2000s,3592,Kryvbas Kryvyi Rig,2000s,28179,Mladen Bartulovic (28179),Croatia,Midfield - Left Midfield,Midfield,LM,3,3,12.0,7,0,0,11,0,4,1274.0,97.0,84.6,85.0,0.9556170315131104,1.0,85.0
3592_kryvbas_kryvyi_rig_2000s_24042,3592_kryvbas_kryvyi_rig_2000s,3592,Kryvbas Kryvyi Rig,2000s,24042,Sergiy Motuz (24042),Ukraine,Attack - Centre-Forward,Attack,FW,3,3,12.0,3,0,0,9,0,0,646.0,81.0,78.9,83.5,0.943348568679336,1.0,83.5
3592_kryvbas_kryvyi_rig_2000s_58246,3592_kryvbas_kryvyi_rig_2000s,3592,Kryvbas Kryvyi Rig,2000s,58246,Alexandru Popovici (58246),Moldova  Russia,Attack - Centre-Forward,Attack,FW,3,3,9.0,5,0,0,8,0,0,882.0,74.0,76.4,82.8,0.93492903536204,1.0,82.8
3592_kryvbas_kryvyi_rig_2000s_91548,3592_kryvbas_kryvyi_rig_2000s,3592,Kryvbas Kryvyi Rig,2000s,91548,Yuriy Kudinov (91548),Ukraine,Attack - Centre-Forward,Attack,FW,3,3,9.0,5,0,0,5,0,0,1810.0,73.0,76.1,82.6,0.9321626172720712,1.0,82.6
3592_kryvbas_kryvyi_rig_2000s_25472,3592_kryvbas_kryvyi_rig_2000s,3592,Kryvbas Kryvyi Rig,2000s,25472,Nikolay Kashevskiy (25472),Belarus,Defender - Centre-Back,Defender,CB,3,3,8.0,6,0,0,9,0,1,1200.0,72.0,75.7,82.4,0.9302381525138321,1.0,82.4
3592_kryvbas_kryvyi_rig_2000s_35352,3592_kryvbas_kryvyi_rig_2000s,3592,Kryvbas Kryvyi Rig,2000s,35352,Taras Kabanov (35352),Ukraine,Attack - Centre-Forward,Attack,FW,2,2,6.0,5,0,0,2,0,0,783.0,56.0,70.0,80.1,0.9016117392350252,1.0,80.1
3592_kryvbas_kryvyi_rig_2000s_24025,3592_kryvbas_kryvyi_rig_2000s,3592,Kryvbas Kryvyi Rig,2000s,24025,Ruslan Kostyshyn (24025),Ukraine,Midfield - Attacking Midfield,Midfield,AM,4,4,4.0,5,0,0,10,0,0,1950.0,52.0,68.6,79.5,0.8937936011546789,1.0,79.5
3592_kryvbas_kryvyi_rig_2000s_92466,3592_kryvbas_kryvyi_rig_2000s,3592,Kryvbas Kryvyi Rig,2000s,92466,Volodymyr Ponomarenko (92466),Ukraine,Midfield - Right Midfield,Midfield,RM,4,4,5.0,4,0,0,8,1,0,1181.0,51.5,68.4,79.4,0.8928313687755594,1.0,79.4
3592_kryvbas_kryvyi_rig_2000s_24117,3592_kryvbas_kryvyi_rig_2000s,3592,Kryvbas Kryvyi Rig,2000s,24117,Magomed Adiev (24117),Russia,Attack - Centre-Forward,Attack,FW,2,2,6.0,3,0,0,6,0,2,1345.0,48.0,67.1,78.5,0.8812845802261247,1.0,78.5
3592_kryvbas_kryvyi_rig_2000s_92464,3592_kryvbas_kryvyi_rig_2000s,3592,Kryvbas Kryvyi Rig,2000s,92464,Sergiy Dranov (92464),Ukraine,Attack - Centre-Forward,Attack,FW,2,2,6.0,1,0,0,1,0,0,146.0,40.0,64.3,76.2,0.8524176088525379,1.0,76.2
3592_kryvbas_kryvyi_rig_2000s_42631,3592_kryvbas_kryvyi_rig_2000s,3592,Kryvbas Kryvyi Rig,2000s,42631,Oleksandr Goryainov (42631),Ukraine,Goalkeeper,Goalkeeper,GK,3,3,0.0,0,18,57,4,0,0,4246.0,36.0,62.9,75.3,0.832571566033197,1.0,75.3
3592_kryvbas_kryvyi_rig_2000s_139973,3592_kryvbas_kryvyi_rig_2000s,3592,Kryvbas Kryvyi Rig,2000s,139973,Sead Salahovic (139973),Serbia,Attack - Centre-Forward,Attack,FW,2,2,6.0,0,0,0,2,0,4,838.0,36.0,62.9,75.3,0.832571566033197,1.0,75.3
3592_kryvbas_kryvyi_rig_2000s_58956,3592_kryvbas_kryvyi_rig_2000s,3592,Kryvbas Kryvyi Rig,2000s,58956,Oleksandr Maksymov (58956),Ukraine,Midfield - Central Midfield,Midfield,CM,2,2,5.0,1,0,0,7,0,0,1658.0,35.0,62.5,75.1,0.8263170555689199,1.0,75.1
3592_kryvbas_kryvyi_rig_2000s_23990,3592_kryvbas_kryvyi_rig_2000s,3592,Kryvbas Kryvyi Rig,2000s,23990,Denys Andrienko (23990),Ukraine,Defender - Left-Back,Defender,LB,4,4,2.0,3,0,0,9,0,1,1338.0,34.0,62.1,74.8,0.8201828241520327,1.0,74.8
3592_kryvbas_kryvyi_rig_2000s_58230,3592_kryvbas_kryvyi_rig_2000s,3592,Kryvbas Kryvyi Rig,2000s,58230,Darko Dunjic (58230),Serbia,Defender - Right-Back,Defender,RB,3,3,1.0,5,0,0,6,0,0,1651.0,34.0,62.1,74.8,0.8201828241520327,1.0,74.8
3592_kryvbas_kryvyi_rig_2000s_9797,3592_kryvbas_kryvyi_rig_2000s,3592,Kryvbas Kryvyi Rig,2000s,9797,Oleksandr Melashchenko (9797),Ukraine,Attack - Centre-Forward,Attack,FW,3,3,4.0,1,0,0,2,0,0,1363.0,33.0,61.8,74.6,0.8146499879720953,1.0,74.6
3592_kryvbas_kryvyi_rig_2000s_172350,3592_kryvbas_kryvyi_rig_2000s,3592,Kryvbas Kryvyi Rig,2000s,172350,Andrey Morozov (172350),Belarus  Russia,Midfield - Right Midfield,Midfield,RM,2,2,3.0,3,0,0,1,0,0,1683.0,33.0,61.8,74.6,0.8146499879720953,1.0,74.6
3592_kryvbas_kryvyi_rig_2000s_59133,3592_kryvbas_kryvyi_rig_2000s,3592,Kryvbas Kryvyi Rig,2000s,59133,Oleksandr Shevelyukhin (59133),Ukraine  Poland,Defender - Centre-Back,Defender,CB,5,5,3.0,1,0,0,4,1,0,2075.0,32.5,61.6,74.5,0.8112821746451768,1.0,74.5
3592_kryvbas_kryvyi_rig_2000s_17206,3592_kryvbas_kryvyi_rig_2000s,3592,Kryvbas Kryvyi Rig,2000s,17206,Aleksandar Trisovic (17206),Serbia,Midfield - Left Midfield,Midfield,LM,2,2,1.0,5,0,0,9,0,0,1531.0,31.0,61.1,74.0,0.8010584556170315,1.0,74.0
3592_kryvbas_kryvyi_rig_2000s_24032,3592_kryvbas_kryvyi_rig_2000s,3592,Kryvbas Kryvyi Rig,2000s,24032,Vitaliy Lysytskyi (24032),Ukraine,Defender - Centre-Back,Defender,CB,3,3,3.0,2,0,0,10,0,0,1723.0,31.0,61.1,74.0,0.8010584556170315,1.0,74.0
3592_kryvbas_kryvyi_rig_2000s_54816,3592_kryvbas_kryvyi_rig_2000s,3592,Kryvbas Kryvyi Rig,2000s,54816,Dmytro Lyopa (54816),Ukraine,Midfield - Attacking Midfield,Midfield,AM,1,1,3.0,2,0,0,4,0,1,304.0,26.0,59.3,72.6,0.7647341833052682,1.0,72.6
3592_kryvbas_kryvyi_rig_2000s_58976,3592_kryvbas_kryvyi_rig_2000s,3592,Kryvbas Kryvyi Rig,2000s,58976,Maksim Startsev (58976),Ukraine  Russia,Goalkeeper,Goalkeeper,GK,4,4,0.0,0,9,35,0,0,0,2565.0,25.5,59.1,72.4,0.7599230214096704,1.0,72.4
3592_kryvbas_kryvyi_rig_2000s_59024,3592_kryvbas_kryvyi_rig_2000s,3592,Kryvbas Kryvyi Rig,2000s,59024,Yevgen Borovyk (59024),Ukraine,Goalkeeper,Goalkeeper,GK,3,3,0.0,0,10,25,2,0,0,2390.0,24.0,58.6,71.9,0.7468126052441665,1.0,71.9
3592_kryvbas_kryvyi_rig_2000s_32627,3592_kryvbas_kryvyi_rig_2000s,3592,Kryvbas Kryvyi Rig,2000s,32627,Anthony Alegbe (32627),Nigeria,Defender - Centre-Back,Defender,CB,3,3,3.0,0,0,0,16,0,0,2512.0,23.0,58.2,71.5,0.7382727928794804,1.0,71.5
3592_kryvbas_kryvyi_rig_2000s_169789,3592_kryvbas_kryvyi_rig_2000s,3592,Kryvbas Kryvyi Rig,2000s,169789,Sergey Nikitenko (169789),Belarus,Midfield - Defensive Midfield,Midfield,CDM,3,3,2.0,0,0,0,8,1,0,603.0,17.5,56.2,68.9,0.6716382006254511,1.0,68.9
3592_kryvbas_kryvyi_rig_2000s_48995,3592_kryvbas_kryvyi_rig_2000s,3592,Kryvbas Kryvyi Rig,2000s,48995,Pavel Kirilchik (48995),Belarus,Defender - Centre-Back,Defender,CB,3,3,0.0,2,0,0,11,0,0,0.0,17.0,56.1,68.6,0.6645417368294443,1.0,68.6
3592_kryvbas_kryvyi_rig_2000s_59389,3592_kryvbas_kryvyi_rig_2000s,3592,Kryvbas Kryvyi Rig,2000s,59389,Mykola Morozyuk (59389),Ukraine,Defender - Right-Back,Defender,RB,1,1,2.0,1,0,0,3,0,0,535.0,17.0,56.1,68.6,0.6645417368294443,1.0,68.6
3592_kryvbas_kryvyi_rig_2000s_98479,3592_kryvbas_kryvyi_rig_2000s,3592,Kryvbas Kryvyi Rig,2000s,98479,Yevgen Kotov (98479),Ukraine,Defender - Centre-Back,Defender,CB,2,2,1.0,2,0,0,7,0,0,630.0,17.0,56.1,68.6,0.6645417368294443,1.0,68.6
3592_kryvbas_kryvyi_rig_2000s_514030,3592_kryvbas_kryvyi_rig_2000s,3592,Kryvbas Kryvyi Rig,2000s,514030,Andriy Zavyalov (514030),Turkmenistan  Ukraine,Midfield - Central Midfield,Midfield,CM,1,1,2.0,1,0,0,1,0,0,516.0,17.0,56.1,68.6,0.6645417368294443,1.0,68.6
3592_kryvbas_kryvyi_rig_2000s_27126,3592_kryvbas_kryvyi_rig_2000s,3592,Kryvbas Kryvyi Rig,2000s,27126,Igor Bazhan (27126),Ukraine,Goalkeeper,Goalkeeper,GK,1,1,0.0,0,8,22,1,0,0,1943.0,15.0,55.4,67.4,0.6314649987972095,1.0,67.4
3592_kryvbas_kryvyi_rig_2000s_92461,3592_kryvbas_kryvyi_rig_2000s,3592,Kryvbas Kryvyi Rig,2000s,92461,Yuriy Seleznyov (92461),Ukraine,Midfield - Central Midfield,Midfield,CM,2,2,1.0,1,0,0,1,0,0,831.0,15.0,55.4,67.4,0.6314649987972095,1.0,67.4
3592_kryvbas_kryvyi_rig_2000s_24046,3592_kryvbas_kryvyi_rig_2000s,3592,Kryvbas Kryvyi Rig,2000s,24046,Oleksandr Radchenko (24046),Ukraine,Defender - Left-Back,Defender,LB,3,3,1.0,0,0,0,3,0,0,341.0,14.0,55.0,67.0,0.6188356988212653,1.0,67.0
3592_kryvbas_kryvyi_rig_2000s_59047,3592_kryvbas_kryvyi_rig_2000s,3592,Kryvbas Kryvyi Rig,2000s,59047,Vasyl Grytsuk (59047),Ukraine,Midfield - Attacking Midfield,Midfield,AM,3,3,0.0,1,0,0,0,0,0,0.0,13.0,54.6,66.3,0.600072167428434,1.0,66.3
3592_kryvbas_kryvyi_rig_2000s_59114,3592_kryvbas_kryvyi_rig_2000s,3592,Kryvbas Kryvyi Rig,2000s,59114,Maksym Pashayev (59114),Ukraine,Defender - Left-Back,Defender,LB,1,1,1.0,1,0,0,4,0,0,2461.0,12.0,54.3,65.5,0.5752946836661054,1.0,65.5
3592_kryvbas_kryvyi_rig_2000s_84500,3592_kryvbas_kryvyi_rig_2000s,3592,Kryvbas Kryvyi Rig,2000s,84500,Jafar Irismetov (84500),Uzbekistan,Attack - Centre-Forward,Attack,FW,1,1,1.0,1,0,0,1,0,0,756.0,12.0,54.3,65.5,0.5752946836661054,1.0,65.5
3592_kryvbas_kryvyi_rig_2000s_193271,3592_kryvbas_kryvyi_rig_2000s,3592,Kryvbas Kryvyi Rig,2000s,193271,Anatoliy Matkevych (193271),Ukraine,Defender - Centre-Back,Defender,CB,4,4,0.0,0,0,0,4,0,0,0.0,12.0,54.3,65.5,0.5752946836661054,1.0,65.5
3592_kryvbas_kryvyi_rig_2000s_56698,3592_kryvbas_kryvyi_rig_2000s,3592,Kryvbas Kryvyi Rig,2000s,56698,Aleksandre Kobakhidze (56698),Georgia,Midfield - Right Midfield,Midfield,RM,1,1,0.0,2,0,0,3,0,0,0.0,11.0,53.9,64.6,0.5475102237190281,1.0,64.6
3592_kryvbas_kryvyi_rig_2000s_49624,3592_kryvbas_kryvyi_rig_2000s,3592,Kryvbas Kryvyi Rig,2000s,49624,Sergiy Shcheglov (49624),Russia  Ukraine,Attack - Left Winger,Attack,LM,2,2,0.0,1,0,0,3,0,0,0.0,10.0,53.6,63.6,0.5188838104402214,1.0,63.6
3592_kryvbas_kryvyi_rig_2000s_96879,3592_kryvbas_kryvyi_rig_2000s,3592,Kryvbas Kryvyi Rig,2000s,96879,Sergiy Zadorozhnyi (96879),Ukraine,Defender - Left-Back,Defender,LB,2,2,0.0,1,0,0,4,0,0,0.0,10.0,53.6,63.6,0.5188838104402214,1.0,63.6
3592_kryvbas_kryvyi_rig_2000s_34670,3592_kryvbas_kryvyi_rig_2000s,3592,Kryvbas Kryvyi Rig,2000s,34670,Vitaliy Postranskyi (34670),Ukraine,Goalkeeper,Goalkeeper,GK,1,1,0.0,0,4,15,1,0,0,900.0,9.0,53.2,62.9,0.49735386095742123,1.0,62.9
3592_kryvbas_kryvyi_rig_2000s_57997,3592_kryvbas_kryvyi_rig_2000s,3592,Kryvbas Kryvyi Rig,2000s,57997,Sergiy Dmytriev (57997),Ukraine  Russia,Attack - Left Winger,Attack,LM,3,3,0.0,0,0,0,7,0,0,0.0,9.0,53.2,62.9,0.49735386095742123,1.0,62.9
3592_kryvbas_kryvyi_rig_2000s_58945,3592_kryvbas_kryvyi_rig_2000s,3592,Kryvbas Kryvyi Rig,2000s,58945,Anton Kanibolotskyi (58945),Ukraine,Goalkeeper,Goalkeeper,GK,1,1,0.0,0,4,14,0,0,0,1170.0,9.0,53.2,62.9,0.49735386095742123,1.0,62.9
3592_kryvbas_kryvyi_rig_2000s_59078,3592_kryvbas_kryvyi_rig_2000s,3592,Kryvbas Kryvyi Rig,2000s,59078,Ivan Kucherenko (59078),Ukraine,Midfield - Defensive Midfield,Midfield,CDM,3,3,0.0,0,0,0,2,0,0,0.0,9.0,53.2,62.9,0.49735386095742123,1.0,62.9
3592_kryvbas_kryvyi_rig_2000s_24036,3592_kryvbas_kryvyi_rig_2000s,3592,Kryvbas Kryvyi Rig,2000s,24036,Sergiy Matyukhin (24036),Ukraine,Defender - Centre-Back,Defender,CB,3,3,0.0,0,0,0,2,0,0,0.0,8.0,52.9,61.9,0.46572047149386575,1.0,61.9
3592_kryvbas_kryvyi_rig_2000s_24050,3592_kryvbas_kryvyi_rig_2000s,3592,Kryvbas Kryvyi Rig,2000s,24050,Andriy Rusol (24050),Ukraine,Defender - Centre-Back,Defender,CB,3,3,0.0,0,0,0,4,0,0,0.0,8.0,52.9,61.9,0.46572047149386575,1.0,61.9
3592_kryvbas_kryvyi_rig_2000s_82599,3592_kryvbas_kryvyi_rig_2000s,3592,Kryvbas Kryvyi Rig,2000s,82599,Valeriy Fedorchuk (82599),Ukraine,Midfield - Central Midfield,Midfield,CM,1,1,1.0,0,0,0,3,0,0,849.0,8.0,52.9,61.9,0.46572047149386575,1.0,61.9
3592_kryvbas_kryvyi_rig_2000s_168988,3592_kryvbas_kryvyi_rig_2000s,3592,Kryvbas Kryvyi Rig,2000s,168988,Andriy Spevak (168988),Ukraine,Midfield - Central Midfield,Midfield,CM,2,2,0.0,1,0,0,2,0,0,0.0,8.0,52.9,61.9,0.46572047149386575,1.0,61.9
3592_kryvbas_kryvyi_rig_2000s_559381,3592_kryvbas_kryvyi_rig_2000s,3592,Kryvbas Kryvyi Rig,2000s,559381,Artem Shubin (559381),Ukraine  Russia,Midfield - Central Midfield,Midfield,CM,1,1,1.0,0,0,0,1,0,0,254.0,8.0,52.9,61.9,0.46572047149386575,1.0,61.9
3592_kryvbas_kryvyi_rig_2000s_1666,3592_kryvbas_kryvyi_rig_2000s,3592,Kryvbas Kryvyi Rig,2000s,1666,Rade Todorovic (1666),Serbia,Attack - Right Winger,Attack,RM,1,1,0.0,1,0,0,0,0,0,0.0,7.0,52.5,60.4,0.42097666586480637,1.0,60.4
3592_kryvbas_kryvyi_rig_2000s_24054,3592_kryvbas_kryvyi_rig_2000s,3592,Kryvbas Kryvyi Rig,2000s,24054,Oleg Shelayev (24054),Ukraine,Midfield - Defensive Midfield,Midfield,CDM,1,1,0.0,1,0,0,3,0,0,0.0,7.0,52.5,60.4,0.42097666586480637,1.0,60.4
3592_kryvbas_kryvyi_rig_2000s_25861,3592_kryvbas_kryvyi_rig_2000s,3592,Kryvbas Kryvyi Rig,2000s,25861,Ivan Kotenko (25861),Ukraine,Midfield - Left Midfield,Midfield,LM,1,1,0.0,1,0,0,0,0,0,0.0,7.0,52.5,60.4,0.42097666586480637,1.0,60.4
3592_kryvbas_kryvyi_rig_2000s_172517,3592_kryvbas_kryvyi_rig_2000s,3592,Kryvbas Kryvyi Rig,2000s,172517,Roman Trepachkin (172517),Belarus,Midfield - Right Midfield,Midfield,RM,1,1,0.0,1,0,0,1,0,0,0.0,7.0,52.5,60.4,0.42097666586480637,1.0,60.4
3592_kryvbas_kryvyi_rig_2000s_34766,3592_kryvbas_kryvyi_rig_2000s,3592,Kryvbas Kryvyi Rig,2000s,34766,Kostyantyn Balabanov (34766),Ukraine,Attack - Centre-Forward,Attack,FW,1,1,0.0,1,0,0,1,0,0,0.0,6.0,52.1,58.6,0.36901611739235024,1.0,58.6
3592_kryvbas_kryvyi_rig_2000s_57900,3592_kryvbas_kryvyi_rig_2000s,3592,Kryvbas Kryvyi Rig,2000s,57900,Vyacheslav Serdyuk (57900),Ukraine,Defender - Centre-Back,Defender,CB,2,2,0.0,0,0,0,5,0,0,0.0,6.0,52.1,58.6,0.36901611739235024,1.0,58.6
3592_kryvbas_kryvyi_rig_2000s_58389,3592_kryvbas_kryvyi_rig_2000s,3592,Kryvbas Kryvyi Rig,2000s,58389,Oleg Dopilka (58389),Ukraine,Defender - Centre-Back,Defender,CB,1,1,0.0,1,0,0,0,0,0,0.0,6.0,52.1,58.6,0.36901611739235024,1.0,58.6
3592_kryvbas_kryvyi_rig_2000s_59115,3592_kryvbas_kryvyi_rig_2000s,3592,Kryvbas Kryvyi Rig,2000s,59115,Vitaliy Pavlov (59115),Ukraine,Defender - Centre-Back,Defender,CB,2,2,0.0,0,0,0,1,0,0,0.0,6.0,52.1,58.6,0.36901611739235024,1.0,58.6
3592_kryvbas_kryvyi_rig_2000s_60323,3592_kryvbas_kryvyi_rig_2000s,3592,Kryvbas Kryvyi Rig,2000s,60323,Anton Monakhov (60323),Russia  Ukraine,Defender - Centre-Back,Defender,CB,2,2,0.0,0,0,0,3,0,0,0.0,6.0,52.1,58.6,0.36901611739235024,1.0,58.6
3592_kryvbas_kryvyi_rig_2000s_91704,3592_kryvbas_kryvyi_rig_2000s,3592,Kryvbas Kryvyi Rig,2000s,91704,Yuriy Danchenko (91704),Ukraine,Defender - Left-Back,Defender,LB,2,2,0.0,0,0,0,1,0,0,0.0,6.0,52.1,58.6,0.36901611739235024,1.0,58.6
3592_kryvbas_kryvyi_rig_2000s_118430,3592_kryvbas_kryvyi_rig_2000s,3592,Kryvbas Kryvyi Rig,2000s,118430,Volodymyr Mazyar (118430),Ukraine,Attack - Centre-Forward,Attack,FW,2,2,0.0,0,0,0,0,0,0,0.0,6.0,52.1,58.6,0.36901611739235024,1.0,58.6
3592_kryvbas_kryvyi_rig_2000s_51267,3592_kryvbas_kryvyi_rig_2000s,3592,Kryvbas Kryvyi Rig,2000s,51267,Murad Ramazanov (51267),Azerbaijan  Russia,Midfield - Central Midfield,Midfield,CM,2,2,0.0,0,0,0,4,0,0,0.0,5.0,51.8,57.4,0.33317296127014673,1.0,57.4
3592_kryvbas_kryvyi_rig_2000s_24022,3592_kryvbas_kryvyi_rig_2000s,3592,Kryvbas Kryvyi Rig,2000s,24022,Vyacheslav Kernozenko (24022),Ukraine,Goalkeeper,Goalkeeper,GK,1,1,0.0,0,1,9,0,0,0,450.0,4.5,51.6,57.1,0.3246331489054607,1.0,57.1
3592_kryvbas_kryvyi_rig_2000s_66601,3592_kryvbas_kryvyi_rig_2000s,3592,Kryvbas Kryvyi Rig,2000s,66601,Igor Dimitrijevic (66601),Serbia,Goalkeeper,Goalkeeper,GK,1,1,0.0,0,1,12,1,0,0,568.0,4.5,51.6,57.1,0.3246331489054607,1.0,57.1
3592_kryvbas_kryvyi_rig_2000s_1514,3592_kryvbas_kryvyi_rig_2000s,3592,Kryvbas Kryvyi Rig,2000s,1514,Milan Zagorac (1514),Serbia,Defender - Centre-Back,Defender,CB,1,1,0.0,0,0,0,4,0,0,0.0,3.0,51.1,51.2,0.16754871301419294,1.0,51.2
3592_kryvbas_kryvyi_rig_2000s_20918,3592_kryvbas_kryvyi_rig_2000s,3592,Kryvbas Kryvyi Rig,2000s,20918,Denys Sokolovskyi (20918),Ukraine,Midfield - Attacking Midfield,Midfield,AM,1,1,0.0,0,0,0,0,0,0,0.0,3.0,51.1,51.2,0.16754871301419294,1.0,51.2
3592_kryvbas_kryvyi_rig_2000s_24028,3592_kryvbas_kryvyi_rig_2000s,3592,Kryvbas Kryvyi Rig,2000s,24028,Artem Kusliy (24028),Ukraine,Goalkeeper,Goalkeeper,GK,1,1,0.0,0,0,7,0,0,0,298.0,3.0,51.1,51.2,0.16754871301419294,1.0,51.2
3592_kryvbas_kryvyi_rig_2000s_24061,3592_kryvbas_kryvyi_rig_2000s,3592,Kryvbas Kryvyi Rig,2000s,24061,Sergiy Valyaev (24061),Ukraine,Midfield - Central Midfield,Midfield,CM,1,1,0.0,0,0,0,0,0,0,0.0,3.0,51.1,51.2,0.16754871301419294,1.0,51.2
3592_kryvbas_kryvyi_rig_2000s_29823,3592_kryvbas_kryvyi_rig_2000s,3592,Kryvbas Kryvyi Rig,2000s,29823,Ronald Siklic (29823),Croatia,Defender - Left-Back,Defender,LB,1,1,0.0,0,0,0,1,0,0,0.0,3.0,51.1,51.2,0.16754871301419294,1.0,51.2
3592_kryvbas_kryvyi_rig_2000s_37146,3592_kryvbas_kryvyi_rig_2000s,3592,Kryvbas Kryvyi Rig,2000s,37146,Piotr Cetnarowicz (37146),Poland,Attack - Centre-Forward,Attack,FW,1,1,0.0,0,0,0,1,0,0,0.0,3.0,51.1,51.2,0.16754871301419294,1.0,51.2
3592_kryvbas_kryvyi_rig_2000s_58961,3592_kryvbas_kryvyi_rig_2000s,3592,Kryvbas Kryvyi Rig,2000s,58961,Pavlo Pashayev (58961),Azerbaijan  Ukraine,Defender - Right-Back,Defender,RB,1,1,0.0,0,0,0,1,0,0,0.0,3.0,51.1,51.2,0.16754871301419294,1.0,51.2
3592_kryvbas_kryvyi_rig_2000s_81633,3592_kryvbas_kryvyi_rig_2000s,3592,Kryvbas Kryvyi Rig,2000s,81633,Marian Marushchak (81633),Ukraine,Goalkeeper,Goalkeeper,GK,1,1,0.0,0,0,0,0,0,0,0.0,3.0,51.1,51.2,0.16754871301419294,1.0,51.2
3592_kryvbas_kryvyi_rig_2000s_82636,3592_kryvbas_kryvyi_rig_2000s,3592,Kryvbas Kryvyi Rig,2000s,82636,Oleksandr Zhdanov (82636),Ukraine  Israel,Defender - Centre-Back,Defender,CB,1,1,0.0,0,0,0,5,0,0,0.0,3.0,51.1,51.2,0.16754871301419294,1.0,51.2
3592_kryvbas_kryvyi_rig_2000s_91447,3592_kryvbas_kryvyi_rig_2000s,3592,Kryvbas Kryvyi Rig,2000s,91447,Yuriy Bulychev (91447),Ukraine,Defender - Right-Back,Defender,RB,1,1,0.0,0,0,0,0,0,0,0.0,3.0,51.1,51.2,0.16754871301419294,1.0,51.2
3592_kryvbas_kryvyi_rig_2000s_91550,3592_kryvbas_kryvyi_rig_2000s,3592,Kryvbas Kryvyi Rig,2000s,91550,Vyacheslav Nivinskyi (91550),Ukraine,Defender - Centre-Back,Defender,CB,1,1,0.0,0,0,0,5,0,0,0.0,3.0,51.1,51.2,0.16754871301419294,1.0,51.2
3592_kryvbas_kryvyi_rig_2000s_104014,3592_kryvbas_kryvyi_rig_2000s,3592,Kryvbas Kryvyi Rig,2000s,104014,Dmytro Suspitsyn (104014),Ukraine,Midfield,Midfield,CM,1,1,0.0,0,0,0,0,0,0,0.0,3.0,51.1,51.2,0.16754871301419294,1.0,51.2
3592_kryvbas_kryvyi_rig_2000s_112364,3592_kryvbas_kryvyi_rig_2000s,3592,Kryvbas Kryvyi Rig,2000s,112364,Vyacheslav Ryabov (112364),Ukraine,Defender - Centre-Back,Defender,CB,1,1,0.0,0,0,0,0,0,0,0.0,3.0,51.1,51.2,0.16754871301419294,1.0,51.2
3592_kryvbas_kryvyi_rig_2000s_140405,3592_kryvbas_kryvyi_rig_2000s,3592,Kryvbas Kryvyi Rig,2000s,140405,Vyacheslav Gorbanenko (140405),Ukraine,Midfield - Right Midfield,Midfield,RM,1,1,0.0,0,0,0,0,0,0,0.0,3.0,51.1,51.2,0.16754871301419294,1.0,51.2
3592_kryvbas_kryvyi_rig_2000s_217101,3592_kryvbas_kryvyi_rig_2000s,3592,Kryvbas Kryvyi Rig,2000s,217101,Artur Matveychik (217101),Belarus,Midfield - Right Midfield,Midfield,RM,1,1,0.0,0,0,0,1,0,0,0.0,3.0,51.1,51.2,0.16754871301419294,1.0,51.2
3592_kryvbas_kryvyi_rig_2000s_445405,3592_kryvbas_kryvyi_rig_2000s,3592,Kryvbas Kryvyi Rig,2000s,445405,Andriy Gerasymenko (445405),Ukraine,Attack - Centre-Forward,Attack,FW,1,1,0.0,0,0,0,0,0,0,0.0,3.0,51.1,51.2,0.16754871301419294,1.0,51.2
3592_kryvbas_kryvyi_rig_2000s_882875,3592_kryvbas_kryvyi_rig_2000s,3592,Kryvbas Kryvyi Rig,2000s,882875,Andriy Klymenko (882875),Ukraine,Midfield,Midfield,CM,1,1,0.0,0,0,0,4,0,0,0.0,3.0,51.1,51.2,0.16754871301419294,1.0,51.2
3592_kryvbas_kryvyi_rig_2000s_901061,3592_kryvbas_kryvyi_rig_2000s,3592,Kryvbas Kryvyi Rig,2000s,901061,Igor Djinovic (901061),Serbia,Defender - Left-Back,Defender,LB,1,1,0.0,0,0,0,0,0,0,0.0,3.0,51.1,51.2,0.16754871301419294,1.0,51.2
3592_kryvbas_kryvyi_rig_2000s_24010,3592_kryvbas_kryvyi_rig_2000s,3592,Kryvbas Kryvyi Rig,2000s,24010,Oleksandr Grytsay (24010),Ukraine,Midfield - Defensive Midfield,Midfield,CDM,1,1,0.0,0,0,0,0,0,0,0.0,2.0,50.7,45.6,0.016237671397642532,1.0,45.6
3592_kryvbas_kryvyi_rig_2000s_59973,3592_kryvbas_kryvyi_rig_2000s,3592,Kryvbas Kryvyi Rig,2000s,59973,Vitaliy Vernydub (59973),Ukraine,Defender - Centre-Back,Defender,CB,1,1,0.0,0,0,0,2,1,0,0.0,1.5,50.5,45.4,0.00950204474380563,1.0,45.4
3592_kryvbas_kryvyi_rig_2010s_15593,3592_kryvbas_kryvyi_rig_2010s,3592,Kryvbas Kryvyi Rig,2010s,15593,Sergey Samodin (15593),Russia,Attack - Centre-Forward,Attack,FW,2,2,17.0,1,0,0,8,0,0,447.0,95.0,95.0,84.7,0.9539331248496512,1.0,84.7
3592_kryvbas_kryvyi_rig_2010s_28179,3592_kryvbas_kryvyi_rig_2010s,3592,Kryvbas Kryvyi Rig,2010s,28179,Mladen Bartulovic (28179),Croatia,Midfield - Left Midfield,Midfield,LM,3,3,7.0,8,0,0,14,1,0,1764.0,73.5,84.8,82.7,0.9337262448881405,1.0,82.7
3592_kryvbas_kryvyi_rig_2010s_25845,3592_kryvbas_kryvyi_rig_2010s,3592,Kryvbas Kryvyi Rig,2010s,25845,Oleksiy Antonov (25845),Ukraine,Attack - Centre-Forward,Attack,FW,2,2,11.0,3,0,0,5,0,4,451.0,73.0,84.6,82.6,0.9321626172720712,1.0,82.6
3592_kryvbas_kryvyi_rig_2010s_24025,3592_kryvbas_kryvyi_rig_2010s,3592,Kryvbas Kryvyi Rig,2010s,24025,Ruslan Kostyshyn (24025),Ukraine,Midfield - Attacking Midfield,Midfield,AM,2,2,2.0,7,0,0,7,0,0,2752.0,44.0,70.8,77.3,0.8663699783497715,1.0,77.3
3592_kryvbas_kryvyi_rig_2010s_58956,3592_kryvbas_kryvyi_rig_2010s,3592,Kryvbas Kryvyi Rig,2010s,58956,Oleksandr Maksymov (58956),Ukraine,Midfield - Central Midfield,Midfield,CM,1,1,5.0,0,0,0,2,0,0,408.0,28.0,63.3,73.2,0.7803704594659611,1.0,73.2
3592_kryvbas_kryvyi_rig_2010s_82599,3592_kryvbas_kryvyi_rig_2010s,3592,Kryvbas Kryvyi Rig,2010s,82599,Valeriy Fedorchuk (82599),Ukraine,Midfield - Central Midfield,Midfield,CM,3,3,3.0,1,0,0,11,0,0,2061.0,28.0,63.3,73.2,0.7803704594659611,1.0,73.2
3592_kryvbas_kryvyi_rig_2010s_25758,3592_kryvbas_kryvyi_rig_2010s,3592,Kryvbas Kryvyi Rig,2010s,25758,Jaba Kankava (25758),Georgia,Midfield - Defensive Midfield,Midfield,CDM,3,3,2.0,2,0,0,11,0,0,302.0,27.0,62.8,72.9,0.7733942747173442,1.0,72.9
3592_kryvbas_kryvyi_rig_2010s_54816,3592_kryvbas_kryvyi_rig_2010s,3592,Kryvbas Kryvyi Rig,2010s,54816,Dmytro Lyopa (54816),Ukraine,Midfield - Attacking Midfield,Midfield,AM,2,2,1.0,4,0,0,8,1,0,727.0,25.5,62.1,72.4,0.7599230214096704,1.0,72.4
3592_kryvbas_kryvyi_rig_2010s_59024,3592_kryvbas_kryvyi_rig_2010s,3592,Kryvbas Kryvyi Rig,2010s,59024,Yevgen Borovyk (59024),Ukraine,Goalkeeper,Goalkeeper,GK,2,2,0.0,0,10,42,5,0,0,3060.0,19.0,59.0,69.6,0.6904017320182824,1.0,69.6
3592_kryvbas_kryvyi_rig_2010s_91549,3592_kryvbas_kryvyi_rig_2010s,3592,Kryvbas Kryvyi Rig,2010s,91549,Valeriy Kutsenko (91549),Ukraine,Midfield - Attacking Midfield,Midfield,AM,2,2,1.0,2,0,0,0,0,1,1065.0,18.0,58.5,69.1,0.6780129901371181,1.0,69.1
3592_kryvbas_kryvyi_rig_2010s_57869,3592_kryvbas_kryvyi_rig_2010s,3592,Kryvbas Kryvyi Rig,2010s,57869,Denys Dedechko (57869),Ukraine,Midfield - Defensive Midfield,Midfield,CDM,1,1,1.0,2,0,0,9,0,0,1490.0,16.0,57.6,67.9,0.6464998797209526,1.0,67.9
3592_kryvbas_kryvyi_rig_2010s_59896,3592_kryvbas_kryvyi_rig_2010s,3592,Kryvbas Kryvyi Rig,2010s,59896,Dmytro Khomchenovskyi (59896),Ukraine,Midfield - Left Midfield,Midfield,LM,1,1,1.0,2,0,0,0,0,0,736.0,16.0,57.6,67.9,0.6464998797209526,1.0,67.9
3592_kryvbas_kryvyi_rig_2010s_24032,3592_kryvbas_kryvyi_rig_2010s,3592,Kryvbas Kryvyi Rig,2010s,24032,Vitaliy Lysytskyi (24032),Ukraine,Defender - Centre-Back,Defender,CB,3,3,1.0,1,0,0,26,0,0,1990.0,15.0,57.1,67.4,0.6314649987972095,1.0,67.4
3592_kryvbas_kryvyi_rig_2010s_58961,3592_kryvbas_kryvyi_rig_2010s,3592,Kryvbas Kryvyi Rig,2010s,58961,Pavlo Pashayev (58961),Azerbaijan  Ukraine,Defender - Right-Back,Defender,RB,1,1,0.0,3,0,0,3,0,0,0.0,15.0,57.1,67.4,0.6314649987972095,1.0,67.4
3592_kryvbas_kryvyi_rig_2010s_91931,3592_kryvbas_kryvyi_rig_2010s,3592,Kryvbas Kryvyi Rig,2010s,91931,Denys Boyko (91931),Ukraine,Goalkeeper,Goalkeeper,GK,1,1,0.0,0,7,32,3,0,0,2340.0,13.5,56.4,66.7,0.610897281693529,1.0,66.7
3592_kryvbas_kryvyi_rig_2010s_57900,3592_kryvbas_kryvyi_rig_2010s,3592,Kryvbas Kryvyi Rig,2010s,57900,Vyacheslav Serdyuk (57900),Ukraine,Defender - Centre-Back,Defender,CB,3,3,1.0,0,0,0,12,0,0,1534.0,13.0,56.2,66.3,0.600072167428434,1.0,66.3
3592_kryvbas_kryvyi_rig_2010s_58413,3592_kryvbas_kryvyi_rig_2010s,3592,Kryvbas Kryvyi Rig,2010s,58413,Volodymyr Lysenko (58413),Ukraine,Attack - Centre-Forward,Attack,FW,1,1,1.0,1,0,0,0,0,1,888.0,12.0,55.7,65.5,0.5752946836661054,1.0,65.5
3592_kryvbas_kryvyi_rig_2010s_15596,3592_kryvbas_kryvyi_rig_2010s,3592,Kryvbas Kryvyi Rig,2010s,15596,Bogdan Shershun (15596),Ukraine,Defender - Centre-Back,Defender,CB,1,1,1.0,0,0,0,5,0,0,1518.0,8.0,53.8,61.9,0.46572047149386575,1.0,61.9
3592_kryvbas_kryvyi_rig_2010s_9779,3592_kryvbas_kryvyi_rig_2010s,3592,Kryvbas Kryvyi Rig,2010s,9779,Vitaliy Reva (9779),Ukraine,Goalkeeper,Goalkeeper,GK,1,1,0.0,0,2,10,0,0,0,495.0,6.0,52.8,58.6,0.36901611739235024,1.0,58.6
3592_kryvbas_kryvyi_rig_2010s_58392,3592_kryvbas_kryvyi_rig_2010s,3592,Kryvbas Kryvyi Rig,2010s,58392,Vitaliy Fedoriv (58392),Ukraine,Defender - Centre-Back,Defender,CB,2,2,0.0,0,0,0,1,0,0,0.0,6.0,52.8,58.6,0.36901611739235024,1.0,58.6
3592_kryvbas_kryvyi_rig_2010s_82636,3592_kryvbas_kryvyi_rig_2010s,3592,Kryvbas Kryvyi Rig,2010s,82636,Oleksandr Zhdanov (82636),Ukraine  Israel,Defender - Centre-Back,Defender,CB,2,2,0.0,0,0,0,1,0,0,0.0,6.0,52.8,58.6,0.36901611739235024,1.0,58.6
3592_kryvbas_kryvyi_rig_2010s_58427,3592_kryvbas_kryvyi_rig_2010s,3592,Kryvbas Kryvyi Rig,2010s,58427,Kyrylo Petrov (58427),Ukraine,Midfield - Defensive Midfield,Midfield,CDM,3,3,0.0,0,0,0,10,0,0,0.0,5.0,52.4,57.4,0.33317296127014673,1.0,57.4
3592_kryvbas_kryvyi_rig_2010s_64104,3592_kryvbas_kryvyi_rig_2010s,3592,Kryvbas Kryvyi Rig,2010s,64104,Sasa Balic (64104),Montenegro  Croatia,Defender - Centre-Back,Defender,CB,2,2,0.0,0,0,0,4,0,0,0.0,5.0,52.4,57.4,0.33317296127014673,1.0,57.4
3592_kryvbas_kryvyi_rig_2010s_24042,3592_kryvbas_kryvyi_rig_2010s,3592,Kryvbas Kryvyi Rig,2010s,24042,Sergiy Motuz (24042),Ukraine,Attack - Centre-Forward,Attack,FW,1,1,0.0,0,0,0,0,0,0,0.0,3.0,51.4,51.2,0.16754871301419294,1.0,51.2
3592_kryvbas_kryvyi_rig_2010s_56698,3592_kryvbas_kryvyi_rig_2010s,3592,Kryvbas Kryvyi Rig,2010s,56698,Aleksandre Kobakhidze (56698),Georgia,Midfield - Right Midfield,Midfield,RM,1,1,0.0,0,0,0,0,0,0,0.0,3.0,51.4,51.2,0.16754871301419294,1.0,51.2
3592_kryvbas_kryvyi_rig_2010s_57418,3592_kryvbas_kryvyi_rig_2010s,3592,Kryvbas Kryvyi Rig,2010s,57418,Linas Klimavičius (57418),Lithuania,Defender - Centre-Back,Defender,CB,1,1,0.0,0,0,0,0,0,0,0.0,3.0,51.4,51.2,0.16754871301419294,1.0,51.2
3592_kryvbas_kryvyi_rig_2010s_59924,3592_kryvbas_kryvyi_rig_2010s,3592,Kryvbas Kryvyi Rig,2010s,59924,Yaroslav Zakharevych (59924),Ukraine,Midfield - Left Midfield,Midfield,LM,1,1,0.0,0,0,0,0,0,0,0.0,3.0,51.4,51.2,0.16754871301419294,1.0,51.2
3592_kryvbas_kryvyi_rig_2010s_122317,3592_kryvbas_kryvyi_rig_2010s,3592,Kryvbas Kryvyi Rig,2010s,122317,Vitaliy Goshkoderya (122317),Ukraine,Midfield - Defensive Midfield,Midfield,CDM,1,1,0.0,0,0,0,0,0,0,0.0,3.0,51.4,51.2,0.16754871301419294,1.0,51.2
3592_kryvbas_kryvyi_rig_2010s_244262,3592_kryvbas_kryvyi_rig_2010s,3592,Kryvbas Kryvyi Rig,2010s,244262,Denys Miroshnichenko (244262),Ukraine,Defender - Right-Back,Defender,RB,1,1,0.0,0,0,0,1,0,0,0.0,3.0,51.4,51.2,0.16754871301419294,1.0,51.2
3592_kryvbas_kryvyi_rig_2010s_23990,3592_kryvbas_kryvyi_rig_2010s,3592,Kryvbas Kryvyi Rig,2010s,23990,Denys Andrienko (23990),Ukraine,Defender - Left-Back,Defender,LB,1,1,0.0,0,0,0,4,1,0,0.0,1.5,50.7,45.4,0.00950204474380563,1.0,45.4
3592_kryvbas_kryvyi_rig_2020s_325429,3592_kryvbas_kryvyi_rig_2020s,3592,Kryvbas Kryvyi Rig,2020s,325429,Maksym Zaderaka (325429),Ukraine,Attack - Right Winger,Attack,RM,4,4,13.0,9,0,0,8,0,0,1812.0,113.0,94.6,86.8,0.9660813086360356,1.0,86.8
3592_kryvbas_kryvyi_rig_2020s_758845,3592_kryvbas_kryvyi_rig_2020s,3592,Kryvbas Kryvyi Rig,2020s,758845,Yegor Tverdokhlib (758845),Ukraine,Midfield - Attacking Midfield,Midfield,AM,3,3,17.0,5,0,0,8,0,1,543.0,114.0,95.0,86.8,0.9664421457782054,1.0,86.8
3592_kryvbas_kryvyi_rig_2020s_723621,3592_kryvbas_kryvyi_rig_2020s,3592,Kryvbas Kryvyi Rig,2020s,723621,Denys Kuzyk (723621),Ukraine,Midfield - Right Midfield,Midfield,RM,2,2,7.0,8,0,0,4,0,0,1624.0,73.0,78.8,82.6,0.9321626172720712,1.0,82.6
3592_kryvbas_kryvyi_rig_2020s_343492,3592_kryvbas_kryvyi_rig_2020s,3592,Kryvbas Kryvyi Rig,2020s,343492,Oleg Kozhushko (343492),Ukraine,Attack - Centre-Forward,Attack,FW,2,2,10.0,3,0,0,6,0,0,489.0,68.0,76.8,82.1,0.9263892229973538,1.0,82.1
3592_kryvbas_kryvyi_rig_2020s_909138,3592_kryvbas_kryvyi_rig_2020s,3592,Kryvbas Kryvyi Rig,2020s,909138,Daniel Sosah (909138),Niger  Ghana,Attack - Centre-Forward,Attack,FW,3,3,5.0,8,0,0,6,0,1,1933.0,66.0,76.1,81.9,0.9237430839547751,1.0,81.9
3592_kryvbas_kryvyi_rig_2020s_357776,3592_kryvbas_kryvyi_rig_2020s,3592,Kryvbas Kryvyi Rig,2020s,357776,Hrvoje Ilic (357776),Croatia,Midfield - Attacking Midfield,Midfield,AM,3,3,6.0,6,0,0,5,1,4,979.0,61.5,74.3,81.1,0.9141207601635795,1.0,81.1
3592_kryvbas_kryvyi_rig_2020s_726036,3592_kryvbas_kryvyi_rig_2020s,3592,Kryvbas Kryvyi Rig,2020s,726036,Artur Mykytyshyn (726036),Ukraine,Attack - Left Winger,Attack,LM,4,4,4.0,7,0,0,3,0,0,2218.0,60.0,73.7,80.9,0.9114746211210007,1.0,80.9
3592_kryvbas_kryvyi_rig_2020s_863919,3592_kryvbas_kryvyi_rig_2020s,3592,Kryvbas Kryvyi Rig,2020s,863919,Yvan Dibango (863919),Cameroon,Defender - Left-Back,Defender,LB,3,3,1.0,11,0,0,6,0,0,2670.0,57.0,72.5,80.4,0.9043781573249939,1.0,80.4
3592_kryvbas_kryvyi_rig_2020s_549960,3592_kryvbas_kryvyi_rig_2020s,3592,Kryvbas Kryvyi Rig,2020s,549960,Tymur Stetskov (549960),Ukraine,Defender - Centre-Back,Defender,CB,3,3,4.0,5,0,0,6,0,1,3911.0,49.0,69.3,78.9,0.8857349049795525,1.0,78.9
3592_kryvbas_kryvyi_rig_2020s_190190,3592_kryvbas_kryvyi_rig_2020s,3592,Kryvbas Kryvyi Rig,2020s,190190,Andriy Klishchuk (190190),Ukraine,Goalkeeper,Goalkeeper,GK,3,3,0.0,0,26,48,2,0,0,5310.0,48.0,68.9,78.5,0.8812845802261247,1.0,78.5
3592_kryvbas_kryvyi_rig_2020s_522833,3592_kryvbas_kryvyi_rig_2020s,3592,Kryvbas Kryvyi Rig,2020s,522833,Andriy Ponedelnik (522833),Ukraine,Defender - Right-Back,Defender,RB,3,3,5.0,3,0,0,9,1,0,3815.0,44.5,67.6,77.4,0.8680538850132307,1.0,77.4
3592_kryvbas_kryvyi_rig_2020s_59896,3592_kryvbas_kryvyi_rig_2020s,3592,Kryvbas Kryvyi Rig,2020s,59896,Dmytro Khomchenovskyi (59896),Ukraine,Midfield - Left Midfield,Midfield,LM,3,3,1.0,8,0,0,3,1,0,1392.0,42.5,66.8,76.9,0.8607168631224441,1.0,76.9
3592_kryvbas_kryvyi_rig_2020s_251676,3592_kryvbas_kryvyi_rig_2020s,3592,Kryvbas Kryvyi Rig,2020s,251676,Rifet Kapic (251676),Bosnia-Herzegovina,Midfield - Attacking Midfield,Midfield,AM,1,1,6.0,2,0,0,4,0,3,336.0,41.0,66.2,76.5,0.8559057012268463,1.0,76.5
3592_kryvbas_kryvyi_rig_2020s_401822,3592_kryvbas_kryvyi_rig_2020s,3592,Kryvbas Kryvyi Rig,2020s,401822,Maksym Lunyov (401822),Ukraine,Attack - Left Winger,Attack,LM,3,3,5.0,1,0,0,8,0,1,956.0,38.0,65.0,75.8,0.8444791917248016,1.0,75.8
3592_kryvbas_kryvyi_rig_2020s_262182,3592_kryvbas_kryvyi_rig_2020s,3592,Kryvbas Kryvyi Rig,2020s,262182,Roman Debelko (262182),Ukraine,Attack - Centre-Forward,Attack,FW,2,2,5.0,2,0,0,3,0,0,869.0,37.0,64.6,75.6,0.8391869136396439,1.0,75.6
3592_kryvbas_kryvyi_rig_2020s_525576,3592_kryvbas_kryvyi_rig_2020s,3592,Kryvbas Kryvyi Rig,2020s,525576,Bandeira (525576),Portugal,Defender - Right-Back,Defender,RB,3,3,1.0,5,0,0,6,0,0,746.0,33.0,63.0,74.6,0.8146499879720953,1.0,74.6
3592_kryvbas_kryvyi_rig_2020s_321417,3592_kryvbas_kryvyi_rig_2020s,3592,Kryvbas Kryvyi Rig,2020s,321417,Mykyta Tatarkov (321417),Ukraine,Midfield - Attacking Midfield,Midfield,AM,2,2,0.0,6,0,0,4,0,0,0.0,28.0,61.1,73.2,0.7803704594659611,1.0,73.2
3592_kryvbas_kryvyi_rig_2020s_419062,3592_kryvbas_kryvyi_rig_2020s,3592,Kryvbas Kryvyi Rig,2020s,419062,Klim Prykhodko (419062),Ukraine,Midfield - Defensive Midfield,Midfield,CDM,3,3,3.0,0,0,0,4,0,1,712.0,24.0,59.5,71.9,0.7468126052441665,1.0,71.9
3592_kryvbas_kryvyi_rig_2020s_734799,3592_kryvbas_kryvyi_rig_2020s,3592,Kryvbas Kryvyi Rig,2020s,734799,Prince Kwabena Adu (734799),Ghana,Attack - Centre-Forward,Attack,FW,2,2,3.0,0,0,0,1,0,0,426.0,21.0,58.3,70.7,0.7179456338705797,1.0,70.7
3592_kryvbas_kryvyi_rig_2020s_418173,3592_kryvbas_kryvyi_rig_2020s,3592,Kryvbas Kryvyi Rig,2020s,418173,Djihad Bizimana (418173),Rwanda,Midfield - Defensive Midfield,Midfield,CDM,2,2,2.0,1,0,0,12,0,0,1074.0,20.0,57.9,70.2,0.7051960548472456,1.0,70.2
3592_kryvbas_kryvyi_rig_2020s_523907,3592_kryvbas_kryvyi_rig_2020s,3592,Kryvbas Kryvyi Rig,2020s,523907,Danylo Beskorovaynyi (523907),Ukraine,Defender - Centre-Back,Defender,CB,2,2,3.0,0,0,0,10,1,0,603.0,19.5,57.7,69.9,0.6968968005773394,1.0,69.9
3592_kryvbas_kryvyi_rig_2020s_294723,3592_kryvbas_kryvyi_rig_2020s,3592,Kryvbas Kryvyi Rig,2020s,294723,Volodymyr Makhankov (294723),Ukraine,Goalkeeper,Goalkeeper,GK,3,3,0.0,0,4,12,0,0,0,1170.0,15.0,55.9,67.4,0.6314649987972095,1.0,67.4
3592_kryvbas_kryvyi_rig_2020s_369155,3592_kryvbas_kryvyi_rig_2020s,3592,Kryvbas Kryvyi Rig,2020s,369155,Yuriy Vakulko (369155),Ukraine,Midfield - Central Midfield,Midfield,CM,2,2,0.0,2,0,0,6,0,0,0.0,13.0,55.1,66.3,0.600072167428434,1.0,66.3
3592_kryvbas_kryvyi_rig_2020s_978659,3592_kryvbas_kryvyi_rig_2020s,3592,Kryvbas Kryvyi Rig,2020s,978659,Bogdan Khoma (978659),Ukraine,Goalkeeper,Goalkeeper,GK,4,4,0.0,0,0,3,0,0,0,90.0,12.0,54.7,65.5,0.5752946836661054,1.0,65.5
3592_kryvbas_kryvyi_rig_2020s_1140013,3592_kryvbas_kryvyi_rig_2020s,3592,Kryvbas Kryvyi Rig,2020s,1140013,Volodymyr Vilivald (1140013),Ukraine,Defender - Centre-Back,Defender,CB,4,4,0.0,0,0,0,2,0,0,0.0,12.0,54.7,65.5,0.5752946836661054,1.0,65.5
3592_kryvbas_kryvyi_rig_2020s_569056,3592_kryvbas_kryvyi_rig_2020s,3592,Kryvbas Kryvyi Rig,2020s,569056,Jean-Morel Poé (569056),Cote d'Ivoire,Attack - Right Winger,Attack,RM,2,2,1.0,0,0,0,3,0,0,217.0,11.0,54.3,64.6,0.5475102237190281,1.0,64.6
3592_kryvbas_kryvyi_rig_2020s_1293294,3592_kryvbas_kryvyi_rig_2020s,3592,Kryvbas Kryvyi Rig,2020s,1293294,Oleksandr Kamenskyi (1293294),Ukraine,Midfield - Left Midfield,Midfield,LM,2,2,1.0,0,0,0,0,0,0,66.0,11.0,54.3,64.6,0.5475102237190281,1.0,64.6
3592_kryvbas_kryvyi_rig_2020s_177276,3592_kryvbas_kryvyi_rig_2020s,3592,Kryvbas Kryvyi Rig,2020s,177276,Bogdan Sarnavskyi (177276),Ukraine,Goalkeeper,Goalkeeper,GK,1,1,0.0,0,5,23,1,0,0,1530.0,10.5,54.1,64.1,0.5318739475583354,1.0,64.1
3592_kryvbas_kryvyi_rig_2020s_553772,3592_kryvbas_kryvyi_rig_2020s,3592,Kryvbas Kryvyi Rig,2020s,553772,Oleksandr Romanchuk (553772),Ukraine,Defender - Centre-Back,Defender,CB,1,1,1.0,1,0,0,2,1,0,2144.0,10.5,54.1,64.1,0.5318739475583354,1.0,64.1
3592_kryvbas_kryvyi_rig_2020s_622410,3592_kryvbas_kryvyi_rig_2020s,3592,Kryvbas Kryvyi Rig,2020s,622410,Denys Ustymenko (622410),Ukraine,Attack - Centre-Forward,Attack,FW,2,2,0.0,1,0,0,3,0,0,0.0,9.0,53.6,62.9,0.49735386095742123,1.0,62.9
3592_kryvbas_kryvyi_rig_2020s_1266282,3592_kryvbas_kryvyi_rig_2020s,3592,Kryvbas Kryvyi Rig,2020s,1266282,Yaroslav Shevchenko (1266282),Ukraine,Midfield - Central Midfield,Midfield,CM,3,3,0.0,0,0,0,3,0,0,0.0,9.0,53.6,62.9,0.49735386095742123,1.0,62.9
3592_kryvbas_kryvyi_rig_2020s_59973,3592_kryvbas_kryvyi_rig_2020s,3592,Kryvbas Kryvyi Rig,2020s,59973,Vitaliy Vernydub (59973),Ukraine,Defender - Centre-Back,Defender,CB,1,1,1.0,0,0,0,4,0,0,926.0,8.0,53.2,61.9,0.46572047149386575,1.0,61.9
3592_kryvbas_kryvyi_rig_2020s_176412,3592_kryvbas_kryvyi_rig_2020s,3592,Kryvbas Kryvyi Rig,2020s,176412,Oleksiy Khoblenko (176412),Ukraine,Attack - Centre-Forward,Attack,FW,1,1,1.0,0,0,0,0,0,1,505.0,8.0,53.2,61.9,0.46572047149386575,1.0,61.9
3592_kryvbas_kryvyi_rig_2020s_623319,3592_kryvbas_kryvyi_rig_2020s,3592,Kryvbas Kryvyi Rig,2020s,623319,Oleksandr Drambayev (623319),Ukraine,Defender - Left-Back,Defender,LB,1,1,1.0,0,0,0,1,0,0,1300.0,8.0,53.2,61.9,0.46572047149386575,1.0,61.9
3592_kryvbas_kryvyi_rig_2020s_669305,3592_kryvbas_kryvyi_rig_2020s,3592,Kryvbas Kryvyi Rig,2020s,669305,Viktor Bliznichenko (669305),Ukraine,Attack - Left Winger,Attack,LM,1,1,1.0,0,0,0,1,0,0,171.0,8.0,53.2,61.9,0.46572047149386575,1.0,61.9
3592_kryvbas_kryvyi_rig_2020s_795280,3592_kryvbas_kryvyi_rig_2020s,3592,Kryvbas Kryvyi Rig,2020s,795280,Tymur Korablin (795280),Ukraine,Midfield - Central Midfield,Midfield,CM,1,1,1.0,0,0,0,1,0,0,296.0,8.0,53.2,61.9,0.46572047149386575,1.0,61.9
3592_kryvbas_kryvyi_rig_2020s_242272,3592_kryvbas_kryvyi_rig_2020s,3592,Kryvbas Kryvyi Rig,2020s,242272,Yevgen Banada (242272),Ukraine,Midfield - Central Midfield,Midfield,CM,1,1,0.0,1,0,0,5,0,0,0.0,7.0,52.8,60.4,0.42097666586480637,1.0,60.4
3592_kryvbas_kryvyi_rig_2020s_396402,3592_kryvbas_kryvyi_rig_2020s,3592,Kryvbas Kryvyi Rig,2020s,396402,Volodymyr Yakimets (396402),Ukraine,Defender - Left-Back,Defender,LB,1,1,0.0,1,0,0,3,0,0,0.0,7.0,52.8,60.4,0.42097666586480637,1.0,60.4
3592_kryvbas_kryvyi_rig_2020s_112364,3592_kryvbas_kryvyi_rig_2020s,3592,Kryvbas Kryvyi Rig,2020s,112364,Vyacheslav Ryabov (112364),Ukraine,Defender - Centre-Back,Defender,CB,2,2,0.0,0,0,0,1,0,0,0.0,6.0,52.4,58.6,0.36901611739235024,1.0,58.6
3592_kryvbas_kryvyi_rig_2020s_484995,3592_kryvbas_kryvyi_rig_2020s,3592,Kryvbas Kryvyi Rig,2020s,484995,Noha Ndombasi (484995),France  DR Congo,Attack - Centre-Forward,Attack,FW,2,2,0.0,0,0,0,0,0,0,0.0,6.0,52.4,58.6,0.36901611739235024,1.0,58.6
3592_kryvbas_kryvyi_rig_2020s_1060543,3592_kryvbas_kryvyi_rig_2020s,3592,Kryvbas Kryvyi Rig,2020s,1060543,Bakary Konaté (1060543),Mali,Defender - Centre-Back,Defender,CB,2,2,0.0,0,0,0,5,0,0,0.0,6.0,52.4,58.6,0.36901611739235024,1.0,58.6
3592_kryvbas_kryvyi_rig_2020s_1257617,3592_kryvbas_kryvyi_rig_2020s,3592,Kryvbas Kryvyi Rig,2020s,1257617,Igor Omelchenko (1257617),Ukraine,Goalkeeper,Goalkeeper,GK,2,2,0.0,0,0,0,0,0,0,0.0,6.0,52.4,58.6,0.36901611739235024,1.0,58.6
3592_kryvbas_kryvyi_rig_2020s_625144,3592_kryvbas_kryvyi_rig_2020s,3592,Kryvbas Kryvyi Rig,2020s,625144,Vladyslav Semotyuk (625144),Ukraine,Midfield - Central Midfield,Midfield,CM,2,2,0.0,0,0,0,2,1,0,0.0,4.5,51.8,57.1,0.3246331489054607,1.0,57.1
3592_kryvbas_kryvyi_rig_2020s_729638,3592_kryvbas_kryvyi_rig_2020s,3592,Kryvbas Kryvyi Rig,2020s,729638,Oleksandr Kemkin (729638),Ukraine,Goalkeeper,Goalkeeper,GK,1,1,0.0,0,1,5,0,0,0,360.0,4.5,51.8,57.1,0.3246331489054607,1.0,57.1
3592_kryvbas_kryvyi_rig_2020s_86931,3592_kryvbas_kryvyi_rig_2020s,3592,Kryvbas Kryvyi Rig,2020s,86931,Yevgen Opanasenko (86931),Ukraine,Defender - Right-Back,Defender,RB,1,1,0.0,0,0,0,0,0,0,0.0,3.0,51.2,51.2,0.16754871301419294,1.0,51.2
3592_kryvbas_kryvyi_rig_2020s_305423,3592_kryvbas_kryvyi_rig_2020s,3592,Kryvbas Kryvyi Rig,2020s,305423,Ivan Zotko (305423),Ukraine,Defender - Centre-Back,Defender,CB,1,1,0.0,0,0,0,2,0,0,0.0,3.0,51.2,51.2,0.16754871301419294,1.0,51.2
3592_kryvbas_kryvyi_rig_2020s_419119,3592_kryvbas_kryvyi_rig_2020s,3592,Kryvbas Kryvyi Rig,2020s,419119,Igor Snurnitsyn (419119),Ukraine,Defender - Centre-Back,Defender,CB,1,1,0.0,0,0,0,0,0,0,0.0,3.0,51.2,51.2,0.16754871301419294,1.0,51.2
3592_kryvbas_kryvyi_rig_2020s_495918,3592_kryvbas_kryvyi_rig_2020s,3592,Kryvbas Kryvyi Rig,2020s,495918,Dmytro Semenov (495918),Ukraine,Defender - Centre-Back,Defender,CB,1,1,0.0,0,0,0,2,0,0,0.0,3.0,51.2,51.2,0.16754871301419294,1.0,51.2
3592_kryvbas_kryvyi_rig_2020s_579261,3592_kryvbas_kryvyi_rig_2020s,3592,Kryvbas Kryvyi Rig,2020s,579261,Konadu Yiadom (579261),Ghana,Defender - Centre-Back,Defender,CB,1,1,0.0,0,0,0,0,0,0,0.0,3.0,51.2,51.2,0.16754871301419294,1.0,51.2
3592_kryvbas_kryvyi_rig_2020s_585950,3592_kryvbas_kryvyi_rig_2020s,3592,Kryvbas Kryvyi Rig,2020s,585950,Nathanaël Saintini (585950),Guadeloupe  France,Defender - Centre-Back,Defender,CB,1,1,0.0,0,0,0,1,0,0,0.0,3.0,51.2,51.2,0.16754871301419294,1.0,51.2
3592_kryvbas_kryvyi_rig_2020s_669310,3592_kryvbas_kryvyi_rig_2020s,3592,Kryvbas Kryvyi Rig,2020s,669310,Danylo Goncharuk (669310),Ukraine,Attack - Centre-Forward,Attack,FW,1,1,0.0,0,0,0,0,0,0,0.0,3.0,51.2,51.2,0.16754871301419294,1.0,51.2
3592_kryvbas_kryvyi_rig_2020s_705058,3592_kryvbas_kryvyi_rig_2020s,3592,Kryvbas Kryvyi Rig,2020s,705058,Matteo Amoroso (705058),Brazil  Italy,Midfield - Attacking Midfield,Midfield,AM,1,1,0.0,0,0,0,2,0,0,0.0,3.0,51.2,51.2,0.16754871301419294,1.0,51.2
3592_kryvbas_kryvyi_rig_2020s_743028,3592_kryvbas_kryvyi_rig_2020s,3592,Kryvbas Kryvyi Rig,2020s,743028,Oche Ochowechi (743028),Nigeria,Attack - Centre-Forward,Attack,FW,1,1,0.0,0,0,0,0,0,0,0.0,3.0,51.2,51.2,0.16754871301419294,1.0,51.2
3592_kryvbas_kryvyi_rig_2020s_882224,3592_kryvbas_kryvyi_rig_2020s,3592,Kryvbas Kryvyi Rig,2020s,882224,Ilya Ukhan (882224),Ukraine,Defender - Right-Back,Defender,RB,1,1,0.0,0,0,0,0,0,0,0.0,3.0,51.2,51.2,0.16754871301419294,1.0,51.2
3592_kryvbas_kryvyi_rig_2020s_1115271,3592_kryvbas_kryvyi_rig_2020s,3592,Kryvbas Kryvyi Rig,2020s,1115271,Zakhar Karpus (1115271),Ukraine,Midfield - Right Midfield,Midfield,RM,1,1,0.0,0,0,0,0,0,0,0.0,3.0,51.2,51.2,0.16754871301419294,1.0,51.2
3592_kryvbas_kryvyi_rig_2020s_1268326,3592_kryvbas_kryvyi_rig_2020s,3592,Kryvbas Kryvyi Rig,2020s,1268326,Tymur Butenko (1268326),Ukraine,Attack - Right Winger,Attack,RM,1,1,0.0,0,0,0,0,0,0,0.0,3.0,51.2,51.2,0.16754871301419294,1.0,51.2
3593_borysfen_boryspil__2007_2000s_27191,3593_borysfen_boryspil__2007_2000s,3593,Borysfen Boryspil (- 2007),2000s,27191,Oleg Karamushka (27191),Ukraine,Defender - Centre-Back,Defender,CB,2,2,3.0,1,0,0,7,0,0,2337.0,23.0,95.0,71.5,0.7382727928794804,1.0,71.5
3593_borysfen_boryspil__2007_2000s_42641,3593_borysfen_boryspil__2007_2000s,3593,Borysfen Boryspil (- 2007),2000s,42641,Andriy Khomyn (42641),Ukraine,Defender - Right-Back,Defender,RB,2,2,2.0,1,0,0,8,0,0,3042.0,20.0,89.1,70.2,0.7051960548472456,1.0,70.2
3593_borysfen_boryspil__2007_2000s_15878,3593_borysfen_boryspil__2007_2000s,3593,Borysfen Boryspil (- 2007),2000s,15878,Ruslan Bidnenko (15878),Ukraine,Midfield - Defensive Midfield,Midfield,CDM,1,1,3.0,0,0,0,3,0,0,417.0,17.0,83.3,68.6,0.6645417368294443,1.0,68.6
3593_borysfen_boryspil__2007_2000s_95691,3593_borysfen_boryspil__2007_2000s,3593,Borysfen Boryspil (- 2007),2000s,95691,Roman Lytovchak (95691),Ukraine,Midfield,Midfield,CM,1,1,2.0,1,0,0,4,0,0,824.0,17.0,83.3,68.6,0.6645417368294443,1.0,68.6
3593_borysfen_boryspil__2007_2000s_24063,3593_borysfen_boryspil__2007_2000s,3593,Borysfen Boryspil (- 2007),2000s,24063,Yuriy Virt (24063),Ukraine,Goalkeeper,Goalkeeper,GK,1,1,0.0,0,6,10,1,0,0,1170.0,12.0,73.5,65.5,0.5752946836661054,1.0,65.5
3593_borysfen_boryspil__2007_2000s_58137,3593_borysfen_boryspil__2007_2000s,3593,Borysfen Boryspil (- 2007),2000s,58137,Andriy Smalko (58137),Ukraine,Midfield - Central Midfield,Midfield,CM,1,1,0.0,2,0,0,7,0,0,0.0,11.0,71.5,64.6,0.5475102237190281,1.0,64.6
3593_borysfen_boryspil__2007_2000s_107039,3593_borysfen_boryspil__2007_2000s,3593,Borysfen Boryspil (- 2007),2000s,107039,Sergiy Kovalets (107039),Ukraine,Midfield - Attacking Midfield,Midfield,AM,1,1,0.0,1,0,0,0,0,0,0.0,7.0,63.7,60.4,0.42097666586480637,1.0,60.4
3593_borysfen_boryspil__2007_2000s_91465,3593_borysfen_boryspil__2007_2000s,3593,Borysfen Boryspil (- 2007),2000s,91465,Andriy Zaporozhan (91465),Ukraine,Midfield - Defensive Midfield,Midfield,CDM,2,2,0.0,0,0,0,0,0,0,0.0,6.0,61.7,58.6,0.36901611739235024,1.0,58.6
3593_borysfen_boryspil__2007_2000s_25618,3593_borysfen_boryspil__2007_2000s,3593,Borysfen Boryspil (- 2007),2000s,25618,Sergiy Pshenychnykh (25618),Ukraine,Defender - Centre-Back,Defender,CB,1,1,0.0,0,0,0,0,0,0,0.0,3.0,55.9,51.2,0.16754871301419294,1.0,51.2
3593_borysfen_boryspil__2007_2000s_59129,3593_borysfen_boryspil__2007_2000s,3593,Borysfen Boryspil (- 2007),2000s,59129,Vadym Sapay (59129),Ukraine,Defender - Left-Back,Defender,LB,1,1,0.0,0,0,0,0,0,0,0.0,3.0,55.9,51.2,0.16754871301419294,1.0,51.2
3593_borysfen_boryspil__2007_2000s_43377,3593_borysfen_boryspil__2007_2000s,3593,Borysfen Boryspil (- 2007),2000s,43377,Denys Stoyan (43377),Ukraine,Defender - Left-Back,Defender,LB,1,1,0.0,0,0,0,3,1,0,0.0,1.5,52.9,45.4,0.00950204474380563,1.0,45.4
39097_obolon_kyiv_2020s_59877,39097_obolon_kyiv_2020s,39097,Obolon Kyiv,2020s,59877,Ruslan Chernenko (59877),Ukraine,Midfield - Central Midfield,Midfield,CM,3,3,4.0,5,0,0,7,0,0,2711.0,49.0,95.0,78.9,0.8857349049795525,1.0,78.9
39097_obolon_kyiv_2020s_224164,39097_obolon_kyiv_2020s,39097,Obolon Kyiv,2020s,224164,Rostyslav Taranukha (224164),Ukraine,Attack - Centre-Forward,Attack,FW,2,2,6.0,3,0,0,8,0,1,897.0,48.0,94.1,78.5,0.8812845802261247,1.0,78.5
39097_obolon_kyiv_2020s_491264,39097_obolon_kyiv_2020s,39097,Obolon Kyiv,2020s,491264,Sergiy Sukhanov (491264),Ukraine,Attack - Centre-Forward,Attack,FW,3,3,6.0,2,0,0,6,1,2,2123.0,45.5,91.8,77.9,0.8734664421457782,1.0,77.9
39097_obolon_kyiv_2020s_1045187,39097_obolon_kyiv_2020s,39097,Obolon Kyiv,2020s,1045187,Igor Krasnopir (1045187),Ukraine,Attack - Centre-Forward,Attack,FW,1,1,6.0,1,0,0,1,0,0,344.0,37.0,84.0,75.6,0.8391869136396439,1.0,75.6
39097_obolon_kyiv_2020s_320248,39097_obolon_kyiv_2020s,39097,Obolon Kyiv,2020s,320248,Oleg Slobodyan (320248),Ukraine,Midfield - Attacking Midfield,Midfield,AM,3,3,2.0,2,0,0,1,0,0,314.0,27.0,74.8,72.9,0.7733942747173442,1.0,72.9
39097_obolon_kyiv_2020s_522328,39097_obolon_kyiv_2020s,39097,Obolon Kyiv,2020s,522328,Vitaliy Grusha (522328),Ukraine,Midfield - Attacking Midfield,Midfield,AM,2,2,2.0,3,0,0,4,0,0,770.0,27.0,74.8,72.9,0.7733942747173442,1.0,72.9
39097_obolon_kyiv_2020s_622410,39097_obolon_kyiv_2020s,39097,Obolon Kyiv,2020s,622410,Denys Ustymenko (622410),Ukraine,Attack - Centre-Forward,Attack,FW,2,2,2.0,2,0,0,2,0,0,136.0,24.0,72.0,71.9,0.7468126052441665,1.0,71.9
39097_obolon_kyiv_2020s_1159511,39097_obolon_kyiv_2020s,39097,Obolon Kyiv,2020s,1159511,Denys Marchenko (1159511),Ukraine,Goalkeeper,Goalkeeper,GK,3,3,0.0,0,9,9,0,0,0,1260.0,22.5,70.7,71.3,0.7331007938417128,1.0,71.3
39097_obolon_kyiv_2020s_787776,39097_obolon_kyiv_2020s,39097,Obolon Kyiv,2020s,787776,Valeriy Dubko (787776),Ukraine,Defender - Centre-Back,Defender,CB,3,3,1.0,2,0,0,10,0,0,2312.0,21.0,69.3,70.7,0.7179456338705797,1.0,70.7
39097_obolon_kyiv_2020s_606248,39097_obolon_kyiv_2020s,39097,Obolon Kyiv,2020s,606248,Danylo Karas (606248),Ukraine,Defender - Centre-Back,Defender,CB,2,2,3.0,0,0,0,6,0,0,2760.0,20.0,68.4,70.2,0.7051960548472456,1.0,70.2
39097_obolon_kyiv_2020s_669305,39097_obolon_kyiv_2020s,39097,Obolon Kyiv,2020s,669305,Viktor Bliznichenko (669305),Ukraine,Attack - Left Winger,Attack,LM,2,2,2.0,1,0,0,3,0,0,661.0,20.0,68.4,70.2,0.7051960548472456,1.0,70.2
39097_obolon_kyiv_2020s_913115,39097_obolon_kyiv_2020s,39097,Obolon Kyiv,2020s,913115,Kostyantyn Bychek (913115),Ukraine,Attack - Left Winger,Attack,LM,2,2,2.0,1,0,0,0,0,0,493.0,20.0,68.4,70.2,0.7051960548472456,1.0,70.2
39097_obolon_kyiv_2020s_305418,39097_obolon_kyiv_2020s,39097,Obolon Kyiv,2020s,305418,Nazariy Fedorivskyi (305418),Ukraine,Goalkeeper,Goalkeeper,GK,3,3,0.0,0,7,46,0,0,0,2685.0,19.5,67.9,69.9,0.6968968005773394,1.0,69.9
39097_obolon_kyiv_2020s_517081,39097_obolon_kyiv_2020s,39097,Obolon Kyiv,2020s,517081,Vladyslav Pryimak (517081),Ukraine,Defender - Centre-Back,Defender,CB,3,3,1.0,1,0,0,15,0,0,1980.0,16.0,64.7,67.9,0.6464998797209526,1.0,67.9
39097_obolon_kyiv_2020s_168830,39097_obolon_kyiv_2020s,39097,Obolon Kyiv,2020s,168830,Igor Medynskyi (168830),Ukraine,Attack - Right Winger,Attack,RM,3,3,0.0,1,0,0,7,0,0,0.0,13.0,61.9,66.3,0.600072167428434,1.0,66.3
39097_obolon_kyiv_2020s_19619,39097_obolon_kyiv_2020s,39097,Obolon Kyiv,2020s,19619,Oleksandr Rybka (19619),Ukraine,Goalkeeper,Goalkeeper,GK,2,2,0.0,0,4,15,1,0,0,822.0,12.0,61.0,65.5,0.5752946836661054,1.0,65.5
39097_obolon_kyiv_2020s_88879,39097_obolon_kyiv_2020s,39097,Obolon Kyiv,2020s,88879,Artem Kychak (88879),Ukraine,Goalkeeper,Goalkeeper,GK,2,2,0.0,0,4,17,1,0,0,990.0,12.0,61.0,65.5,0.5752946836661054,1.0,65.5
39097_obolon_kyiv_2020s_343622,39097_obolon_kyiv_2020s,39097,Obolon Kyiv,2020s,343622,Petro Stasyuk (343622),Ukraine,Defender - Left-Back,Defender,LB,1,1,1.0,1,0,0,1,0,0,2032.0,12.0,61.0,65.5,0.5752946836661054,1.0,65.5
39097_obolon_kyiv_2020s_495923,39097_obolon_kyiv_2020s,39097,Obolon Kyiv,2020s,495923,Oleg Ilyin (495923),Ukraine,Midfield - Right Midfield,Midfield,RM,1,1,1.0,1,0,0,4,0,0,990.0,12.0,61.0,65.5,0.5752946836661054,1.0,65.5
39097_obolon_kyiv_2020s_448783,39097_obolon_kyiv_2020s,39097,Obolon Kyiv,2020s,448783,Maksym Grysyo (448783),Ukraine,Defender - Right-Back,Defender,RB,3,3,0.0,1,0,0,6,1,0,0.0,11.5,60.6,65.0,0.5601395236949723,1.0,65.0
39097_obolon_kyiv_2020s_248935,39097_obolon_kyiv_2020s,39097,Obolon Kyiv,2020s,248935,Pavlo Lukyanchuk (248935),Ukraine,Defender - Centre-Back,Defender,CB,2,2,0.0,1,0,0,3,0,0,0.0,10.0,59.2,63.6,0.5188838104402214,1.0,63.6
39097_obolon_kyiv_2020s_264646,39097_obolon_kyiv_2020s,39097,Obolon Kyiv,2020s,264646,Oleksandr Osman (264646),Ukraine,Defender - Left-Back,Defender,LB,2,2,0.0,1,0,0,2,0,0,0.0,10.0,59.2,63.6,0.5188838104402214,1.0,63.6
39097_obolon_kyiv_2020s_537538,39097_obolon_kyiv_2020s,39097,Obolon Kyiv,2020s,537538,Yegor Prokopenko (537538),Ukraine,Defender - Left-Back,Defender,LB,3,3,0.0,0,0,0,7,0,0,0.0,9.0,58.3,62.9,0.49735386095742123,1.0,62.9
39097_obolon_kyiv_2020s_1187436,39097_obolon_kyiv_2020s,39097,Obolon Kyiv,2020s,1187436,Kirill Korkh (1187436),Ukraine,Midfield - Central Midfield,Midfield,CM,3,3,0.0,0,0,0,0,0,0,0.0,9.0,58.3,62.9,0.49735386095742123,1.0,62.9
39097_obolon_kyiv_2020s_1263950,39097_obolon_kyiv_2020s,39097,Obolon Kyiv,2020s,1263950,Rostyslav Lyashchuk (1263950),Ukraine,Defender - Right-Back,Defender,RB,3,3,0.0,0,0,0,0,0,0,0.0,9.0,58.3,62.9,0.49735386095742123,1.0,62.9
39097_obolon_kyiv_2020s_1263951,39097_obolon_kyiv_2020s,39097,Obolon Kyiv,2020s,1263951,Artem Chornyi (1263951),Ukraine,Midfield - Attacking Midfield,Midfield,AM,3,3,0.0,0,0,0,0,0,0,0.0,9.0,58.3,62.9,0.49735386095742123,1.0,62.9
39097_obolon_kyiv_2020s_288857,39097_obolon_kyiv_2020s,39097,Obolon Kyiv,2020s,288857,Dmitriy Nagiyev (288857),Azerbaijan  Ukraine,Defender - Right-Back,Defender,RB,1,1,0.0,1,0,0,0,0,0,0.0,7.0,56.4,60.4,0.42097666586480637,1.0,60.4
39097_obolon_kyiv_2020s_315237,39097_obolon_kyiv_2020s,39097,Obolon Kyiv,2020s,315237,Yevgeniy Pasich (315237),Ukraine,Defender - Right-Back,Defender,RB,1,1,0.0,1,0,0,0,0,0,0.0,7.0,56.4,60.4,0.42097666586480637,1.0,60.4
39097_obolon_kyiv_2020s_343316,39097_obolon_kyiv_2020s,39097,Obolon Kyiv,2020s,343316,Sergiy Kosovskyi (343316),Ukraine,Midfield - Defensive Midfield,Midfield,CDM,1,1,0.0,1,0,0,2,0,0,0.0,7.0,56.4,60.4,0.42097666586480637,1.0,60.4
39097_obolon_kyiv_2020s_562484,39097_obolon_kyiv_2020s,39097,Obolon Kyiv,2020s,562484,Oleg Vyshnevskyi (562484),Ukraine,Attack - Centre-Forward,Attack,FW,1,1,0.0,1,0,0,0,0,0,0.0,7.0,56.4,60.4,0.42097666586480637,1.0,60.4
39097_obolon_kyiv_2020s_899884,39097_obolon_kyiv_2020s,39097,Obolon Kyiv,2020s,899884,Oleksandr Chernov (899884),Ukraine,Defender - Right-Back,Defender,RB,2,2,0.0,0,0,0,1,0,0,0.0,6.0,55.5,58.6,0.36901611739235024,1.0,58.6
39097_obolon_kyiv_2020s_1061435,39097_obolon_kyiv_2020s,39097,Obolon Kyiv,2020s,1061435,Andriy Lomnytskyi (1061435),Ukraine,Defender - Centre-Back,Defender,CB,2,2,0.0,0,0,0,0,0,0,0.0,6.0,55.5,58.6,0.36901611739235024,1.0,58.6
39097_obolon_kyiv_2020s_1159512,39097_obolon_kyiv_2020s,39097,Obolon Kyiv,2020s,1159512,Oleksandr Kozlov (1159512),Ukraine,Midfield - Attacking Midfield,Midfield,AM,2,2,0.0,0,0,0,0,0,0,0.0,6.0,55.5,58.6,0.36901611739235024,1.0,58.6
39097_obolon_kyiv_2020s_1187437,39097_obolon_kyiv_2020s,39097,Obolon Kyiv,2020s,1187437,Taras Lyakh (1187437),Ukraine,Attack - Centre-Forward,Attack,FW,2,2,0.0,0,0,0,0,0,0,0.0,6.0,55.5,58.6,0.36901611739235024,1.0,58.6
39097_obolon_kyiv_2020s_522832,39097_obolon_kyiv_2020s,39097,Obolon Kyiv,2020s,522832,Taras Moroz (522832),Ukraine,Midfield - Defensive Midfield,Midfield,CDM,2,2,0.0,0,0,0,13,0,0,0.0,4.0,53.7,56.8,0.3171758479672841,1.0,56.8
39097_obolon_kyiv_2020s_271635,39097_obolon_kyiv_2020s,39097,Obolon Kyiv,2020s,271635,Dmytro Fateev (271635),Ukraine,Defender - Right-Back,Defender,RB,1,1,0.0,0,0,0,1,0,0,0.0,3.0,52.8,51.2,0.16754871301419294,1.0,51.2
39097_obolon_kyiv_2020s_363740,39097_obolon_kyiv_2020s,39097,Obolon Kyiv,2020s,363740,Yevgeniy Shevchenko (363740),Ukraine,Defender - Left-Back,Defender,LB,1,1,0.0,0,0,0,2,0,0,0.0,3.0,52.8,51.2,0.16754871301419294,1.0,51.2
39097_obolon_kyiv_2020s_380554,39097_obolon_kyiv_2020s,39097,Obolon Kyiv,2020s,380554,Yevgen Zaporozhets (380554),Ukraine,Midfield - Central Midfield,Midfield,CM,1,1,0.0,0,0,0,0,0,0,0.0,3.0,52.8,51.2,0.16754871301419294,1.0,51.2
39097_obolon_kyiv_2020s_396401,39097_obolon_kyiv_2020s,39097,Obolon Kyiv,2020s,396401,Maksym Chekh (396401),Ukraine,Midfield - Defensive Midfield,Midfield,CDM,1,1,0.0,0,0,0,2,0,0,0.0,3.0,52.8,51.2,0.16754871301419294,1.0,51.2
39097_obolon_kyiv_2020s_495918,39097_obolon_kyiv_2020s,39097,Obolon Kyiv,2020s,495918,Dmytro Semenov (495918),Ukraine,Defender - Centre-Back,Defender,CB,1,1,0.0,0,0,0,1,0,0,0.0,3.0,52.8,51.2,0.16754871301419294,1.0,51.2
39097_obolon_kyiv_2020s_571189,39097_obolon_kyiv_2020s,39097,Obolon Kyiv,2020s,571189,Maksym Yermolenko (571189),Ukraine,Attack - Centre-Forward,Attack,FW,1,1,0.0,0,0,0,0,0,0,0.0,3.0,52.8,51.2,0.16754871301419294,1.0,51.2
39097_obolon_kyiv_2020s_641426,39097_obolon_kyiv_2020s,39097,Obolon Kyiv,2020s,641426,Vadym Vitenchuk (641426),Ukraine,Midfield - Defensive Midfield,Midfield,CDM,1,1,0.0,0,0,0,5,0,0,0.0,3.0,52.8,51.2,0.16754871301419294,1.0,51.2
39097_obolon_kyiv_2020s_745252,39097_obolon_kyiv_2020s,39097,Obolon Kyiv,2020s,745252,Artem Kulakovskyi (745252),Ukraine,Midfield - Central Midfield,Midfield,CM,1,1,0.0,0,0,0,1,0,0,0.0,3.0,52.8,51.2,0.16754871301419294,1.0,51.2
39097_obolon_kyiv_2020s_887142,39097_obolon_kyiv_2020s,39097,Obolon Kyiv,2020s,887142,Ivan Nesterenko (887142),Ukraine,Midfield - Attacking Midfield,Midfield,AM,1,1,0.0,0,0,0,1,0,0,0.0,3.0,52.8,51.2,0.16754871301419294,1.0,51.2
39097_obolon_kyiv_2020s_1113197,39097_obolon_kyiv_2020s,39097,Obolon Kyiv,2020s,1113197,Vladyslav Mukhamatgaleyev (1113197),Ukraine,Midfield - Left Midfield,Midfield,LM,1,1,0.0,0,0,0,0,0,0,0.0,3.0,52.8,51.2,0.16754871301419294,1.0,51.2
39097_obolon_kyiv_2020s_1175889,39097_obolon_kyiv_2020s,39097,Obolon Kyiv,2020s,1175889,Yevgeniy Danylenko (1175889),Ukraine,Defender - Centre-Back,Defender,CB,1,1,0.0,0,0,0,0,0,0,0.0,3.0,52.8,51.2,0.16754871301419294,1.0,51.2
39097_obolon_kyiv_2020s_1196093,39097_obolon_kyiv_2020s,39097,Obolon Kyiv,2020s,1196093,Mykhaylo Klyatskyi (1196093),Ukraine,Attack - Centre-Forward,Attack,FW,1,1,0.0,0,0,0,0,0,0,0.0,3.0,52.8,51.2,0.16754871301419294,1.0,51.2
39097_obolon_kyiv_2020s_746397,39097_obolon_kyiv_2020s,39097,Obolon Kyiv,2020s,746397,Artem Vovkun (746397),Ukraine,Defender - Centre-Back,Defender,CB,1,1,0.0,0,0,0,3,1,0,0.0,0.5,50.5,45.0,0.0013230695212893915,1.0,45.0
4482_volyn_lutsk_1990s_943654,4482_volyn_lutsk_1990s,4482,Volyn Lutsk,1990s,943654,Roman Zub (943654),Ukraine,Midfield - Defensive Midfield,Midfield,CDM,2,2,3.0,1,0,0,2,1,1,1268.0,23.5,95.0,71.7,0.7426028385855185,1.0,71.7
4482_volyn_lutsk_1990s_857997,4482_volyn_lutsk_1990s,4482,Volyn Lutsk,1990s,857997,Igor Plotko (857997),Ukraine,Midfield - Central Midfield,Midfield,CM,1,1,3.0,0,0,0,0,0,0,528.0,18.0,84.5,69.1,0.6780129901371181,1.0,69.1
4482_volyn_lutsk_1990s_96897,4482_volyn_lutsk_1990s,4482,Volyn Lutsk,1990s,96897,Volodymyr Gapon (96897),Ukraine,Midfield - Defensive Midfield,Midfield,CDM,2,2,0.0,0,0,0,0,0,0,0.0,6.0,61.5,58.6,0.36901611739235024,1.0,58.6
4482_volyn_lutsk_2000s_60975,4482_volyn_lutsk_2000s,4482,Volyn Lutsk,2000s,60975,Samir Aliyev (60975),Azerbaijan,Attack - Centre-Forward,Attack,FW,2,2,11.0,2,0,0,7,0,1,567.0,69.0,95.0,82.2,0.9274717344238633,1.0,82.2
4482_volyn_lutsk_2000s_17206,4482_volyn_lutsk_2000s,4482,Volyn Lutsk,2000s,17206,Aleksandar Trisovic (17206),Serbia,Midfield - Left Midfield,Midfield,LM,3,3,7.0,3,0,0,10,0,3,336.0,55.0,85.9,80.0,0.8994467163820062,1.0,80.0
4482_volyn_lutsk_2000s_59411,4482_volyn_lutsk_2000s,4482,Volyn Lutsk,2000s,59411,Marko Devic (59411),Ukraine  Serbia,Attack - Centre-Forward,Attack,FW,2,2,2.0,3,0,0,5,0,0,595.0,28.0,68.3,73.2,0.7803704594659611,1.0,73.2
4482_volyn_lutsk_2000s_59826,4482_volyn_lutsk_2000s,4482,Volyn Lutsk,2000s,59826,Oleg Gerasymyuk (59826),Ukraine,Midfield - Central Midfield,Midfield,CM,3,3,2.0,2,0,0,2,0,0,182.0,27.0,67.6,72.9,0.7733942747173442,1.0,72.9
4482_volyn_lutsk_2000s_97319,4482_volyn_lutsk_2000s,4482,Volyn Lutsk,2000s,97319,Oleksandr Gumenyuk (97319),Ukraine,Goalkeeper,Goalkeeper,GK,3,3,0.0,0,10,69,3,0,0,4210.0,24.0,65.7,71.9,0.7468126052441665,1.0,71.9
4482_volyn_lutsk_2000s_126621,4482_volyn_lutsk_2000s,4482,Volyn Lutsk,2000s,126621,Oleksandr Grebenozhko (126621),Ukraine,Attack,Attack,FW,1,1,4.0,0,0,0,0,0,0,163.0,23.0,65.0,71.5,0.7382727928794804,1.0,71.5
4482_volyn_lutsk_2000s_4602,4482_volyn_lutsk_2000s,4482,Volyn Lutsk,2000s,4602,Yuriy Petrov (4602),Russia  Ukraine,Attack - Centre-Forward,Attack,FW,1,1,1.0,1,0,0,0,0,0,510.0,12.0,57.8,65.5,0.5752946836661054,1.0,65.5
4482_volyn_lutsk_2000s_107039,4482_volyn_lutsk_2000s,4482,Volyn Lutsk,2000s,107039,Sergiy Kovalets (107039),Ukraine,Midfield - Attacking Midfield,Midfield,AM,1,1,1.0,1,0,0,0,0,1,320.0,12.0,57.8,65.5,0.5752946836661054,1.0,65.5
4482_volyn_lutsk_2000s_34670,4482_volyn_lutsk_2000s,4482,Volyn Lutsk,2000s,34670,Vitaliy Postranskyi (34670),Ukraine,Goalkeeper,Goalkeeper,GK,2,2,0.0,0,3,33,1,0,0,1800.0,10.5,56.8,64.1,0.5318739475583354,1.0,64.1
4482_volyn_lutsk_2000s_33176,4482_volyn_lutsk_2000s,4482,Volyn Lutsk,2000s,33176,Seweryn Gancarczyk (33176),Poland,Defender - Left-Back,Defender,LB,2,2,0.0,1,0,0,3,0,0,0.0,10.0,56.5,63.6,0.5188838104402214,1.0,63.6
4482_volyn_lutsk_2000s_57870,4482_volyn_lutsk_2000s,4482,Volyn Lutsk,2000s,57870,Eddy Dombraye (57870),Nigeria,Midfield - Attacking Midfield,Midfield,AM,2,2,0.0,1,0,0,4,0,0,0.0,10.0,56.5,63.6,0.5188838104402214,1.0,63.6
4482_volyn_lutsk_2000s_27204,4482_volyn_lutsk_2000s,4482,Volyn Lutsk,2000s,27204,Vsevolod Romanenko (27204),Ukraine,Goalkeeper,Goalkeeper,GK,1,1,0.0,0,4,11,1,0,0,900.0,9.0,55.9,62.9,0.49735386095742123,1.0,62.9
4482_volyn_lutsk_2000s_44321,4482_volyn_lutsk_2000s,4482,Volyn Lutsk,2000s,44321,Vitaliy Lanko (44321),Belarus,Attack - Centre-Forward,Attack,FW,1,1,1.0,0,0,0,2,0,0,1662.0,8.0,55.2,61.9,0.46572047149386575,1.0,61.9
4482_volyn_lutsk_2000s_82620,4482_volyn_lutsk_2000s,4482,Volyn Lutsk,2000s,82620,Vadym Panas (82620),Ukraine,Midfield - Attacking Midfield,Midfield,AM,3,3,0.0,0,0,0,1,0,0,0.0,8.0,55.2,61.9,0.46572047149386575,1.0,61.9
4482_volyn_lutsk_2000s_84495,4482_volyn_lutsk_2000s,4482,Volyn Lutsk,2000s,84495,Oleksandr Mitrofanov (84495),Ukraine  Kazakhstan,Midfield - Central Midfield,Midfield,CM,1,1,1.0,0,0,0,2,0,0,1055.0,8.0,55.2,61.9,0.46572047149386575,1.0,61.9
4482_volyn_lutsk_2000s_59414,4482_volyn_lutsk_2000s,4482,Volyn Lutsk,2000s,59414,Papa Gueye (59414),Senegal  Ukraine,Defender - Centre-Back,Defender,CB,2,2,0.0,0,0,0,8,0,0,0.0,6.0,53.9,58.6,0.36901611739235024,1.0,58.6
4482_volyn_lutsk_2000s_35066,4482_volyn_lutsk_2000s,4482,Volyn Lutsk,2000s,35066,Marcin Nowak (35066),Poland,Defender - Centre-Back,Defender,CB,1,1,0.0,0,0,0,2,0,0,0.0,3.0,52.0,51.2,0.16754871301419294,1.0,51.2
4482_volyn_lutsk_2000s_91541,4482_volyn_lutsk_2000s,4482,Volyn Lutsk,2000s,91541,Andrey Stepanov (91541),Russia  Ukraine,Defender - Centre-Back,Defender,CB,1,1,0.0,0,0,0,0,0,0,0.0,3.0,52.0,51.2,0.16754871301419294,1.0,51.2
4482_volyn_lutsk_2000s_943654,4482_volyn_lutsk_2000s,4482,Volyn Lutsk,2000s,943654,Roman Zub (943654),Ukraine,Midfield - Defensive Midfield,Midfield,CDM,1,1,0.0,0,0,0,0,0,0,0.0,3.0,52.0,51.2,0.16754871301419294,1.0,51.2
4482_volyn_lutsk_2010s_46504,4482_volyn_lutsk_2010s,4482,Volyn Lutsk,2010s,46504,Erik Bicfalvi (46504),Romania,Attack - Centre-Forward,Attack,FW,3,3,26.0,13,0,0,7,0,5,965.0,190.0,95.0,91.4,0.9885734904979553,1.0,91.4
4482_volyn_lutsk_2010s_147998,4482_volyn_lutsk_2010s,4482,Volyn Lutsk,2010s,147998,Florentin Matei (147998),Romania,Midfield - Attacking Midfield,Midfield,AM,3,3,10.0,5,0,0,10,0,5,1636.0,79.0,68.7,83.2,0.9403415924945875,1.0,83.2
4482_volyn_lutsk_2010s_56698,4482_volyn_lutsk_2010s,4482,Volyn Lutsk,2010s,56698,Aleksandre Kobakhidze (56698),Georgia,Midfield - Right Midfield,Midfield,RM,2,2,10.0,5,0,0,1,0,0,584.0,76.0,68.0,83.0,0.9379360115467885,1.0,83.0
4482_volyn_lutsk_2010s_59826,4482_volyn_lutsk_2010s,4482,Volyn Lutsk,2010s,59826,Oleg Gerasymyuk (59826),Ukraine,Midfield - Central Midfield,Midfield,CM,5,5,3.0,7,0,0,16,0,0,4173.0,57.0,63.5,80.4,0.9043781573249939,1.0,80.4
4482_volyn_lutsk_2010s_57901,4482_volyn_lutsk_2010s,4482,Volyn Lutsk,2010s,57901,Vyacheslav Sharpar (57901),Ukraine,Midfield - Central Midfield,Midfield,CM,4,4,6.0,2,0,0,16,0,1,1136.0,49.0,61.6,78.9,0.8857349049795525,1.0,78.9
4482_volyn_lutsk_2010s_44662,4482_volyn_lutsk_2010s,4482,Volyn Lutsk,2010s,44662,Schumacher (44662),Brazil  Italy,Attack - Centre-Forward,Attack,FW,3,3,4.0,4,0,0,4,0,0,1121.0,44.0,60.4,77.3,0.8663699783497715,1.0,77.3
4482_volyn_lutsk_2010s_89427,4482_volyn_lutsk_2010s,4482,Volyn Lutsk,2010s,89427,Yevgen Pichkur (89427),Ukraine,Midfield - Left Midfield,Midfield,LM,2,2,2.0,7,0,0,3,0,0,834.0,43.0,60.2,77.0,0.8626413278806832,1.0,77.0
4482_volyn_lutsk_2010s_12064,4482_volyn_lutsk_2010s,4482,Volyn Lutsk,2010s,12064,Igor Skoba (12064),Ukraine  Russia,Midfield - Central Midfield,Midfield,CM,4,4,3.0,4,0,0,14,1,0,974.0,41.5,59.8,76.6,0.8575896078903055,1.0,76.6
4482_volyn_lutsk_2010s_343769,4482_volyn_lutsk_2010s,4482,Volyn Lutsk,2010s,343769,Sergiy Petrov (343769),Ukraine,Attack - Centre-Forward,Attack,FW,3,3,4.0,3,0,0,4,0,0,606.0,41.0,59.7,76.5,0.8559057012268463,1.0,76.5
4482_volyn_lutsk_2010s_43495,4482_volyn_lutsk_2010s,4482,Volyn Lutsk,2010s,43495,Sergiy Pylypchuk (43495),Ukraine  Russia,Attack - Left Winger,Attack,LM,2,2,3.0,4,0,0,8,0,0,1351.0,37.0,58.8,75.6,0.8391869136396439,1.0,75.6
4482_volyn_lutsk_2010s_425707,4482_volyn_lutsk_2010s,4482,Volyn Lutsk,2010s,425707,Artem Dudik (425707),Ukraine,Attack - Right Winger,Attack,RM,2,2,4.0,2,0,0,1,0,0,610.0,34.0,58.1,74.8,0.8201828241520327,1.0,74.8
4482_volyn_lutsk_2010s_210109,4482_volyn_lutsk_2010s,4482,Volyn Lutsk,2010s,210109,Alessandro Padovani Celin (210109),Brazil  Italy,Attack - Centre-Forward,Attack,FW,2,2,4.0,1,0,0,6,0,0,338.0,30.0,57.1,73.8,0.7954053403897041,1.0,73.8
4482_volyn_lutsk_2010s_88879,4482_volyn_lutsk_2010s,4482,Volyn Lutsk,2010s,88879,Artem Kychak (88879),Ukraine,Goalkeeper,Goalkeeper,GK,4,4,0.0,1,9,58,2,0,0,3256.0,29.5,57.0,73.7,0.7920375270627856,1.0,73.7
4482_volyn_lutsk_2010s_94922,4482_volyn_lutsk_2010s,4482,Volyn Lutsk,2010s,94922,Bogdan Butko (94922),Ukraine,Defender - Right-Back,Defender,RB,1,1,3.0,2,0,0,4,0,0,784.0,26.0,56.2,72.6,0.7647341833052682,1.0,72.6
4482_volyn_lutsk_2010s_59982,4482_volyn_lutsk_2010s,4482,Volyn Lutsk,2010s,59982,Volodymyr Arzhanov (59982),Ukraine,Attack - Right Winger,Attack,RM,1,1,2.0,3,0,0,6,0,0,512.0,25.0,55.9,72.2,0.7552321385614625,1.0,72.2
4482_volyn_lutsk_2010s_58252,4482_volyn_lutsk_2010s,4482,Volyn Lutsk,2010s,58252,Sergiy Siminin (58252),Ukraine,Defender - Right-Back,Defender,RB,5,5,1.0,2,0,0,24,1,0,1170.0,22.5,55.3,71.3,0.7331007938417128,1.0,71.3
4482_volyn_lutsk_2010s_58606,4482_volyn_lutsk_2010s,4482,Volyn Lutsk,2010s,58606,Sergiy Politylo (58606),Ukraine,Midfield - Central Midfield,Midfield,CM,2,2,1.0,2,0,0,3,0,0,1372.0,19.0,54.5,69.6,0.6904017320182824,1.0,69.6
4482_volyn_lutsk_2010s_122317,4482_volyn_lutsk_2010s,4482,Volyn Lutsk,2010s,122317,Vitaliy Goshkoderya (122317),Ukraine,Midfield - Defensive Midfield,Midfield,CDM,2,2,1.0,1,0,0,2,0,0,1166.0,15.0,53.6,67.4,0.6314649987972095,1.0,67.4
4482_volyn_lutsk_2010s_236468,4482_volyn_lutsk_2010s,4482,Volyn Lutsk,2010s,236468,Artem Shabanov (236468),Ukraine,Defender - Centre-Back,Defender,CB,4,4,1.0,0,0,0,15,0,0,1771.0,15.0,53.6,67.4,0.6314649987972095,1.0,67.4
4482_volyn_lutsk_2010s_92567,4482_volyn_lutsk_2010s,4482,Volyn Lutsk,2010s,92567,Andriy Bogdanov (92567),Ukraine,Midfield - Central Midfield,Midfield,CM,2,2,0.0,2,0,0,4,0,0,0.0,14.0,53.3,67.0,0.6188356988212653,1.0,67.0
4482_volyn_lutsk_2010s_375657,4482_volyn_lutsk_2010s,4482,Volyn Lutsk,2010s,375657,Vladyslav Shapoval (375657),Ukraine,Defender - Left-Back,Defender,LB,3,3,1.0,0,0,0,10,0,0,2033.0,14.0,53.3,67.0,0.6188356988212653,1.0,67.0
4482_volyn_lutsk_2010s_59076,4482_volyn_lutsk_2010s,4482,Volyn Lutsk,2010s,59076,Sergiy Kravchenko (59076),Ukraine,Midfield - Central Midfield,Midfield,CM,1,1,1.0,1,0,0,6,0,0,2005.0,12.0,52.8,65.5,0.5752946836661054,1.0,65.5
4482_volyn_lutsk_2010s_322952,4482_volyn_lutsk_2010s,4482,Volyn Lutsk,2010s,322952,Roman Nykytyuk (322952),Ukraine,Defender - Centre-Back,Defender,CB,4,4,0.0,0,0,0,9,0,0,0.0,12.0,52.8,65.5,0.5752946836661054,1.0,65.5
4482_volyn_lutsk_2010s_82599,4482_volyn_lutsk_2010s,4482,Volyn Lutsk,2010s,82599,Valeriy Fedorchuk (82599),Ukraine,Midfield - Central Midfield,Midfield,CM,1,1,0.0,2,0,0,3,0,0,0.0,11.0,52.6,64.6,0.5475102237190281,1.0,64.6
4482_volyn_lutsk_2010s_94928,4482_volyn_lutsk_2010s,4482,Volyn Lutsk,2010s,94928,Ruslan Babenko (94928),Ukraine,Midfield - Central Midfield,Midfield,CM,1,1,1.0,1,0,0,5,0,0,1427.0,11.0,52.6,64.6,0.5475102237190281,1.0,64.6
4482_volyn_lutsk_2010s_120262,4482_volyn_lutsk_2010s,4482,Volyn Lutsk,2010s,120262,Dmytro Nemchaninov (120262),Ukraine,Defender - Centre-Back,Defender,CB,2,2,1.0,0,0,0,3,0,0,1239.0,11.0,52.6,64.6,0.5475102237190281,1.0,64.6
4482_volyn_lutsk_2010s_58976,4482_volyn_lutsk_2010s,4482,Volyn Lutsk,2010s,58976,Maksim Startsev (58976),Ukraine  Russia,Goalkeeper,Goalkeeper,GK,1,1,0.0,0,4,23,2,0,0,1342.0,9.0,52.1,62.9,0.49735386095742123,1.0,62.9
4482_volyn_lutsk_2010s_91527,4482_volyn_lutsk_2010s,4482,Volyn Lutsk,2010s,91527,Roman Karasyuk (91527),Ukraine,Midfield - Defensive Midfield,Midfield,CDM,3,3,0.0,0,0,0,0,0,0,0.0,9.0,52.1,62.9,0.49735386095742123,1.0,62.9
4482_volyn_lutsk_2010s_27204,4482_volyn_lutsk_2010s,4482,Volyn Lutsk,2010s,27204,Vsevolod Romanenko (27204),Ukraine,Goalkeeper,Goalkeeper,GK,1,1,0.0,0,3,6,0,0,0,382.0,7.5,51.8,61.1,0.44274717344238634,1.0,61.1
4482_volyn_lutsk_2010s_428380,4482_volyn_lutsk_2010s,4482,Volyn Lutsk,2010s,428380,Yuriy Romanyuk (428380),Ukraine,Defender - Right-Back,Defender,RB,2,2,0.0,1,0,0,7,1,0,0.0,7.5,51.8,61.1,0.44274717344238634,1.0,61.1
4482_volyn_lutsk_2010s_15596,4482_volyn_lutsk_2010s,4482,Volyn Lutsk,2010s,15596,Bogdan Shershun (15596),Ukraine,Defender - Centre-Back,Defender,CB,1,1,1.0,0,0,0,6,0,0,1534.0,7.0,51.7,60.4,0.42097666586480637,1.0,60.4
4482_volyn_lutsk_2010s_448869,4482_volyn_lutsk_2010s,4482,Volyn Lutsk,2010s,448869,Andriy Lyashenko (448869),Ukraine,Midfield - Right Midfield,Midfield,RM,1,1,0.0,1,0,0,3,0,0,0.0,7.0,51.7,60.4,0.42097666586480637,1.0,60.4
4482_volyn_lutsk_2010s_76071,4482_volyn_lutsk_2010s,4482,Volyn Lutsk,2010s,76071,Leandro (76071),Brazil  Poland,Defender - Left-Back,Defender,LB,2,2,0.0,0,0,0,6,0,0,0.0,6.0,51.4,58.6,0.36901611739235024,1.0,58.6
4482_volyn_lutsk_2010s_132999,4482_volyn_lutsk_2010s,4482,Volyn Lutsk,2010s,132999,Ivan Rogac (132999),Serbia  Montenegro,Defender - Centre-Back,Defender,CB,2,2,0.0,0,0,0,0,0,0,0.0,6.0,51.4,58.6,0.36901611739235024,1.0,58.6
4482_volyn_lutsk_2010s_410213,4482_volyn_lutsk_2010s,4482,Volyn Lutsk,2010s,410213,Oleksandr Chepelyuk (410213),Ukraine,Midfield - Defensive Midfield,Midfield,CDM,2,2,0.0,0,0,0,8,0,0,0.0,6.0,51.4,58.6,0.36901611739235024,1.0,58.6
4482_volyn_lutsk_2010s_110688,4482_volyn_lutsk_2010s,4482,Volyn Lutsk,2010s,110688,Sergiy Loginov (110688),Ukraine,Defender - Centre-Back,Defender,CB,2,2,0.0,0,0,0,3,0,0,0.0,5.0,51.2,57.4,0.33317296127014673,1.0,57.4
4482_volyn_lutsk_2010s_524021,4482_volyn_lutsk_2010s,4482,Volyn Lutsk,2010s,524021,Roman Zhmurko (524021),Ukraine,Goalkeeper,Goalkeeper,GK,1,1,0.0,0,1,0,0,0,0,90.0,4.5,51.1,57.1,0.3246331489054607,1.0,57.1
4482_volyn_lutsk_2010s_24053,4482_volyn_lutsk_2010s,4482,Volyn Lutsk,2010s,24053,Dmytro Semochko (24053),Ukraine  Russia,Defender - Left-Back,Defender,LB,1,1,0.0,0,0,0,0,0,0,0.0,3.0,50.7,51.2,0.16754871301419294,1.0,51.2
4482_volyn_lutsk_2010s_26499,4482_volyn_lutsk_2010s,4482,Volyn Lutsk,2010s,26499,Adrian Neaga (26499),Romania,Attack - Centre-Forward,Attack,FW,1,1,0.0,0,0,0,0,0,0,0.0,3.0,50.7,51.2,0.16754871301419294,1.0,51.2
4482_volyn_lutsk_2010s_34643,4482_volyn_lutsk_2010s,4482,Volyn Lutsk,2010s,34643,Dalibor Stevanovic (34643),Slovenia,Midfield - Central Midfield,Midfield,CM,1,1,0.0,0,0,0,2,0,0,0.0,3.0,50.7,51.2,0.16754871301419294,1.0,51.2
4482_volyn_lutsk_2010s_34670,4482_volyn_lutsk_2010s,4482,Volyn Lutsk,2010s,34670,Vitaliy Postranskyi (34670),Ukraine,Goalkeeper,Goalkeeper,GK,1,1,0.0,0,0,0,0,0,0,0.0,3.0,50.7,51.2,0.16754871301419294,1.0,51.2
4482_volyn_lutsk_2010s_58020,4482_volyn_lutsk_2010s,4482,Volyn Lutsk,2010s,58020,Samson Godwin (58020),Nigeria  Ukraine,Midfield - Defensive Midfield,Midfield,CDM,1,1,0.0,0,0,0,1,0,0,0.0,3.0,50.7,51.2,0.16754871301419294,1.0,51.2
4482_volyn_lutsk_2010s_58170,4482_volyn_lutsk_2010s,4482,Volyn Lutsk,2010s,58170,Oleg Zhenyukh (58170),Ukraine,Midfield - Central Midfield,Midfield,CM,1,1,0.0,0,0,0,0,0,0,0.0,3.0,50.7,51.2,0.16754871301419294,1.0,51.2
4482_volyn_lutsk_2010s_58413,4482_volyn_lutsk_2010s,4482,Volyn Lutsk,2010s,58413,Volodymyr Lysenko (58413),Ukraine,Attack - Centre-Forward,Attack,FW,1,1,0.0,0,0,0,0,0,0,0.0,3.0,50.7,51.2,0.16754871301419294,1.0,51.2
4482_volyn_lutsk_2010s_59893,4482_volyn_lutsk_2010s,4482,Volyn Lutsk,2010s,59893,Oleksandr Romanchuk (59893),Ukraine,Defender - Left-Back,Defender,LB,1,1,0.0,0,0,0,0,0,0,0.0,3.0,50.7,51.2,0.16754871301419294,1.0,51.2
4482_volyn_lutsk_2010s_64341,4482_volyn_lutsk_2010s,4482,Volyn Lutsk,2010s,64341,Anton Kravchenko (64341),Ukraine,Defender - Centre-Back,Defender,CB,1,1,0.0,0,0,0,0,0,0,0.0,3.0,50.7,51.2,0.16754871301419294,1.0,51.2
4482_volyn_lutsk_2010s_91358,4482_volyn_lutsk_2010s,4482,Volyn Lutsk,2010s,91358,Yevgen Novak (91358),Ukraine,Defender - Centre-Back,Defender,CB,1,1,0.0,0,0,0,2,0,0,0.0,3.0,50.7,51.2,0.16754871301419294,1.0,51.2
4482_volyn_lutsk_2010s_244271,4482_volyn_lutsk_2010s,4482,Volyn Lutsk,2010s,244271,Oleksandr Svatok (244271),Ukraine,Defender - Centre-Back,Defender,CB,1,1,0.0,0,0,0,1,0,0,0.0,3.0,50.7,51.2,0.16754871301419294,1.0,51.2
4482_volyn_lutsk_2010s_375656,4482_volyn_lutsk_2010s,4482,Volyn Lutsk,2010s,375656,Dmytro Bulyga (375656),Ukraine,Midfield - Right Midfield,Midfield,RM,1,1,0.0,0,0,0,0,0,0,0.0,3.0,50.7,51.2,0.16754871301419294,1.0,51.2
4482_volyn_lutsk_2010s_464619,4482_volyn_lutsk_2010s,4482,Volyn Lutsk,2010s,464619,Vladyslav Dmytrenko (464619),Ukraine,Attack - Left Winger,Attack,LM,1,1,0.0,0,0,0,0,0,0,0.0,3.0,50.7,51.2,0.16754871301419294,1.0,51.2
48332_kolos_kovalivka_2010s_58413,48332_kolos_kovalivka_2010s,48332,Kolos Kovalivka,2010s,58413,Volodymyr Lysenko (58413),Ukraine,Attack - Centre-Forward,Attack,FW,1,3,6.0,2,0,0,3,0,0,641.0,41.0,95.0,76.5,0.8559057012268463,1.0,76.5
48332_kolos_kovalivka_2010s_160109,48332_kolos_kovalivka_2010s,48332,Kolos Kovalivka,2010s,160109,Árni Vilhjálmsson (160109),Iceland,Attack - Centre-Forward,Attack,FW,1,3,5.0,1,0,0,3,0,3,384.0,32.0,85.1,74.3,0.8081549194130383,1.0,74.3
48332_kolos_kovalivka_2010s_396532,48332_kolos_kovalivka_2010s,48332,Kolos Kovalivka,2010s,396532,Yevgeniy Smyrnyi (396532),Ukraine,Midfield - Central Midfield,Midfield,CM,1,3,5.0,1,0,0,6,0,0,195.0,31.0,84.0,74.0,0.8010584556170315,1.0,74.0
48332_kolos_kovalivka_2010s_383325,48332_kolos_kovalivka_2010s,48332,Kolos Kovalivka,2010s,383325,Denys Antyukh (383325),Ukraine,Attack - Right Winger,Attack,RM,1,3,3.0,2,0,0,1,0,0,70.0,26.0,78.5,72.6,0.7647341833052682,1.0,72.6
48332_kolos_kovalivka_2010s_248936,48332_kolos_kovalivka_2010s,48332,Kolos Kovalivka,2010s,248936,Pavlo Orikhovskyi (248936),Ukraine,Midfield - Central Midfield,Midfield,CM,1,3,2.0,3,0,0,6,0,0,1392.0,25.0,77.4,72.2,0.7552321385614625,1.0,72.2
48332_kolos_kovalivka_2010s_495923,48332_kolos_kovalivka_2010s,48332,Kolos Kovalivka,2010s,495923,Oleg Ilyin (495923),Ukraine,Midfield - Right Midfield,Midfield,RM,1,2,2.0,3,0,0,6,0,0,635.0,25.0,77.4,72.2,0.7552321385614625,1.0,72.2
48332_kolos_kovalivka_2010s_366446,48332_kolos_kovalivka_2010s,48332,Kolos Kovalivka,2010s,366446,Denys Kostyshyn (366446),Ukraine,Midfield - Attacking Midfield,Midfield,AM,1,3,3.0,1,0,0,5,0,1,200.0,22.0,74.1,71.1,0.7276882367091653,1.0,71.1
48332_kolos_kovalivka_2010s_59038,48332_kolos_kovalivka_2010s,48332,Kolos Kovalivka,2010s,59038,Vitaliy Gavrysh (59038),Ukraine,Defender - Centre-Back,Defender,CB,1,3,3.0,0,0,0,1,0,2,265.0,17.0,68.7,68.6,0.6645417368294443,1.0,68.6
48332_kolos_kovalivka_2010s_259869,48332_kolos_kovalivka_2010s,48332,Kolos Kovalivka,2010s,259869,Vladyslav Nekhtiy (259869),Ukraine  Kazakhstan,Attack - Centre-Forward,Attack,FW,1,1,0.0,3,0,0,2,0,0,0.0,15.0,66.5,67.4,0.6314649987972095,1.0,67.4
48332_kolos_kovalivka_2010s_58418,48332_kolos_kovalivka_2010s,48332,Kolos Kovalivka,2010s,58418,Vadym Milko (58418),Ukraine,Midfield - Central Midfield,Midfield,CM,1,3,2.0,0,0,0,10,0,0,807.0,12.0,63.2,65.5,0.5752946836661054,1.0,65.5
48332_kolos_kovalivka_2010s_343492,48332_kolos_kovalivka_2010s,48332,Kolos Kovalivka,2010s,343492,Oleg Kozhushko (343492),Ukraine,Attack - Centre-Forward,Attack,FW,1,3,1.0,1,0,0,0,0,0,185.0,11.0,62.1,64.6,0.5475102237190281,1.0,64.6
48332_kolos_kovalivka_2010s_576022,48332_kolos_kovalivka_2010s,48332,Kolos Kovalivka,2010s,576022,Vladyslav Yemets (576022),Ukraine,Defender - Left-Back,Defender,LB,1,3,0.0,2,0,0,5,0,0,0.0,11.0,62.1,64.6,0.5475102237190281,1.0,64.6
48332_kolos_kovalivka_2010s_166581,48332_kolos_kovalivka_2010s,48332,Kolos Kovalivka,2010s,166581,Yevgen Volynets (166581),Ukraine,Goalkeeper,Goalkeeper,GK,1,3,0.0,0,5,39,2,0,0,2280.0,10.5,61.5,64.1,0.5318739475583354,1.0,64.1
48332_kolos_kovalivka_2010s_312799,48332_kolos_kovalivka_2010s,48332,Kolos Kovalivka,2010s,312799,Vadym Paramonov (312799),Ukraine,Defender - Centre-Back,Defender,CB,1,3,1.0,0,0,0,4,0,0,1293.0,8.0,58.8,61.9,0.46572047149386575,1.0,61.9
48332_kolos_kovalivka_2010s_418896,48332_kolos_kovalivka_2010s,48332,Kolos Kovalivka,2010s,418896,Stanislav Sorokin (418896),Ukraine,Midfield - Central Midfield,Midfield,CM,1,2,1.0,0,0,0,2,0,0,74.0,8.0,58.8,61.9,0.46572047149386575,1.0,61.9
48332_kolos_kovalivka_2010s_58427,48332_kolos_kovalivka_2010s,48332,Kolos Kovalivka,2010s,58427,Kyrylo Petrov (58427),Ukraine,Midfield - Defensive Midfield,Midfield,CDM,1,3,1.0,0,0,0,4,0,0,360.0,7.0,57.7,60.4,0.42097666586480637,1.0,60.4
48332_kolos_kovalivka_2010s_59978,48332_kolos_kovalivka_2010s,48332,Kolos Kovalivka,2010s,59978,Yevgen Zadoya (59978),Ukraine,Midfield - Defensive Midfield,Midfield,CDM,1,3,0.0,1,0,0,6,1,0,0.0,5.5,56.0,57.5,0.3363002165022853,1.0,57.5
48332_kolos_kovalivka_2010s_92567,48332_kolos_kovalivka_2010s,48332,Kolos Kovalivka,2010s,92567,Andriy Bogdanov (92567),Ukraine,Midfield - Central Midfield,Midfield,CM,1,2,0.0,0,0,0,3,0,0,0.0,3.0,53.3,51.2,0.16754871301419294,1.0,51.2
48332_kolos_kovalivka_2010s_112364,48332_kolos_kovalivka_2010s,48332,Kolos Kovalivka,2010s,112364,Vyacheslav Ryabov (112364),Ukraine,Defender - Centre-Back,Defender,CB,1,1,0.0,0,0,0,0,0,0,0.0,3.0,53.3,51.2,0.16754871301419294,1.0,51.2
48332_kolos_kovalivka_2010s_167555,48332_kolos_kovalivka_2010s,48332,Kolos Kovalivka,2010s,167555,Oleksandr Chornomorets (167555),Ukraine,Defender - Left-Back,Defender,LB,1,3,0.0,0,0,0,7,0,0,0.0,3.0,53.3,51.2,0.16754871301419294,1.0,51.2
48332_kolos_kovalivka_2010s_269365,48332_kolos_kovalivka_2010s,48332,Kolos Kovalivka,2010s,269365,Oleksiy Zozulya (269365),Ukraine,Defender - Right-Back,Defender,RB,1,3,0.0,0,0,0,6,0,0,0.0,3.0,53.3,51.2,0.16754871301419294,1.0,51.2
48332_kolos_kovalivka_2010s_288856,48332_kolos_kovalivka_2010s,48332,Kolos Kovalivka,2010s,288856,Oleksandr Migunov (288856),Ukraine,Defender - Left-Back,Defender,LB,1,1,0.0,0,0,0,1,0,0,0.0,3.0,53.3,51.2,0.16754871301419294,1.0,51.2
48332_kolos_kovalivka_2010s_318361,48332_kolos_kovalivka_2010s,48332,Kolos Kovalivka,2010s,318361,Dzhemal Kyzylatesh (318361),Ukraine  Türkiye,Midfield - Defensive Midfield,Midfield,CDM,1,1,0.0,0,0,0,1,0,0,0.0,3.0,53.3,51.2,0.16754871301419294,1.0,51.2
48332_kolos_kovalivka_2010s_387198,48332_kolos_kovalivka_2010s,48332,Kolos Kovalivka,2010s,387198,Yegor Demchenko (387198),Ukraine,Midfield - Central Midfield,Midfield,CM,1,1,0.0,0,0,0,0,0,0,0.0,3.0,53.3,51.2,0.16754871301419294,1.0,51.2
48332_kolos_kovalivka_2010s_537841,48332_kolos_kovalivka_2010s,48332,Kolos Kovalivka,2010s,537841,Yevgeniy Kucherenko (537841),Ukraine,Goalkeeper,Goalkeeper,GK,1,2,0.0,0,0,2,0,0,0,90.0,3.0,53.3,51.2,0.16754871301419294,1.0,51.2
48332_kolos_kovalivka_2010s_649029,48332_kolos_kovalivka_2010s,48332,Kolos Kovalivka,2010s,649029,Mamadou Danfa (649029),Senegal,Attack - Right Winger,Attack,RM,1,1,0.0,0,0,0,0,0,0,0.0,3.0,53.3,51.2,0.16754871301419294,1.0,51.2
48332_kolos_kovalivka_2010s_775905,48332_kolos_kovalivka_2010s,48332,Kolos Kovalivka,2010s,775905,Stanislav Morarenko (775905),Ukraine,Midfield - Central Midfield,Midfield,CM,1,1,0.0,0,0,0,0,0,0,0.0,3.0,53.3,51.2,0.16754871301419294,1.0,51.2
48332_kolos_kovalivka_2010s_114398,48332_kolos_kovalivka_2010s,48332,Kolos Kovalivka,2010s,114398,Maksym Maksymenko (114398),Ukraine,Defender - Centre-Back,Defender,CB,1,3,0.0,0,0,0,3,1,0,0.0,0.0,50.0,45.0,0.0006013952369497233,1.0,45.0
48332_kolos_kovalivka_2020s_248936,48332_kolos_kovalivka_2020s,48332,Kolos Kovalivka,2020s,248936,Pavlo Orikhovskyi (248936),Ukraine,Midfield - Central Midfield,Midfield,CM,4,4,15.0,6,0,0,17,0,7,2685.0,111.0,95.0,86.6,0.9648785181621361,1.0,86.6
48332_kolos_kovalivka_2020s_729781,48332_kolos_kovalivka_2020s,48332,Kolos Kovalivka,2020s,729781,Vladyslav Veleten (729781),Ukraine,Attack - Right Winger,Attack,RM,5,5,7.0,8,0,0,12,0,0,1300.0,82.0,83.2,83.6,0.9449121962954053,1.0,83.6
48332_kolos_kovalivka_2020s_58418,48332_kolos_kovalivka_2020s,48332,Kolos Kovalivka,2020s,58418,Vadym Milko (58418),Ukraine,Midfield - Central Midfield,Midfield,CM,4,4,10.0,3,0,0,14,0,4,2989.0,74.0,80.0,82.8,0.93492903536204,1.0,82.8
48332_kolos_kovalivka_2020s_495923,48332_kolos_kovalivka_2020s,48332,Kolos Kovalivka,2020s,495923,Oleg Ilyin (495923),Ukraine,Midfield - Right Midfield,Midfield,RM,5,5,5.0,7,0,0,17,0,0,3160.0,68.0,77.6,82.1,0.9263892229973538,1.0,82.1
48332_kolos_kovalivka_2020s_155964,48332_kolos_kovalivka_2020s,48332,Kolos Kovalivka,2020s,155964,Andriy Tsurikov (155964),Ukraine,Defender - Left-Back,Defender,LB,3,3,9.0,2,0,0,9,0,0,940.0,62.0,75.1,81.2,0.9155641087322588,1.0,81.2
48332_kolos_kovalivka_2020s_166581,48332_kolos_kovalivka_2020s,48332,Kolos Kovalivka,2020s,166581,Yevgen Volynets (166581),Ukraine,Goalkeeper,Goalkeeper,GK,3,3,0.0,2,28,59,5,0,0,5310.0,59.0,73.9,80.7,0.9090690401732018,1.0,80.7
48332_kolos_kovalivka_2020s_58413,48332_kolos_kovalivka_2020s,48332,Kolos Kovalivka,2020s,58413,Volodymyr Lysenko (58413),Ukraine,Attack - Centre-Forward,Attack,FW,3,3,7.0,3,0,0,13,0,1,680.0,56.0,72.7,80.1,0.9016117392350252,1.0,80.1
48332_kolos_kovalivka_2020s_92567,48332_kolos_kovalivka_2020s,48332,Kolos Kovalivka,2020s,92567,Andriy Bogdanov (92567),Ukraine,Midfield - Central Midfield,Midfield,CM,4,4,0.0,9,0,0,22,0,0,0.0,48.0,69.5,78.5,0.8812845802261247,1.0,78.5
48332_kolos_kovalivka_2020s_269371,48332_kolos_kovalivka_2020s,48332,Kolos Kovalivka,2020s,269371,Denys Bezborodko (269371),Ukraine,Attack - Centre-Forward,Attack,FW,3,3,4.0,4,0,0,12,0,0,1349.0,45.0,68.2,77.7,0.8707000240558095,1.0,77.7
48332_kolos_kovalivka_2020s_131553,48332_kolos_kovalivka_2020s,48332,Kolos Kovalivka,2020s,131553,Vyacheslav Churko (131553),Ukraine  Hungary,Midfield - Attacking Midfield,Midfield,AM,2,2,4.0,4,0,0,5,0,0,1567.0,42.0,67.0,76.7,0.8592735145537648,1.0,76.7
48332_kolos_kovalivka_2020s_366446,48332_kolos_kovalivka_2020s,48332,Kolos Kovalivka,2020s,366446,Denys Kostyshyn (366446),Ukraine,Midfield - Attacking Midfield,Midfield,AM,2,2,5.0,2,0,0,8,0,1,866.0,38.0,65.4,75.8,0.8444791917248016,1.0,75.8
48332_kolos_kovalivka_2020s_59908,48332_kolos_kovalivka_2020s,48332,Kolos Kovalivka,2020s,59908,Yevgen Seleznyov (59908),Ukraine,Attack - Centre-Forward,Attack,FW,1,1,5.0,1,0,0,4,0,5,109.0,32.0,63.0,74.3,0.8081549194130383,1.0,74.3
48332_kolos_kovalivka_2020s_167555,48332_kolos_kovalivka_2020s,48332,Kolos Kovalivka,2020s,167555,Oleksandr Chornomorets (167555),Ukraine,Defender - Left-Back,Defender,LB,4,4,2.0,3,0,0,14,0,0,634.0,32.0,63.0,74.3,0.8081549194130383,1.0,74.3
48332_kolos_kovalivka_2020s_248938,48332_kolos_kovalivka_2020s,48332,Kolos Kovalivka,2020s,248938,Maksym Tretyakov (248938),Ukraine,Attack - Left Winger,Attack,LM,2,2,2.0,4,0,0,1,0,0,772.0,32.0,63.0,74.3,0.8081549194130383,1.0,74.3
48332_kolos_kovalivka_2020s_1083190,48332_kolos_kovalivka_2020s,48332,Kolos Kovalivka,2020s,1083190,Ivan Pakholyuk (1083190),Ukraine,Goalkeeper,Goalkeeper,GK,4,4,0.0,0,13,22,2,0,0,2700.0,31.5,62.8,74.2,0.80454654799134,1.0,74.2
48332_kolos_kovalivka_2020s_648076,48332_kolos_kovalivka_2020s,48332,Kolos Kovalivka,2020s,648076,Jovanny Bolívar (648076),Venezuela,Attack - Centre-Forward,Attack,FW,1,1,3.0,3,0,0,4,0,0,388.0,30.0,62.2,73.8,0.7954053403897041,1.0,73.8
48332_kolos_kovalivka_2020s_892025,48332_kolos_kovalivka_2020s,48332,Kolos Kovalivka,2020s,892025,Anton Salabay (892025),Ukraine,Attack - Centre-Forward,Attack,FW,5,5,2.0,1,0,0,5,0,0,831.0,29.0,61.8,73.5,0.7883088765936974,1.0,73.5
48332_kolos_kovalivka_2020s_751977,48332_kolos_kovalivka_2020s,48332,Kolos Kovalivka,2020s,751977,Kiril Fesyun (751977),Ukraine,Goalkeeper,Goalkeeper,GK,3,3,0.0,0,13,38,0,0,0,3150.0,28.5,61.6,73.4,0.7840991099350493,1.0,73.4
48332_kolos_kovalivka_2020s_213865,48332_kolos_kovalivka_2020s,48332,Kolos Kovalivka,2020s,213865,Mykyta Burda (213865),Ukraine,Defender - Centre-Back,Defender,CB,3,3,3.0,1,0,0,9,0,0,3714.0,28.0,61.4,73.2,0.7803704594659611,1.0,73.2
48332_kolos_kovalivka_2020s_658060,48332_kolos_kovalivka_2020s,48332,Kolos Kovalivka,2020s,658060,Nika Gagnidze (658060),Georgia,Midfield - Central Midfield,Midfield,CM,2,2,2.0,3,0,0,4,0,0,896.0,28.0,61.4,73.2,0.7803704594659611,1.0,73.2
48332_kolos_kovalivka_2020s_193158,48332_kolos_kovalivka_2020s,48332,Kolos Kovalivka,2020s,193158,Sergiy Myakushko (193158),Ukraine,Attack - Left Winger,Attack,LM,2,2,2.0,3,0,0,4,0,0,772.0,27.0,60.9,72.9,0.7733942747173442,1.0,72.9
48332_kolos_kovalivka_2020s_264063,48332_kolos_kovalivka_2020s,48332,Kolos Kovalivka,2020s,264063,Sergiy Bolbat (264063),Ukraine,Attack - Right Winger,Attack,RM,2,2,1.0,3,0,0,4,0,0,1851.0,23.0,59.3,71.5,0.7382727928794804,1.0,71.5
48332_kolos_kovalivka_2020s_755174,48332_kolos_kovalivka_2020s,48332,Kolos Kovalivka,2020s,755174,Danyil Alefirenko (755174),Ukraine,Attack - Left Winger,Attack,LM,2,2,1.0,3,0,0,5,0,0,1184.0,23.0,59.3,71.5,0.7382727928794804,1.0,71.5
48332_kolos_kovalivka_2020s_58427,48332_kolos_kovalivka_2020s,48332,Kolos Kovalivka,2020s,58427,Kyrylo Petrov (58427),Ukraine,Midfield - Defensive Midfield,Midfield,CDM,2,2,2.0,1,0,0,10,0,1,878.0,20.0,58.1,70.2,0.7051960548472456,1.0,70.2
48332_kolos_kovalivka_2020s_396532,48332_kolos_kovalivka_2020s,48332,Kolos Kovalivka,2020s,396532,Yevgeniy Smyrnyi (396532),Ukraine,Midfield - Central Midfield,Midfield,CM,2,2,2.0,1,0,0,8,0,0,423.0,20.0,58.1,70.2,0.7051960548472456,1.0,70.2
48332_kolos_kovalivka_2020s_91358,48332_kolos_kovalivka_2020s,48332,Kolos Kovalivka,2020s,91358,Yevgen Novak (91358),Ukraine,Defender - Centre-Back,Defender,CB,3,3,2.0,0,0,0,5,0,0,1872.0,19.0,57.7,69.6,0.6904017320182824,1.0,69.6
48332_kolos_kovalivka_2020s_297752,48332_kolos_kovalivka_2020s,48332,Kolos Kovalivka,2020s,297752,Nikolay Zolotov (297752),Belarus,Defender - Left-Back,Defender,LB,4,4,0.0,2,0,0,16,1,0,0.0,18.5,57.5,69.4,0.684868895838345,1.0,69.4
48332_kolos_kovalivka_2020s_687881,48332_kolos_kovalivka_2020s,48332,Kolos Kovalivka,2020s,687881,Diego Carioca (687881),Brazil,Attack - Left Winger,Attack,LM,3,3,2.0,0,0,0,5,1,0,973.0,17.5,57.1,68.9,0.6716382006254511,1.0,68.9
48332_kolos_kovalivka_2020s_1134218,48332_kolos_kovalivka_2020s,48332,Kolos Kovalivka,2020s,1134218,Artem Gusol (1134218),Ukraine,Attack - Right Winger,Attack,RM,4,4,1.0,0,0,0,0,0,0,408.0,17.0,56.9,68.6,0.6645417368294443,1.0,68.6
48332_kolos_kovalivka_2020s_241700,48332_kolos_kovalivka_2020s,48332,Kolos Kovalivka,2020s,241700,Nika Sichinava (241700),Georgia,Attack - Centre-Forward,Attack,FW,1,1,1.0,2,0,0,3,0,0,755.0,16.0,56.5,67.9,0.6464998797209526,1.0,67.9
48332_kolos_kovalivka_2020s_245021,48332_kolos_kovalivka_2020s,48332,Kolos Kovalivka,2020s,245021,Sergiy Chobotenko (245021),Ukraine,Defender - Centre-Back,Defender,CB,1,1,2.0,1,0,0,5,0,0,1148.0,16.0,56.5,67.9,0.6464998797209526,1.0,67.9
48332_kolos_kovalivka_2020s_248934,48332_kolos_kovalivka_2020s,48332,Kolos Kovalivka,2020s,248934,Valeriy Luchkevych (248934),Ukraine,Defender - Right-Back,Defender,RB,2,2,2.0,0,0,0,2,0,0,935.0,16.0,56.5,67.9,0.6464998797209526,1.0,67.9
48332_kolos_kovalivka_2020s_383325,48332_kolos_kovalivka_2020s,48332,Kolos Kovalivka,2020s,383325,Denys Antyukh (383325),Ukraine,Attack - Right Winger,Attack,RM,1,1,1.0,2,0,0,5,0,0,1366.0,16.0,56.5,67.9,0.6464998797209526,1.0,67.9
48332_kolos_kovalivka_2020s_539441,48332_kolos_kovalivka_2020s,48332,Kolos Kovalivka,2020s,539441,Yevgeniy Isaenko (539441),Ukraine,Attack - Centre-Forward,Attack,FW,2,2,1.0,1,0,0,1,1,0,287.0,13.5,55.5,66.7,0.610897281693529,1.0,66.7
48332_kolos_kovalivka_2020s_463845,48332_kolos_kovalivka_2020s,48332,Kolos Kovalivka,2020s,463845,Oleksandr Demchenko (463845),Ukraine,Midfield - Defensive Midfield,Midfield,CDM,3,3,0.0,1,0,0,8,0,0,0.0,13.0,55.3,66.3,0.600072167428434,1.0,66.3
48332_kolos_kovalivka_2020s_501612,48332_kolos_kovalivka_2020s,48332,Kolos Kovalivka,2020s,501612,Yuriy Klymchuk (501612),Ukraine,Attack - Centre-Forward,Attack,FW,1,1,2.0,0,0,0,0,0,0,147.0,13.0,55.3,66.3,0.600072167428434,1.0,66.3
48332_kolos_kovalivka_2020s_692997,48332_kolos_kovalivka_2020s,48332,Kolos Kovalivka,2020s,692997,Oleksiy Sydorov (692997),Ukraine,Attack - Centre-Forward,Attack,FW,1,1,2.0,0,0,0,0,0,0,223.0,13.0,55.3,66.3,0.600072167428434,1.0,66.3
48332_kolos_kovalivka_2020s_365540,48332_kolos_kovalivka_2020s,48332,Kolos Kovalivka,2020s,365540,Valeriy Bondarenko (365540),Ukraine,Defender - Centre-Back,Defender,CB,3,3,1.0,0,0,0,8,0,0,2340.0,12.0,54.9,65.5,0.5752946836661054,1.0,65.5
48332_kolos_kovalivka_2020s_370399,48332_kolos_kovalivka_2020s,48332,Kolos Kovalivka,2020s,370399,Mykyta Kravchenko (370399),Ukraine,Defender - Right-Back,Defender,RB,2,2,0.0,2,0,0,7,0,0,0.0,12.0,54.9,65.5,0.5752946836661054,1.0,65.5
48332_kolos_kovalivka_2020s_522091,48332_kolos_kovalivka_2020s,48332,Kolos Kovalivka,2020s,522091,Renan Oliveira (522091),Brazil,Attack - Centre-Forward,Attack,FW,1,1,1.0,1,0,0,1,0,0,466.0,12.0,54.9,65.5,0.5752946836661054,1.0,65.5
48332_kolos_kovalivka_2020s_570743,48332_kolos_kovalivka_2020s,48332,Kolos Kovalivka,2020s,570743,Anatoliy Nuriyev (570743),Azerbaijan  Ukraine,Midfield - Attacking Midfield,Midfield,AM,1,1,1.0,1,0,0,1,0,0,521.0,12.0,54.9,65.5,0.5752946836661054,1.0,65.5
48332_kolos_kovalivka_2020s_964036,48332_kolos_kovalivka_2020s,48332,Kolos Kovalivka,2020s,964036,Oleg Kryvoruchko (964036),Ukraine,Midfield - Central Midfield,Midfield,CM,4,4,0.0,0,0,0,5,0,0,0.0,12.0,54.9,65.5,0.5752946836661054,1.0,65.5
48332_kolos_kovalivka_2020s_59038,48332_kolos_kovalivka_2020s,48332,Kolos Kovalivka,2020s,59038,Vitaliy Gavrysh (59038),Ukraine,Defender - Centre-Back,Defender,CB,2,2,1.0,0,0,0,5,0,0,1552.0,11.0,54.5,64.6,0.5475102237190281,1.0,64.6
48332_kolos_kovalivka_2020s_277777,48332_kolos_kovalivka_2020s,48332,Kolos Kovalivka,2020s,277777,Andriy Totovytskyi (277777),Ukraine,Midfield - Attacking Midfield,Midfield,AM,1,1,0.0,2,0,0,0,0,0,0.0,11.0,54.5,64.6,0.5475102237190281,1.0,64.6
48332_kolos_kovalivka_2020s_382895,48332_kolos_kovalivka_2020s,48332,Kolos Kovalivka,2020s,382895,Roman Goncharenko (382895),Ukraine,Defender - Centre-Back,Defender,CB,2,2,1.0,0,0,0,3,0,0,1379.0,11.0,54.5,64.6,0.5475102237190281,1.0,64.6
48332_kolos_kovalivka_2020s_649029,48332_kolos_kovalivka_2020s,48332,Kolos Kovalivka,2020s,649029,Mamadou Danfa (649029),Senegal,Attack - Right Winger,Attack,RM,2,2,1.0,0,0,0,4,0,0,278.0,11.0,54.5,64.6,0.5475102237190281,1.0,64.6
48332_kolos_kovalivka_2020s_708240,48332_kolos_kovalivka_2020s,48332,Kolos Kovalivka,2020s,708240,Eduard Kozik (708240),Ukraine,Defender - Centre-Back,Defender,CB,2,2,0.0,1,0,0,7,0,0,0.0,10.0,54.1,63.6,0.5188838104402214,1.0,63.6
48332_kolos_kovalivka_2020s_59978,48332_kolos_kovalivka_2020s,48332,Kolos Kovalivka,2020s,59978,Yevgen Zadoya (59978),Ukraine,Midfield - Defensive Midfield,Midfield,CDM,3,3,0.0,0,0,0,6,0,0,0.0,9.0,53.6,62.9,0.49735386095742123,1.0,62.9
48332_kolos_kovalivka_2020s_576022,48332_kolos_kovalivka_2020s,48332,Kolos Kovalivka,2020s,576022,Vladyslav Yemets (576022),Ukraine,Defender - Left-Back,Defender,LB,3,3,0.0,0,0,0,7,0,0,0.0,9.0,53.6,62.9,0.49735386095742123,1.0,62.9
48332_kolos_kovalivka_2020s_726035,48332_kolos_kovalivka_2020s,48332,Kolos Kovalivka,2020s,726035,Kiril Popov (726035),Ukraine,Attack - Centre-Forward,Attack,FW,2,2,0.0,1,0,0,2,1,0,0.0,8.5,53.4,62.5,0.4862881885975463,1.0,62.5
48332_kolos_kovalivka_2020s_442784,48332_kolos_kovalivka_2020s,48332,Kolos Kovalivka,2020s,442784,Rangel (442784),Brazil,Attack - Centre-Forward,Attack,FW,1,1,1.0,0,0,0,3,0,0,633.0,8.0,53.2,61.9,0.46572047149386575,1.0,61.9
48332_kolos_kovalivka_2020s_725356,48332_kolos_kovalivka_2020s,48332,Kolos Kovalivka,2020s,725356,Valentyn Gorokh (725356),Ukraine,Goalkeeper,Goalkeeper,GK,2,2,0.0,0,1,4,0,0,0,360.0,7.5,53.0,61.1,0.44274717344238634,1.0,61.1
48332_kolos_kovalivka_2020s_117481,48332_kolos_kovalivka_2020s,48332,Kolos Kovalivka,2020s,117481,Roman Mysak (117481),Ukraine,Goalkeeper,Goalkeeper,GK,2,2,0.0,0,0,1,1,0,0,90.0,6.0,52.4,58.6,0.36901611739235024,1.0,58.6
48332_kolos_kovalivka_2020s_269365,48332_kolos_kovalivka_2020s,48332,Kolos Kovalivka,2020s,269365,Oleksiy Zozulya (269365),Ukraine,Defender - Right-Back,Defender,RB,2,2,0.0,0,0,0,2,0,0,0.0,6.0,52.4,58.6,0.36901611739235024,1.0,58.6
48332_kolos_kovalivka_2020s_290571,48332_kolos_kovalivka_2020s,48332,Kolos Kovalivka,2020s,290571,Alvaro Ngamba (290571),Cameroon  France,Midfield - Central Midfield,Midfield,CM,2,2,0.0,0,0,0,5,0,0,0.0,6.0,52.4,58.6,0.36901611739235024,1.0,58.6
48332_kolos_kovalivka_2020s_294723,48332_kolos_kovalivka_2020s,48332,Kolos Kovalivka,2020s,294723,Volodymyr Makhankov (294723),Ukraine,Goalkeeper,Goalkeeper,GK,2,2,0.0,0,0,11,0,0,0,270.0,6.0,52.4,58.6,0.36901611739235024,1.0,58.6
48332_kolos_kovalivka_2020s_365692,48332_kolos_kovalivka_2020s,48332,Kolos Kovalivka,2020s,365692,Dmytro Topalov (365692),Ukraine,Attack - Left Winger,Attack,LM,2,2,0.0,0,0,0,1,0,0,0.0,6.0,52.4,58.6,0.36901611739235024,1.0,58.6
48332_kolos_kovalivka_2020s_418896,48332_kolos_kovalivka_2020s,48332,Kolos Kovalivka,2020s,418896,Stanislav Sorokin (418896),Ukraine,Midfield - Central Midfield,Midfield,CM,2,2,0.0,0,0,0,0,0,0,0.0,6.0,52.4,58.6,0.36901611739235024,1.0,58.6
48332_kolos_kovalivka_2020s_320861,48332_kolos_kovalivka_2020s,48332,Kolos Kovalivka,2020s,320861,Matija Rom (320861),Slovenia,Defender - Right-Back,Defender,RB,2,2,0.0,0,0,0,1,0,0,0.0,5.0,52.0,57.4,0.33317296127014673,1.0,57.4
48332_kolos_kovalivka_2020s_404838,48332_kolos_kovalivka_2020s,48332,Kolos Kovalivka,2020s,404838,Vladyslav Kucheruk (404838),Ukraine,Goalkeeper,Goalkeeper,GK,1,1,0.0,0,1,8,1,0,0,540.0,4.5,51.8,57.1,0.3246331489054607,1.0,57.1
48332_kolos_kovalivka_2020s_213976,48332_kolos_kovalivka_2020s,48332,Kolos Kovalivka,2020s,213976,Igor Kharatin (213976),Ukraine  Hungary,Midfield - Defensive Midfield,Midfield,CDM,1,1,0.0,0,0,0,0,0,0,0.0,3.0,51.2,51.2,0.16754871301419294,1.0,51.2
48332_kolos_kovalivka_2020s_249747,48332_kolos_kovalivka_2020s,48332,Kolos Kovalivka,2020s,249747,Aleksandr Pavlovets (249747),Belarus,Defender - Centre-Back,Defender,CB,1,1,0.0,0,0,0,4,0,0,0.0,3.0,51.2,51.2,0.16754871301419294,1.0,51.2
48332_kolos_kovalivka_2020s_404844,48332_kolos_kovalivka_2020s,48332,Kolos Kovalivka,2020s,404844,Tymofiy Sukhar (404844),Ukraine,Defender - Left-Back,Defender,LB,1,1,0.0,0,0,0,0,0,0,0.0,3.0,51.2,51.2,0.16754871301419294,1.0,51.2
48332_kolos_kovalivka_2020s_498899,48332_kolos_kovalivka_2020s,48332,Kolos Kovalivka,2020s,498899,Taras Sakiv (498899),Ukraine,Defender - Left-Back,Defender,LB,1,1,0.0,0,0,0,0,0,0,0.0,3.0,51.2,51.2,0.16754871301419294,1.0,51.2
48332_kolos_kovalivka_2020s_522833,48332_kolos_kovalivka_2020s,48332,Kolos Kovalivka,2020s,522833,Andriy Ponedelnik (522833),Ukraine,Defender - Right-Back,Defender,RB,1,1,0.0,0,0,0,1,0,0,0.0,3.0,51.2,51.2,0.16754871301419294,1.0,51.2
48332_kolos_kovalivka_2020s_537841,48332_kolos_kovalivka_2020s,48332,Kolos Kovalivka,2020s,537841,Yevgeniy Kucherenko (537841),Ukraine,Goalkeeper,Goalkeeper,GK,1,1,0.0,0,0,0,0,0,0,0.0,3.0,51.2,51.2,0.16754871301419294,1.0,51.2
48332_kolos_kovalivka_2020s_543380,48332_kolos_kovalivka_2020s,48332,Kolos Kovalivka,2020s,543380,Ibrahim Kane (543380),Mali,Midfield - Right Midfield,Midfield,RM,1,1,0.0,0,0,0,0,0,0,0.0,3.0,51.2,51.2,0.16754871301419294,1.0,51.2
48332_kolos_kovalivka_2020s_607249,48332_kolos_kovalivka_2020s,48332,Kolos Kovalivka,2020s,607249,Mathias Oyewusi (607249),Nigeria,Attack - Centre-Forward,Attack,FW,1,1,0.0,0,0,0,0,0,0,0.0,3.0,51.2,51.2,0.16754871301419294,1.0,51.2
48332_kolos_kovalivka_2020s_723621,48332_kolos_kovalivka_2020s,48332,Kolos Kovalivka,2020s,723621,Denys Kuzyk (723621),Ukraine,Midfield - Right Midfield,Midfield,RM,1,1,0.0,0,0,0,0,0,0,0.0,3.0,51.2,51.2,0.16754871301419294,1.0,51.2
48332_kolos_kovalivka_2020s_737740,48332_kolos_kovalivka_2020s,48332,Kolos Kovalivka,2020s,737740,Stanislav Koval (737740),Ukraine,Attack - Centre-Forward,Attack,FW,1,1,0.0,0,0,0,0,0,0,0.0,3.0,51.2,51.2,0.16754871301419294,1.0,51.2
48332_kolos_kovalivka_2020s_752862,48332_kolos_kovalivka_2020s,48332,Kolos Kovalivka,2020s,752862,Tymur Puzankov (752862),Ukraine,Goalkeeper,Goalkeeper,GK,1,1,0.0,0,0,0,0,0,0,0.0,3.0,51.2,51.2,0.16754871301419294,1.0,51.2
48332_kolos_kovalivka_2020s_775832,48332_kolos_kovalivka_2020s,48332,Kolos Kovalivka,2020s,775832,Dmytro Matsapura (775832),Ukraine,Goalkeeper,Goalkeeper,GK,1,1,0.0,0,0,0,0,0,0,0.0,3.0,51.2,51.2,0.16754871301419294,1.0,51.2
48332_kolos_kovalivka_2020s_775905,48332_kolos_kovalivka_2020s,48332,Kolos Kovalivka,2020s,775905,Stanislav Morarenko (775905),Ukraine,Midfield - Central Midfield,Midfield,CM,1,1,0.0,0,0,0,0,0,0,0.0,3.0,51.2,51.2,0.16754871301419294,1.0,51.2
48332_kolos_kovalivka_2020s_964037,48332_kolos_kovalivka_2020s,48332,Kolos Kovalivka,2020s,964037,Yevgen Danylyuk (964037),Ukraine,Midfield - Right Midfield,Midfield,RM,1,1,0.0,0,0,0,0,0,0,0.0,3.0,51.2,51.2,0.16754871301419294,1.0,51.2
48332_kolos_kovalivka_2020s_967602,48332_kolos_kovalivka_2020s,48332,Kolos Kovalivka,2020s,967602,Andriy Solovyov (967602),Ukraine,Midfield - Central Midfield,Midfield,CM,1,1,0.0,0,0,0,0,0,0,0.0,3.0,51.2,51.2,0.16754871301419294,1.0,51.2
48332_kolos_kovalivka_2020s_1050248,48332_kolos_kovalivka_2020s,48332,Kolos Kovalivka,2020s,1050248,Vyacheslav Stavnychyi (1050248),Ukraine,Defender - Centre-Back,Defender,CB,1,1,0.0,0,0,0,0,0,0,0.0,3.0,51.2,51.2,0.16754871301419294,1.0,51.2
48332_kolos_kovalivka_2020s_1079078,48332_kolos_kovalivka_2020s,48332,Kolos Kovalivka,2020s,1079078,Timur Tuterov (1079078),Ukraine,Attack - Left Winger,Attack,LM,1,1,0.0,0,0,0,0,0,0,0.0,3.0,51.2,51.2,0.16754871301419294,1.0,51.2
48332_kolos_kovalivka_2020s_1200856,48332_kolos_kovalivka_2020s,48332,Kolos Kovalivka,2020s,1200856,Andriy Boyko (1200856),Ukraine,Defender - Right-Back,Defender,RB,1,1,0.0,0,0,0,0,0,0,0.0,3.0,51.2,51.2,0.16754871301419294,1.0,51.2
48332_kolos_kovalivka_2020s_114398,48332_kolos_kovalivka_2020s,48332,Kolos Kovalivka,2020s,114398,Maksym Maksymenko (114398),Ukraine,Defender - Centre-Back,Defender,CB,1,1,0.0,0,0,0,1,1,0,0.0,1.5,50.6,45.4,0.00950204474380563,1.0,45.4
48726_rukh_lviv_2020s_501612,48726_rukh_lviv_2020s,48726,Rukh Lviv,2020s,501612,Yuriy Klymchuk (501612),Ukraine,Attack - Centre-Forward,Attack,FW,5,5,25.0,10,0,0,15,0,8,2177.0,179.0,95.0,90.7,0.9867693047871061,1.0,90.7
48726_rukh_lviv_2020s_936825,48726_rukh_lviv_2020s,48726,Rukh Lviv,2020s,936825,Ilya Kvasnytsya (936825),Ukraine,Attack - Right Winger,Attack,RM,3,3,12.0,12,0,0,6,0,0,471.0,117.0,79.4,87.2,0.9684868895838344,1.0,87.2
48726_rukh_lviv_2020s_740732,48726_rukh_lviv_2020s,48726,Rukh Lviv,2020s,740732,Talles Brener (740732),Brazil,Midfield - Attacking Midfield,Midfield,AM,3,3,12.0,9,0,0,7,0,2,1320.0,105.0,76.4,86.0,0.9618715419773876,1.0,86.0
48726_rukh_lviv_2020s_789583,48726_rukh_lviv_2020s,48726,Rukh Lviv,2020s,789583,Yaroslav Karabin (789583),Ukraine,Attack - Centre-Forward,Attack,FW,5,5,11.0,9,0,0,3,1,2,930.0,104.5,76.3,85.9,0.9612701467404379,1.0,85.9
48726_rukh_lviv_2020s_620368,48726_rukh_lviv_2020s,48726,Rukh Lviv,2020s,620368,Ostap Prytula (620368),Ukraine,Midfield - Attacking Midfield,Midfield,AM,6,6,5.0,5,0,0,9,0,2,1426.0,63.0,65.8,81.4,0.9180899687274476,1.0,81.4
48726_rukh_lviv_2020s_748940,48726_rukh_lviv_2020s,48726,Rukh Lviv,2020s,748940,Vasyl Runich (748940),Ukraine,Attack - Left Winger,Attack,LM,6,6,8.0,1,0,0,13,0,0,1605.0,62.0,65.6,81.2,0.9155641087322588,1.0,81.2
48726_rukh_lviv_2020s_337198,48726_rukh_lviv_2020s,48726,Rukh Lviv,2020s,337198,Bogdan Boychuk (337198),Ukraine,Attack - Right Winger,Attack,RM,3,3,1.0,8,0,0,6,1,0,1730.0,44.5,61.2,77.4,0.8680538850132307,1.0,77.4
48726_rukh_lviv_2020s_203854,48726_rukh_lviv_2020s,48726,Rukh Lviv,2020s,203854,Andriy Boryachuk (203854),Ukraine,Attack - Centre-Forward,Attack,FW,2,2,6.0,2,0,0,4,0,0,505.0,44.0,61.1,77.3,0.8663699783497715,1.0,77.3
48726_rukh_lviv_2020s_748939,48726_rukh_lviv_2020s,48726,Rukh Lviv,2020s,748939,Oleksiy Sych (748939),Ukraine,Defender - Right-Back,Defender,RB,5,5,1.0,6,0,0,8,0,0,2687.0,44.0,61.1,77.3,0.8663699783497715,1.0,77.3
48726_rukh_lviv_2020s_82599,48726_rukh_lviv_2020s,48726,Rukh Lviv,2020s,82599,Valeriy Fedorchuk (82599),Ukraine,Midfield - Central Midfield,Midfield,CM,3,3,5.0,1,0,0,10,0,0,1218.0,38.0,59.6,75.8,0.8444791917248016,1.0,75.8
48726_rukh_lviv_2020s_316945,48726_rukh_lviv_2020s,48726,Rukh Lviv,2020s,316945,Maryan Mysyk (316945),Ukraine,Midfield - Left Midfield,Midfield,LM,4,4,1.0,5,0,0,13,0,0,1974.0,36.0,59.1,75.3,0.832571566033197,1.0,75.3
48726_rukh_lviv_2020s_540186,48726_rukh_lviv_2020s,48726,Rukh Lviv,2020s,540186,Daniil Kondrakov (540186),Russia  Ukraine,Attack - Centre-Forward,Attack,FW,2,2,6.0,0,0,0,6,0,4,159.0,36.0,59.1,75.3,0.832571566033197,1.0,75.3
48726_rukh_lviv_2020s_892049,48726_rukh_lviv_2020s,48726,Rukh Lviv,2020s,892049,Marko Sapuga (892049),Ukraine,Midfield - Defensive Midfield,Midfield,CDM,6,6,1.0,3,0,0,13,0,0,1585.0,34.0,58.5,74.8,0.8201828241520327,1.0,74.8
48726_rukh_lviv_2020s_182912,48726_rukh_lviv_2020s,48726,Rukh Lviv,2020s,182912,Ange-Freddy Plumain (182912),Guadeloupe  France,Attack - Left Winger,Attack,LM,2,2,3.0,3,0,0,3,0,1,403.0,33.0,58.3,74.6,0.8146499879720953,1.0,74.6
48726_rukh_lviv_2020s_717199,48726_rukh_lviv_2020s,48726,Rukh Lviv,2020s,717199,Bogdan Slyubyk (717199),Ukraine,Defender - Centre-Back,Defender,CB,5,5,4.0,0,0,0,14,0,0,651.0,33.0,58.3,74.6,0.8146499879720953,1.0,74.6
48726_rukh_lviv_2020s_1045187,48726_rukh_lviv_2020s,48726,Rukh Lviv,2020s,1045187,Igor Krasnopir (1045187),Ukraine,Attack - Centre-Forward,Attack,FW,1,1,6.0,0,0,0,2,0,1,209.0,33.0,58.3,74.6,0.8146499879720953,1.0,74.6
48726_rukh_lviv_2020s_533537,48726_rukh_lviv_2020s,48726,Rukh Lviv,2020s,533537,Rostyslav Lyakh (533537),Ukraine,Defender - Left-Back,Defender,LB,6,6,1.0,2,0,0,4,0,0,360.0,30.0,57.5,73.8,0.7954053403897041,1.0,73.8
48726_rukh_lviv_2020s_391127,48726_rukh_lviv_2020s,48726,Rukh Lviv,2020s,391127,Viv Solomon-Otabor (391127),Nigeria  England,Attack - Right Winger,Attack,RM,2,2,3.0,2,0,0,3,0,0,759.0,28.0,57.0,73.2,0.7803704594659611,1.0,73.2
48726_rukh_lviv_2020s_774552,48726_rukh_lviv_2020s,48726,Rukh Lviv,2020s,774552,Denys Slyusar (774552),Ukraine,Defender - Centre-Back,Defender,CB,6,6,1.0,0,0,0,7,0,0,1586.0,22.0,55.5,71.1,0.7276882367091653,1.0,71.1
48726_rukh_lviv_2020s_773961,48726_rukh_lviv_2020s,48726,Rukh Lviv,2020s,773961,Oleg Fedor (773961),Ukraine,Midfield - Central Midfield,Midfield,CM,3,3,0.0,3,0,0,4,0,0,0.0,21.0,55.3,70.7,0.7179456338705797,1.0,70.7
48726_rukh_lviv_2020s_289487,48726_rukh_lviv_2020s,48726,Rukh Lviv,2020s,289487,Rostyslav Rusyn (289487),Ukraine,Attack - Right Winger,Attack,RM,1,1,1.0,3,0,0,1,0,0,734.0,20.0,55.0,70.2,0.7051960548472456,1.0,70.2
48726_rukh_lviv_2020s_686332,48726_rukh_lviv_2020s,48726,Rukh Lviv,2020s,686332,Edson Fernando (686332),Brazil,Midfield - Defensive Midfield,Midfield,CDM,4,4,0.0,2,0,0,7,0,0,0.0,19.0,54.8,69.6,0.6904017320182824,1.0,69.6
48726_rukh_lviv_2020s_85969,48726_rukh_lviv_2020s,48726,Rukh Lviv,2020s,85969,Oleksandr Bandura (85969),Ukraine,Goalkeeper,Goalkeeper,GK,2,2,0.0,0,8,34,0,0,0,2340.0,18.0,54.5,69.1,0.6780129901371181,1.0,69.1
48726_rukh_lviv_2020s_717394,48726_rukh_lviv_2020s,48726,Rukh Lviv,2020s,717394,Yuriy-Volodymyr Gereta (717394),Ukraine,Goalkeeper,Goalkeeper,GK,5,5,0.0,0,2,19,0,0,0,991.0,18.0,54.5,69.1,0.6780129901371181,1.0,69.1
48726_rukh_lviv_2020s_91527,48726_rukh_lviv_2020s,48726,Rukh Lviv,2020s,91527,Roman Karasyuk (91527),Ukraine,Midfield - Defensive Midfield,Midfield,CDM,2,2,0.0,2,0,0,6,0,0,0.0,14.0,53.5,67.0,0.6188356988212653,1.0,67.0
48726_rukh_lviv_2020s_381430,48726_rukh_lviv_2020s,48726,Rukh Lviv,2020s,381430,Fabricio Alvarenga (381430),Argentina,Attack - Right Winger,Attack,RM,3,3,1.0,0,0,0,6,0,0,497.0,14.0,53.5,67.0,0.6188356988212653,1.0,67.0
48726_rukh_lviv_2020s_107803,48726_rukh_lviv_2020s,48726,Rukh Lviv,2020s,107803,Maksym Bilyi (107803),Ukraine,Defender - Centre-Back,Defender,CB,3,3,0.0,1,0,0,9,0,0,0.0,13.0,53.3,66.3,0.600072167428434,1.0,66.3
48726_rukh_lviv_2020s_730126,48726_rukh_lviv_2020s,48726,Rukh Lviv,2020s,730126,Mykola Kukharevych (730126),Ukraine,Attack - Centre-Forward,Attack,FW,1,1,2.0,0,0,0,5,0,0,484.0,13.0,53.3,66.3,0.600072167428434,1.0,66.3
48726_rukh_lviv_2020s_1041334,48726_rukh_lviv_2020s,48726,Rukh Lviv,2020s,1041334,Klayver (1041334),Brazil,Attack - Left Winger,Attack,LM,3,3,1.0,0,0,0,0,0,0,423.0,13.0,53.3,66.3,0.600072167428434,1.0,66.3
48726_rukh_lviv_2020s_365195,48726_rukh_lviv_2020s,48726,Rukh Lviv,2020s,365195,Andriy Kukharuk (365195),Ukraine,Midfield - Central Midfield,Midfield,CM,2,2,1.0,0,0,0,2,0,0,866.0,11.0,52.8,64.6,0.5475102237190281,1.0,64.6
48726_rukh_lviv_2020s_58072,48726_rukh_lviv_2020s,48726,Rukh Lviv,2020s,58072,Yaroslav Martynyuk (58072),Ukraine,Midfield - Central Midfield,Midfield,CM,2,2,1.0,0,0,0,9,0,0,1115.0,10.0,52.5,63.6,0.5188838104402214,1.0,63.6
48726_rukh_lviv_2020s_432658,48726_rukh_lviv_2020s,48726,Rukh Lviv,2020s,432658,Yuriy Kopyna (432658),Ukraine,Defender - Right-Back,Defender,RB,2,2,0.0,1,0,0,1,0,0,0.0,10.0,52.5,63.6,0.5188838104402214,1.0,63.6
48726_rukh_lviv_2020s_427668,48726_rukh_lviv_2020s,48726,Rukh Lviv,2020s,427668,Igor Boychuk (427668),Ukraine,Defender - Left-Back,Defender,LB,1,1,1.0,0,0,0,0,0,0,44.0,8.0,52.0,61.9,0.46572047149386575,1.0,61.9
48726_rukh_lviv_2020s_539738,48726_rukh_lviv_2020s,48726,Rukh Lviv,2020s,539738,Oleg Gorin (539738),Ukraine,Defender - Centre-Back,Defender,CB,1,1,1.0,0,0,0,4,0,0,607.0,8.0,52.0,61.9,0.46572047149386575,1.0,61.9
48726_rukh_lviv_2020s_633850,48726_rukh_lviv_2020s,48726,Rukh Lviv,2020s,633850,Artur Ryabov (633850),Ukraine,Midfield - Central Midfield,Midfield,CM,1,1,1.0,0,0,0,4,0,0,663.0,8.0,52.0,61.9,0.46572047149386575,1.0,61.9
48726_rukh_lviv_2020s_117481,48726_rukh_lviv_2020s,48726,Rukh Lviv,2020s,117481,Roman Mysak (117481),Ukraine,Goalkeeper,Goalkeeper,GK,1,1,0.0,1,0,10,0,0,0,270.0,7.0,51.8,60.4,0.42097666586480637,1.0,60.4
48726_rukh_lviv_2020s_248936,48726_rukh_lviv_2020s,48726,Rukh Lviv,2020s,248936,Pavlo Orikhovskyi (248936),Ukraine,Midfield - Central Midfield,Midfield,CM,1,1,0.0,1,0,0,0,0,0,0.0,7.0,51.8,60.4,0.42097666586480637,1.0,60.4
48726_rukh_lviv_2020s_353252,48726_rukh_lviv_2020s,48726,Rukh Lviv,2020s,353252,Orest Kuzyk (353252),Ukraine,Attack - Left Winger,Attack,LM,1,1,1.0,0,0,0,0,0,0,269.0,7.0,51.8,60.4,0.42097666586480637,1.0,60.4
48726_rukh_lviv_2020s_146725,48726_rukh_lviv_2020s,48726,Rukh Lviv,2020s,146725,Milos Stamenkovic (146725),Serbia,Defender - Centre-Back,Defender,CB,2,2,0.0,0,0,0,6,0,0,0.0,6.0,51.5,58.6,0.36901611739235024,1.0,58.6
48726_rukh_lviv_2020s_497222,48726_rukh_lviv_2020s,48726,Rukh Lviv,2020s,497222,Oleg Veremiyenko (497222),Ukraine,Defender - Centre-Back,Defender,CB,2,2,0.0,0,0,0,1,0,0,0.0,6.0,51.5,58.6,0.36901611739235024,1.0,58.6
48726_rukh_lviv_2020s_1059634,48726_rukh_lviv_2020s,48726,Rukh Lviv,2020s,1059634,Kostyantyn Kvas (1059634),Ukraine,Midfield - Attacking Midfield,Midfield,AM,2,2,0.0,0,0,0,0,0,0,0.0,6.0,51.5,58.6,0.36901611739235024,1.0,58.6
48726_rukh_lviv_2020s_522327,48726_rukh_lviv_2020s,48726,Rukh Lviv,2020s,522327,Roman Gagun (522327),Ukraine,Defender - Right-Back,Defender,RB,2,2,0.0,0,0,0,1,1,0,0.0,4.5,51.1,57.1,0.3246331489054607,1.0,57.1
48726_rukh_lviv_2020s_46478,48726_rukh_lviv_2020s,48726,Rukh Lviv,2020s,46478,Ragnar Sigurdsson (46478),Iceland,Defender - Centre-Back,Defender,CB,1,1,0.0,0,0,0,0,0,0,0.0,3.0,50.8,51.2,0.16754871301419294,1.0,51.2
48726_rukh_lviv_2020s_162783,48726_rukh_lviv_2020s,48726,Rukh Lviv,2020s,162783,Volodymyr Zastavnyi (162783),Ukraine,Defender - Right-Back,Defender,RB,1,1,0.0,0,0,0,1,0,0,0.0,3.0,50.8,51.2,0.16754871301419294,1.0,51.2
48726_rukh_lviv_2020s_176409,48726_rukh_lviv_2020s,48726,Rukh Lviv,2020s,176409,Igor Duts (176409),Ukraine,Defender - Centre-Back,Defender,CB,1,1,0.0,0,0,0,3,0,0,0.0,3.0,50.8,51.2,0.16754871301419294,1.0,51.2
48726_rukh_lviv_2020s_206889,48726_rukh_lviv_2020s,48726,Rukh Lviv,2020s,206889,Svyatoslav Kozlovskyi (206889),Ukraine,Attack - Right Winger,Attack,RM,1,1,0.0,0,0,0,0,0,0,0.0,3.0,50.8,51.2,0.16754871301419294,1.0,51.2
48726_rukh_lviv_2020s_284608,48726_rukh_lviv_2020s,48726,Rukh Lviv,2020s,284608,Erik Gliha (284608),Slovenia,Defender - Left-Back,Defender,LB,1,1,0.0,0,0,0,3,0,0,0.0,3.0,50.8,51.2,0.16754871301419294,1.0,51.2
48726_rukh_lviv_2020s_295613,48726_rukh_lviv_2020s,48726,Rukh Lviv,2020s,295613,Ivan Brikner (295613),Ukraine,Midfield - Central Midfield,Midfield,CM,1,1,0.0,0,0,0,1,0,0,0.0,3.0,50.8,51.2,0.16754871301419294,1.0,51.2
48726_rukh_lviv_2020s_343151,48726_rukh_lviv_2020s,48726,Rukh Lviv,2020s,343151,Ivan Kalyuzhnyi (343151),Ukraine,Midfield - Central Midfield,Midfield,CM,1,1,0.0,0,0,0,0,0,0,0.0,3.0,50.8,51.2,0.16754871301419294,1.0,51.2
48726_rukh_lviv_2020s_345772,48726_rukh_lviv_2020s,48726,Rukh Lviv,2020s,345772,Bright Enobakhare (345772),Nigeria  England,Attack - Centre-Forward,Attack,FW,1,1,0.0,0,0,0,0,0,0,0.0,3.0,50.8,51.2,0.16754871301419294,1.0,51.2
48726_rukh_lviv_2020s_349107,48726_rukh_lviv_2020s,48726,Rukh Lviv,2020s,349107,Oleg Synytsya (349107),Ukraine,Attack - Right Winger,Attack,RM,1,1,0.0,0,0,0,0,0,0,0.0,3.0,50.8,51.2,0.16754871301419294,1.0,51.2
48726_rukh_lviv_2020s_359678,48726_rukh_lviv_2020s,48726,Rukh Lviv,2020s,359678,Ernest Antwi (359678),Ghana,Attack - Left Winger,Attack,LM,1,1,0.0,0,0,0,0,0,0,0.0,3.0,50.8,51.2,0.16754871301419294,1.0,51.2
48726_rukh_lviv_2020s_418887,48726_rukh_lviv_2020s,48726,Rukh Lviv,2020s,418887,Viktor Babichyn (418887),Ukraine,Goalkeeper,Goalkeeper,GK,1,1,0.0,0,0,0,0,0,0,0.0,3.0,50.8,51.2,0.16754871301419294,1.0,51.2
48726_rukh_lviv_2020s_419117,48726_rukh_lviv_2020s,48726,Rukh Lviv,2020s,419117,Petro Kharzhevskyi (419117),Ukraine,Defender - Right-Back,Defender,RB,1,1,0.0,0,0,0,0,0,0,0.0,3.0,50.8,51.2,0.16754871301419294,1.0,51.2
48726_rukh_lviv_2020s_431912,48726_rukh_lviv_2020s,48726,Rukh Lviv,2020s,431912,Bobur Abdikholikov (431912),Uzbekistan,Attack - Centre-Forward,Attack,FW,1,1,0.0,0,0,0,0,0,0,0.0,3.0,50.8,51.2,0.16754871301419294,1.0,51.2
48726_rukh_lviv_2020s_469709,48726_rukh_lviv_2020s,48726,Rukh Lviv,2020s,469709,David Zec (469709),Slovenia,Defender - Centre-Back,Defender,CB,1,1,0.0,0,0,0,4,0,0,0.0,3.0,50.8,51.2,0.16754871301419294,1.0,51.2
48726_rukh_lviv_2020s_470832,48726_rukh_lviv_2020s,48726,Rukh Lviv,2020s,470832,Volodymyr Rudyuk (470832),Ukraine,Midfield - Central Midfield,Midfield,CM,1,1,0.0,0,0,0,0,0,0,0.0,3.0,50.8,51.2,0.16754871301419294,1.0,51.2
48726_rukh_lviv_2020s_498899,48726_rukh_lviv_2020s,48726,Rukh Lviv,2020s,498899,Taras Sakiv (498899),Ukraine,Defender - Left-Back,Defender,LB,1,1,0.0,0,0,0,0,0,0,0.0,3.0,50.8,51.2,0.16754871301419294,1.0,51.2
48726_rukh_lviv_2020s_522577,48726_rukh_lviv_2020s,48726,Rukh Lviv,2020s,522577,Bogdan Orynchak (522577),Ukraine,Attack - Right Winger,Attack,RM,1,1,0.0,0,0,0,0,0,0,0.0,3.0,50.8,51.2,0.16754871301419294,1.0,51.2
48726_rukh_lviv_2020s_606743,48726_rukh_lviv_2020s,48726,Rukh Lviv,2020s,606743,Ivan Lytvynenko (606743),Ukraine,Midfield - Defensive Midfield,Midfield,CDM,1,1,0.0,0,0,0,0,0,0,0.0,3.0,50.8,51.2,0.16754871301419294,1.0,51.2
48726_rukh_lviv_2020s_625144,48726_rukh_lviv_2020s,48726,Rukh Lviv,2020s,625144,Vladyslav Semotyuk (625144),Ukraine,Midfield - Central Midfield,Midfield,CM,1,1,0.0,0,0,0,0,0,0,0.0,3.0,50.8,51.2,0.16754871301419294,1.0,51.2
48726_rukh_lviv_2020s_657324,48726_rukh_lviv_2020s,48726,Rukh Lviv,2020s,657324,Osaze De Rosario (657324),Guyana  Canada,Attack - Centre-Forward,Attack,FW,1,1,0.0,0,0,0,0,0,0,0.0,3.0,50.8,51.2,0.16754871301419294,1.0,51.2
48726_rukh_lviv_2020s_718409,48726_rukh_lviv_2020s,48726,Rukh Lviv,2020s,718409,Vladyslav Pogorilyi (718409),Ukraine,Attack - Centre-Forward,Attack,FW,1,1,0.0,0,0,0,0,0,0,0.0,3.0,50.8,51.2,0.16754871301419294,1.0,51.2
48726_rukh_lviv_2020s_726013,48726_rukh_lviv_2020s,48726,Rukh Lviv,2020s,726013,Glib Savchuk (726013),Ukraine,Defender - Right-Back,Defender,RB,1,1,0.0,0,0,0,0,0,0,0.0,3.0,50.8,51.2,0.16754871301419294,1.0,51.2
48726_rukh_lviv_2020s_748838,48726_rukh_lviv_2020s,48726,Rukh Lviv,2020s,748838,Yuriy Tlumak (748838),Ukraine,Midfield - Central Midfield,Midfield,CM,1,1,0.0,0,0,0,0,0,0,0.0,3.0,50.8,51.2,0.16754871301419294,1.0,51.2
48726_rukh_lviv_2020s_779244,48726_rukh_lviv_2020s,48726,Rukh Lviv,2020s,779244,Ivan Varfolomeev (779244),Ukraine,Midfield - Defensive Midfield,Midfield,CDM,1,1,0.0,0,0,0,1,0,0,0.0,3.0,50.8,51.2,0.16754871301419294,1.0,51.2
48726_rukh_lviv_2020s_821535,48726_rukh_lviv_2020s,48726,Rukh Lviv,2020s,821535,Artur Remenyak (821535),Ukraine,Attack - Right Winger,Attack,RM,1,1,0.0,0,0,0,0,0,0,0.0,3.0,50.8,51.2,0.16754871301419294,1.0,51.2
48726_rukh_lviv_2020s_312799,48726_rukh_lviv_2020s,48726,Rukh Lviv,2020s,312799,Vadym Paramonov (312799),Ukraine,Defender - Centre-Back,Defender,CB,1,1,0.0,0,0,0,2,1,0,0.0,1.5,50.4,45.4,0.00950204474380563,1.0,45.4
49364_ingulets_petrove_2020s_375180,49364_ingulets_petrove_2020s,49364,Ingulets Petrove,2020s,375180,Oleksandr Kozak (375180),Ukraine,Attack - Left Winger,Attack,LM,4,4,6.0,6,0,0,14,0,0,3631.0,65.0,95.0,81.8,0.9219388982439259,1.0,81.8
49364_ingulets_petrove_2020s_28179,49364_ingulets_petrove_2020s,49364,Ingulets Petrove,2020s,28179,Mladen Bartulovic (28179),Croatia,Midfield - Left Midfield,Midfield,LM,2,2,8.0,0,0,0,10,0,6,664.0,46.0,81.8,78.0,0.8755111859514073,1.0,78.0
49364_ingulets_petrove_2020s_241700,49364_ingulets_petrove_2020s,49364,Ingulets Petrove,2020s,241700,Nika Sichinava (241700),Georgia,Attack - Centre-Forward,Attack,FW,1,1,6.0,3,0,0,5,0,1,285.0,45.0,81.2,77.7,0.8707000240558095,1.0,77.7
49364_ingulets_petrove_2020s_320247,49364_ingulets_petrove_2020s,49364,Ingulets Petrove,2020s,320247,Artem Sitalo (320247),Ukraine,Attack - Centre-Forward,Attack,FW,3,3,5.0,1,0,0,5,0,0,832.0,38.0,76.3,75.8,0.8444791917248016,1.0,75.8
49364_ingulets_petrove_2020s_58402,49364_ingulets_petrove_2020s,49364,Ingulets Petrove,2020s,58402,Maksym Kovalyov (58402),Ukraine,Defender - Centre-Back,Defender,CB,3,3,4.0,1,0,0,6,0,3,1922.0,33.0,72.8,74.6,0.8146499879720953,1.0,74.6
49364_ingulets_petrove_2020s_58939,49364_ingulets_petrove_2020s,49364,Ingulets Petrove,2020s,58939,Oleksiy Palamarchuk (58939),Ukraine  Moldova,Goalkeeper,Goalkeeper,GK,2,2,0.0,0,16,56,2,0,0,4074.0,30.0,70.8,73.8,0.7954053403897041,1.0,73.8
49364_ingulets_petrove_2020s_380554,49364_ingulets_petrove_2020s,49364,Ingulets Petrove,2020s,380554,Yevgen Zaporozhets (380554),Ukraine,Midfield - Central Midfield,Midfield,CM,3,3,1.0,4,0,0,12,0,0,2006.0,30.0,70.8,73.8,0.7954053403897041,1.0,73.8
49364_ingulets_petrove_2020s_321146,49364_ingulets_petrove_2020s,49364,Ingulets Petrove,2020s,321146,Vladyslav Klymenko (321146),Ukraine,Midfield - Central Midfield,Midfield,CM,1,1,1.0,4,0,0,8,0,0,2014.0,24.0,66.6,71.9,0.7468126052441665,1.0,71.9
49364_ingulets_petrove_2020s_962090,49364_ingulets_petrove_2020s,49364,Ingulets Petrove,2020s,962090,Artem Smolyakov (962090),Ukraine,Defender - Left-Back,Defender,LB,2,2,2.0,2,0,0,2,1,0,1046.0,22.5,65.6,71.3,0.7331007938417128,1.0,71.3
49364_ingulets_petrove_2020s_515669,49364_ingulets_petrove_2020s,49364,Ingulets Petrove,2020s,515669,Mykhaylo Plokhotnyuk (515669),Ukraine,Attack - Centre-Forward,Attack,FW,2,2,2.0,1,0,0,0,0,0,625.0,19.0,63.2,69.6,0.6904017320182824,1.0,69.6
49364_ingulets_petrove_2020s_395069,49364_ingulets_petrove_2020s,49364,Ingulets Petrove,2020s,395069,Volodymyr Odaryuk (395069),Ukraine,Attack - Right Winger,Attack,RM,1,1,3.0,0,0,0,4,0,0,326.0,18.0,62.5,69.1,0.6780129901371181,1.0,69.1
49364_ingulets_petrove_2020s_404851,49364_ingulets_petrove_2020s,49364,Ingulets Petrove,2020s,404851,Denis Yanakov (404851),Ukraine,Attack - Left Winger,Attack,LM,1,1,3.0,0,0,0,3,0,1,194.0,18.0,62.5,69.1,0.6780129901371181,1.0,69.1
49364_ingulets_petrove_2020s_1140013,49364_ingulets_petrove_2020s,49364,Ingulets Petrove,2020s,1140013,Volodymyr Vilivald (1140013),Ukraine,Defender - Centre-Back,Defender,CB,1,1,2.0,1,0,0,2,0,0,524.0,17.0,61.8,68.6,0.6645417368294443,1.0,68.6
49364_ingulets_petrove_2020s_216579,49364_ingulets_petrove_2020s,49364,Ingulets Petrove,2020s,216579,Pavlo Polegenko (216579),Ukraine,Defender - Right-Back,Defender,RB,1,1,1.0,2,0,0,0,0,0,1460.0,16.0,61.1,67.9,0.6464998797209526,1.0,67.9
49364_ingulets_petrove_2020s_461666,49364_ingulets_petrove_2020s,49364,Ingulets Petrove,2020s,461666,Maksym Melnychuk (461666),Ukraine,Defender - Left-Back,Defender,LB,3,3,0.0,2,0,0,4,0,0,0.0,16.0,61.1,67.9,0.6464998797209526,1.0,67.9
49364_ingulets_petrove_2020s_755175,49364_ingulets_petrove_2020s,49364,Ingulets Petrove,2020s,755175,Volodymyr Bilotserkovets (755175),Ukraine,Attack - Right Winger,Attack,RM,2,2,2.0,0,0,0,0,0,0,685.0,16.0,61.1,67.9,0.6464998797209526,1.0,67.9
49364_ingulets_petrove_2020s_108866,49364_ingulets_petrove_2020s,49364,Ingulets Petrove,2020s,108866,Dmytro Pospelov (108866),Ukraine,Defender - Centre-Back,Defender,CB,2,2,1.0,1,0,0,3,0,0,715.0,15.0,60.4,67.4,0.6314649987972095,1.0,67.4
49364_ingulets_petrove_2020s_325386,49364_ingulets_petrove_2020s,49364,Ingulets Petrove,2020s,325386,Maksym Marusych (325386),Ukraine,Attack - Centre-Forward,Attack,FW,1,1,2.0,0,0,0,4,0,0,513.0,13.0,59.0,66.3,0.600072167428434,1.0,66.3
49364_ingulets_petrove_2020s_383198,49364_ingulets_petrove_2020s,49364,Ingulets Petrove,2020s,383198,Ilya Shevtsov (383198),Ukraine,Attack - Centre-Forward,Attack,FW,1,1,2.0,0,0,0,0,0,1,87.0,13.0,59.0,66.3,0.600072167428434,1.0,66.3
49364_ingulets_petrove_2020s_461653,49364_ingulets_petrove_2020s,49364,Ingulets Petrove,2020s,461653,Artem Malysh (461653),Ukraine,Goalkeeper,Goalkeeper,GK,2,2,0.0,0,3,9,2,0,0,630.0,10.5,57.3,64.1,0.5318739475583354,1.0,64.1
49364_ingulets_petrove_2020s_86931,49364_ingulets_petrove_2020s,49364,Ingulets Petrove,2020s,86931,Yevgen Opanasenko (86931),Ukraine,Defender - Right-Back,Defender,RB,1,1,0.0,2,0,0,3,0,0,0.0,10.0,56.9,63.6,0.5188838104402214,1.0,63.6
49364_ingulets_petrove_2020s_358956,49364_ingulets_petrove_2020s,49364,Ingulets Petrove,2020s,358956,Oleksandr Kucherenko (358956),Ukraine  Moldova,Midfield - Defensive Midfield,Midfield,CDM,2,2,1.0,0,0,0,9,0,0,2052.0,10.0,56.9,63.6,0.5188838104402214,1.0,63.6
49364_ingulets_petrove_2020s_429157,49364_ingulets_petrove_2020s,49364,Ingulets Petrove,2020s,429157,Yuriy Kozyrenko (429157),Ukraine,Attack - Right Winger,Attack,RM,2,2,0.0,1,0,0,2,0,0,0.0,10.0,56.9,63.6,0.5188838104402214,1.0,63.6
49364_ingulets_petrove_2020s_581405,49364_ingulets_petrove_2020s,49364,Ingulets Petrove,2020s,581405,Ivan Golovkin (581405),Ukraine,Midfield - Attacking Midfield,Midfield,AM,2,2,1.0,0,0,0,1,0,0,591.0,10.0,56.9,63.6,0.5188838104402214,1.0,63.6
49364_ingulets_petrove_2020s_583354,49364_ingulets_petrove_2020s,49364,Ingulets Petrove,2020s,583354,Vladyslav Sydorenko (583354),Ukraine,Defender - Right-Back,Defender,RB,2,2,0.0,1,0,0,1,0,0,0.0,10.0,56.9,63.6,0.5188838104402214,1.0,63.6
49364_ingulets_petrove_2020s_347804,49364_ingulets_petrove_2020s,49364,Ingulets Petrove,2020s,347804,Andriy Korobenko (347804),Ukraine,Midfield - Defensive Midfield,Midfield,CDM,3,3,0.0,0,0,0,3,0,0,0.0,9.0,56.2,62.9,0.49735386095742123,1.0,62.9
49364_ingulets_petrove_2020s_751363,49364_ingulets_petrove_2020s,49364,Ingulets Petrove,2020s,751363,Danylo Kravchuk (751363),Ukraine,Attack - Centre-Forward,Attack,FW,1,1,1.0,0,0,0,0,0,0,240.0,8.0,55.5,61.9,0.46572047149386575,1.0,61.9
49364_ingulets_petrove_2020s_49030,49364_ingulets_petrove_2020s,49364,Ingulets Petrove,2020s,49030,Denys Vasin (49030),Ukraine,Attack - Right Winger,Attack,RM,1,1,0.0,1,0,0,1,0,0,0.0,7.0,54.8,60.4,0.42097666586480637,1.0,60.4
49364_ingulets_petrove_2020s_214448,49364_ingulets_petrove_2020s,49364,Ingulets Petrove,2020s,214448,Yaroslav Bogunov (214448),Ukraine,Attack - Left Winger,Attack,LM,1,1,0.0,1,0,0,0,0,0,0.0,7.0,54.8,60.4,0.42097666586480637,1.0,60.4
49364_ingulets_petrove_2020s_271635,49364_ingulets_petrove_2020s,49364,Ingulets Petrove,2020s,271635,Dmytro Fateev (271635),Ukraine,Defender - Right-Back,Defender,RB,1,1,0.0,1,0,0,0,0,0,0.0,7.0,54.8,60.4,0.42097666586480637,1.0,60.4
49364_ingulets_petrove_2020s_498899,49364_ingulets_petrove_2020s,49364,Ingulets Petrove,2020s,498899,Taras Sakiv (498899),Ukraine,Defender - Left-Back,Defender,LB,1,1,0.0,1,0,0,3,0,0,0.0,7.0,54.8,60.4,0.42097666586480637,1.0,60.4
49364_ingulets_petrove_2020s_669305,49364_ingulets_petrove_2020s,49364,Ingulets Petrove,2020s,669305,Viktor Bliznichenko (669305),Ukraine,Attack - Left Winger,Attack,LM,1,1,0.0,1,0,0,1,0,0,0.0,7.0,54.8,60.4,0.42097666586480637,1.0,60.4
49364_ingulets_petrove_2020s_59022,49364_ingulets_petrove_2020s,49364,Ingulets Petrove,2020s,59022,Yevgen Galchuk (59022),Ukraine,Goalkeeper,Goalkeeper,GK,1,1,0.0,0,2,21,0,0,0,1080.0,6.0,54.2,58.6,0.36901611739235024,1.0,58.6
49364_ingulets_petrove_2020s_449084,49364_ingulets_petrove_2020s,49364,Ingulets Petrove,2020s,449084,Oleg Bilyk (449084),Ukraine,Goalkeeper,Goalkeeper,GK,1,1,0.0,0,2,10,0,0,0,639.0,6.0,54.2,58.6,0.36901611739235024,1.0,58.6
49364_ingulets_petrove_2020s_808973,49364_ingulets_petrove_2020s,49364,Ingulets Petrove,2020s,808973,Denys Rezepov (808973),Ukraine,Attack - Centre-Forward,Attack,FW,2,2,0.0,0,0,0,1,0,0,0.0,6.0,54.2,58.6,0.36901611739235024,1.0,58.6
49364_ingulets_petrove_2020s_59115,49364_ingulets_petrove_2020s,49364,Ingulets Petrove,2020s,59115,Vitaliy Pavlov (59115),Ukraine,Defender - Centre-Back,Defender,CB,3,3,0.0,0,0,0,2,1,0,0.0,5.5,53.8,57.5,0.3363002165022853,1.0,57.5
49364_ingulets_petrove_2020s_288857,49364_ingulets_petrove_2020s,49364,Ingulets Petrove,2020s,288857,Dmitriy Nagiyev (288857),Azerbaijan  Ukraine,Defender - Right-Back,Defender,RB,1,1,0.0,1,0,0,0,1,0,0.0,5.5,53.8,57.5,0.3363002165022853,1.0,57.5
49364_ingulets_petrove_2020s_278917,49364_ingulets_petrove_2020s,49364,Ingulets Petrove,2020s,278917,Roman Pidkivka (278917),Ukraine,Goalkeeper,Goalkeeper,GK,1,1,0.0,0,1,0,0,0,0,16.0,4.5,53.1,57.1,0.3246331489054607,1.0,57.1
49364_ingulets_petrove_2020s_427341,49364_ingulets_petrove_2020s,49364,Ingulets Petrove,2020s,427341,Danylo Kucher (427341),Ukraine,Goalkeeper,Goalkeeper,GK,1,1,0.0,0,1,10,1,0,0,524.0,4.5,53.1,57.1,0.3246331489054607,1.0,57.1
49364_ingulets_petrove_2020s_94923,49364_ingulets_petrove_2020s,49364,Ingulets Petrove,2020s,94923,Igor Chaykovskyi (94923),Ukraine,Midfield - Defensive Midfield,Midfield,CDM,1,1,0.0,0,0,0,2,0,0,0.0,3.0,52.1,51.2,0.16754871301419294,1.0,51.2
49364_ingulets_petrove_2020s_168041,49364_ingulets_petrove_2020s,49364,Ingulets Petrove,2020s,168041,Mykhaylo Shyshka (168041),Ukraine,Midfield - Defensive Midfield,Midfield,CDM,2,2,0.0,0,0,0,4,0,0,0.0,3.0,52.1,51.2,0.16754871301419294,1.0,51.2
49364_ingulets_petrove_2020s_177818,49364_ingulets_petrove_2020s,49364,Ingulets Petrove,2020s,177818,Andriy Bliznichenko (177818),Ukraine,Attack - Right Winger,Attack,RM,1,1,0.0,0,0,0,1,0,0,0.0,3.0,52.1,51.2,0.16754871301419294,1.0,51.2
49364_ingulets_petrove_2020s_226014,49364_ingulets_petrove_2020s,49364,Ingulets Petrove,2020s,226014,Sergiy Chenbay (226014),Ukraine,Defender - Centre-Back,Defender,CB,1,1,0.0,0,0,0,4,0,0,0.0,3.0,52.1,51.2,0.16754871301419294,1.0,51.2
49364_ingulets_petrove_2020s_316945,49364_ingulets_petrove_2020s,49364,Ingulets Petrove,2020s,316945,Maryan Mysyk (316945),Ukraine,Midfield - Left Midfield,Midfield,LM,1,1,0.0,0,0,0,3,0,0,0.0,3.0,52.1,51.2,0.16754871301419294,1.0,51.2
49364_ingulets_petrove_2020s_351616,49364_ingulets_petrove_2020s,49364,Ingulets Petrove,2020s,351616,Dmitri Mandricenco (351616),Moldova  Ukraine,Midfield - Attacking Midfield,Midfield,AM,1,1,0.0,0,0,0,0,0,0,0.0,3.0,52.1,51.2,0.16754871301419294,1.0,51.2
49364_ingulets_petrove_2020s_353584,49364_ingulets_petrove_2020s,49364,Ingulets Petrove,2020s,353584,Sergiy Petko (353584),Ukraine,Midfield - Defensive Midfield,Midfield,CDM,1,1,0.0,0,0,0,0,0,0,0.0,3.0,52.1,51.2,0.16754871301419294,1.0,51.2
49364_ingulets_petrove_2020s_365195,49364_ingulets_petrove_2020s,49364,Ingulets Petrove,2020s,365195,Andriy Kukharuk (365195),Ukraine,Midfield - Central Midfield,Midfield,CM,1,1,0.0,0,0,0,4,0,0,0.0,3.0,52.1,51.2,0.16754871301419294,1.0,51.2
49364_ingulets_petrove_2020s_385416,49364_ingulets_petrove_2020s,49364,Ingulets Petrove,2020s,385416,Mykhaylo Shershen (385416),Ukraine,Defender - Centre-Back,Defender,CB,1,1,0.0,0,0,0,1,0,0,0.0,3.0,52.1,51.2,0.16754871301419294,1.0,51.2
49364_ingulets_petrove_2020s_521841,49364_ingulets_petrove_2020s,49364,Ingulets Petrove,2020s,521841,Andriy Yakymiv (521841),Ukraine,Defender - Centre-Back,Defender,CB,1,1,0.0,0,0,0,0,0,0,0.0,3.0,52.1,51.2,0.16754871301419294,1.0,51.2
49364_ingulets_petrove_2020s_771911,49364_ingulets_petrove_2020s,49364,Ingulets Petrove,2020s,771911,Ilya Gadzhuk (771911),Ukraine,Midfield - Central Midfield,Midfield,CM,1,1,0.0,0,0,0,3,0,0,0.0,3.0,52.1,51.2,0.16754871301419294,1.0,51.2
49364_ingulets_petrove_2020s_817885,49364_ingulets_petrove_2020s,49364,Ingulets Petrove,2020s,817885,Oleg Osypenko (817885),Ukraine,Midfield - Left Midfield,Midfield,LM,1,1,0.0,0,0,0,0,0,0,0.0,3.0,52.1,51.2,0.16754871301419294,1.0,51.2
49364_ingulets_petrove_2020s_924466,49364_ingulets_petrove_2020s,49364,Ingulets Petrove,2020s,924466,Anton Zhylkin (924466),Ukraine,Goalkeeper,Goalkeeper,GK,1,1,0.0,0,0,5,0,0,0,144.0,3.0,52.1,51.2,0.16754871301419294,1.0,51.2
49364_ingulets_petrove_2020s_926273,49364_ingulets_petrove_2020s,49364,Ingulets Petrove,2020s,926273,Kyrylo Arkhypchuk (926273),Ukraine,Goalkeeper,Goalkeeper,GK,1,1,0.0,0,0,0,0,0,0,0.0,3.0,52.1,51.2,0.16754871301419294,1.0,51.2
49364_ingulets_petrove_2020s_936939,49364_ingulets_petrove_2020s,49364,Ingulets Petrove,2020s,936939,Mykola Yarosh (936939),Ukraine,Goalkeeper,Goalkeeper,GK,1,1,0.0,0,0,0,0,0,0,0.0,3.0,52.1,51.2,0.16754871301419294,1.0,51.2
49364_ingulets_petrove_2020s_1065123,49364_ingulets_petrove_2020s,49364,Ingulets Petrove,2020s,1065123,Vitaliy Katrych (1065123),Ukraine,Defender - Left-Back,Defender,LB,1,1,0.0,0,0,0,2,0,0,0.0,3.0,52.1,51.2,0.16754871301419294,1.0,51.2
49364_ingulets_petrove_2020s_928288,49364_ingulets_petrove_2020s,49364,Ingulets Petrove,2020s,928288,Oleksandr Dykhtyaruk (928288),Ukraine,Defender - Centre-Back,Defender,CB,1,1,0.0,0,0,0,3,0,0,0.0,1.0,50.7,45.1,0.0039692085638681745,1.0,45.1
53646_polissya_zhytomyr_2020s_296366,53646_polissya_zhytomyr_2020s,53646,Polissya Zhytomyr,2020s,296366,Oleksiy Gutsulyak (296366),Ukraine,Attack - Right Winger,Attack,RM,2,2,11.0,5,0,0,3,0,1,223.0,81.0,95.0,83.5,0.943348568679336,1.0,83.5
53646_polissya_zhytomyr_2020s_844373,53646_polissya_zhytomyr_2020s,53646,Polissya Zhytomyr,2020s,844373,Borys Krushynskyi (844373),Ukraine,Midfield - Defensive Midfield,Midfield,CDM,3,3,6.0,3,0,0,9,0,0,1186.0,51.0,78.3,79.3,0.8909069040173202,1.0,79.3
53646_polissya_zhytomyr_2020s_396530,53646_polissya_zhytomyr_2020s,53646,Polissya Zhytomyr,2020s,396530,Artem Kozak (396530),Ukraine,Midfield - Right Midfield,Midfield,RM,1,1,4.0,5,0,0,2,0,1,441.0,43.0,73.9,77.0,0.8626413278806832,1.0,77.0
53646_polissya_zhytomyr_2020s_624920,53646_polissya_zhytomyr_2020s,53646,Polissya Zhytomyr,2020s,624920,Béni Makouana (624920),Congo,Attack - Left Winger,Attack,LM,2,2,4.0,3,0,0,4,0,0,357.0,38.0,71.1,75.8,0.8444791917248016,1.0,75.8
53646_polissya_zhytomyr_2020s_892054,53646_polissya_zhytomyr_2020s,53646,Polissya Zhytomyr,2020s,892054,Emil Mustafayev (892054),Azerbaijan  Ukraine,Midfield - Attacking Midfield,Midfield,AM,2,2,3.0,4,0,0,1,0,0,334.0,37.0,70.6,75.6,0.8391869136396439,1.0,75.6
53646_polissya_zhytomyr_2020s_627222,53646_polissya_zhytomyr_2020s,53646,Polissya Zhytomyr,2020s,627222,Talles Costa (627222),Brazil,Midfield - Central Midfield,Midfield,CM,3,3,0.0,5,0,0,8,0,0,0.0,29.0,66.1,73.5,0.7883088765936974,1.0,73.5
53646_polissya_zhytomyr_2020s_428603,53646_polissya_zhytomyr_2020s,53646,Polissya Zhytomyr,2020s,428603,Bogdan Kushnirenko (428603),Ukraine,Midfield - Defensive Midfield,Midfield,CDM,2,2,3.0,2,0,0,4,1,1,543.0,26.5,64.7,72.8,0.7688236709165264,1.0,72.8
53646_polissya_zhytomyr_2020s_294730,53646_polissya_zhytomyr_2020s,53646,Polissya Zhytomyr,2020s,294730,Bogdan Mykhaylichenko (294730),Ukraine,Defender - Left-Back,Defender,LB,3,3,1.0,3,0,0,6,0,0,2113.0,25.0,63.9,72.2,0.7552321385614625,1.0,72.2
53646_polissya_zhytomyr_2020s_99863,53646_polissya_zhytomyr_2020s,53646,Polissya Zhytomyr,2020s,99863,Pylyp Budkivskyi (99863),Ukraine,Attack - Centre-Forward,Attack,FW,1,1,4.0,0,0,0,4,0,0,323.0,23.0,62.8,71.5,0.7382727928794804,1.0,71.5
53646_polissya_zhytomyr_2020s_341485,53646_polissya_zhytomyr_2020s,53646,Polissya Zhytomyr,2020s,341485,Oleg Kudryk (341485),Ukraine,Goalkeeper,Goalkeeper,GK,3,3,0.0,0,9,22,0,0,0,1804.0,22.5,62.5,71.3,0.7331007938417128,1.0,71.3
53646_polissya_zhytomyr_2020s_245021,53646_polissya_zhytomyr_2020s,53646,Polissya Zhytomyr,2020s,245021,Sergiy Chobotenko (245021),Ukraine,Defender - Centre-Back,Defender,CB,3,3,1.0,2,0,0,3,1,0,2025.0,20.5,61.4,70.5,0.7121722395958624,1.0,70.5
53646_polissya_zhytomyr_2020s_213980,53646_polissya_zhytomyr_2020s,53646,Polissya Zhytomyr,2020s,213980,Vyacheslav Tankovskyi (213980),Ukraine,Midfield - Central Midfield,Midfield,CM,1,1,2.0,2,0,0,8,0,0,989.0,20.0,61.1,70.2,0.7051960548472456,1.0,70.2
53646_polissya_zhytomyr_2020s_359796,53646_polissya_zhytomyr_2020s,53646,Polissya Zhytomyr,2020s,359796,Dmytro Shastal (359796),Ukraine,Attack - Right Winger,Attack,RM,2,2,2.0,1,0,0,1,0,0,111.0,20.0,61.1,70.2,0.7051960548472456,1.0,70.2
53646_polissya_zhytomyr_2020s_962090,53646_polissya_zhytomyr_2020s,53646,Polissya Zhytomyr,2020s,962090,Artem Smolyakov (962090),Ukraine,Defender - Left-Back,Defender,LB,2,2,2.0,1,0,0,8,0,0,2950.0,20.0,61.1,70.2,0.7051960548472456,1.0,70.2
53646_polissya_zhytomyr_2020s_387928,53646_polissya_zhytomyr_2020s,53646,Polissya Zhytomyr,2020s,387928,Lucas Taylor (387928),Brazil,Defender - Right-Back,Defender,RB,2,2,1.0,2,0,0,8,0,0,894.0,18.0,60.0,69.1,0.6780129901371181,1.0,69.1
53646_polissya_zhytomyr_2020s_59047,53646_polissya_zhytomyr_2020s,53646,Polissya Zhytomyr,2020s,59047,Vasyl Grytsuk (59047),Ukraine,Midfield - Attacking Midfield,Midfield,AM,1,1,2.0,1,0,0,2,0,2,326.0,17.0,59.4,68.6,0.6645417368294443,1.0,68.6
53646_polissya_zhytomyr_2020s_166581,53646_polissya_zhytomyr_2020s,53646,Polissya Zhytomyr,2020s,166581,Yevgen Volynets (166581),Ukraine,Goalkeeper,Goalkeeper,GK,2,2,0.0,0,7,24,1,0,0,2062.0,16.5,59.2,68.2,0.6557613663699784,1.0,68.2
53646_polissya_zhytomyr_2020s_678778,53646_polissya_zhytomyr_2020s,53646,Polissya Zhytomyr,2020s,678778,Eduard Sarapiy (678778),Ukraine,Defender - Centre-Back,Defender,CB,2,2,2.0,0,0,0,7,0,0,836.0,16.0,58.9,67.9,0.6464998797209526,1.0,67.9
53646_polissya_zhytomyr_2020s_1084065,53646_polissya_zhytomyr_2020s,53646,Polissya Zhytomyr,2020s,1084065,Arielson (1084065),Brazil,Attack - Centre-Forward,Attack,FW,1,1,1.0,2,0,0,2,0,0,681.0,16.0,58.9,67.9,0.6464998797209526,1.0,67.9
53646_polissya_zhytomyr_2020s_94928,53646_polissya_zhytomyr_2020s,53646,Polissya Zhytomyr,2020s,94928,Ruslan Babenko (94928),Ukraine,Midfield - Central Midfield,Midfield,CM,2,2,0.0,2,0,0,8,0,0,0.0,14.0,57.8,67.0,0.6188356988212653,1.0,67.0
53646_polissya_zhytomyr_2020s_91931,53646_polissya_zhytomyr_2020s,53646,Polissya Zhytomyr,2020s,91931,Denys Boyko (91931),Ukraine,Goalkeeper,Goalkeeper,GK,1,1,0.0,0,7,19,3,0,0,1890.0,13.5,57.5,66.7,0.610897281693529,1.0,66.7
53646_polissya_zhytomyr_2020s_1083960,53646_polissya_zhytomyr_2020s,53646,Polissya Zhytomyr,2020s,1083960,Cauã Paixão (1083960),Brazil,Attack - Centre-Forward,Attack,FW,1,1,1.0,1,0,0,1,0,0,733.0,12.0,56.7,65.5,0.5752946836661054,1.0,65.5
53646_polissya_zhytomyr_2020s_423606,53646_polissya_zhytomyr_2020s,53646,Polissya Zhytomyr,2020s,423606,Bogdan Lednev (423606),Ukraine,Midfield - Attacking Midfield,Midfield,AM,2,2,1.0,0,0,0,3,0,0,778.0,11.0,56.1,64.6,0.5475102237190281,1.0,64.6
53646_polissya_zhytomyr_2020s_678606,53646_polissya_zhytomyr_2020s,53646,Polissya Zhytomyr,2020s,678606,Admir Bristric (678606),Bosnia-Herzegovina,Attack - Centre-Forward,Attack,FW,1,1,0.0,2,0,0,4,0,0,0.0,11.0,56.1,64.6,0.5475102237190281,1.0,64.6
53646_polissya_zhytomyr_2020s_370399,53646_polissya_zhytomyr_2020s,53646,Polissya Zhytomyr,2020s,370399,Mykyta Kravchenko (370399),Ukraine,Defender - Right-Back,Defender,RB,2,2,0.0,1,0,0,4,0,0,0.0,10.0,55.6,63.6,0.5188838104402214,1.0,63.6
53646_polissya_zhytomyr_2020s_548993,53646_polissya_zhytomyr_2020s,53646,Polissya Zhytomyr,2020s,548993,André Gonçalves (548993),Portugal,Attack - Left Winger,Attack,LM,2,2,0.0,1,0,0,1,0,0,0.0,10.0,55.6,63.6,0.5188838104402214,1.0,63.6
53646_polissya_zhytomyr_2020s_404851,53646_polissya_zhytomyr_2020s,53646,Polissya Zhytomyr,2020s,404851,Denis Yanakov (404851),Ukraine,Attack - Left Winger,Attack,LM,1,1,1.0,0,0,0,0,0,1,141.0,8.0,54.4,61.9,0.46572047149386575,1.0,61.9
53646_polissya_zhytomyr_2020s_808971,53646_polissya_zhytomyr_2020s,53646,Polissya Zhytomyr,2020s,808971,Denys Ndukve (808971),Ukraine,Attack - Centre-Forward,Attack,FW,1,1,1.0,0,0,0,3,0,0,408.0,8.0,54.4,61.9,0.46572047149386575,1.0,61.9
53646_polissya_zhytomyr_2020s_342878,53646_polissya_zhytomyr_2020s,53646,Polissya Zhytomyr,2020s,342878,Yassin Fortuné (342878),Haiti  France,Attack - Centre-Forward,Attack,FW,1,1,0.0,1,0,0,5,0,0,0.0,7.0,53.9,60.4,0.42097666586480637,1.0,60.4
53646_polissya_zhytomyr_2020s_523907,53646_polissya_zhytomyr_2020s,53646,Polissya Zhytomyr,2020s,523907,Danylo Beskorovaynyi (523907),Ukraine,Defender - Centre-Back,Defender,CB,2,2,0.0,0,0,0,1,0,0,0.0,6.0,53.3,58.6,0.36901611739235024,1.0,58.6
53646_polissya_zhytomyr_2020s_717391,53646_polissya_zhytomyr_2020s,53646,Polissya Zhytomyr,2020s,717391,Maksym Melnychenko (717391),Ukraine,Midfield - Defensive Midfield,Midfield,CDM,2,2,0.0,0,0,0,0,0,0,0.0,6.0,53.3,58.6,0.36901611739235024,1.0,58.6
53646_polissya_zhytomyr_2020s_880458,53646_polissya_zhytomyr_2020s,53646,Polissya Zhytomyr,2020s,880458,João Vialle (880458),Brazil,Defender - Centre-Back,Defender,CB,2,2,0.0,0,0,0,3,0,0,0.0,6.0,53.3,58.6,0.36901611739235024,1.0,58.6
53646_polissya_zhytomyr_2020s_1159925,53646_polissya_zhytomyr_2020s,53646,Polissya Zhytomyr,2020s,1159925,Sergiy Korniychuk (1159925),Ukraine,Defender - Left-Back,Defender,LB,2,2,0.0,0,0,0,0,0,0,0.0,6.0,53.3,58.6,0.36901611739235024,1.0,58.6
53646_polissya_zhytomyr_2020s_111072,53646_polissya_zhytomyr_2020s,53646,Polissya Zhytomyr,2020s,111072,Vladyslav Ogirya (111072),Ukraine,Midfield - Defensive Midfield,Midfield,CDM,1,1,0.0,0,0,0,1,0,0,0.0,3.0,51.7,51.2,0.16754871301419294,1.0,51.2
53646_polissya_zhytomyr_2020s_203074,53646_polissya_zhytomyr_2020s,53646,Polissya Zhytomyr,2020s,203074,Ivan Petryak (203074),Ukraine,Attack - Left Winger,Attack,LM,1,1,0.0,0,0,0,2,0,0,0.0,3.0,51.7,51.2,0.16754871301419294,1.0,51.2
53646_polissya_zhytomyr_2020s_236468,53646_polissya_zhytomyr_2020s,53646,Polissya Zhytomyr,2020s,236468,Artem Shabanov (236468),Ukraine,Defender - Centre-Back,Defender,CB,1,1,0.0,0,0,0,3,0,0,0.0,3.0,51.7,51.2,0.16754871301419294,1.0,51.2
53646_polissya_zhytomyr_2020s_237623,53646_polissya_zhytomyr_2020s,53646,Polissya Zhytomyr,2020s,237623,Oleksandr Filippov (237623),Ukraine,Attack - Centre-Forward,Attack,FW,1,1,0.0,0,0,0,0,0,0,0.0,3.0,51.7,51.2,0.16754871301419294,1.0,51.2
53646_polissya_zhytomyr_2020s_729781,53646_polissya_zhytomyr_2020s,53646,Polissya Zhytomyr,2020s,729781,Vladyslav Veleten (729781),Ukraine,Attack - Right Winger,Attack,RM,1,1,0.0,0,0,0,0,0,0,0.0,3.0,51.7,51.2,0.16754871301419294,1.0,51.2
53646_polissya_zhytomyr_2020s_936859,53646_polissya_zhytomyr_2020s,53646,Polissya Zhytomyr,2020s,936859,Moses Jarju (936859),The Gambia,Defender - Centre-Back,Defender,CB,1,1,0.0,0,0,0,0,0,0,0.0,3.0,51.7,51.2,0.16754871301419294,1.0,51.2
53646_polissya_zhytomyr_2020s_1237940,53646_polissya_zhytomyr_2020s,53646,Polissya Zhytomyr,2020s,1237940,Oleksiy Avramenko (1237940),Ukraine,Defender - Centre-Back,Defender,CB,1,1,0.0,0,0,0,0,0,0,0.0,3.0,51.7,51.2,0.16754871301419294,1.0,51.2
53646_polissya_zhytomyr_2020s_1250365,53646_polissya_zhytomyr_2020s,53646,Polissya Zhytomyr,2020s,1250365,Mykhaylo Rasko (1250365),Ukraine,Midfield - Attacking Midfield,Midfield,AM,1,1,0.0,0,0,0,0,0,0,0.0,3.0,51.7,51.2,0.16754871301419294,1.0,51.2
53646_polissya_zhytomyr_2020s_245048,53646_polissya_zhytomyr_2020s,53646,Polissya Zhytomyr,2020s,245048,Vasyl Kravets (245048),Ukraine,Defender - Left-Back,Defender,LB,1,1,0.0,0,0,0,0,0,0,0.0,2.0,51.1,45.6,0.016237671397642532,1.0,45.6
53646_polissya_zhytomyr_2020s_375657,53646_polissya_zhytomyr_2020s,53646,Polissya Zhytomyr,2020s,375657,Vladyslav Shapoval (375657),Ukraine,Defender - Left-Back,Defender,LB,1,1,0.0,0,0,0,1,0,0,0.0,2.0,51.1,45.6,0.016237671397642532,1.0,45.6
55686_metalist_1925_kharkiv_2020s_289487,55686_metalist_1925_kharkiv_2020s,55686,Metalist 1925 Kharkiv,2020s,289487,Rostyslav Rusyn (289487),Ukraine,Attack - Right Winger,Attack,RM,3,3,6.0,6,0,0,3,0,0,991.0,62.0,95.0,81.2,0.9155641087322588,1.0,81.2
55686_metalist_1925_kharkiv_2020s_203854,55686_metalist_1925_kharkiv_2020s,55686,Metalist 1925 Kharkiv,2020s,203854,Andriy Boryachuk (203854),Ukraine,Attack - Centre-Forward,Attack,FW,2,2,7.0,3,0,0,6,0,1,522.0,53.0,88.5,79.7,0.8960789030550877,1.0,79.7
55686_metalist_1925_kharkiv_2020s_213974,55686_metalist_1925_kharkiv_2020s,55686,Metalist 1925 Kharkiv,2020s,213974,Artem Gabelok (213974),Ukraine,Midfield - Central Midfield,Midfield,CM,3,3,4.0,4,0,0,7,0,1,5127.0,44.0,81.9,77.3,0.8663699783497715,1.0,77.3
55686_metalist_1925_kharkiv_2020s_204045,55686_metalist_1925_kharkiv_2020s,55686,Metalist 1925 Kharkiv,2020s,204045,Beka Vachiberadze (204045),Georgia  Ukraine,Midfield - Central Midfield,Midfield,CM,2,2,2.0,5,0,0,5,0,0,2181.0,36.0,76.1,75.3,0.832571566033197,1.0,75.3
55686_metalist_1925_kharkiv_2020s_242854,55686_metalist_1925_kharkiv_2020s,55686,Metalist 1925 Kharkiv,2020s,242854,Dmytro Yusov (242854),Ukraine,Attack - Centre-Forward,Attack,FW,1,1,5.0,2,0,0,3,0,1,348.0,36.0,76.1,75.3,0.832571566033197,1.0,75.3
55686_metalist_1925_kharkiv_2020s_497221,55686_metalist_1925_kharkiv_2020s,55686,Metalist 1925 Kharkiv,2020s,497221,Andriy Remenyuk (497221),Ukraine,Attack - Left Winger,Attack,LM,3,3,2.0,4,0,0,7,0,0,1165.0,35.0,75.4,75.1,0.8263170555689199,1.0,75.1
55686_metalist_1925_kharkiv_2020s_464619,55686_metalist_1925_kharkiv_2020s,55686,Metalist 1925 Kharkiv,2020s,464619,Vladyslav Dmytrenko (464619),Ukraine,Attack - Left Winger,Attack,LM,3,3,4.0,0,0,0,4,0,0,1070.0,29.0,71.0,73.5,0.7883088765936974,1.0,73.5
55686_metalist_1925_kharkiv_2020s_289060,55686_metalist_1925_kharkiv_2020s,55686,Metalist 1925 Kharkiv,2020s,289060,Oleg Mozil (289060),Ukraine,Goalkeeper,Goalkeeper,GK,3,3,0.0,0,13,63,6,0,0,4134.0,28.5,70.7,73.4,0.7840991099350493,1.0,73.4
55686_metalist_1925_kharkiv_2020s_289472,55686_metalist_1925_kharkiv_2020s,55686,Metalist 1925 Kharkiv,2020s,289472,Mykyta Bezuglyi (289472),Ukraine,Defender - Centre-Back,Defender,CB,2,2,4.0,1,0,0,6,1,0,2286.0,26.5,69.2,72.8,0.7688236709165264,1.0,72.8
55686_metalist_1925_kharkiv_2020s_201284,55686_metalist_1925_kharkiv_2020s,55686,Metalist 1925 Kharkiv,2020s,201284,Yuriy Batyushyn (201284),Ukraine,Midfield - Central Midfield,Midfield,CM,1,1,3.0,2,0,0,1,0,0,293.0,26.0,68.9,72.6,0.7647341833052682,1.0,72.6
55686_metalist_1925_kharkiv_2020s_681497,55686_metalist_1925_kharkiv_2020s,55686,Metalist 1925 Kharkiv,2020s,681497,Ari Moura (681497),Brazil,Attack - Right Winger,Attack,RM,2,2,3.0,1,0,0,1,0,0,320.0,25.0,68.1,72.2,0.7552321385614625,1.0,72.2
55686_metalist_1925_kharkiv_2020s_692997,55686_metalist_1925_kharkiv_2020s,55686,Metalist 1925 Kharkiv,2020s,692997,Oleksiy Sydorov (692997),Ukraine,Attack - Centre-Forward,Attack,FW,1,1,2.0,3,0,0,3,0,0,793.0,25.0,68.1,72.2,0.7552321385614625,1.0,72.2
55686_metalist_1925_kharkiv_2020s_58072,55686_metalist_1925_kharkiv_2020s,55686,Metalist 1925 Kharkiv,2020s,58072,Yaroslav Martynyuk (58072),Ukraine,Midfield - Central Midfield,Midfield,CM,2,2,2.0,2,0,0,8,0,2,982.0,22.0,66.0,71.1,0.7276882367091653,1.0,71.1
55686_metalist_1925_kharkiv_2020s_295845,55686_metalist_1925_kharkiv_2020s,55686,Metalist 1925 Kharkiv,2020s,295845,Igor Kurylo (295845),Ukraine,Defender - Centre-Back,Defender,CB,2,2,0.0,5,0,0,10,2,0,0.0,22.0,66.0,71.1,0.7276882367091653,1.0,71.1
55686_metalist_1925_kharkiv_2020s_157373,55686_metalist_1925_kharkiv_2020s,55686,Metalist 1925 Kharkiv,2020s,157373,Vladlen Yurchenko (157373),Ukraine,Midfield - Attacking Midfield,Midfield,AM,1,1,2.0,2,0,0,3,0,2,475.0,21.0,65.2,70.7,0.7179456338705797,1.0,70.7
55686_metalist_1925_kharkiv_2020s_537852,55686_metalist_1925_kharkiv_2020s,55686,Metalist 1925 Kharkiv,2020s,537852,Dmytro Kryskiv (537852),Ukraine,Midfield - Central Midfield,Midfield,CM,1,1,2.0,2,0,0,2,0,0,672.0,21.0,65.2,70.7,0.7179456338705797,1.0,70.7
55686_metalist_1925_kharkiv_2020s_59446,55686_metalist_1925_kharkiv_2020s,55686,Metalist 1925 Kharkiv,2020s,59446,Denys Sydorenko (59446),Ukraine,Goalkeeper,Goalkeeper,GK,3,3,0.0,1,5,54,1,0,0,2354.0,20.5,64.9,70.5,0.7121722395958624,1.0,70.5
55686_metalist_1925_kharkiv_2020s_623327,55686_metalist_1925_kharkiv_2020s,55686,Metalist 1925 Kharkiv,2020s,623327,Andriy Chyruk (623327),Ukraine,Attack - Centre-Forward,Attack,FW,2,2,1.0,2,0,0,4,0,0,855.0,19.0,63.8,69.6,0.6904017320182824,1.0,69.6
55686_metalist_1925_kharkiv_2020s_913115,55686_metalist_1925_kharkiv_2020s,55686,Metalist 1925 Kharkiv,2020s,913115,Kostyantyn Bychek (913115),Ukraine,Attack - Left Winger,Attack,LM,2,2,2.0,1,0,0,5,0,0,595.0,19.0,63.8,69.6,0.6904017320182824,1.0,69.6
55686_metalist_1925_kharkiv_2020s_59136,55686_metalist_1925_kharkiv_2020s,55686,Metalist 1925 Kharkiv,2020s,59136,Maksym Zhychykov (59136),Ukraine,Defender - Right-Back,Defender,RB,3,3,0.0,3,0,0,10,0,0,0.0,17.0,62.3,68.6,0.6645417368294443,1.0,68.6
55686_metalist_1925_kharkiv_2020s_86466,55686_metalist_1925_kharkiv_2020s,55686,Metalist 1925 Kharkiv,2020s,86466,Yevgeniy Tkachuk (86466),Ukraine,Defender - Centre-Back,Defender,CB,3,3,2.0,0,0,0,8,1,0,1656.0,15.5,61.2,67.6,0.6383209044984364,1.0,67.6
55686_metalist_1925_kharkiv_2020s_661284,55686_metalist_1925_kharkiv_2020s,55686,Metalist 1925 Kharkiv,2020s,661284,Fabinho (661284),Brazil,Midfield - Central Midfield,Midfield,CM,1,1,0.0,3,0,0,5,0,0,0.0,15.0,60.9,67.4,0.6314649987972095,1.0,67.4
55686_metalist_1925_kharkiv_2020s_255638,55686_metalist_1925_kharkiv_2020s,55686,Metalist 1925 Kharkiv,2020s,255638,Dmytro Kravchenko (255638),Ukraine,Midfield - Defensive Midfield,Midfield,CDM,3,3,1.0,0,0,0,3,0,0,278.0,14.0,60.2,67.0,0.6188356988212653,1.0,67.0
55686_metalist_1925_kharkiv_2020s_1078831,55686_metalist_1925_kharkiv_2020s,55686,Metalist 1925 Kharkiv,2020s,1078831,Matviy Panchenko (1078831),Ukraine,Midfield - Central Midfield,Midfield,CM,2,2,0.0,2,0,0,0,0,0,0.0,14.0,60.2,67.0,0.6188356988212653,1.0,67.0
55686_metalist_1925_kharkiv_2020s_70754,55686_metalist_1925_kharkiv_2020s,55686,Metalist 1925 Kharkiv,2020s,70754,Denys Garmash (70754),Ukraine,Midfield - Attacking Midfield,Midfield,AM,1,1,2.0,0,0,0,2,0,0,386.0,13.0,59.4,66.3,0.600072167428434,1.0,66.3
55686_metalist_1925_kharkiv_2020s_94924,55686_metalist_1925_kharkiv_2020s,55686,Metalist 1925 Kharkiv,2020s,94924,Maksym Imerekov (94924),Ukraine,Defender - Centre-Back,Defender,CB,1,1,2.0,0,0,0,4,0,0,540.0,13.0,59.4,66.3,0.600072167428434,1.0,66.3
55686_metalist_1925_kharkiv_2020s_965929,55686_metalist_1925_kharkiv_2020s,55686,Metalist 1925 Kharkiv,2020s,965929,Vladyslav Ostrovskyi (965929),Ukraine,Attack - Centre-Forward,Attack,FW,3,3,0.0,1,0,0,0,0,0,0.0,13.0,59.4,66.3,0.600072167428434,1.0,66.3
55686_metalist_1925_kharkiv_2020s_1158515,55686_metalist_1925_kharkiv_2020s,55686,Metalist 1925 Kharkiv,2020s,1158515,Ramik Gadzhyev (1158515),Ukraine  Azerbaijan,Attack - Right Winger,Attack,RM,1,1,2.0,0,0,0,0,0,0,62.0,13.0,59.4,66.3,0.600072167428434,1.0,66.3
55686_metalist_1925_kharkiv_2020s_718408,55686_metalist_1925_kharkiv_2020s,55686,Metalist 1925 Kharkiv,2020s,718408,Dmytro Kapinus (718408),Ukraine,Defender - Right-Back,Defender,RB,3,3,1.0,0,0,0,5,1,0,1081.0,12.5,59.1,66.0,0.5909309598267982,1.0,66.0
55686_metalist_1925_kharkiv_2020s_108710,55686_metalist_1925_kharkiv_2020s,55686,Metalist 1925 Kharkiv,2020s,108710,Vladyslav Kalitvintsev (108710),Ukraine  Russia,Midfield - Right Midfield,Midfield,RM,1,1,1.0,1,0,0,1,0,0,321.0,12.0,58.7,65.5,0.5752946836661054,1.0,65.5
55686_metalist_1925_kharkiv_2020s_343151,55686_metalist_1925_kharkiv_2020s,55686,Metalist 1925 Kharkiv,2020s,343151,Ivan Kalyuzhnyi (343151),Ukraine,Midfield - Central Midfield,Midfield,CM,1,1,1.0,1,0,0,0,0,0,360.0,12.0,58.7,65.5,0.5752946836661054,1.0,65.5
55686_metalist_1925_kharkiv_2020s_837005,55686_metalist_1925_kharkiv_2020s,55686,Metalist 1925 Kharkiv,2020s,837005,Raymond Owusu (837005),Ghana,Attack - Centre-Forward,Attack,FW,1,1,1.0,1,0,0,1,0,0,375.0,12.0,58.7,65.5,0.5752946836661054,1.0,65.5
55686_metalist_1925_kharkiv_2020s_972535,55686_metalist_1925_kharkiv_2020s,55686,Metalist 1925 Kharkiv,2020s,972535,Ermir Rashica (972535),Albania  Kosovo,Attack - Left Winger,Attack,LM,1,1,1.0,1,0,0,0,0,0,274.0,12.0,58.7,65.5,0.5752946836661054,1.0,65.5
55686_metalist_1925_kharkiv_2020s_393975,55686_metalist_1925_kharkiv_2020s,55686,Metalist 1925 Kharkiv,2020s,393975,Ilya Zubkov (393975),Ukraine,Attack - Centre-Forward,Attack,FW,2,2,1.0,0,0,0,0,0,0,202.0,11.0,58.0,64.6,0.5475102237190281,1.0,64.6
55686_metalist_1925_kharkiv_2020s_560110,55686_metalist_1925_kharkiv_2020s,55686,Metalist 1925 Kharkiv,2020s,560110,Ivan Kovalenko (560110),Ukraine,Defender - Left-Back,Defender,LB,3,3,0.0,0,0,0,2,0,0,0.0,9.0,56.5,62.9,0.49735386095742123,1.0,62.9
55686_metalist_1925_kharkiv_2020s_1048954,55686_metalist_1925_kharkiv_2020s,55686,Metalist 1925 Kharkiv,2020s,1048954,Igor Potimkov (1048954),Ukraine,Goalkeeper,Goalkeeper,GK,2,2,0.0,0,2,0,0,0,0,21.0,9.0,56.5,62.9,0.49735386095742123,1.0,62.9
55686_metalist_1925_kharkiv_2020s_385416,55686_metalist_1925_kharkiv_2020s,55686,Metalist 1925 Kharkiv,2020s,385416,Mykhaylo Shershen (385416),Ukraine,Defender - Centre-Back,Defender,CB,2,2,1.0,0,0,0,3,1,0,956.0,8.5,56.2,62.5,0.4862881885975463,1.0,62.5
55686_metalist_1925_kharkiv_2020s_58016,55686_metalist_1925_kharkiv_2020s,55686,Metalist 1925 Kharkiv,2020s,58016,Oleg Golodyuk (58016),Ukraine,Midfield - Central Midfield,Midfield,CM,1,1,1.0,0,0,0,4,0,0,825.0,8.0,55.8,61.9,0.46572047149386575,1.0,61.9
55686_metalist_1925_kharkiv_2020s_111074,55686_metalist_1925_kharkiv_2020s,55686,Metalist 1925 Kharkiv,2020s,111074,Artur Zapadnya (111074),Ukraine,Defender - Left-Back,Defender,LB,1,1,1.0,0,0,0,4,0,0,1013.0,8.0,55.8,61.9,0.46572047149386575,1.0,61.9
55686_metalist_1925_kharkiv_2020s_935039,55686_metalist_1925_kharkiv_2020s,55686,Metalist 1925 Kharkiv,2020s,935039,Maryan Faryna (935039),Ukraine,Defender - Centre-Back,Defender,CB,1,1,1.0,0,0,0,3,0,0,1735.0,8.0,55.8,61.9,0.46572047149386575,1.0,61.9
55686_metalist_1925_kharkiv_2020s_1179658,55686_metalist_1925_kharkiv_2020s,55686,Metalist 1925 Kharkiv,2020s,1179658,Peter Itodo (1179658),Nigeria,Attack - Centre-Forward,Attack,FW,1,1,1.0,0,0,0,0,0,0,166.0,8.0,55.8,61.9,0.46572047149386575,1.0,61.9
55686_metalist_1925_kharkiv_2020s_771914,55686_metalist_1925_kharkiv_2020s,55686,Metalist 1925 Kharkiv,2020s,771914,Yevgen Pavlyuk (771914),Ukraine,Defender - Centre-Back,Defender,CB,1,1,0.0,1,0,0,0,0,0,0.0,7.0,55.1,60.4,0.42097666586480637,1.0,60.4
55686_metalist_1925_kharkiv_2020s_58150,55686_metalist_1925_kharkiv_2020s,55686,Metalist 1925 Kharkiv,2020s,58150,Andriy Tkachuk (58150),Ukraine,Midfield - Defensive Midfield,Midfield,CDM,2,2,0.0,0,0,0,6,0,0,0.0,6.0,54.4,58.6,0.36901611739235024,1.0,58.6
55686_metalist_1925_kharkiv_2020s_90769,55686_metalist_1925_kharkiv_2020s,55686,Metalist 1925 Kharkiv,2020s,90769,Vitaliy Ponomar (90769),Ukraine,Attack - Centre-Forward,Attack,FW,2,2,0.0,0,0,0,0,0,0,0.0,6.0,54.4,58.6,0.36901611739235024,1.0,58.6
55686_metalist_1925_kharkiv_2020s_623322,55686_metalist_1925_kharkiv_2020s,55686,Metalist 1925 Kharkiv,2020s,623322,Mykhaylo Rudavskyi (623322),Ukraine,Defender - Left-Back,Defender,LB,2,2,0.0,0,0,0,0,0,0,0.0,6.0,54.4,58.6,0.36901611739235024,1.0,58.6
55686_metalist_1925_kharkiv_2020s_678503,55686_metalist_1925_kharkiv_2020s,55686,Metalist 1925 Kharkiv,2020s,678503,Danylo Varakuta (678503),Ukraine,Goalkeeper,Goalkeeper,GK,1,1,0.0,0,2,3,0,0,0,360.0,6.0,54.4,58.6,0.36901611739235024,1.0,58.6
55686_metalist_1925_kharkiv_2020s_709479,55686_metalist_1925_kharkiv_2020s,55686,Metalist 1925 Kharkiv,2020s,709479,Abdulla Abdullaev (709479),Ukraine,Attack - Left Winger,Attack,LM,2,2,0.0,0,0,0,0,0,0,0.0,6.0,54.4,58.6,0.36901611739235024,1.0,58.6
55686_metalist_1925_kharkiv_2020s_917809,55686_metalist_1925_kharkiv_2020s,55686,Metalist 1925 Kharkiv,2020s,917809,Yaroslav Protsenko (917809),Ukraine,Goalkeeper,Goalkeeper,GK,2,2,0.0,0,0,7,0,0,0,232.0,6.0,54.4,58.6,0.36901611739235024,1.0,58.6
55686_metalist_1925_kharkiv_2020s_951690,55686_metalist_1925_kharkiv_2020s,55686,Metalist 1925 Kharkiv,2020s,951690,Yuriy Potimkov (951690),Ukraine,Defender - Centre-Back,Defender,CB,2,2,0.0,0,0,0,0,0,0,0.0,6.0,54.4,58.6,0.36901611739235024,1.0,58.6
55686_metalist_1925_kharkiv_2020s_985349,55686_metalist_1925_kharkiv_2020s,55686,Metalist 1925 Kharkiv,2020s,985349,Igor Nogueira (985349),Brazil,Attack - Left Winger,Attack,LM,2,2,0.0,0,0,0,0,0,0,0.0,6.0,54.4,58.6,0.36901611739235024,1.0,58.6
55686_metalist_1925_kharkiv_2020s_1237999,55686_metalist_1925_kharkiv_2020s,55686,Metalist 1925 Kharkiv,2020s,1237999,Samuel Obinaya (1237999),Ukraine,Midfield - Central Midfield,Midfield,CM,2,2,0.0,0,0,0,4,0,0,0.0,6.0,54.4,58.6,0.36901611739235024,1.0,58.6
55686_metalist_1925_kharkiv_2020s_59290,55686_metalist_1925_kharkiv_2020s,55686,Metalist 1925 Kharkiv,2020s,59290,Anton Savin (59290),Ukraine,Attack - Left Winger,Attack,LM,1,1,0.0,0,0,0,2,0,0,0.0,3.0,52.2,51.2,0.16754871301419294,1.0,51.2
55686_metalist_1925_kharkiv_2020s_131553,55686_metalist_1925_kharkiv_2020s,55686,Metalist 1925 Kharkiv,2020s,131553,Vyacheslav Churko (131553),Ukraine  Hungary,Midfield - Attacking Midfield,Midfield,AM,1,1,0.0,0,0,0,0,0,0,0.0,3.0,52.2,51.2,0.16754871301419294,1.0,51.2
55686_metalist_1925_kharkiv_2020s_169260,55686_metalist_1925_kharkiv_2020s,55686,Metalist 1925 Kharkiv,2020s,169260,Vitaliy Yermakov (169260),Ukraine,Defender - Centre-Back,Defender,CB,1,1,0.0,0,0,0,0,0,0,0.0,3.0,52.2,51.2,0.16754871301419294,1.0,51.2
55686_metalist_1925_kharkiv_2020s_226014,55686_metalist_1925_kharkiv_2020s,55686,Metalist 1925 Kharkiv,2020s,226014,Sergiy Chenbay (226014),Ukraine,Defender - Centre-Back,Defender,CB,1,1,0.0,0,0,0,4,0,0,0.0,3.0,52.2,51.2,0.16754871301419294,1.0,51.2
55686_metalist_1925_kharkiv_2020s_236468,55686_metalist_1925_kharkiv_2020s,55686,Metalist 1925 Kharkiv,2020s,236468,Artem Shabanov (236468),Ukraine,Defender - Centre-Back,Defender,CB,1,1,0.0,0,0,0,0,0,0,0.0,3.0,52.2,51.2,0.16754871301419294,1.0,51.2
55686_metalist_1925_kharkiv_2020s_325429,55686_metalist_1925_kharkiv_2020s,55686,Metalist 1925 Kharkiv,2020s,325429,Maksym Zaderaka (325429),Ukraine,Attack - Right Winger,Attack,RM,1,1,0.0,0,0,0,1,0,0,0.0,3.0,52.2,51.2,0.16754871301419294,1.0,51.2
55686_metalist_1925_kharkiv_2020s_383325,55686_metalist_1925_kharkiv_2020s,55686,Metalist 1925 Kharkiv,2020s,383325,Denys Antyukh (383325),Ukraine,Attack - Right Winger,Attack,RM,1,1,0.0,0,0,0,0,0,0,0.0,3.0,52.2,51.2,0.16754871301419294,1.0,51.2
55686_metalist_1925_kharkiv_2020s_419119,55686_metalist_1925_kharkiv_2020s,55686,Metalist 1925 Kharkiv,2020s,419119,Igor Snurnitsyn (419119),Ukraine,Defender - Centre-Back,Defender,CB,1,1,0.0,0,0,0,0,0,0,0.0,3.0,52.2,51.2,0.16754871301419294,1.0,51.2
55686_metalist_1925_kharkiv_2020s_425707,55686_metalist_1925_kharkiv_2020s,55686,Metalist 1925 Kharkiv,2020s,425707,Artem Dudik (425707),Ukraine,Attack - Right Winger,Attack,RM,1,1,0.0,0,0,0,0,0,0,0.0,3.0,52.2,51.2,0.16754871301419294,1.0,51.2
55686_metalist_1925_kharkiv_2020s_448868,55686_metalist_1925_kharkiv_2020s,55686,Metalist 1925 Kharkiv,2020s,448868,Igor Kogut (448868),Ukraine,Midfield - Central Midfield,Midfield,CM,1,1,0.0,0,0,0,0,0,0,0.0,3.0,52.2,51.2,0.16754871301419294,1.0,51.2
55686_metalist_1925_kharkiv_2020s_570537,55686_metalist_1925_kharkiv_2020s,55686,Metalist 1925 Kharkiv,2020s,570537,Vadym Chervak (570537),Ukraine,Defender - Centre-Back,Defender,CB,1,1,0.0,0,0,0,3,0,0,0.0,3.0,52.2,51.2,0.16754871301419294,1.0,51.2
55686_metalist_1925_kharkiv_2020s_606743,55686_metalist_1925_kharkiv_2020s,55686,Metalist 1925 Kharkiv,2020s,606743,Ivan Lytvynenko (606743),Ukraine,Midfield - Defensive Midfield,Midfield,CDM,1,1,0.0,0,0,0,0,0,0,0.0,3.0,52.2,51.2,0.16754871301419294,1.0,51.2
55686_metalist_1925_kharkiv_2020s_719652,55686_metalist_1925_kharkiv_2020s,55686,Metalist 1925 Kharkiv,2020s,719652,Oleksandr Martynyuk (719652),Ukraine,Defender - Left-Back,Defender,LB,1,1,0.0,0,0,0,0,0,0,0.0,3.0,52.2,51.2,0.16754871301419294,1.0,51.2
55686_metalist_1925_kharkiv_2020s_749260,55686_metalist_1925_kharkiv_2020s,55686,Metalist 1925 Kharkiv,2020s,749260,Valeriy Blazhko (749260),Ukraine,Attack - Centre-Forward,Attack,FW,1,1,0.0,0,0,0,0,0,0,0.0,3.0,52.2,51.2,0.16754871301419294,1.0,51.2
55686_metalist_1925_kharkiv_2020s_755164,55686_metalist_1925_kharkiv_2020s,55686,Metalist 1925 Kharkiv,2020s,755164,Baton Zabergja (755164),Kosovo  Albania,Attack - Centre-Forward,Attack,FW,1,1,0.0,0,0,0,0,0,0,0.0,3.0,52.2,51.2,0.16754871301419294,1.0,51.2
55686_metalist_1925_kharkiv_2020s_808943,55686_metalist_1925_kharkiv_2020s,55686,Metalist 1925 Kharkiv,2020s,808943,Maksym Kovalenko (808943),Ukraine,Goalkeeper,Goalkeeper,GK,1,1,0.0,0,0,2,1,0,0,90.0,3.0,52.2,51.2,0.16754871301419294,1.0,51.2
55686_metalist_1925_kharkiv_2020s_837287,55686_metalist_1925_kharkiv_2020s,55686,Metalist 1925 Kharkiv,2020s,837287,Vadym Sologub (837287),Ukraine,Midfield - Right Midfield,Midfield,RM,1,1,0.0,0,0,0,0,0,0,0.0,3.0,52.2,51.2,0.16754871301419294,1.0,51.2
55686_metalist_1925_kharkiv_2020s_889438,55686_metalist_1925_kharkiv_2020s,55686,Metalist 1925 Kharkiv,2020s,889438,Ilya Krupskyi (889438),Ukraine,Defender - Right-Back,Defender,RB,1,1,0.0,0,0,0,0,0,0,0.0,3.0,52.2,51.2,0.16754871301419294,1.0,51.2
55686_metalist_1925_kharkiv_2020s_926183,55686_metalist_1925_kharkiv_2020s,55686,Metalist 1925 Kharkiv,2020s,926183,Wendel (926183),Brazil,Midfield - Central Midfield,Midfield,CM,1,1,0.0,0,0,0,0,0,0,0.0,3.0,52.2,51.2,0.16754871301419294,1.0,51.2
55686_metalist_1925_kharkiv_2020s_930106,55686_metalist_1925_kharkiv_2020s,55686,Metalist 1925 Kharkiv,2020s,930106,Volodymyr Salyuk (930106),Ukraine,Defender - Centre-Back,Defender,CB,1,1,0.0,0,0,0,0,0,0,0.0,3.0,52.2,51.2,0.16754871301419294,1.0,51.2
55686_metalist_1925_kharkiv_2020s_1045884,55686_metalist_1925_kharkiv_2020s,55686,Metalist 1925 Kharkiv,2020s,1045884,Christian Mba (1045884),Nigeria,Attack - Centre-Forward,Attack,FW,1,1,0.0,0,0,0,0,0,0,0.0,3.0,52.2,51.2,0.16754871301419294,1.0,51.2
55686_metalist_1925_kharkiv_2020s_1067058,55686_metalist_1925_kharkiv_2020s,55686,Metalist 1925 Kharkiv,2020s,1067058,Kyrylo Ivannikov (1067058),Ukraine,Goalkeeper,Goalkeeper,GK,1,1,0.0,0,0,0,0,0,0,0.0,3.0,52.2,51.2,0.16754871301419294,1.0,51.2
55686_metalist_1925_kharkiv_2020s_1128180,55686_metalist_1925_kharkiv_2020s,55686,Metalist 1925 Kharkiv,2020s,1128180,Taras Kyyashko (1128180),Ukraine,Goalkeeper,Goalkeeper,GK,1,1,0.0,0,0,0,0,0,0,0.0,3.0,52.2,51.2,0.16754871301419294,1.0,51.2
55686_metalist_1925_kharkiv_2020s_1143799,55686_metalist_1925_kharkiv_2020s,55686,Metalist 1925 Kharkiv,2020s,1143799,Yegor Potapenko (1143799),Ukraine,Defender - Left-Back,Defender,LB,1,1,0.0,0,0,0,0,0,0,0.0,3.0,52.2,51.2,0.16754871301419294,1.0,51.2
55686_metalist_1925_kharkiv_2020s_1143800,55686_metalist_1925_kharkiv_2020s,55686,Metalist 1925 Kharkiv,2020s,1143800,Leonardo Casaes (1143800),Brazil,Midfield - Attacking Midfield,Midfield,AM,1,1,0.0,0,0,0,0,0,0,0.0,3.0,52.2,51.2,0.16754871301419294,1.0,51.2
55686_metalist_1925_kharkiv_2020s_1143801,55686_metalist_1925_kharkiv_2020s,55686,Metalist 1925 Kharkiv,2020s,1143801,Artem Nyzhnyk (1143801),Ukraine,Attack - Centre-Forward,Attack,FW,1,1,0.0,0,0,0,0,0,0,0.0,3.0,52.2,51.2,0.16754871301419294,1.0,51.2
55686_metalist_1925_kharkiv_2020s_1166712,55686_metalist_1925_kharkiv_2020s,55686,Metalist 1925 Kharkiv,2020s,1166712,Oleksandr Smityukh (1166712),Ukraine,Midfield - Attacking Midfield,Midfield,AM,1,1,0.0,0,0,0,0,0,0,0.0,3.0,52.2,51.2,0.16754871301419294,1.0,51.2
55686_metalist_1925_kharkiv_2020s_1189252,55686_metalist_1925_kharkiv_2020s,55686,Metalist 1925 Kharkiv,2020s,1189252,Ruslan Tkachenko (1189252),Ukraine,Defender - Right-Back,Defender,RB,1,1,0.0,0,0,0,0,0,0,0.0,3.0,52.2,51.2,0.16754871301419294,1.0,51.2
60551_sc_dnipro_1_2010s_419061,60551_sc_dnipro_1_2010s,60551,SC Dnipro-1,2010s,419061,Vladyslav Supryaga (419061),Ukraine,Attack - Centre-Forward,Attack,FW,1,3,15.0,1,0,0,3,0,2,305.0,82.0,95.0,83.6,0.9449121962954053,1.0,83.6
60551_sc_dnipro_1_2010s_404846,60551_sc_dnipro_1_2010s,60551,SC Dnipro-1,2010s,404846,Sergiy Buletsa (404846),Ukraine,Midfield - Attacking Midfield,Midfield,AM,1,3,4.0,4,0,0,3,0,0,724.0,39.0,71.4,76.0,0.8490497955256194,1.0,76.0
60551_sc_dnipro_1_2010s_176412,60551_sc_dnipro_1_2010s,60551,SC Dnipro-1,2010s,176412,Oleksiy Khoblenko (176412),Ukraine,Attack - Centre-Forward,Attack,FW,1,3,5.0,2,0,0,3,0,2,117.0,36.0,69.8,75.3,0.832571566033197,1.0,75.3
60551_sc_dnipro_1_2010s_91380,60551_sc_dnipro_1_2010s,60551,SC Dnipro-1,2010s,91380,Dmytro Korkishko (91380),Ukraine,Attack - Left Winger,Attack,LM,1,3,3.0,3,0,0,4,0,1,268.0,29.0,65.9,73.5,0.7883088765936974,1.0,73.5
60551_sc_dnipro_1_2010s_448868,60551_sc_dnipro_1_2010s,60551,SC Dnipro-1,2010s,448868,Ihor Kohut (448868),Ukraine,Midfield - Central Midfield,Midfield,CM,1,3,4.0,1,0,0,9,0,0,374.0,27.0,64.8,72.9,0.7733942747173442,1.0,72.9
60551_sc_dnipro_1_2010s_43404,60551_sc_dnipro_1_2010s,60551,SC Dnipro-1,2010s,43404,Oleksiy Chychykov (43404),Ukraine,Attack - Right Winger,Attack,RM,1,3,3.0,2,0,0,1,0,0,367.0,26.0,64.3,72.6,0.7647341833052682,1.0,72.6
60551_sc_dnipro_1_2010s_155964,60551_sc_dnipro_1_2010s,60551,SC Dnipro-1,2010s,155964,Andriy Tsurikov (155964),Ukraine,Defender - Left-Back,Defender,LB,1,2,1.0,1,0,0,3,0,0,512.0,12.0,56.6,65.5,0.5752946836661054,1.0,65.5
60551_sc_dnipro_1_2010s_273663,60551_sc_dnipro_1_2010s,60551,SC Dnipro-1,2010s,273663,Volodymyr Adamyuk (273663),Ukraine,Defender - Right-Back,Defender,RB,1,3,1.0,1,0,0,1,0,0,630.0,12.0,56.6,65.5,0.5752946836661054,1.0,65.5
60551_sc_dnipro_1_2010s_375657,60551_sc_dnipro_1_2010s,60551,SC Dnipro-1,2010s,375657,Vladyslav Shapoval (375657),Ukraine,Defender - Left-Back,Defender,LB,1,2,1.0,1,0,0,3,0,0,1026.0,12.0,56.6,65.5,0.5752946836661054,1.0,65.5
60551_sc_dnipro_1_2010s_387928,60551_sc_dnipro_1_2010s,60551,SC Dnipro-1,2010s,387928,Lucas Taylor (387928),Brazil,Defender - Right-Back,Defender,RB,1,3,1.0,1,0,0,1,0,0,272.0,12.0,56.6,65.5,0.5752946836661054,1.0,65.5
60551_sc_dnipro_1_2010s_369155,60551_sc_dnipro_1_2010s,60551,SC Dnipro-1,2010s,369155,Yuriy Vakulko (369155),Ukraine,Midfield - Central Midfield,Midfield,CM,1,3,0.0,2,0,0,7,0,0,0.0,11.0,56.0,64.6,0.5475102237190281,1.0,64.6
60551_sc_dnipro_1_2010s_190190,60551_sc_dnipro_1_2010s,60551,SC Dnipro-1,2010s,190190,Andriy Klishchuk (190190),Ukraine,Goalkeeper,Goalkeeper,GK,1,3,0.0,0,4,12,2,0,0,900.0,9.0,54.9,62.9,0.49735386095742123,1.0,62.9
60551_sc_dnipro_1_2010s_292396,60551_sc_dnipro_1_2010s,60551,SC Dnipro-1,2010s,292396,Valeriy Yurchuk (292396),Ukraine,Goalkeeper,Goalkeeper,GK,1,3,0.0,0,4,34,0,0,0,1890.0,9.0,54.9,62.9,0.49735386095742123,1.0,62.9
60551_sc_dnipro_1_2010s_274058,60551_sc_dnipro_1_2010s,60551,SC Dnipro-1,2010s,274058,Francisco Di Franco (274058),Argentina  Italy,Midfield - Attacking Midfield,Midfield,AM,1,3,0.0,1,0,0,5,0,0,0.0,7.0,53.8,60.4,0.42097666586480637,1.0,60.4
60551_sc_dnipro_1_2010s_381815,60551_sc_dnipro_1_2010s,60551,SC Dnipro-1,2010s,381815,Oleksandr Snizhko (381815),Ukraine,Midfield - Central Midfield,Midfield,CM,1,2,0.0,1,0,0,1,0,0,0.0,7.0,53.8,60.4,0.42097666586480637,1.0,60.4
60551_sc_dnipro_1_2010s_59076,60551_sc_dnipro_1_2010s,60551,SC Dnipro-1,2010s,59076,Sergiy Kravchenko (59076),Ukraine,Midfield - Central Midfield,Midfield,CM,1,3,0.0,1,0,0,3,1,0,0.0,5.5,53.0,57.5,0.3363002165022853,1.0,57.5
60551_sc_dnipro_1_2010s_56698,60551_sc_dnipro_1_2010s,60551,SC Dnipro-1,2010s,56698,Aleksandre Kobakhidze (56698),Georgia,Midfield - Right Midfield,Midfield,RM,1,1,0.0,0,0,0,0,0,0,0.0,3.0,51.6,51.2,0.16754871301419294,1.0,51.2
60551_sc_dnipro_1_2010s_110688,60551_sc_dnipro_1_2010s,60551,SC Dnipro-1,2010s,110688,Sergiy Loginov (110688),Ukraine,Defender - Centre-Back,Defender,CB,1,3,0.0,0,0,0,3,0,0,0.0,3.0,51.6,51.2,0.16754871301419294,1.0,51.2
60551_sc_dnipro_1_2010s_244271,60551_sc_dnipro_1_2010s,60551,SC Dnipro-1,2010s,244271,Oleksandr Svatok (244271),Ukraine,Defender - Centre-Back,Defender,CB,1,3,0.0,0,0,0,1,0,0,0.0,3.0,51.6,51.2,0.16754871301419294,1.0,51.2
60551_sc_dnipro_1_2010s_418887,60551_sc_dnipro_1_2010s,60551,SC Dnipro-1,2010s,418887,Viktor Babichyn (418887),Ukraine,Goalkeeper,Goalkeeper,GK,1,1,0.0,0,0,0,0,0,0,0.0,3.0,51.6,51.2,0.16754871301419294,1.0,51.2
60551_sc_dnipro_1_2010s_428380,60551_sc_dnipro_1_2010s,60551,SC Dnipro-1,2010s,428380,Yuriy Romanyuk (428380),Ukraine,Defender - Right-Back,Defender,RB,1,1,0.0,0,0,0,2,0,0,0.0,3.0,51.6,51.2,0.16754871301419294,1.0,51.2
60551_sc_dnipro_1_2010s_524031,60551_sc_dnipro_1_2010s,60551,SC Dnipro-1,2010s,524031,Oleksandr Belyaev (524031),Ukraine,Midfield - Left Midfield,Midfield,LM,1,1,0.0,0,0,0,0,0,0,0.0,3.0,51.6,51.2,0.16754871301419294,1.0,51.2
60551_sc_dnipro_1_2010s_665048,60551_sc_dnipro_1_2010s,60551,SC Dnipro-1,2010s,665048,Arseniy Batagov (665048),Ukraine,Defender - Centre-Back,Defender,CB,1,3,0.0,0,0,0,5,0,0,0.0,3.0,51.6,51.2,0.16754871301419294,1.0,51.2
60551_sc_dnipro_1_2010s_717411,60551_sc_dnipro_1_2010s,60551,SC Dnipro-1,2010s,717411,Yegor Yarmolyuk (717411),Ukraine,Midfield - Central Midfield,Midfield,CM,1,2,0.0,0,0,0,0,0,0,0.0,3.0,51.6,51.2,0.16754871301419294,1.0,51.2
60551_sc_dnipro_1_2010s_59414,60551_sc_dnipro_1_2010s,60551,SC Dnipro-1,2010s,59414,Papa Gueye (59414),Senegal  Ukraine,Defender - Centre-Back,Defender,CB,1,2,0.0,0,0,0,2,0,0,0.0,2.0,51.1,45.6,0.016237671397642532,1.0,45.6
60551_sc_dnipro_1_2010s_448867,60551_sc_dnipro_1_2010s,60551,SC Dnipro-1,2010s,448867,Maksym Lopyryonok (448867),Ukraine,Defender - Centre-Back,Defender,CB,1,3,0.0,0,0,0,5,0,0,0.0,2.0,51.1,45.6,0.016237671397642532,1.0,45.6
60551_sc_dnipro_1_2010s_467241,60551_sc_dnipro_1_2010s,60551,SC Dnipro-1,2010s,467241,Oleksandr Safronov (467241),Ukraine,Defender - Centre-Back,Defender,CB,1,1,0.0,0,0,0,3,0,0,0.0,2.0,51.1,45.6,0.016237671397642532,1.0,45.6
60551_sc_dnipro_1_2020s_343537,60551_sc_dnipro_1_2020s,60551,SC Dnipro-1,2020s,343537,Artem Dovbyk (343537),Ukraine,Attack - Centre-Forward,Attack,FW,3,3,44.0,12,0,0,4,0,13,522.0,276.0,95.0,94.9,0.9961510704835218,1.0,94.9
60551_sc_dnipro_1_2020s_294780,60551_sc_dnipro_1_2020s,60551,SC Dnipro-1,2020s,294780,Oleksandr Pikhalyonok (294780),Ukraine,Midfield - Central Midfield,Midfield,CM,4,4,16.0,28,0,0,10,1,3,1048.0,202.5,83.0,92.2,0.9906182343035843,1.0,92.2
60551_sc_dnipro_1_2020s_296366,60551_sc_dnipro_1_2020s,60551,SC Dnipro-1,2020s,296366,Oleksiy Gutsulyak (296366),Ukraine,Attack - Right Winger,Attack,RM,3,3,20.0,10,0,0,7,1,0,741.0,147.5,74.0,89.3,0.9807553524176088,1.0,89.3
60551_sc_dnipro_1_2020s_448868,60551_sc_dnipro_1_2020s,60551,SC Dnipro-1,2020s,448868,Ihor Kohut (448868),Ukraine,Midfield - Central Midfield,Midfield,CM,4,4,6.0,11,0,0,16,2,0,1263.0,83.0,63.5,83.7,0.9462352658166947,1.0,83.7
60551_sc_dnipro_1_2020s_273663,60551_sc_dnipro_1_2020s,60551,SC Dnipro-1,2020s,273663,Volodymyr Adamyuk (273663),Ukraine,Defender - Right-Back,Defender,RB,4,4,7.0,7,0,0,13,0,0,3826.0,73.0,61.9,82.6,0.9321626172720712,1.0,82.6
60551_sc_dnipro_1_2020s_376445,60551_sc_dnipro_1_2020s,60551,SC Dnipro-1,2020s,376445,Mario Cuze (376445),Croatia  Bosnia-Herzegovina,Attack - Left Winger,Attack,LM,2,2,9.0,4,0,0,3,0,2,415.0,67.0,60.9,82.0,0.9253067115708443,1.0,82.0
60551_sc_dnipro_1_2020s_237623,60551_sc_dnipro_1_2020s,60551,SC Dnipro-1,2020s,237623,Oleksandr Filippov (237623),Ukraine,Attack - Centre-Forward,Attack,FW,1,1,9.0,3,0,0,0,0,0,167.0,60.0,59.8,80.9,0.9114746211210007,1.0,80.9
60551_sc_dnipro_1_2020s_678778,60551_sc_dnipro_1_2020s,60551,SC Dnipro-1,2020s,678778,Eduard Sarapiy (678778),Ukraine,Defender - Centre-Back,Defender,CB,2,2,6.0,4,0,0,15,1,0,2896.0,48.5,57.9,78.7,0.8833293240317537,1.0,78.7
60551_sc_dnipro_1_2020s_666943,60551_sc_dnipro_1_2020s,60551,SC Dnipro-1,2020s,666943,Valentyn Rubchynskyi (666943),Ukraine,Midfield - Central Midfield,Midfield,CM,2,2,1.0,7,0,0,6,0,0,1650.0,39.0,56.4,76.0,0.8490497955256194,1.0,76.0
60551_sc_dnipro_1_2020s_285127,60551_sc_dnipro_1_2020s,60551,SC Dnipro-1,2020s,285127,Domingo Blanco (285127),Argentina,Attack - Right Winger,Attack,RM,2,2,4.0,2,0,0,8,0,1,592.0,34.0,55.5,74.8,0.8201828241520327,1.0,74.8
60551_sc_dnipro_1_2020s_629567,60551_sc_dnipro_1_2020s,60551,SC Dnipro-1,2020s,629567,Yanis Hamache (629567),Algeria  France,Defender - Left-Back,Defender,LB,1,1,2.0,4,0,0,1,0,0,446.0,29.0,54.7,73.5,0.7883088765936974,1.0,73.5
60551_sc_dnipro_1_2020s_376082,60551_sc_dnipro_1_2020s,60551,SC Dnipro-1,2020s,376082,Danylo Ignatenko (376082),Ukraine,Midfield - Central Midfield,Midfield,CM,2,2,4.0,1,0,0,12,1,0,1741.0,28.5,54.6,73.4,0.7840991099350493,1.0,73.4
60551_sc_dnipro_1_2020s_244271,60551_sc_dnipro_1_2020s,60551,SC Dnipro-1,2020s,244271,Oleksandr Svatok (244271),Ukraine,Defender - Centre-Back,Defender,CB,4,4,2.0,2,0,0,13,0,0,3331.0,26.0,54.2,72.6,0.7647341833052682,1.0,72.6
60551_sc_dnipro_1_2020s_176412,60551_sc_dnipro_1_2020s,60551,SC Dnipro-1,2020s,176412,Oleksiy Khoblenko (176412),Ukraine,Attack - Centre-Forward,Attack,FW,1,1,4.0,1,0,0,1,1,1,188.0,25.5,54.2,72.4,0.7599230214096704,1.0,72.4
60551_sc_dnipro_1_2020s_627227,60551_sc_dnipro_1_2020s,60551,SC Dnipro-1,2020s,627227,Peglow (627227),Brazil,Attack - Left Winger,Attack,LM,1,1,3.0,2,0,0,1,1,0,260.0,24.5,54.0,72.0,0.7511426509502045,1.0,72.0
60551_sc_dnipro_1_2020s_95707,60551_sc_dnipro_1_2020s,60551,SC Dnipro-1,2020s,95707,Volodymyr Tanchyk (95707),Ukraine,Midfield - Right Midfield,Midfield,RM,2,2,1.0,3,0,0,3,0,0,667.0,23.0,53.8,71.5,0.7382727928794804,1.0,71.5
60551_sc_dnipro_1_2020s_423606,60551_sc_dnipro_1_2020s,60551,SC Dnipro-1,2020s,423606,Bogdan Lednev (423606),Ukraine,Midfield - Attacking Midfield,Midfield,AM,1,1,4.0,0,0,0,2,0,0,442.0,23.0,53.8,71.5,0.7382727928794804,1.0,71.5
60551_sc_dnipro_1_2020s_292396,60551_sc_dnipro_1_2020s,60551,SC Dnipro-1,2020s,292396,Valeriy Yurchuk (292396),Ukraine,Goalkeeper,Goalkeeper,GK,4,4,0.0,0,7,12,0,0,0,1338.0,22.5,53.7,71.3,0.7331007938417128,1.0,71.3
60551_sc_dnipro_1_2020s_110688,60551_sc_dnipro_1_2020s,60551,SC Dnipro-1,2020s,110688,Sergiy Loginov (110688),Ukraine,Defender - Centre-Back,Defender,CB,3,3,2.0,1,0,0,5,0,0,674.0,22.0,53.6,71.1,0.7276882367091653,1.0,71.1
60551_sc_dnipro_1_2020s_404846,60551_sc_dnipro_1_2020s,60551,SC Dnipro-1,2020s,404846,Sergiy Buletsa (404846),Ukraine,Midfield - Attacking Midfield,Midfield,AM,1,1,3.0,1,0,0,0,0,0,332.0,22.0,53.6,71.1,0.7276882367091653,1.0,71.1
60551_sc_dnipro_1_2020s_166581,60551_sc_dnipro_1_2020s,60551,SC Dnipro-1,2020s,166581,Yevgen Volynets (166581),Ukraine,Goalkeeper,Goalkeeper,GK,1,1,0.0,1,9,17,2,0,0,1980.0,20.5,53.3,70.5,0.7121722395958624,1.0,70.5
60551_sc_dnipro_1_2020s_94928,60551_sc_dnipro_1_2020s,60551,SC Dnipro-1,2020s,94928,Ruslan Babenko (94928),Ukraine,Midfield - Central Midfield,Midfield,CM,2,2,1.0,2,0,0,12,0,0,2214.0,19.0,53.1,69.6,0.6904017320182824,1.0,69.6
60551_sc_dnipro_1_2020s_370399,60551_sc_dnipro_1_2020s,60551,SC Dnipro-1,2020s,370399,Mykyta Kravchenko (370399),Ukraine,Defender - Right-Back,Defender,RB,1,1,0.0,4,0,0,3,0,0,0.0,19.0,53.1,69.6,0.6904017320182824,1.0,69.6
60551_sc_dnipro_1_2020s_248934,60551_sc_dnipro_1_2020s,60551,SC Dnipro-1,2020s,248934,Valeriy Luchkevych (248934),Ukraine,Defender - Right-Back,Defender,RB,2,2,0.0,3,0,0,1,0,0,0.0,18.0,52.9,69.1,0.6780129901371181,1.0,69.1
60551_sc_dnipro_1_2020s_592336,60551_sc_dnipro_1_2020s,60551,SC Dnipro-1,2020s,592336,Max Walef (592336),Brazil,Goalkeeper,Goalkeeper,GK,2,2,0.0,0,8,12,0,0,0,1440.0,18.0,52.9,69.1,0.6780129901371181,1.0,69.1
60551_sc_dnipro_1_2020s_659886,60551_sc_dnipro_1_2020s,60551,SC Dnipro-1,2020s,659886,Bill (659886),Brazil,Attack - Left Winger,Attack,LM,3,3,1.0,1,0,0,1,0,0,175.0,18.0,52.9,69.1,0.6780129901371181,1.0,69.1
60551_sc_dnipro_1_2020s_101304,60551_sc_dnipro_1_2020s,60551,SC Dnipro-1,2020s,101304,Douglas (101304),Brazil,Defender - Centre-Back,Defender,CB,1,1,2.0,1,0,0,3,0,0,704.0,16.0,52.6,67.9,0.6464998797209526,1.0,67.9
60551_sc_dnipro_1_2020s_122088,60551_sc_dnipro_1_2020s,60551,SC Dnipro-1,2020s,122088,Artem Gromov (122088),Ukraine,Attack - Left Winger,Attack,LM,1,1,1.0,2,0,0,0,0,0,315.0,16.0,52.6,67.9,0.6464998797209526,1.0,67.9
60551_sc_dnipro_1_2020s_244262,60551_sc_dnipro_1_2020s,60551,SC Dnipro-1,2020s,244262,Denys Miroshnichenko (244262),Ukraine,Defender - Right-Back,Defender,RB,1,1,1.0,2,0,0,2,0,0,1580.0,16.0,52.6,67.9,0.6464998797209526,1.0,67.9
60551_sc_dnipro_1_2020s_288853,60551_sc_dnipro_1_2020s,60551,SC Dnipro-1,2020s,288853,Sergiy Gorbunov (288853),Ukraine,Midfield - Left Midfield,Midfield,LM,2,2,0.0,2,0,0,2,0,0,0.0,14.0,52.3,67.0,0.6188356988212653,1.0,67.0
60551_sc_dnipro_1_2020s_200616,60551_sc_dnipro_1_2020s,60551,SC Dnipro-1,2020s,200616,Valentin Cojocaru (200616),Romania,Goalkeeper,Goalkeeper,GK,1,1,0.0,0,7,12,2,0,0,1260.0,13.5,52.2,66.7,0.610897281693529,1.0,66.7
60551_sc_dnipro_1_2020s_708241,60551_sc_dnipro_1_2020s,60551,SC Dnipro-1,2020s,708241,Oleg Ocheretko (708241),Ukraine,Midfield - Attacking Midfield,Midfield,AM,1,1,1.0,1,0,0,2,0,0,959.0,12.0,52.0,65.5,0.5752946836661054,1.0,65.5
60551_sc_dnipro_1_2020s_59076,60551_sc_dnipro_1_2020s,60551,SC Dnipro-1,2020s,59076,Sergiy Kravchenko (59076),Ukraine,Midfield - Central Midfield,Midfield,CM,1,1,0.0,2,0,0,3,0,0,0.0,11.0,51.8,64.6,0.5475102237190281,1.0,64.6
60551_sc_dnipro_1_2020s_155964,60551_sc_dnipro_1_2020s,60551,SC Dnipro-1,2020s,155964,Andriy Tsurikov (155964),Ukraine,Defender - Left-Back,Defender,LB,1,1,1.0,1,0,0,1,0,0,886.0,11.0,51.8,64.6,0.5475102237190281,1.0,64.6
60551_sc_dnipro_1_2020s_341424,60551_sc_dnipro_1_2020s,60551,SC Dnipro-1,2020s,341424,Neven Djurasek (341424),Croatia,Midfield - Defensive Midfield,Midfield,CDM,1,1,0.0,2,0,0,3,0,0,0.0,11.0,51.8,64.6,0.5475102237190281,1.0,64.6
60551_sc_dnipro_1_2020s_387928,60551_sc_dnipro_1_2020s,60551,SC Dnipro-1,2020s,387928,Lucas Taylor (387928),Brazil,Defender - Right-Back,Defender,RB,1,1,0.0,2,0,0,4,0,0,0.0,11.0,51.8,64.6,0.5475102237190281,1.0,64.6
60551_sc_dnipro_1_2020s_698742,60551_sc_dnipro_1_2020s,60551,SC Dnipro-1,2020s,698742,Busanello (698742),Brazil,Defender - Left-Back,Defender,LB,1,1,0.0,2,0,0,1,0,0,0.0,11.0,51.8,64.6,0.5475102237190281,1.0,64.6
60551_sc_dnipro_1_2020s_880039,60551_sc_dnipro_1_2020s,60551,SC Dnipro-1,2020s,880039,Vladyslav Rybak (880039),Ukraine,Goalkeeper,Goalkeeper,GK,1,1,0.0,0,5,13,1,0,0,1170.0,10.5,51.7,64.1,0.5318739475583354,1.0,64.1
60551_sc_dnipro_1_2020s_315237,60551_sc_dnipro_1_2020s,60551,SC Dnipro-1,2020s,315237,Yevgeniy Pasich (315237),Ukraine,Defender - Right-Back,Defender,RB,2,2,0.0,1,0,0,2,0,0,0.0,10.0,51.6,63.6,0.5188838104402214,1.0,63.6
60551_sc_dnipro_1_2020s_952943,60551_sc_dnipro_1_2020s,60551,SC Dnipro-1,2020s,952943,Yakiv Kinareykin (952943),Ukraine,Goalkeeper,Goalkeeper,GK,2,2,0.0,0,2,10,0,0,0,720.0,9.0,51.5,62.9,0.49735386095742123,1.0,62.9
60551_sc_dnipro_1_2020s_43404,60551_sc_dnipro_1_2020s,60551,SC Dnipro-1,2020s,43404,Oleksiy Chychykov (43404),Ukraine,Attack - Right Winger,Attack,RM,1,1,1.0,0,0,0,0,0,0,146.0,8.0,51.3,61.9,0.46572047149386575,1.0,61.9
60551_sc_dnipro_1_2020s_91380,60551_sc_dnipro_1_2020s,60551,SC Dnipro-1,2020s,91380,Dmytro Korkishko (91380),Ukraine,Attack - Left Winger,Attack,LM,1,1,1.0,0,0,0,0,0,1,174.0,8.0,51.3,61.9,0.46572047149386575,1.0,61.9
60551_sc_dnipro_1_2020s_248938,60551_sc_dnipro_1_2020s,60551,SC Dnipro-1,2020s,248938,Maksym Tretyakov (248938),Ukraine,Attack - Left Winger,Attack,LM,1,1,1.0,0,0,0,0,0,0,185.0,8.0,51.3,61.9,0.46572047149386575,1.0,61.9
60551_sc_dnipro_1_2020s_366729,60551_sc_dnipro_1_2020s,60551,SC Dnipro-1,2020s,366729,Nazariy Rusyn (366729),Ukraine,Attack - Centre-Forward,Attack,FW,1,1,1.0,0,0,0,0,0,0,207.0,8.0,51.3,61.9,0.46572047149386575,1.0,61.9
60551_sc_dnipro_1_2020s_678783,60551_sc_dnipro_1_2020s,60551,SC Dnipro-1,2020s,678783,Yevgen Pidlepenets (678783),Ukraine,Attack - Right Winger,Attack,RM,1,1,1.0,0,0,0,0,0,0,188.0,8.0,51.3,61.9,0.46572047149386575,1.0,61.9
60551_sc_dnipro_1_2020s_1158515,60551_sc_dnipro_1_2020s,60551,SC Dnipro-1,2020s,1158515,Ramik Gadzhyev (1158515),Ukraine  Azerbaijan,Attack - Right Winger,Attack,RM,1,1,1.0,0,0,0,4,0,0,369.0,8.0,51.3,61.9,0.46572047149386575,1.0,61.9
60551_sc_dnipro_1_2020s_332615,60551_sc_dnipro_1_2020s,60551,SC Dnipro-1,2020s,332615,Nélson Monte (332615),Portugal,Defender - Centre-Back,Defender,CB,1,1,0.0,1,0,0,2,0,0,0.0,7.0,51.1,60.4,0.42097666586480637,1.0,60.4
60551_sc_dnipro_1_2020s_471638,60551_sc_dnipro_1_2020s,60551,SC Dnipro-1,2020s,471638,Emiliano Purita (471638),Argentina  Italy,Defender - Right-Back,Defender,RB,1,1,0.0,1,0,0,0,0,0,0.0,7.0,51.1,60.4,0.42097666586480637,1.0,60.4
60551_sc_dnipro_1_2020s_248931,60551_sc_dnipro_1_2020s,60551,SC Dnipro-1,2020s,248931,Oleksandr Kapliyenko (248931),Ukraine,Defender - Left-Back,Defender,LB,2,2,0.0,0,0,0,2,0,0,0.0,6.0,51.0,58.6,0.36901611739235024,1.0,58.6
60551_sc_dnipro_1_2020s_665048,60551_sc_dnipro_1_2020s,60551,SC Dnipro-1,2020s,665048,Arseniy Batagov (665048),Ukraine,Defender - Centre-Back,Defender,CB,2,2,0.0,0,0,0,3,0,0,0.0,6.0,51.0,58.6,0.36901611739235024,1.0,58.6
60551_sc_dnipro_1_2020s_717411,60551_sc_dnipro_1_2020s,60551,SC Dnipro-1,2020s,717411,Yegor Yarmolyuk (717411),Ukraine,Midfield - Central Midfield,Midfield,CM,2,2,0.0,0,0,0,3,0,0,0.0,6.0,51.0,58.6,0.36901611739235024,1.0,58.6
60551_sc_dnipro_1_2020s_274058,60551_sc_dnipro_1_2020s,60551,SC Dnipro-1,2020s,274058,Francisco Di Franco (274058),Argentina  Italy,Midfield - Attacking Midfield,Midfield,AM,2,2,0.0,0,0,0,9,0,0,0.0,5.0,50.8,57.4,0.33317296127014673,1.0,57.4
60551_sc_dnipro_1_2020s_49016,60551_sc_dnipro_1_2020s,60551,SC Dnipro-1,2020s,49016,Yevgen Past (49016),Ukraine,Goalkeeper,Goalkeeper,GK,1,1,0.0,0,1,5,0,0,0,360.0,4.5,50.7,57.1,0.3246331489054607,1.0,57.1
60551_sc_dnipro_1_2020s_177276,60551_sc_dnipro_1_2020s,60551,SC Dnipro-1,2020s,177276,Bogdan Sarnavskyi (177276),Ukraine,Goalkeeper,Goalkeeper,GK,1,1,0.0,0,1,28,0,0,0,1092.0,4.5,50.7,57.1,0.3246331489054607,1.0,57.1
60551_sc_dnipro_1_2020s_190333,60551_sc_dnipro_1_2020s,60551,SC Dnipro-1,2020s,190333,Farès Bahlouli (190333),France  Algeria,Midfield - Attacking Midfield,Midfield,AM,1,1,0.0,0,0,0,0,0,0,0.0,3.0,50.5,51.2,0.16754871301419294,1.0,51.2
60551_sc_dnipro_1_2020s_213980,60551_sc_dnipro_1_2020s,60551,SC Dnipro-1,2020s,213980,Vyacheslav Tankovskyi (213980),Ukraine,Midfield - Central Midfield,Midfield,CM,1,1,0.0,0,0,0,0,0,0,0.0,3.0,50.5,51.2,0.16754871301419294,1.0,51.2
60551_sc_dnipro_1_2020s_245048,60551_sc_dnipro_1_2020s,60551,SC Dnipro-1,2020s,245048,Vasyl Kravets (245048),Ukraine,Defender - Left-Back,Defender,LB,1,1,0.0,0,0,0,2,0,0,0.0,3.0,50.5,51.2,0.16754871301419294,1.0,51.2
60551_sc_dnipro_1_2020s_327911,60551_sc_dnipro_1_2020s,60551,SC Dnipro-1,2020s,327911,Felipe Pires (327911),Brazil,Midfield - Attacking Midfield,Midfield,AM,1,1,0.0,0,0,0,0,0,0,0.0,3.0,50.5,51.2,0.16754871301419294,1.0,51.2
60551_sc_dnipro_1_2020s_369155,60551_sc_dnipro_1_2020s,60551,SC Dnipro-1,2020s,369155,Yuriy Vakulko (369155),Ukraine,Midfield - Central Midfield,Midfield,CM,1,1,0.0,0,0,0,2,0,0,0.0,3.0,50.5,51.2,0.16754871301419294,1.0,51.2
60551_sc_dnipro_1_2020s_389942,60551_sc_dnipro_1_2020s,60551,SC Dnipro-1,2020s,389942,Hayner (389942),Brazil,Defender - Right-Back,Defender,RB,1,1,0.0,0,0,0,1,0,0,0.0,3.0,50.5,51.2,0.16754871301419294,1.0,51.2
60551_sc_dnipro_1_2020s_467241,60551_sc_dnipro_1_2020s,60551,SC Dnipro-1,2020s,467241,Oleksandr Safronov (467241),Ukraine,Defender - Centre-Back,Defender,CB,1,1,0.0,0,0,0,0,0,0,0.0,3.0,50.5,51.2,0.16754871301419294,1.0,51.2
60551_sc_dnipro_1_2020s_524031,60551_sc_dnipro_1_2020s,60551,SC Dnipro-1,2020s,524031,Oleksandr Belyaev (524031),Ukraine,Midfield - Left Midfield,Midfield,LM,1,1,0.0,0,0,0,0,0,0,0.0,3.0,50.5,51.2,0.16754871301419294,1.0,51.2
60551_sc_dnipro_1_2020s_539738,60551_sc_dnipro_1_2020s,60551,SC Dnipro-1,2020s,539738,Oleg Gorin (539738),Ukraine,Defender - Centre-Back,Defender,CB,1,1,0.0,0,0,0,2,0,0,0.0,3.0,50.5,51.2,0.16754871301419294,1.0,51.2
60551_sc_dnipro_1_2020s_717391,60551_sc_dnipro_1_2020s,60551,SC Dnipro-1,2020s,717391,Maksym Melnychenko (717391),Ukraine,Midfield - Defensive Midfield,Midfield,CDM,1,1,0.0,0,0,0,0,0,0,0.0,3.0,50.5,51.2,0.16754871301419294,1.0,51.2
60551_sc_dnipro_1_2020s_717415,60551_sc_dnipro_1_2020s,60551,SC Dnipro-1,2020s,717415,Daniel Kivinda (717415),Ukraine  Kenya,Attack - Centre-Forward,Attack,FW,1,1,0.0,0,0,0,1,0,0,0.0,3.0,50.5,51.2,0.16754871301419294,1.0,51.2
60551_sc_dnipro_1_2020s_721512,60551_sc_dnipro_1_2020s,60551,SC Dnipro-1,2020s,721512,Mykyta Kononov (721512),Ukraine,Defender - Right-Back,Defender,RB,1,1,0.0,0,0,0,1,0,0,0.0,3.0,50.5,51.2,0.16754871301419294,1.0,51.2
60551_sc_dnipro_1_2020s_774554,60551_sc_dnipro_1_2020s,60551,SC Dnipro-1,2020s,774554,Myroslav Znovenko (774554),Ukraine  Russia,Goalkeeper,Goalkeeper,GK,1,1,0.0,0,0,0,0,0,0,0.0,3.0,50.5,51.2,0.16754871301419294,1.0,51.2
60551_sc_dnipro_1_2020s_834898,60551_sc_dnipro_1_2020s,60551,SC Dnipro-1,2020s,834898,Vitinho (834898),Brazil,Midfield - Defensive Midfield,Midfield,CDM,1,1,0.0,0,0,0,0,0,0,0.0,3.0,50.5,51.2,0.16754871301419294,1.0,51.2
60551_sc_dnipro_1_2020s_969596,60551_sc_dnipro_1_2020s,60551,SC Dnipro-1,2020s,969596,Gabriel Gomes (969596),Brazil,Defender - Centre-Back,Defender,CB,1,1,0.0,0,0,0,1,0,0,0.0,3.0,50.5,51.2,0.16754871301419294,1.0,51.2
60551_sc_dnipro_1_2020s_1063791,60551_sc_dnipro_1_2020s,60551,SC Dnipro-1,2020s,1063791,Myron Grebenyuk (1063791),Ukraine,Attack - Centre-Forward,Attack,FW,1,1,0.0,0,0,0,0,0,0,0.0,3.0,50.5,51.2,0.16754871301419294,1.0,51.2
60551_sc_dnipro_1_2020s_1073028,60551_sc_dnipro_1_2020s,60551,SC Dnipro-1,2020s,1073028,Ivan Chaban (1073028),Ukraine,Midfield - Defensive Midfield,Midfield,CDM,1,1,0.0,0,0,0,0,0,0,0.0,3.0,50.5,51.2,0.16754871301419294,1.0,51.2
60551_sc_dnipro_1_2020s_1074055,60551_sc_dnipro_1_2020s,60551,SC Dnipro-1,2020s,1074055,Danylo Khan (1074055),Ukraine,Midfield - Central Midfield,Midfield,CM,1,1,0.0,0,0,0,0,0,0,0.0,3.0,50.5,51.2,0.16754871301419294,1.0,51.2
60551_sc_dnipro_1_2020s_1084075,60551_sc_dnipro_1_2020s,60551,SC Dnipro-1,2020s,1084075,Marcos André (1084075),Brazil,Attack - Centre-Forward,Attack,FW,1,1,0.0,0,0,0,0,0,0,0.0,3.0,50.5,51.2,0.16754871301419294,1.0,51.2
60551_sc_dnipro_1_2020s_1169436,60551_sc_dnipro_1_2020s,60551,SC Dnipro-1,2020s,1169436,Vladyslav Krapyvtsov (1169436),Ukraine,Goalkeeper,Goalkeeper,GK,1,1,0.0,0,0,0,0,0,0,0.0,3.0,50.5,51.2,0.16754871301419294,1.0,51.2
60551_sc_dnipro_1_2020s_1237939,60551_sc_dnipro_1_2020s,60551,SC Dnipro-1,2020s,1237939,Ilya Badenko (1237939),Ukraine,Midfield - Central Midfield,Midfield,CM,1,1,0.0,0,0,0,0,0,0,0.0,3.0,50.5,51.2,0.16754871301419294,1.0,51.2
60551_sc_dnipro_1_2020s_1237940,60551_sc_dnipro_1_2020s,60551,SC Dnipro-1,2020s,1237940,Oleksiy Avramenko (1237940),Ukraine,Defender - Centre-Back,Defender,CB,1,1,0.0,0,0,0,0,0,0,0.0,3.0,50.5,51.2,0.16754871301419294,1.0,51.2
60551_sc_dnipro_1_2020s_1256101,60551_sc_dnipro_1_2020s,60551,SC Dnipro-1,2020s,1256101,Maksym Sholupets (1256101),Ukraine,Attack - Centre-Forward,Attack,FW,1,1,0.0,0,0,0,0,0,0,0.0,3.0,50.5,51.2,0.16754871301419294,1.0,51.2
60551_sc_dnipro_1_2020s_58392,60551_sc_dnipro_1_2020s,60551,SC Dnipro-1,2020s,58392,Vitaliy Fedoriv (58392),Ukraine,Defender - Centre-Back,Defender,CB,1,1,0.0,0,0,0,0,1,0,0.0,1.5,50.2,45.4,0.00950204474380563,1.0,45.4
60551_sc_dnipro_1_2020s_268273,60551_sc_dnipro_1_2020s,60551,SC Dnipro-1,2020s,268273,Ronald Matarrita (268273),Costa Rica,Defender - Left-Back,Defender,LB,1,1,0.0,0,0,0,2,1,0,0.0,1.5,50.2,45.4,0.00950204474380563,1.0,45.4
61825_fc_minaj_2020s_758845,61825_fc_minaj_2020s,61825,FC Minaj,2020s,758845,Yegor Tverdokhlib (758845),Ukraine,Midfield - Attacking Midfield,Midfield,AM,2,2,7.0,5,0,0,5,0,0,1163.0,61.0,95.0,81.1,0.9133990858792398,1.0,81.1
61825_fc_minaj_2020s_562484,61825_fc_minaj_2020s,61825,FC Minaj,2020s,562484,Oleg Vyshnevskyi (562484),Ukraine,Attack - Centre-Forward,Attack,FW,3,3,7.0,3,0,0,4,0,0,651.0,56.0,91.3,80.1,0.9016117392350252,1.0,80.1
61825_fc_minaj_2020s_570743,61825_fc_minaj_2020s,61825,FC Minaj,2020s,570743,Anatoliy Nuriyev (570743),Azerbaijan  Ukraine,Midfield - Attacking Midfield,Midfield,AM,1,1,10.0,1,0,0,4,0,6,191.0,56.0,91.3,80.1,0.9016117392350252,1.0,80.1
61825_fc_minaj_2020s_622410,61825_fc_minaj_2020s,61825,FC Minaj,2020s,622410,Denys Ustymenko (622410),Ukraine,Attack - Centre-Forward,Attack,FW,1,1,5.0,2,0,0,3,0,1,238.0,36.0,76.6,75.3,0.832571566033197,1.0,75.3
61825_fc_minaj_2020s_821535,61825_fc_minaj_2020s,61825,FC Minaj,2020s,821535,Artur Remenyak (821535),Ukraine,Attack - Right Winger,Attack,RM,1,1,5.0,1,0,0,2,0,0,193.0,32.0,73.6,74.3,0.8081549194130383,1.0,74.3
61825_fc_minaj_2020s_404847,61825_fc_minaj_2020s,61825,FC Minaj,2020s,404847,Oleksiy Khakhlyov (404847),Ukraine,Midfield - Central Midfield,Midfield,CM,3,3,2.0,3,0,0,9,0,1,1826.0,31.0,72.9,74.0,0.8010584556170315,1.0,74.0
61825_fc_minaj_2020s_641426,61825_fc_minaj_2020s,61825,FC Minaj,2020s,641426,Vadym Vitenchuk (641426),Ukraine,Midfield - Defensive Midfield,Midfield,CDM,2,2,5.0,0,0,0,9,0,3,1951.0,31.0,72.9,74.0,0.8010584556170315,1.0,74.0
61825_fc_minaj_2020s_795280,61825_fc_minaj_2020s,61825,FC Minaj,2020s,795280,Tymur Korablin (795280),Ukraine,Midfield - Central Midfield,Midfield,CM,1,1,4.0,2,0,0,6,0,0,379.0,31.0,72.9,74.0,0.8010584556170315,1.0,74.0
61825_fc_minaj_2020s_792844,61825_fc_minaj_2020s,61825,FC Minaj,2020s,792844,Rüstam Ahmadzada (792844),Azerbaijan  Ukraine,Attack - Left Winger,Attack,LM,2,2,2.0,3,0,0,6,0,0,361.0,27.0,69.9,72.9,0.7733942747173442,1.0,72.9
61825_fc_minaj_2020s_85969,61825_fc_minaj_2020s,61825,FC Minaj,2020s,85969,Oleksandr Bandura (85969),Ukraine,Goalkeeper,Goalkeeper,GK,2,2,0.0,0,12,50,3,0,0,3835.0,24.0,67.7,71.9,0.7468126052441665,1.0,71.9
61825_fc_minaj_2020s_526578,61825_fc_minaj_2020s,61825,FC Minaj,2020s,526578,Vladyslav Vakula (526578),Ukraine,Attack - Left Winger,Attack,LM,1,1,1.0,4,0,0,2,0,0,1196.0,24.0,67.7,71.9,0.7468126052441665,1.0,71.9
61825_fc_minaj_2020s_461654,61825_fc_minaj_2020s,61825,FC Minaj,2020s,461654,Taras Dmytruk (461654),Ukraine,Defender - Right-Back,Defender,RB,2,2,0.0,4,0,0,9,0,0,0.0,22.0,66.2,71.1,0.7276882367091653,1.0,71.1
61825_fc_minaj_2020s_353584,61825_fc_minaj_2020s,61825,FC Minaj,2020s,353584,Sergiy Petko (353584),Ukraine,Midfield - Defensive Midfield,Midfield,CDM,2,2,2.0,1,0,0,12,0,0,2086.0,20.0,64.8,70.2,0.7051960548472456,1.0,70.2
61825_fc_minaj_2020s_539738,61825_fc_minaj_2020s,61825,FC Minaj,2020s,539738,Oleg Gorin (539738),Ukraine,Defender - Centre-Back,Defender,CB,2,2,2.0,1,0,0,13,0,0,500.0,20.0,64.8,70.2,0.7051960548472456,1.0,70.2
61825_fc_minaj_2020s_765401,61825_fc_minaj_2020s,61825,FC Minaj,2020s,765401,Nazariy Vorobchak (765401),Ukraine,Midfield - Right Midfield,Midfield,RM,2,2,2.0,1,0,0,0,0,0,705.0,20.0,64.8,70.2,0.7051960548472456,1.0,70.2
61825_fc_minaj_2020s_39253,61825_fc_minaj_2020s,61825,FC Minaj,2020s,39253,Anton Shynder (39253),Ukraine,Attack - Centre-Forward,Attack,FW,1,1,3.0,0,0,0,8,0,0,492.0,18.0,63.3,69.1,0.6780129901371181,1.0,69.1
61825_fc_minaj_2020s_809569,61825_fc_minaj_2020s,61825,FC Minaj,2020s,809569,Yegor Gunichev (809569),Ukraine,Attack - Centre-Forward,Attack,FW,1,1,3.0,0,0,0,2,0,0,320.0,18.0,63.3,69.1,0.6780129901371181,1.0,69.1
61825_fc_minaj_2020s_320953,61825_fc_minaj_2020s,61825,FC Minaj,2020s,320953,Yuriy Kravchuk (320953),Ukraine,Defender - Centre-Back,Defender,CB,2,2,2.0,0,0,0,5,0,0,580.0,16.0,61.8,67.9,0.6464998797209526,1.0,67.9
61825_fc_minaj_2020s_699842,61825_fc_minaj_2020s,61825,FC Minaj,2020s,699842,Anton Baydal (699842),Ukraine,Attack - Left Winger,Attack,LM,2,2,2.0,0,0,0,2,0,1,224.0,16.0,61.8,67.9,0.6464998797209526,1.0,67.9
61825_fc_minaj_2020s_58403,61825_fc_minaj_2020s,61825,FC Minaj,2020s,58403,Denys Kozhanov (58403),Ukraine,Attack - Right Winger,Attack,RM,1,1,0.0,3,0,0,1,0,0,0.0,15.0,61.1,67.4,0.6314649987972095,1.0,67.4
61825_fc_minaj_2020s_59908,61825_fc_minaj_2020s,61825,FC Minaj,2020s,59908,Yevgen Seleznyov (59908),Ukraine,Attack - Centre-Forward,Attack,FW,2,2,1.0,1,0,0,4,0,0,800.0,15.0,61.1,67.4,0.6314649987972095,1.0,67.4
61825_fc_minaj_2020s_268697,61825_fc_minaj_2020s,61825,FC Minaj,2020s,268697,Danylo Knysh (268697),Ukraine,Attack - Right Winger,Attack,RM,2,2,1.0,1,0,0,10,0,1,797.0,15.0,61.1,67.4,0.6314649987972095,1.0,67.4
61825_fc_minaj_2020s_520517,61825_fc_minaj_2020s,61825,FC Minaj,2020s,520517,Mihail Ghecev (520517),Moldova  Romania,Midfield - Left Midfield,Midfield,LM,2,2,1.0,1,0,0,3,0,0,817.0,15.0,61.1,67.4,0.6314649987972095,1.0,67.4
61825_fc_minaj_2020s_729638,61825_fc_minaj_2020s,61825,FC Minaj,2020s,729638,Oleksandr Kemkin (729638),Ukraine,Goalkeeper,Goalkeeper,GK,3,3,0.0,0,3,24,2,0,0,1351.0,13.5,60.0,66.7,0.610897281693529,1.0,66.7
61825_fc_minaj_2020s_632674,61825_fc_minaj_2020s,61825,FC Minaj,2020s,632674,Vasyl Pynyashko (632674),Ukraine,Attack - Left Winger,Attack,LM,1,1,2.0,0,0,0,1,0,0,691.0,12.0,58.9,65.5,0.5752946836661054,1.0,65.5
61825_fc_minaj_2020s_1052374,61825_fc_minaj_2020s,61825,FC Minaj,2020s,1052374,Yevgeniy Skyba (1052374),Ukraine,Defender - Centre-Back,Defender,CB,1,1,1.0,1,0,0,3,0,0,1100.0,12.0,58.9,65.5,0.5752946836661054,1.0,65.5
61825_fc_minaj_2020s_498899,61825_fc_minaj_2020s,61825,FC Minaj,2020s,498899,Taras Sakiv (498899),Ukraine,Defender - Left-Back,Defender,LB,1,1,0.0,2,0,0,2,0,0,0.0,11.0,58.1,64.6,0.5475102237190281,1.0,64.6
61825_fc_minaj_2020s_625144,61825_fc_minaj_2020s,61825,FC Minaj,2020s,625144,Vladyslav Semotyuk (625144),Ukraine,Midfield - Central Midfield,Midfield,CM,1,1,0.0,2,0,0,3,0,0,0.0,11.0,58.1,64.6,0.5475102237190281,1.0,64.6
61825_fc_minaj_2020s_1045568,61825_fc_minaj_2020s,61825,FC Minaj,2020s,1045568,Danylo Golub (1045568),Ukraine,Attack - Left Winger,Attack,LM,2,2,1.0,0,0,0,3,0,0,91.0,11.0,58.1,64.6,0.5475102237190281,1.0,64.6
61825_fc_minaj_2020s_332132,61825_fc_minaj_2020s,61825,FC Minaj,2020s,332132,Valeriy Rogozynskyi (332132),Ukraine,Defender - Left-Back,Defender,LB,2,2,0.0,1,0,0,5,0,0,0.0,10.0,57.4,63.6,0.5188838104402214,1.0,63.6
61825_fc_minaj_2020s_539435,61825_fc_minaj_2020s,61825,FC Minaj,2020s,539435,Bogdan Chuev (539435),Ukraine,Defender - Centre-Back,Defender,CB,2,2,0.0,1,0,0,1,0,0,0.0,10.0,57.4,63.6,0.5188838104402214,1.0,63.6
61825_fc_minaj_2020s_708242,61825_fc_minaj_2020s,61825,FC Minaj,2020s,708242,Andriy Buleza (708242),Ukraine,Defender - Left-Back,Defender,LB,2,2,0.0,1,0,0,3,0,0,0.0,10.0,57.4,63.6,0.5188838104402214,1.0,63.6
61825_fc_minaj_2020s_819493,61825_fc_minaj_2020s,61825,FC Minaj,2020s,819493,Eldar Kuliyev (819493),Ukraine,Midfield - Attacking Midfield,Midfield,AM,2,2,1.0,0,0,0,6,0,0,1113.0,10.0,57.4,63.6,0.5188838104402214,1.0,63.6
61825_fc_minaj_2020s_913387,61825_fc_minaj_2020s,61825,FC Minaj,2020s,913387,Danylo Kolesnyk (913387),Ukraine,Attack - Centre-Forward,Attack,FW,2,2,0.0,1,0,0,4,0,0,0.0,10.0,57.4,63.6,0.5188838104402214,1.0,63.6
61825_fc_minaj_2020s_186769,61825_fc_minaj_2020s,61825,FC Minaj,2020s,186769,Andriy Popovych (186769),Azerbaijan  Ukraine,Goalkeeper,Goalkeeper,GK,1,1,0.0,0,4,30,3,0,0,1767.0,9.0,56.6,62.9,0.49735386095742123,1.0,62.9
61825_fc_minaj_2020s_120262,61825_fc_minaj_2020s,61825,FC Minaj,2020s,120262,Dmytro Nemchaninov (120262),Ukraine,Defender - Centre-Back,Defender,CB,2,2,0.0,1,0,0,9,0,0,0.0,8.0,55.9,61.9,0.46572047149386575,1.0,61.9
61825_fc_minaj_2020s_572399,61825_fc_minaj_2020s,61825,FC Minaj,2020s,572399,Kyrylo Prokopchuk (572399),Ukraine,Defender - Centre-Back,Defender,CB,1,1,0.0,1,0,0,0,0,0,0.0,7.0,55.2,60.4,0.42097666586480637,1.0,60.4
61825_fc_minaj_2020s_1112706,61825_fc_minaj_2020s,61825,FC Minaj,2020s,1112706,Ivan Matyushenko (1112706),Ukraine,Midfield - Central Midfield,Midfield,CM,1,1,0.0,1,0,0,0,0,0,0.0,7.0,55.2,60.4,0.42097666586480637,1.0,60.4
61825_fc_minaj_2020s_1159925,61825_fc_minaj_2020s,61825,FC Minaj,2020s,1159925,Sergiy Korniychuk (1159925),Ukraine,Defender - Left-Back,Defender,LB,1,1,1.0,0,0,0,2,0,0,576.0,7.0,55.2,60.4,0.42097666586480637,1.0,60.4
61825_fc_minaj_2020s_375659,61825_fc_minaj_2020s,61825,FC Minaj,2020s,375659,German Penkov (375659),Ukraine,Goalkeeper,Goalkeeper,GK,2,2,0.0,0,0,7,0,0,0,340.0,6.0,54.4,58.6,0.36901611739235024,1.0,58.6
61825_fc_minaj_2020s_427341,61825_fc_minaj_2020s,61825,FC Minaj,2020s,427341,Danylo Kucher (427341),Ukraine,Goalkeeper,Goalkeeper,GK,1,1,0.0,0,2,24,2,0,0,1370.0,6.0,54.4,58.6,0.36901611739235024,1.0,58.6
61825_fc_minaj_2020s_461657,61825_fc_minaj_2020s,61825,FC Minaj,2020s,461657,Oleksandr Petrusenko (461657),Ukraine,Midfield - Defensive Midfield,Midfield,CDM,2,2,0.0,0,0,0,7,0,0,0.0,6.0,54.4,58.6,0.36901611739235024,1.0,58.6
61825_fc_minaj_2020s_476770,61825_fc_minaj_2020s,61825,FC Minaj,2020s,476770,Mykhailo Meskhi (476770),Ukraine,Midfield - Defensive Midfield,Midfield,CDM,1,1,0.0,1,0,0,3,0,0,0.0,6.0,54.4,58.6,0.36901611739235024,1.0,58.6
61825_fc_minaj_2020s_401987,61825_fc_minaj_2020s,61825,FC Minaj,2020s,401987,Siaka Bagayoko (401987),Mali,Defender - Left-Back,Defender,LB,2,2,0.0,0,0,0,3,0,0,0.0,5.0,53.7,57.4,0.33317296127014673,1.0,57.4
61825_fc_minaj_2020s_651388,61825_fc_minaj_2020s,61825,FC Minaj,2020s,651388,Mislav Matic (651388),Croatia,Defender - Centre-Back,Defender,CB,2,2,0.0,0,0,0,9,0,0,0.0,4.0,53.0,56.8,0.3171758479672841,1.0,56.8
61825_fc_minaj_2020s_9800,61825_fc_minaj_2020s,61825,FC Minaj,2020s,9800,Artem Milevskyi (9800),Ukraine  Belarus,Attack - Centre-Forward,Attack,FW,1,1,0.0,0,0,0,3,0,0,0.0,3.0,52.2,51.2,0.16754871301419294,1.0,51.2
61825_fc_minaj_2020s_58016,61825_fc_minaj_2020s,61825,FC Minaj,2020s,58016,Oleg Golodyuk (58016),Ukraine,Midfield - Central Midfield,Midfield,CM,1,1,0.0,0,0,0,2,0,0,0.0,3.0,52.2,51.2,0.16754871301419294,1.0,51.2
61825_fc_minaj_2020s_58051,61825_fc_minaj_2020s,61825,FC Minaj,2020s,58051,Mykhaylo Kopolovets (58051),Ukraine  Hungary,Attack - Left Winger,Attack,LM,1,1,0.0,0,0,0,0,0,0,0.0,3.0,52.2,51.2,0.16754871301419294,1.0,51.2
61825_fc_minaj_2020s_58150,61825_fc_minaj_2020s,61825,FC Minaj,2020s,58150,Andriy Tkachuk (58150),Ukraine,Midfield - Defensive Midfield,Midfield,CDM,1,1,0.0,0,0,0,4,0,0,0.0,3.0,52.2,51.2,0.16754871301419294,1.0,51.2
61825_fc_minaj_2020s_58945,61825_fc_minaj_2020s,61825,FC Minaj,2020s,58945,Anton Kanibolotskyi (58945),Ukraine,Goalkeeper,Goalkeeper,GK,1,1,0.0,0,0,17,0,0,0,573.0,3.0,52.2,51.2,0.16754871301419294,1.0,51.2
61825_fc_minaj_2020s_58946,61825_fc_minaj_2020s,61825,FC Minaj,2020s,58946,Artur Karnoza (58946),Ukraine,Midfield - Attacking Midfield,Midfield,AM,1,1,0.0,0,0,0,0,0,0,0.0,3.0,52.2,51.2,0.16754871301419294,1.0,51.2
61825_fc_minaj_2020s_168041,61825_fc_minaj_2020s,61825,FC Minaj,2020s,168041,Mykhaylo Shyshka (168041),Ukraine,Midfield - Defensive Midfield,Midfield,CDM,1,1,0.0,0,0,0,1,0,0,0.0,3.0,52.2,51.2,0.16754871301419294,1.0,51.2
61825_fc_minaj_2020s_193158,61825_fc_minaj_2020s,61825,FC Minaj,2020s,193158,Sergiy Myakushko (193158),Ukraine,Attack - Left Winger,Attack,LM,1,1,0.0,0,0,0,0,0,0,0.0,3.0,52.2,51.2,0.16754871301419294,1.0,51.2
61825_fc_minaj_2020s_227199,61825_fc_minaj_2020s,61825,FC Minaj,2020s,227199,Igor Soldat (227199),Ukraine,Defender - Right-Back,Defender,RB,1,1,0.0,0,0,0,2,0,0,0.0,3.0,52.2,51.2,0.16754871301419294,1.0,51.2
61825_fc_minaj_2020s_307053,61825_fc_minaj_2020s,61825,FC Minaj,2020s,307053,Sergiy Panasenko (307053),Ukraine,Midfield - Central Midfield,Midfield,CM,1,1,0.0,0,0,0,3,0,0,0.0,3.0,52.2,51.2,0.16754871301419294,1.0,51.2
61825_fc_minaj_2020s_341490,61825_fc_minaj_2020s,61825,FC Minaj,2020s,341490,Oleksandr Glagola (341490),Ukraine,Midfield - Attacking Midfield,Midfield,AM,1,1,0.0,0,0,0,0,0,0,0.0,3.0,52.2,51.2,0.16754871301419294,1.0,51.2
61825_fc_minaj_2020s_363063,61825_fc_minaj_2020s,61825,FC Minaj,2020s,363063,Oleksiy Kovtun (363063),Ukraine,Defender - Centre-Back,Defender,CB,1,1,0.0,0,0,0,2,0,0,0.0,3.0,52.2,51.2,0.16754871301419294,1.0,51.2
61825_fc_minaj_2020s_369093,61825_fc_minaj_2020s,61825,FC Minaj,2020s,369093,Andriy Ralyuchenko (369093),Ukraine,Midfield - Defensive Midfield,Midfield,CDM,1,1,0.0,0,0,0,3,0,0,0.0,3.0,52.2,51.2,0.16754871301419294,1.0,51.2
61825_fc_minaj_2020s_381815,61825_fc_minaj_2020s,61825,FC Minaj,2020s,381815,Oleksandr Snizhko (381815),Ukraine,Midfield - Central Midfield,Midfield,CM,1,1,0.0,0,0,0,3,0,0,0.0,3.0,52.2,51.2,0.16754871301419294,1.0,51.2
61825_fc_minaj_2020s_384299,61825_fc_minaj_2020s,61825,FC Minaj,2020s,384299,Edgar Caparrós (384299),Spain,Defender - Centre-Back,Defender,CB,1,1,0.0,0,0,0,0,0,0,0.0,3.0,52.2,51.2,0.16754871301419294,1.0,51.2
61825_fc_minaj_2020s_395069,61825_fc_minaj_2020s,61825,FC Minaj,2020s,395069,Volodymyr Odaryuk (395069),Ukraine,Attack - Right Winger,Attack,RM,1,1,0.0,0,0,0,2,0,0,0.0,3.0,52.2,51.2,0.16754871301419294,1.0,51.2
61825_fc_minaj_2020s_418891,61825_fc_minaj_2020s,61825,FC Minaj,2020s,418891,Oleksandr Melnyk (418891),Ukraine,Defender - Centre-Back,Defender,CB,2,2,0.0,0,0,0,6,0,0,0.0,3.0,52.2,51.2,0.16754871301419294,1.0,51.2
61825_fc_minaj_2020s_450196,61825_fc_minaj_2020s,61825,FC Minaj,2020s,450196,Ugochukwu Oduenyi (450196),Nigeria,Attack - Right Winger,Attack,RM,1,1,0.0,0,0,0,1,0,0,0.0,3.0,52.2,51.2,0.16754871301419294,1.0,51.2
61825_fc_minaj_2020s_467244,61825_fc_minaj_2020s,61825,FC Minaj,2020s,467244,Kyrylo Melichenko (467244),Ukraine,Defender - Right-Back,Defender,RB,1,1,0.0,0,0,0,3,0,0,0.0,3.0,52.2,51.2,0.16754871301419294,1.0,51.2
61825_fc_minaj_2020s_468735,61825_fc_minaj_2020s,61825,FC Minaj,2020s,468735,Oleksandr Matkobozhyk (468735),Ukraine,Defender - Centre-Back,Defender,CB,1,1,0.0,0,0,0,1,0,0,0.0,3.0,52.2,51.2,0.16754871301419294,1.0,51.2
61825_fc_minaj_2020s_521997,61825_fc_minaj_2020s,61825,FC Minaj,2020s,521997,Vitaliy Boyko (521997),Ukraine,Midfield - Central Midfield,Midfield,CM,1,1,0.0,0,0,0,1,0,0,0.0,3.0,52.2,51.2,0.16754871301419294,1.0,51.2
61825_fc_minaj_2020s_600003,61825_fc_minaj_2020s,61825,FC Minaj,2020s,600003,Dmytro Kasimov (600003),Ukraine,Midfield - Right Midfield,Midfield,RM,1,1,0.0,0,0,0,0,0,0,0.0,3.0,52.2,51.2,0.16754871301419294,1.0,51.2
61825_fc_minaj_2020s_632675,61825_fc_minaj_2020s,61825,FC Minaj,2020s,632675,Oleksiy Shpak (632675),Ukraine,Midfield - Central Midfield,Midfield,CM,1,1,0.0,0,0,0,0,0,0,0.0,3.0,52.2,51.2,0.16754871301419294,1.0,51.2
61825_fc_minaj_2020s_650393,61825_fc_minaj_2020s,61825,FC Minaj,2020s,650393,Vasyl Vashkeba (650393),Ukraine,Midfield - Defensive Midfield,Midfield,CDM,1,1,0.0,0,0,0,0,0,0,0.0,3.0,52.2,51.2,0.16754871301419294,1.0,51.2
61825_fc_minaj_2020s_707201,61825_fc_minaj_2020s,61825,FC Minaj,2020s,707201,Pavlo Tyshchuk (707201),Ukraine,Attack - Left Winger,Attack,LM,1,1,0.0,0,0,0,0,0,0,0.0,3.0,52.2,51.2,0.16754871301419294,1.0,51.2
61825_fc_minaj_2020s_726035,61825_fc_minaj_2020s,61825,FC Minaj,2020s,726035,Kiril Popov (726035),Ukraine,Attack - Centre-Forward,Attack,FW,1,1,0.0,0,0,0,0,0,0,0.0,3.0,52.2,51.2,0.16754871301419294,1.0,51.2
61825_fc_minaj_2020s_748936,61825_fc_minaj_2020s,61825,FC Minaj,2020s,748936,Dmytro Piddubnyi (748936),Ukraine,Defender - Centre-Back,Defender,CB,1,1,0.0,0,0,0,0,0,0,0.0,3.0,52.2,51.2,0.16754871301419294,1.0,51.2
61825_fc_minaj_2020s_752691,61825_fc_minaj_2020s,61825,FC Minaj,2020s,752691,Bogdan Veklyak (752691),Ukraine,Defender - Centre-Back,Defender,CB,1,1,0.0,0,0,0,0,0,0,0.0,3.0,52.2,51.2,0.16754871301419294,1.0,51.2
61825_fc_minaj_2020s_767384,61825_fc_minaj_2020s,61825,FC Minaj,2020s,767384,Sergiy Mashtalir (767384),Ukraine,Attack - Left Winger,Attack,LM,1,1,0.0,0,0,0,0,0,0,0.0,3.0,52.2,51.2,0.16754871301419294,1.0,51.2
61825_fc_minaj_2020s_840835,61825_fc_minaj_2020s,61825,FC Minaj,2020s,840835,Ilya Taran (840835),Ukraine,Goalkeeper,Goalkeeper,GK,1,1,0.0,0,0,0,0,0,0,0.0,3.0,52.2,51.2,0.16754871301419294,1.0,51.2
61825_fc_minaj_2020s_863203,61825_fc_minaj_2020s,61825,FC Minaj,2020s,863203,Vladyslav Chushenko (863203),Ukraine,Defender - Left-Back,Defender,LB,1,1,0.0,0,0,0,0,0,0,0.0,3.0,52.2,51.2,0.16754871301419294,1.0,51.2
61825_fc_minaj_2020s_867500,61825_fc_minaj_2020s,61825,FC Minaj,2020s,867500,Ivan Popovych (867500),Ukraine,Midfield - Right Midfield,Midfield,RM,1,1,0.0,0,0,0,0,0,0,0.0,3.0,52.2,51.2,0.16754871301419294,1.0,51.2
61825_fc_minaj_2020s_892037,61825_fc_minaj_2020s,61825,FC Minaj,2020s,892037,Maksym Skybinskyi (892037),Ukraine,Midfield - Central Midfield,Midfield,CM,1,1,0.0,0,0,0,0,0,0,0.0,3.0,52.2,51.2,0.16754871301419294,1.0,51.2
61825_fc_minaj_2020s_911644,61825_fc_minaj_2020s,61825,FC Minaj,2020s,911644,Ilya Olkhovyi (911644),Ukraine,Goalkeeper,Goalkeeper,GK,1,1,0.0,0,0,5,0,0,0,122.0,3.0,52.2,51.2,0.16754871301419294,1.0,51.2
61825_fc_minaj_2020s_1038054,61825_fc_minaj_2020s,61825,FC Minaj,2020s,1038054,Yaroslav Kysil (1038054),Ukraine,Defender - Left-Back,Defender,LB,1,1,0.0,0,0,0,2,0,0,0.0,3.0,52.2,51.2,0.16754871301419294,1.0,51.2
61825_fc_minaj_2020s_1109816,61825_fc_minaj_2020s,61825,FC Minaj,2020s,1109816,Ivan Demydenko (1109816),Ukraine,Attack - Centre-Forward,Attack,FW,1,1,0.0,0,0,0,0,0,0,0.0,3.0,52.2,51.2,0.16754871301419294,1.0,51.2
61825_fc_minaj_2020s_1163292,61825_fc_minaj_2020s,61825,FC Minaj,2020s,1163292,Maksym Rosul (1163292),Ukraine,Goalkeeper,Goalkeeper,GK,1,1,0.0,0,0,0,0,0,0,0.0,3.0,52.2,51.2,0.16754871301419294,1.0,51.2
61825_fc_minaj_2020s_606248,61825_fc_minaj_2020s,61825,FC Minaj,2020s,606248,Danylo Karas (606248),Ukraine,Defender - Centre-Back,Defender,CB,1,1,0.0,0,0,0,0,0,0,0.0,2.0,51.5,45.6,0.016237671397642532,1.0,45.6
61825_fc_minaj_2020s_388313,61825_fc_minaj_2020s,61825,FC Minaj,2020s,388313,Tercious Malepe (388313),South Africa,Midfield - Defensive Midfield,Midfield,CDM,1,1,0.0,0,0,0,2,1,0,0.0,1.5,51.1,45.4,0.00950204474380563,1.0,45.4
61825_fc_minaj_2020s_537847,61825_fc_minaj_2020s,61825,FC Minaj,2020s,537847,Dmytriy Pavlish (537847),Ukraine,Defender - Centre-Back,Defender,CB,1,1,0.0,0,0,0,0,1,0,0.0,1.5,51.1,45.4,0.00950204474380563,1.0,45.4
61825_fc_minaj_2020s_58389,61825_fc_minaj_2020s,61825,FC Minaj,2020s,58389,Oleg Dopilka (58389),Ukraine,Defender - Centre-Back,Defender,CB,1,1,0.0,0,0,0,0,0,0,0.0,1.0,50.7,45.1,0.0039692085638681745,1.0,45.1
61825_fc_minaj_2020s_432094,61825_fc_minaj_2020s,61825,FC Minaj,2020s,432094,Shemmy Mayembe (432094),Zambia,Defender - Right-Back,Defender,RB,1,1,0.0,0,0,0,3,0,0,0.0,1.0,50.7,45.1,0.0039692085638681745,1.0,45.1
61825_fc_minaj_2020s_448867,61825_fc_minaj_2020s,61825,FC Minaj,2020s,448867,Maksym Lopyryonok (448867),Ukraine,Defender - Centre-Back,Defender,CB,1,1,0.0,0,0,0,4,0,0,0.0,1.0,50.7,45.1,0.0039692085638681745,1.0,45.1
63007_lnz_cherkasy_2020s_517284,63007_lnz_cherkasy_2020s,63007,LNZ Cherkasy,2020s,517284,Muharrem Jashari (517284),Kosovo,Midfield - Attacking Midfield,Midfield,AM,3,3,6.0,9,0,0,10,0,1,668.0,75.0,95.0,82.9,0.9364926629781092,1.0,82.9
63007_lnz_cherkasy_2020s_315236,63007_lnz_cherkasy_2020s,63007,LNZ Cherkasy,2020s,315236,Gennadiy Pasich (315236),Ukraine,Midfield - Left Midfield,Midfield,LM,3,3,5.0,2,0,0,11,0,0,1659.0,42.0,75.2,76.7,0.8592735145537648,1.0,76.7
63007_lnz_cherkasy_2020s_404845,63007_lnz_cherkasy_2020s,63007,LNZ Cherkasy,2020s,404845,Vladyslav Naumets (404845),Ukraine,Attack - Right Winger,Attack,RM,2,2,6.0,1,0,0,1,0,0,528.0,40.0,74.0,76.2,0.8524176088525379,1.0,76.2
63007_lnz_cherkasy_2020s_256942,63007_lnz_cherkasy_2020s,63007,LNZ Cherkasy,2020s,256942,Hajdin Salihu (256942),Kosovo,Defender - Centre-Back,Defender,CB,2,2,4.0,1,0,0,5,0,0,1923.0,29.0,67.4,73.5,0.7883088765936974,1.0,73.5
63007_lnz_cherkasy_2020s_581000,63007_lnz_cherkasy_2020s,63007,LNZ Cherkasy,2020s,581000,Eynel Soares (581000),Cape Verde,Attack - Left Winger,Attack,LM,3,3,3.0,1,0,0,3,0,0,1351.0,28.0,66.8,73.2,0.7803704594659611,1.0,73.2
63007_lnz_cherkasy_2020s_57895,63007_lnz_cherkasy_2020s,63007,LNZ Cherkasy,2020s,57895,Denys Oliynyk (57895),Ukraine,Attack - Left Winger,Attack,LM,2,2,3.0,1,0,0,6,0,0,311.0,25.0,65.0,72.2,0.7552321385614625,1.0,72.2
63007_lnz_cherkasy_2020s_176412,63007_lnz_cherkasy_2020s,63007,LNZ Cherkasy,2020s,176412,Oleksiy Khoblenko (176412),Ukraine,Attack - Centre-Forward,Attack,FW,1,1,2.0,3,0,0,3,0,0,626.0,25.0,65.0,72.2,0.7552321385614625,1.0,72.2
63007_lnz_cherkasy_2020s_287015,63007_lnz_cherkasy_2020s,63007,LNZ Cherkasy,2020s,287015,Olivier Thill (287015),Luxembourg,Midfield - Attacking Midfield,Midfield,AM,2,2,2.0,2,0,0,6,0,0,2248.0,24.0,64.4,71.9,0.7468126052441665,1.0,71.9
63007_lnz_cherkasy_2020s_1115074,63007_lnz_cherkasy_2020s,63007,LNZ Cherkasy,2020s,1115074,Mollo Bessala (1115074),Cameroon,Attack - Right Winger,Attack,RM,2,2,1.0,3,0,0,6,0,0,1244.0,23.0,63.8,71.5,0.7382727928794804,1.0,71.5
63007_lnz_cherkasy_2020s_509837,63007_lnz_cherkasy_2020s,63007,LNZ Cherkasy,2020s,509837,Maksym Pryadun (509837),Ukraine,Attack - Centre-Forward,Attack,FW,1,1,3.0,1,0,0,1,0,0,240.0,22.0,63.2,71.1,0.7276882367091653,1.0,71.1
63007_lnz_cherkasy_2020s_521997,63007_lnz_cherkasy_2020s,63007,LNZ Cherkasy,2020s,521997,Vitaliy Boyko (521997),Ukraine,Midfield - Central Midfield,Midfield,CM,2,2,2.0,1,0,0,8,0,1,995.0,20.0,62.0,70.2,0.7051960548472456,1.0,70.2
63007_lnz_cherkasy_2020s_530673,63007_lnz_cherkasy_2020s,63007,LNZ Cherkasy,2020s,530673,Shota Nonikashvili (530673),Georgia,Midfield - Defensive Midfield,Midfield,CDM,2,2,2.0,1,0,0,2,0,2,1732.0,20.0,62.0,70.2,0.7051960548472456,1.0,70.2
63007_lnz_cherkasy_2020s_690246,63007_lnz_cherkasy_2020s,63007,LNZ Cherkasy,2020s,690246,Francis Momoh (690246),Nigeria,Attack - Centre-Forward,Attack,FW,2,2,2.0,1,0,0,5,0,0,949.0,20.0,62.0,70.2,0.7051960548472456,1.0,70.2
63007_lnz_cherkasy_2020s_537841,63007_lnz_cherkasy_2020s,63007,LNZ Cherkasy,2020s,537841,Yevgeniy Kucherenko (537841),Ukraine,Goalkeeper,Goalkeeper,GK,2,2,0.0,0,9,44,5,0,0,3060.0,19.5,61.7,69.9,0.6968968005773394,1.0,69.9
63007_lnz_cherkasy_2020s_396400,63007_lnz_cherkasy_2020s,63007,LNZ Cherkasy,2020s,396400,Ilya Putrya (396400),Ukraine,Defender - Right-Back,Defender,RB,1,1,2.0,2,0,0,4,0,0,1267.0,19.0,61.4,69.6,0.6904017320182824,1.0,69.6
63007_lnz_cherkasy_2020s_375659,63007_lnz_cherkasy_2020s,63007,LNZ Cherkasy,2020s,375659,German Penkov (375659),Ukraine,Goalkeeper,Goalkeeper,GK,2,2,0.0,0,7,24,3,0,0,2070.0,16.5,59.9,68.2,0.6557613663699784,1.0,68.2
63007_lnz_cherkasy_2020s_59290,63007_lnz_cherkasy_2020s,63007,LNZ Cherkasy,2020s,59290,Anton Savin (59290),Ukraine,Attack - Left Winger,Attack,LM,1,1,0.0,3,0,0,3,0,0,0.0,15.0,59.0,67.4,0.6314649987972095,1.0,67.4
63007_lnz_cherkasy_2020s_492354,63007_lnz_cherkasy_2020s,63007,LNZ Cherkasy,2020s,492354,Denys Norenkov (492354),Ukraine,Defender - Left-Back,Defender,LB,2,2,1.0,1,0,0,6,0,0,1399.0,15.0,59.0,67.4,0.6314649987972095,1.0,67.4
63007_lnz_cherkasy_2020s_343622,63007_lnz_cherkasy_2020s,63007,LNZ Cherkasy,2020s,343622,Petro Stasyuk (343622),Ukraine,Defender - Left-Back,Defender,LB,2,2,0.0,2,0,0,1,0,0,0.0,14.0,58.4,67.0,0.6188356988212653,1.0,67.0
63007_lnz_cherkasy_2020s_620892,63007_lnz_cherkasy_2020s,63007,LNZ Cherkasy,2020s,620892,Arad Bar (620892),Israel  Portugal,Midfield - Central Midfield,Midfield,CM,2,2,1.0,1,0,0,4,0,0,822.0,14.0,58.4,67.0,0.6188356988212653,1.0,67.0
63007_lnz_cherkasy_2020s_365692,63007_lnz_cherkasy_2020s,63007,LNZ Cherkasy,2020s,365692,Dmytro Topalov (365692),Ukraine,Attack - Left Winger,Attack,LM,1,1,2.0,0,0,0,4,0,0,414.0,13.0,57.8,66.3,0.600072167428434,1.0,66.3
63007_lnz_cherkasy_2020s_81649,63007_lnz_cherkasy_2020s,63007,LNZ Cherkasy,2020s,81649,Sergiy Rybalka (81649),Ukraine,Midfield - Defensive Midfield,Midfield,CDM,1,1,1.0,1,0,0,6,0,1,1093.0,12.0,57.2,65.5,0.5752946836661054,1.0,65.5
63007_lnz_cherkasy_2020s_533318,63007_lnz_cherkasy_2020s,63007,LNZ Cherkasy,2020s,533318,Nazariy Muravskyi (533318),Ukraine,Defender - Centre-Back,Defender,CB,3,3,0.0,1,0,0,12,0,0,0.0,12.0,57.2,65.5,0.5752946836661054,1.0,65.5
63007_lnz_cherkasy_2020s_213980,63007_lnz_cherkasy_2020s,63007,LNZ Cherkasy,2020s,213980,Vyacheslav Tankovskyi (213980),Ukraine,Midfield - Central Midfield,Midfield,CM,2,2,1.0,0,0,0,5,0,0,957.0,11.0,56.6,64.6,0.5475102237190281,1.0,64.6
63007_lnz_cherkasy_2020s_1033040,63007_lnz_cherkasy_2020s,63007,LNZ Cherkasy,2020s,1033040,Mark Assinor (1033040),Ghana,Attack - Centre-Forward,Attack,FW,2,2,1.0,0,0,0,1,0,0,240.0,11.0,56.6,64.6,0.5475102237190281,1.0,64.6
63007_lnz_cherkasy_2020s_812170,63007_lnz_cherkasy_2020s,63007,LNZ Cherkasy,2020s,812170,Kirill Samoylenko (812170),Ukraine,Goalkeeper,Goalkeeper,GK,3,3,0.0,0,1,3,1,0,0,270.0,10.5,56.3,64.1,0.5318739475583354,1.0,64.1
63007_lnz_cherkasy_2020s_244904,63007_lnz_cherkasy_2020s,63007,LNZ Cherkasy,2020s,244904,Artur Avagimyan (244904),Ukraine  Armenia,Midfield - Attacking Midfield,Midfield,AM,2,2,0.0,1,0,0,0,0,0,0.0,10.0,56.0,63.6,0.5188838104402214,1.0,63.6
63007_lnz_cherkasy_2020s_248931,63007_lnz_cherkasy_2020s,63007,LNZ Cherkasy,2020s,248931,Oleksandr Kapliyenko (248931),Ukraine,Defender - Left-Back,Defender,LB,3,3,0.0,0,0,0,4,0,0,0.0,9.0,55.4,62.9,0.49735386095742123,1.0,62.9
63007_lnz_cherkasy_2020s_58402,63007_lnz_cherkasy_2020s,63007,LNZ Cherkasy,2020s,58402,Maksym Kovalyov (58402),Ukraine,Defender - Centre-Back,Defender,CB,1,1,1.0,0,0,0,3,0,0,893.0,8.0,54.8,61.9,0.46572047149386575,1.0,61.9
63007_lnz_cherkasy_2020s_624920,63007_lnz_cherkasy_2020s,63007,LNZ Cherkasy,2020s,624920,Béni Makouana (624920),Congo,Attack - Left Winger,Attack,LM,1,1,1.0,0,0,0,0,0,0,148.0,8.0,54.8,61.9,0.46572047149386575,1.0,61.9
63007_lnz_cherkasy_2020s_628329,63007_lnz_cherkasy_2020s,63007,LNZ Cherkasy,2020s,628329,Ajdi Dajko (628329),Albania  Greece,Defender - Centre-Back,Defender,CB,2,2,0.0,1,0,0,2,0,0,0.0,8.0,54.8,61.9,0.46572047149386575,1.0,61.9
63007_lnz_cherkasy_2020s_1041630,63007_lnz_cherkasy_2020s,63007,LNZ Cherkasy,2020s,1041630,Prosper Obah (1041630),Nigeria,Attack - Right Winger,Attack,RM,1,1,1.0,0,0,0,0,0,0,107.0,8.0,54.8,61.9,0.46572047149386575,1.0,61.9
63007_lnz_cherkasy_2020s_470495,63007_lnz_cherkasy_2020s,63007,LNZ Cherkasy,2020s,470495,Osama Khalaila (470495),Israel,Attack - Centre-Forward,Attack,FW,1,1,0.0,1,0,0,1,0,0,0.0,7.0,54.2,60.4,0.42097666586480637,1.0,60.4
63007_lnz_cherkasy_2020s_623319,63007_lnz_cherkasy_2020s,63007,LNZ Cherkasy,2020s,623319,Oleksandr Drambayev (623319),Ukraine,Defender - Left-Back,Defender,LB,2,2,0.0,0,0,0,2,0,0,0.0,6.0,53.6,58.6,0.36901611739235024,1.0,58.6
63007_lnz_cherkasy_2020s_743627,63007_lnz_cherkasy_2020s,63007,LNZ Cherkasy,2020s,743627,Jewison Bennette (743627),Costa Rica,Attack - Left Winger,Attack,LM,2,2,0.0,0,0,0,0,0,0,0.0,6.0,53.6,58.6,0.36901611739235024,1.0,58.6
63007_lnz_cherkasy_2020s_428603,63007_lnz_cherkasy_2020s,63007,LNZ Cherkasy,2020s,428603,Bogdan Kushnirenko (428603),Ukraine,Midfield - Defensive Midfield,Midfield,CDM,2,2,0.0,0,0,0,1,1,0,0.0,4.5,52.7,57.1,0.3246331489054607,1.0,57.1
63007_lnz_cherkasy_2020s_58939,63007_lnz_cherkasy_2020s,63007,LNZ Cherkasy,2020s,58939,Oleksiy Palamarchuk (58939),Ukraine  Moldova,Goalkeeper,Goalkeeper,GK,1,1,0.0,0,0,0,0,0,0,0.0,3.0,51.8,51.2,0.16754871301419294,1.0,51.2
63007_lnz_cherkasy_2020s_59442,63007_lnz_cherkasy_2020s,63007,LNZ Cherkasy,2020s,59442,Yevgen Selin (59442),Ukraine,Defender - Centre-Back,Defender,CB,1,1,0.0,0,0,0,0,0,0,0.0,3.0,51.8,51.2,0.16754871301419294,1.0,51.2
63007_lnz_cherkasy_2020s_242272,63007_lnz_cherkasy_2020s,63007,LNZ Cherkasy,2020s,242272,Yevgen Banada (242272),Ukraine,Midfield - Central Midfield,Midfield,CM,1,1,0.0,0,0,0,0,0,0,0.0,3.0,51.8,51.2,0.16754871301419294,1.0,51.2
63007_lnz_cherkasy_2020s_343151,63007_lnz_cherkasy_2020s,63007,LNZ Cherkasy,2020s,343151,Ivan Kalyuzhnyi (343151),Ukraine,Midfield - Central Midfield,Midfield,CM,1,1,0.0,0,0,0,3,0,0,0.0,3.0,51.8,51.2,0.16754871301419294,1.0,51.2
63007_lnz_cherkasy_2020s_523903,63007_lnz_cherkasy_2020s,63007,LNZ Cherkasy,2020s,523903,Nazariy Nych (523903),Ukraine,Attack - Centre-Forward,Attack,FW,1,1,0.0,0,0,0,1,0,0,0.0,3.0,51.8,51.2,0.16754871301419294,1.0,51.2
63007_lnz_cherkasy_2020s_539738,63007_lnz_cherkasy_2020s,63007,LNZ Cherkasy,2020s,539738,Oleg Gorin (539738),Ukraine,Defender - Centre-Back,Defender,CB,1,1,0.0,0,0,0,0,0,0,0.0,3.0,51.8,51.2,0.16754871301419294,1.0,51.2
63007_lnz_cherkasy_2020s_567735,63007_lnz_cherkasy_2020s,63007,LNZ Cherkasy,2020s,567735,Vladyslav Khamelyuk (567735),Ukraine,Midfield - Central Midfield,Midfield,CM,1,1,0.0,0,0,0,2,0,0,0.0,3.0,51.8,51.2,0.16754871301419294,1.0,51.2
63007_lnz_cherkasy_2020s_633850,63007_lnz_cherkasy_2020s,63007,LNZ Cherkasy,2020s,633850,Artur Ryabov (633850),Ukraine,Midfield - Central Midfield,Midfield,CM,1,1,0.0,0,0,0,0,0,0,0.0,3.0,51.8,51.2,0.16754871301419294,1.0,51.2
63007_lnz_cherkasy_2020s_670309,63007_lnz_cherkasy_2020s,63007,LNZ Cherkasy,2020s,670309,Matej Angelov (670309),North Macedonia,Midfield - Defensive Midfield,Midfield,CDM,1,1,0.0,0,0,0,1,0,0,0.0,3.0,51.8,51.2,0.16754871301419294,1.0,51.2
63007_lnz_cherkasy_2020s_723621,63007_lnz_cherkasy_2020s,63007,LNZ Cherkasy,2020s,723621,Denys Kuzyk (723621),Ukraine,Midfield - Right Midfield,Midfield,RM,1,1,0.0,0,0,0,1,0,0,0.0,3.0,51.8,51.2,0.16754871301419294,1.0,51.2
63007_lnz_cherkasy_2020s_751363,63007_lnz_cherkasy_2020s,63007,LNZ Cherkasy,2020s,751363,Danylo Kravchuk (751363),Ukraine,Attack - Centre-Forward,Attack,FW,1,1,0.0,0,0,0,1,0,0,0.0,3.0,51.8,51.2,0.16754871301419294,1.0,51.2
63007_lnz_cherkasy_2020s_935049,63007_lnz_cherkasy_2020s,63007,LNZ Cherkasy,2020s,935049,Oleksandr Yakymenko (935049),Ukraine,Attack - Right Winger,Attack,RM,1,1,0.0,0,0,0,0,0,0,0.0,3.0,51.8,51.2,0.16754871301419294,1.0,51.2
63007_lnz_cherkasy_2020s_1038054,63007_lnz_cherkasy_2020s,63007,LNZ Cherkasy,2020s,1038054,Yaroslav Kysil (1038054),Ukraine,Defender - Left-Back,Defender,LB,1,1,0.0,0,0,0,0,0,0,0.0,3.0,51.8,51.2,0.16754871301419294,1.0,51.2
63007_lnz_cherkasy_2020s_1293592,63007_lnz_cherkasy_2020s,63007,LNZ Cherkasy,2020s,1293592,Davyd Blagodarnyi (1293592),Ukraine,Midfield - Left Midfield,Midfield,LM,1,1,0.0,0,0,0,0,0,0,0.0,3.0,51.8,51.2,0.16754871301419294,1.0,51.2
63007_lnz_cherkasy_2020s_1294637,63007_lnz_cherkasy_2020s,63007,LNZ Cherkasy,2020s,1294637,Tymofiy Nivinskyi (1294637),Ukraine,Defender - Centre-Back,Defender,CB,1,1,0.0,0,0,0,0,0,0,0.0,3.0,51.8,51.2,0.16754871301419294,1.0,51.2
63007_lnz_cherkasy_2020s_1294647,63007_lnz_cherkasy_2020s,63007,LNZ Cherkasy,2020s,1294647,Denys Khamko (1294647),Ukraine,Midfield - Central Midfield,Midfield,CM,1,1,0.0,0,0,0,0,0,0,0.0,3.0,51.8,51.2,0.16754871301419294,1.0,51.2
63007_lnz_cherkasy_2020s_1303751,63007_lnz_cherkasy_2020s,63007,LNZ Cherkasy,2020s,1303751,Ilya Moskovchenko (1303751),Ukraine,Goalkeeper,Goalkeeper,GK,1,1,0.0,0,0,0,0,0,0,0.0,3.0,51.8,51.2,0.16754871301419294,1.0,51.2
63007_lnz_cherkasy_2020s_448867,63007_lnz_cherkasy_2020s,63007,LNZ Cherkasy,2020s,448867,Maksym Lopyryonok (448867),Ukraine,Defender - Centre-Back,Defender,CB,1,1,0.0,0,0,0,0,1,0,0.0,1.5,50.9,45.4,0.00950204474380563,1.0,45.4
6414_metalist_kharkiv_1990s_42631,6414_metalist_kharkiv_1990s,6414,Metalist Kharkiv,1990s,42631,Oleksandr Horyainov (42631),Ukraine,Goalkeeper,Goalkeeper,GK,3,3,0.0,0,23,79,2,0,0,5949.0,43.5,95.0,77.2,0.8646860716863123,1.0,77.2
6414_metalist_kharkiv_1990s_24143,6414_metalist_kharkiv_1990s,6414,Metalist Kharkiv,1990s,24143,Dmitriy Khomukha (24143),Turkmenistan  Russia,Midfield - Attacking Midfield,Midfield,AM,3,3,3.0,3,0,0,2,0,1,2575.0,36.0,87.2,75.3,0.832571566033197,1.0,75.3
6414_metalist_kharkiv_1990s_430990,6414_metalist_kharkiv_1990s,6414,Metalist Kharkiv,1990s,430990,Vladyslav Prudius (430990),Ukraine  Russia,Midfield - Attacking Midfield,Midfield,AM,1,1,3.0,0,0,0,2,0,0,442.0,18.0,68.6,69.1,0.6780129901371181,1.0,69.1
6414_metalist_kharkiv_1990s_24164,6414_metalist_kharkiv_1990s,6414,Metalist Kharkiv,1990s,24164,Volodymyr Savchenko (24164),Ukraine  Russia,Goalkeeper,Goalkeeper,GK,2,2,0.0,0,3,29,0,0,0,1305.0,10.5,60.9,64.1,0.5318739475583354,1.0,64.1
6414_metalist_kharkiv_1990s_24004,6414_metalist_kharkiv_1990s,6414,Metalist Kharkiv,1990s,24004,Sergiy Dolganskyi (24004),Ukraine,Goalkeeper,Goalkeeper,GK,2,2,0.0,0,2,22,0,0,0,1035.0,9.0,59.3,62.9,0.49735386095742123,1.0,62.9
6414_metalist_kharkiv_1990s_91714,6414_metalist_kharkiv_1990s,6414,Metalist Kharkiv,1990s,91714,Oleg Shevchenko (91714),Ukraine,Defender - Centre-Back,Defender,CB,2,2,0.0,0,0,0,0,0,0,0.0,6.0,56.2,58.6,0.36901611739235024,1.0,58.6
6414_metalist_kharkiv_1990s_146102,6414_metalist_kharkiv_1990s,6414,Metalist Kharkiv,1990s,146102,Volodymyr Kravchenko (146102),Ukraine,Midfield,Midfield,CM,2,2,0.0,0,0,0,0,0,0,0.0,6.0,56.2,58.6,0.36901611739235024,1.0,58.6
6414_metalist_kharkiv_1990s_883417,6414_metalist_kharkiv_1990s,6414,Metalist Kharkiv,1990s,883417,Volodymyr Serikov (883417),Ukraine,Midfield,Midfield,CM,2,2,0.0,0,0,0,0,0,0,0.0,6.0,56.2,58.6,0.36901611739235024,1.0,58.6
6414_metalist_kharkiv_1990s_32290,6414_metalist_kharkiv_1990s,6414,Metalist Kharkiv,1990s,32290,Andriy Gryshchenko (32290),Ukraine,Attack - Centre-Forward,Attack,FW,1,1,0.0,0,0,0,0,0,0,0.0,3.0,53.1,51.2,0.16754871301419294,1.0,51.2
6414_metalist_kharkiv_1990s_857995,6414_metalist_kharkiv_1990s,6414,Metalist Kharkiv,1990s,857995,Oleg Zhylin (857995),Ukraine,Defender,Defender,CB,1,1,0.0,0,0,0,0,0,0,0.0,3.0,53.1,51.2,0.16754871301419294,1.0,51.2
6414_metalist_kharkiv_2000s_59411,6414_metalist_kharkiv_2000s,6414,Metalist Kharkiv,2000s,59411,Marko Devic (59411),Ukraine  Serbia,Attack - Centre-Forward,Attack,FW,4,4,39.0,13,0,0,24,1,11,1024.0,256.5,95.0,93.8,0.9944671638200625,1.0,93.8
6414_metalist_kharkiv_2000s_27245,6414_metalist_kharkiv_2000s,6414,Metalist Kharkiv,2000s,27245,Jajá (27245),Brazil,Attack - Centre-Forward,Attack,FW,3,3,30.0,10,0,0,7,0,4,624.0,199.0,84.9,92.1,0.9901371181140245,1.0,92.1
6414_metalist_kharkiv_2000s_24047,6414_metalist_kharkiv_2000s,6414,Metalist Kharkiv,2000s,24047,Oleksandr Rykun (24047),Ukraine,Midfield - Attacking Midfield,Midfield,AM,4,4,9.0,27,0,0,4,0,4,4062.0,165.0,78.9,90.0,0.9850853981236468,1.0,90.0
6414_metalist_kharkiv_2000s_42631,6414_metalist_kharkiv_2000s,6414,Metalist Kharkiv,2000s,42631,Oleksandr Horyainov (42631),Ukraine,Goalkeeper,Goalkeeper,GK,8,8,0.0,1,83,209,15,0,0,18324.0,152.5,76.8,89.5,0.9821987009862881,1.0,89.5
6414_metalist_kharkiv_2000s_42660,6414_metalist_kharkiv_2000s,6414,Metalist Kharkiv,2000s,42660,Valentyn Slyusar (42660),Ukraine,Midfield - Defensive Midfield,Midfield,CDM,5,5,16.0,8,0,0,20,0,0,3020.0,127.0,72.3,88.0,0.9732980514794323,1.0,88.0
6414_metalist_kharkiv_2000s_43299,6414_metalist_kharkiv_2000s,6414,Metalist Kharkiv,2000s,43299,Edmar Galovskyi (43299),Ukraine  Brazil,Midfield - Central Midfield,Midfield,CM,3,3,9.0,17,0,0,19,0,0,2268.0,121.0,71.2,87.6,0.9707721914842434,1.0,87.6
6414_metalist_kharkiv_2000s_33176,6414_metalist_kharkiv_2000s,6414,Metalist Kharkiv,2000s,33176,Seweryn Gancarczyk (33176),Poland,Defender - Left-Back,Defender,LB,5,5,6.0,20,0,0,21,1,0,4894.0,119.5,71.0,87.4,0.969569401010344,1.0,87.4
6414_metalist_kharkiv_2000s_42621,6414_metalist_kharkiv_2000s,6414,Metalist Kharkiv,2000s,42621,Vitalie Bordian (42621),Moldova  Russia,Defender - Centre-Back,Defender,CB,6,6,4.0,20,0,0,10,0,0,5340.0,116.0,70.4,87.0,0.9672840991099351,1.0,87.0
6414_metalist_kharkiv_2000s_36238,6414_metalist_kharkiv_2000s,6414,Metalist Kharkiv,2000s,36238,Ruslan Fomin (36238),Ukraine,Attack - Centre-Forward,Attack,FW,4,4,12.0,9,0,0,10,1,0,1393.0,106.5,68.7,86.2,0.9629540534038971,1.0,86.2
6414_metalist_kharkiv_2000s_24061,6414_metalist_kharkiv_2000s,6414,Metalist Kharkiv,2000s,24061,Serhiy Valyayev (24061),Ukraine,Midfield - Central Midfield,Midfield,CM,5,5,10.0,6,0,0,21,0,0,5604.0,89.0,65.6,84.2,0.9511667067596825,1.0,84.2
6414_metalist_kharkiv_2000s_57895,6414_metalist_kharkiv_2000s,6414,Metalist Kharkiv,2000s,57895,Denys Oliynyk (57895),Ukraine,Attack - Left Winger,Attack,LM,2,2,9.0,4,0,0,5,0,0,256.0,67.0,61.8,82.0,0.9253067115708443,1.0,82.0
6414_metalist_kharkiv_2000s_8669,6414_metalist_kharkiv_2000s,6414,Metalist Kharkiv,2000s,8669,Milan Obradovic (8669),Serbia,Defender - Right-Back,Defender,RB,4,4,7.0,2,0,0,24,1,4,5059.0,53.5,59.4,79.8,0.8972816935289872,1.0,79.8
6414_metalist_kharkiv_2000s_13748,6414_metalist_kharkiv_2000s,6414,Metalist Kharkiv,2000s,13748,Miljan Mrdakovic (13748),Serbia,Attack - Centre-Forward,Attack,FW,2,2,7.0,2,0,0,3,0,0,226.0,49.0,58.6,78.9,0.8857349049795525,1.0,78.9
6414_metalist_kharkiv_2000s_25845,6414_metalist_kharkiv_2000s,6414,Metalist Kharkiv,2000s,25845,Oleksiy Antonov (25845),Ukraine,Attack - Centre-Forward,Attack,FW,3,3,7.0,1,0,0,5,0,0,649.0,48.0,58.4,78.5,0.8812845802261247,1.0,78.5
6414_metalist_kharkiv_2000s_13758,6414_metalist_kharkiv_2000s,6414,Metalist Kharkiv,2000s,13758,Zézéto (13758),Cote d'Ivoire,Attack - Right Winger,Attack,RM,3,3,6.0,2,0,0,4,0,0,1199.0,47.0,58.2,78.3,0.878277604041376,1.0,78.3
6414_metalist_kharkiv_2000s_59406,6414_metalist_kharkiv_2000s,6414,Metalist Kharkiv,2000s,59406,Oleksandr Babych (59406),Ukraine,Defender - Centre-Back,Defender,CB,4,4,6.0,1,0,0,13,0,0,3714.0,46.0,58.1,78.0,0.8755111859514073,1.0,78.0
6414_metalist_kharkiv_2000s_57971,6414_metalist_kharkiv_2000s,6414,Metalist Kharkiv,2000s,57971,Andriy Berezovchuk (57971),Ukraine,Defender - Centre-Back,Defender,CB,5,5,3.0,3,0,0,14,0,0,2715.0,42.0,57.4,76.7,0.8592735145537648,1.0,76.7
6414_metalist_kharkiv_2000s_59414,6414_metalist_kharkiv_2000s,6414,Metalist Kharkiv,2000s,59414,Papa Gueye (59414),Senegal  Ukraine,Defender - Centre-Back,Defender,CB,4,4,3.0,3,0,0,12,1,0,2478.0,37.5,56.6,75.7,0.8421938898243926,1.0,75.7
6414_metalist_kharkiv_2000s_59922,6414_metalist_kharkiv_2000s,6414,Metalist Kharkiv,2000s,59922,Ruslan Yarosh (59922),Ukraine,Midfield - Central Midfield,Midfield,CM,1,1,4.0,3,0,0,3,0,0,652.0,35.0,56.1,75.1,0.8263170555689199,1.0,75.1
6414_metalist_kharkiv_2000s_42624,6414_metalist_kharkiv_2000s,6414,Metalist Kharkiv,2000s,42624,Sergiy Davydov (42624),Ukraine,Attack - Centre-Forward,Attack,FW,4,4,1.0,0,0,0,2,0,0,521.0,17.0,53.0,68.6,0.6645417368294443,1.0,68.6
6414_metalist_kharkiv_2000s_44357,6414_metalist_kharkiv_2000s,6414,Metalist Kharkiv,2000s,44357,Oleksandr Kucher (44357),Ukraine,Defender - Centre-Back,Defender,CB,2,2,2.0,0,0,0,8,0,0,1016.0,15.0,52.6,67.4,0.6314649987972095,1.0,67.4
6414_metalist_kharkiv_2000s_17206,6414_metalist_kharkiv_2000s,6414,Metalist Kharkiv,2000s,17206,Aleksandar Trisovic (17206),Serbia,Midfield - Left Midfield,Midfield,LM,3,3,1.0,0,0,0,0,0,0,423.0,14.0,52.5,67.0,0.6188356988212653,1.0,67.0
6414_metalist_kharkiv_2000s_91786,6414_metalist_kharkiv_2000s,6414,Metalist Kharkiv,2000s,91786,Ivan Pogorelov (91786),Ukraine,Midfield - Defensive Midfield,Midfield,CDM,3,3,1.0,0,0,0,5,0,0,827.0,14.0,52.5,67.0,0.6188356988212653,1.0,67.0
6414_metalist_kharkiv_2000s_146102,6414_metalist_kharkiv_2000s,6414,Metalist Kharkiv,2000s,146102,Volodymyr Kravchenko (146102),Ukraine,Midfield,Midfield,CM,4,4,0.0,1,0,0,8,0,0,0.0,14.0,52.5,67.0,0.6188356988212653,1.0,67.0
6414_metalist_kharkiv_2000s_44411,6414_metalist_kharkiv_2000s,6414,Metalist Kharkiv,2000s,44411,Fininho (44411),Brazil,Defender - Left-Back,Defender,LB,1,1,2.0,0,0,0,3,0,0,294.0,13.0,52.3,66.3,0.600072167428434,1.0,66.3
6414_metalist_kharkiv_2000s_59440,6414_metalist_kharkiv_2000s,6414,Metalist Kharkiv,2000s,59440,Anton Postupalenko (59440),Ukraine,Midfield - Attacking Midfield,Midfield,AM,3,3,0.0,1,0,0,1,0,0,0.0,13.0,52.3,66.3,0.600072167428434,1.0,66.3
6414_metalist_kharkiv_2000s_53270,6414_metalist_kharkiv_2000s,6414,Metalist Kharkiv,2000s,53270,Oleksandr Gladkyi (53270),Ukraine,Attack - Centre-Forward,Attack,FW,1,1,1.0,1,0,0,2,0,0,366.0,12.0,52.1,65.5,0.5752946836661054,1.0,65.5
6414_metalist_kharkiv_2000s_58413,6414_metalist_kharkiv_2000s,6414,Metalist Kharkiv,2000s,58413,Volodymyr Lysenko (58413),Ukraine,Attack - Centre-Forward,Attack,FW,1,1,1.0,1,0,0,2,0,0,518.0,12.0,52.1,65.5,0.5752946836661054,1.0,65.5
6414_metalist_kharkiv_2000s_59407,6414_metalist_kharkiv_2000s,6414,Metalist Kharkiv,2000s,59407,Sergiy Barilko (59407),Ukraine,Midfield - Right Midfield,Midfield,RM,4,4,0.0,0,0,0,0,0,0,0.0,12.0,52.1,65.5,0.5752946836661054,1.0,65.5
6414_metalist_kharkiv_2000s_42656,6414_metalist_kharkiv_2000s,6414,Metalist Kharkiv,2000s,42656,Oleksiy Oliynyk (42656),Ukraine,Midfield - Left Midfield,Midfield,LM,2,2,1.0,0,0,0,1,0,0,361.0,11.0,51.9,64.6,0.5475102237190281,1.0,64.6
6414_metalist_kharkiv_2000s_42641,6414_metalist_kharkiv_2000s,6414,Metalist Kharkiv,2000s,42641,Andriy Khomyn (42641),Ukraine,Defender - Right-Back,Defender,RB,2,2,0.0,1,0,0,3,0,0,0.0,10.0,51.8,63.6,0.5188838104402214,1.0,63.6
6414_metalist_kharkiv_2000s_91714,6414_metalist_kharkiv_2000s,6414,Metalist Kharkiv,2000s,91714,Oleg Shevchenko (91714),Ukraine,Defender - Centre-Back,Defender,CB,2,2,1.0,0,0,0,5,1,0,277.0,9.5,51.7,63.3,0.508539812364686,1.0,63.3
6414_metalist_kharkiv_2000s_27126,6414_metalist_kharkiv_2000s,6414,Metalist Kharkiv,2000s,27126,Igor Bazhan (27126),Ukraine,Goalkeeper,Goalkeeper,GK,2,2,0.0,0,2,13,0,0,0,990.0,9.0,51.6,62.9,0.49735386095742123,1.0,62.9
6414_metalist_kharkiv_2000s_97319,6414_metalist_kharkiv_2000s,6414,Metalist Kharkiv,2000s,97319,Oleksandr Gumenyuk (97319),Ukraine,Goalkeeper,Goalkeeper,GK,1,1,0.0,0,4,11,1,0,0,607.0,9.0,51.6,62.9,0.49735386095742123,1.0,62.9
6414_metalist_kharkiv_2000s_59447,6414_metalist_kharkiv_2000s,6414,Metalist Kharkiv,2000s,59447,Andriy Tlumak (59447),Ukraine,Goalkeeper,Goalkeeper,GK,1,1,0.0,0,3,10,1,0,0,540.0,7.5,51.3,61.1,0.44274717344238634,1.0,61.1
6414_metalist_kharkiv_2000s_4602,6414_metalist_kharkiv_2000s,6414,Metalist Kharkiv,2000s,4602,Yuriy Petrov (4602),Russia  Ukraine,Attack - Centre-Forward,Attack,FW,1,1,0.0,1,0,0,1,0,0,0.0,7.0,51.2,60.4,0.42097666586480637,1.0,60.4
6414_metalist_kharkiv_2000s_16519,6414_metalist_kharkiv_2000s,6414,Metalist Kharkiv,2000s,16519,Aleksey Eremenko Jr. (16519),Finland,Midfield - Attacking Midfield,Midfield,AM,1,1,0.0,1,0,0,1,0,0,0.0,7.0,51.2,60.4,0.42097666586480637,1.0,60.4
6414_metalist_kharkiv_2000s_24053,6414_metalist_kharkiv_2000s,6414,Metalist Kharkiv,2000s,24053,Dmytro Semochko (24053),Ukraine  Russia,Defender - Left-Back,Defender,LB,1,1,0.0,1,0,0,0,0,0,0.0,7.0,51.2,60.4,0.42097666586480637,1.0,60.4
6414_metalist_kharkiv_2000s_31776,6414_metalist_kharkiv_2000s,6414,Metalist Kharkiv,2000s,31776,Oleksandr Yakovenko (31776),Ukraine  Belgium,Attack - Left Winger,Attack,LM,1,1,0.0,1,0,0,2,0,0,0.0,7.0,51.2,60.4,0.42097666586480637,1.0,60.4
6414_metalist_kharkiv_2000s_39095,6414_metalist_kharkiv_2000s,6414,Metalist Kharkiv,2000s,39095,Jonatan Maidana (39095),Argentina  Italy,Defender - Centre-Back,Defender,CB,2,2,0.0,0,0,0,5,0,0,0.0,6.0,51.1,58.6,0.36901611739235024,1.0,58.6
6414_metalist_kharkiv_2000s_59423,6414_metalist_kharkiv_2000s,6414,Metalist Kharkiv,2000s,59423,Aleksey Kurilov (59423),Russia  Ukraine,Defender - Centre-Back,Defender,CB,2,2,0.0,0,0,0,0,0,0,0.0,6.0,51.1,58.6,0.36901611739235024,1.0,58.6
6414_metalist_kharkiv_2000s_59442,6414_metalist_kharkiv_2000s,6414,Metalist Kharkiv,2000s,59442,Yevgen Selin (59442),Ukraine,Defender - Centre-Back,Defender,CB,2,2,0.0,0,0,0,0,0,0,0.0,6.0,51.1,58.6,0.36901611739235024,1.0,58.6
6414_metalist_kharkiv_2000s_91456,6414_metalist_kharkiv_2000s,6414,Metalist Kharkiv,2000s,91456,Igor Cherednichenko (91456),Ukraine,Defender - Centre-Back,Defender,CB,2,2,0.0,0,0,0,0,0,0,0.0,6.0,51.1,58.6,0.36901611739235024,1.0,58.6
6414_metalist_kharkiv_2000s_91475,6414_metalist_kharkiv_2000s,6414,Metalist Kharkiv,2000s,91475,Volodymyr Ovsienko (91475),Ukraine,Goalkeeper,Goalkeeper,GK,1,1,0.0,0,1,5,0,0,0,270.0,4.5,50.8,57.1,0.3246331489054607,1.0,57.1
6414_metalist_kharkiv_2000s_24500,6414_metalist_kharkiv_2000s,6414,Metalist Kharkiv,2000s,24500,Marcin Burkhardt (24500),Poland,Midfield - Central Midfield,Midfield,CM,1,1,0.0,0,0,0,0,0,0,0.0,3.0,50.5,51.2,0.16754871301419294,1.0,51.2
6414_metalist_kharkiv_2000s_25618,6414_metalist_kharkiv_2000s,6414,Metalist Kharkiv,2000s,25618,Sergiy Pshenychnykh (25618),Ukraine,Defender - Centre-Back,Defender,CB,1,1,0.0,0,0,0,0,0,0,0.0,3.0,50.5,51.2,0.16754871301419294,1.0,51.2
6414_metalist_kharkiv_2000s_42612,6414_metalist_kharkiv_2000s,6414,Metalist Kharkiv,2000s,42612,Marian Adam (42612),Slovakia,Attack - Right Winger,Attack,RM,1,1,0.0,0,0,0,1,0,0,0.0,3.0,50.5,51.2,0.16754871301419294,1.0,51.2
6414_metalist_kharkiv_2000s_43359,6414_metalist_kharkiv_2000s,6414,Metalist Kharkiv,2000s,43359,Pavlo Rebenok (43359),Ukraine,Midfield - Left Midfield,Midfield,LM,1,1,0.0,0,0,0,0,0,0,0.0,3.0,50.5,51.2,0.16754871301419294,1.0,51.2
6414_metalist_kharkiv_2000s_43495,6414_metalist_kharkiv_2000s,6414,Metalist Kharkiv,2000s,43495,Sergiy Pylypchuk (43495),Ukraine  Russia,Attack - Left Winger,Attack,LM,1,1,0.0,0,0,0,0,0,0,0.0,3.0,50.5,51.2,0.16754871301419294,1.0,51.2
6414_metalist_kharkiv_2000s_45315,6414_metalist_kharkiv_2000s,6414,Metalist Kharkiv,2000s,45315,Hernán Fredes (45315),Argentina  Italy,Midfield - Attacking Midfield,Midfield,AM,1,1,0.0,0,0,0,0,0,0,0.0,3.0,50.5,51.2,0.16754871301419294,1.0,51.2
6414_metalist_kharkiv_2000s_58255,6414_metalist_kharkiv_2000s,6414,Metalist Kharkiv,2000s,58255,Yuriy Tselykh (58255),Ukraine,Attack - Centre-Forward,Attack,FW,1,1,0.0,0,0,0,1,0,0,0.0,3.0,50.5,51.2,0.16754871301419294,1.0,51.2
6414_metalist_kharkiv_2000s_58956,6414_metalist_kharkiv_2000s,6414,Metalist Kharkiv,2000s,58956,Oleksandr Maksymov (58956),Ukraine,Midfield - Central Midfield,Midfield,CM,1,1,0.0,0,0,0,0,0,0,0.0,3.0,50.5,51.2,0.16754871301419294,1.0,51.2
6414_metalist_kharkiv_2000s_59434,6414_metalist_kharkiv_2000s,6414,Metalist Kharkiv,2000s,59434,Artem Putivtsev (59434),Ukraine  Poland,Defender - Centre-Back,Defender,CB,1,1,0.0,0,0,0,1,0,0,0.0,3.0,50.5,51.2,0.16754871301419294,1.0,51.2
6414_metalist_kharkiv_2000s_59446,6414_metalist_kharkiv_2000s,6414,Metalist Kharkiv,2000s,59446,Denys Sydorenko (59446),Ukraine,Goalkeeper,Goalkeeper,GK,1,1,0.0,0,0,0,0,0,0,0.0,3.0,50.5,51.2,0.16754871301419294,1.0,51.2
6414_metalist_kharkiv_2000s_59448,6414_metalist_kharkiv_2000s,6414,Metalist Kharkiv,2000s,59448,Maksym Yakhno (59448),Ukraine,Defender - Left-Back,Defender,LB,1,1,0.0,0,0,0,0,0,0,0.0,3.0,50.5,51.2,0.16754871301419294,1.0,51.2
6414_metalist_kharkiv_2000s_86941,6414_metalist_kharkiv_2000s,6414,Metalist Kharkiv,2000s,86941,Dmytro Zhdankov (86941),Ukraine,Goalkeeper,Goalkeeper,GK,1,1,0.0,0,0,0,0,0,0,0.0,3.0,50.5,51.2,0.16754871301419294,1.0,51.2
6414_metalist_kharkiv_2000s_92843,6414_metalist_kharkiv_2000s,6414,Metalist Kharkiv,2000s,92843,Yevgeniy Lozovyi (92843),Ukraine,Attack - Left Winger,Attack,LM,1,1,0.0,0,0,0,0,0,0,0.0,3.0,50.5,51.2,0.16754871301419294,1.0,51.2
6414_metalist_kharkiv_2000s_109990,6414_metalist_kharkiv_2000s,6414,Metalist Kharkiv,2000s,109990,Vakhtang Pantskhava (109990),Georgia,Attack - Centre-Forward,Attack,FW,1,1,0.0,0,0,0,0,0,0,0.0,3.0,50.5,51.2,0.16754871301419294,1.0,51.2
6414_metalist_kharkiv_2000s_120144,6414_metalist_kharkiv_2000s,6414,Metalist Kharkiv,2000s,120144,Yevgen Budnik (120144),Ukraine,Attack - Centre-Forward,Attack,FW,1,1,0.0,0,0,0,0,0,0,0.0,3.0,50.5,51.2,0.16754871301419294,1.0,51.2
6414_metalist_kharkiv_2000s_168988,6414_metalist_kharkiv_2000s,6414,Metalist Kharkiv,2000s,168988,Andriy Spevak (168988),Ukraine,Midfield - Central Midfield,Midfield,CM,1,1,0.0,0,0,0,0,0,0,0.0,3.0,50.5,51.2,0.16754871301419294,1.0,51.2
6414_metalist_kharkiv_2000s_186278,6414_metalist_kharkiv_2000s,6414,Metalist Kharkiv,2000s,186278,Sergey Vasiljev (186278),Russia,Midfield - Left Midfield,Midfield,LM,1,1,0.0,0,0,0,1,0,0,0.0,3.0,50.5,51.2,0.16754871301419294,1.0,51.2
6414_metalist_kharkiv_2000s_858005,6414_metalist_kharkiv_2000s,6414,Metalist Kharkiv,2000s,858005,Sergiy Chuychenko (858005),Ukraine,Attack - Centre-Forward,Attack,FW,1,1,0.0,0,0,0,0,0,0,0.0,3.0,50.5,51.2,0.16754871301419294,1.0,51.2
6414_metalist_kharkiv_2000s_24054,6414_metalist_kharkiv_2000s,6414,Metalist Kharkiv,2000s,24054,Oleg Shelayev (24054),Ukraine,Midfield - Defensive Midfield,Midfield,CDM,1,1,0.0,0,0,0,5,0,0,0.0,2.0,50.4,45.6,0.016237671397642532,1.0,45.6
6414_metalist_kharkiv_2010s_27378,6414_metalist_kharkiv_2010s,6414,Metalist Kharkiv,2010s,27378,Cleiton Xavier (27378),Brazil,Midfield - Attacking Midfield,Midfield,AM,5,5,46.0,31,0,0,6,2,9,1074.0,366.0,95.0,95.9,0.9975944190522011,1.0,95.9
6414_metalist_kharkiv_2010s_59411,6414_metalist_kharkiv_2010s,6414,Metalist Kharkiv,2010s,59411,Marko Devic (59411),Ukraine  Serbia,Attack - Centre-Forward,Attack,FW,4,4,45.0,17,0,0,10,1,5,510.0,303.5,87.3,95.2,0.9966321866730815,1.0,95.2
6414_metalist_kharkiv_2010s_20137,6414_metalist_kharkiv_2010s,6414,Metalist Kharkiv,2010s,20137,José Sosa (20137),Argentina,Midfield - Attacking Midfield,Midfield,AM,3,3,17.0,21,0,0,9,0,1,986.0,177.0,71.8,90.5,0.9862881885975463,1.0,90.5
6414_metalist_kharkiv_2010s_53477,6414_metalist_kharkiv_2010s,6414,Metalist Kharkiv,2010s,53477,Jonathan Cristaldo (53477),Argentina,Attack - Centre-Forward,Attack,FW,4,4,27.0,4,0,0,7,0,2,438.0,162.0,69.9,89.9,0.9846042819340871,1.0,89.9
6414_metalist_kharkiv_2010s_76028,6414_metalist_kharkiv_2010s,6414,Metalist Kharkiv,2010s,76028,Taison (76028),Brazil,Attack - Left Winger,Attack,LM,3,3,13.0,19,0,0,13,0,0,1499.0,150.0,68.4,89.4,0.9813567476545586,1.0,89.4
6414_metalist_kharkiv_2010s_68778,6414_metalist_kharkiv_2010s,6414,Metalist Kharkiv,2010s,68778,Marlos (68778),Ukraine  Brazil,Attack - Right Winger,Attack,RM,3,3,9.0,14,0,0,2,0,1,1116.0,110.0,63.5,86.4,0.9642771229251864,1.0,86.4
6414_metalist_kharkiv_2010s_43299,6414_metalist_kharkiv_2010s,6414,Metalist Kharkiv,2010s,43299,Edmar Galovskyi (43299),Ukraine  Brazil,Midfield - Central Midfield,Midfield,CM,5,5,12.0,8,0,0,29,1,0,5228.0,103.5,62.7,85.7,0.9600673562665384,1.0,85.7
6414_metalist_kharkiv_2010s_54576,6414_metalist_kharkiv_2010s,6414,Metalist Kharkiv,2010s,54576,Sebastián Blanco (54576),Argentina  Spain,Midfield - Attacking Midfield,Midfield,AM,3,3,10.0,7,0,0,14,1,0,1131.0,85.5,60.5,83.8,0.947919172480154,1.0,83.8
6414_metalist_kharkiv_2010s_57895,6414_metalist_kharkiv_2010s,6414,Metalist Kharkiv,2010s,57895,Denys Oliynyk (57895),Ukraine,Attack - Left Winger,Attack,LM,1,1,12.0,4,0,0,2,0,0,158.0,79.0,59.7,83.2,0.9403415924945875,1.0,83.2
6414_metalist_kharkiv_2010s_30803,6414_metalist_kharkiv_2010s,6414,Metalist Kharkiv,2010s,30803,Cristian Villagra (30803),Argentina  Italy,Defender - Left-Back,Defender,LB,5,5,5.0,10,0,0,26,2,0,8356.0,76.0,59.3,83.0,0.9379360115467885,1.0,83.0
6414_metalist_kharkiv_2010s_27245,6414_metalist_kharkiv_2010s,6414,Metalist Kharkiv,2010s,27245,Jajá (27245),Brazil,Attack - Centre-Forward,Attack,FW,3,3,6.0,5,0,0,2,0,2,376.0,59.0,57.3,80.7,0.9090690401732018,1.0,80.7
6414_metalist_kharkiv_2010s_42631,6414_metalist_kharkiv_2010s,6414,Metalist Kharkiv,2010s,42631,Oleksandr Horyainov (42631),Ukraine,Goalkeeper,Goalkeeper,GK,6,6,0.0,0,24,57,2,0,0,5200.0,54.0,56.6,79.8,0.8981236468607169,1.0,79.8
6414_metalist_kharkiv_2010s_44411,6414_metalist_kharkiv_2010s,6414,Metalist Kharkiv,2010s,44411,Fininho (44411),Brazil,Defender - Left-Back,Defender,LB,3,3,5.0,4,0,0,10,0,0,1102.0,49.0,56.0,78.9,0.8857349049795525,1.0,78.9
6414_metalist_kharkiv_2010s_43309,6414_metalist_kharkiv_2010s,6414,Metalist Kharkiv,2010s,43309,Volodymyr Gomenyuk (43309),Ukraine,Attack - Centre-Forward,Attack,FW,2,2,6.0,3,0,0,1,0,0,900.0,47.0,55.8,78.3,0.878277604041376,1.0,78.3
6414_metalist_kharkiv_2010s_20005,6414_metalist_kharkiv_2010s,6414,Metalist Kharkiv,2010s,20005,Papu Gómez (20005),Argentina  Italy,Attack - Left Winger,Attack,LM,1,1,3.0,6,0,0,4,0,0,574.0,42.0,55.2,76.7,0.8592735145537648,1.0,76.7
6414_metalist_kharkiv_2010s_25618,6414_metalist_kharkiv_2010s,6414,Metalist Kharkiv,2010s,25618,Sergiy Pshenychnykh (25618),Ukraine,Defender - Centre-Back,Defender,CB,5,5,3.0,2,0,0,6,0,0,1558.0,35.0,54.3,75.1,0.8263170555689199,1.0,75.1
6414_metalist_kharkiv_2010s_59414,6414_metalist_kharkiv_2010s,6414,Metalist Kharkiv,2010s,59414,Papa Gueye (59414),Senegal  Ukraine,Defender - Centre-Back,Defender,CB,5,5,2.0,3,0,0,10,0,0,4327.0,35.0,54.3,75.1,0.8263170555689199,1.0,75.1
6414_metalist_kharkiv_2010s_14945,6414_metalist_kharkiv_2010s,6414,Metalist Kharkiv,2010s,14945,Andriy Vorobey (14945),Ukraine,Attack - Centre-Forward,Attack,FW,3,3,4.0,1,0,0,2,0,0,159.0,33.0,54.1,74.6,0.8146499879720953,1.0,74.6
6414_metalist_kharkiv_2010s_55338,6414_metalist_kharkiv_2010s,6414,Metalist Kharkiv,2010s,55338,Willian Bigode (55338),Brazil,Attack - Second Striker,Attack,FW,1,1,4.0,1,0,0,2,0,0,217.0,27.0,53.3,72.9,0.7733942747173442,1.0,72.9
6414_metalist_kharkiv_2010s_264063,6414_metalist_kharkiv_2010s,6414,Metalist Kharkiv,2010s,264063,Sergiy Bolbat (264063),Ukraine,Attack - Right Winger,Attack,RM,1,1,4.0,1,0,0,0,0,1,263.0,27.0,53.3,72.9,0.7733942747173442,1.0,72.9
6414_metalist_kharkiv_2010s_57971,6414_metalist_kharkiv_2010s,6414,Metalist Kharkiv,2010s,57971,Andriy Berezovchuk (57971),Ukraine,Defender - Centre-Back,Defender,CB,5,5,2.0,0,0,0,8,0,0,2133.0,25.0,53.1,72.2,0.7552321385614625,1.0,72.2
6414_metalist_kharkiv_2010s_57888,6414_metalist_kharkiv_2010s,6414,Metalist Kharkiv,2010s,57888,Pavlo Ksyonz (57888),Ukraine,Defender - Right-Back,Defender,RB,1,1,0.0,5,0,0,3,0,0,0.0,23.0,52.8,71.5,0.7382727928794804,1.0,71.5
6414_metalist_kharkiv_2010s_8669,6414_metalist_kharkiv_2010s,6414,Metalist Kharkiv,2010s,8669,Milan Obradovic (8669),Serbia,Defender - Right-Back,Defender,RB,3,3,0.0,3,0,0,14,0,0,0.0,21.0,52.6,70.7,0.7179456338705797,1.0,70.7
6414_metalist_kharkiv_2010s_24054,6414_metalist_kharkiv_2010s,6414,Metalist Kharkiv,2010s,24054,Oleg Shelayev (24054),Ukraine,Midfield - Defensive Midfield,Midfield,CDM,4,4,1.0,1,0,0,9,0,0,1135.0,21.0,52.6,70.7,0.7179456338705797,1.0,70.7
6414_metalist_kharkiv_2010s_37414,6414_metalist_kharkiv_2010s,6414,Metalist Kharkiv,2010s,37414,David Caiado (37414),Portugal  Luxembourg,Midfield - Attacking Midfield,Midfield,AM,1,1,2.0,2,0,0,0,0,1,366.0,21.0,52.6,70.7,0.7179456338705797,1.0,70.7
6414_metalist_kharkiv_2010s_55484,6414_metalist_kharkiv_2010s,6414,Metalist Kharkiv,2010s,55484,Márcio Azevedo (55484),Brazil,Defender - Left-Back,Defender,LB,3,3,0.0,2,0,0,4,0,0,0.0,17.0,52.1,68.6,0.6645417368294443,1.0,68.6
6414_metalist_kharkiv_2010s_68915,6414_metalist_kharkiv_2010s,6414,Metalist Kharkiv,2010s,68915,Oleg Krasnopyorov (68915),Ukraine,Midfield - Defensive Midfield,Midfield,CDM,3,3,0.0,2,0,0,3,0,0,0.0,17.0,52.1,68.6,0.6645417368294443,1.0,68.6
6414_metalist_kharkiv_2010s_53523,6414_metalist_kharkiv_2010s,6414,Metalist Kharkiv,2010s,53523,Marco Torsiglieri (53523),Argentina  Italy,Defender - Centre-Back,Defender,CB,3,3,1.0,1,0,0,14,1,0,1845.0,16.5,52.0,68.2,0.6557613663699784,1.0,68.2
6414_metalist_kharkiv_2010s_58976,6414_metalist_kharkiv_2010s,6414,Metalist Kharkiv,2010s,58976,Maksim Startsev (58976),Ukraine  Russia,Goalkeeper,Goalkeeper,GK,2,2,0.0,0,7,10,2,0,0,1052.0,16.5,52.0,68.2,0.6557613663699784,1.0,68.2
6414_metalist_kharkiv_2010s_25734,6414_metalist_kharkiv_2010s,6414,Metalist Kharkiv,2010s,25734,Denys Kulakov (25734),Ukraine,Defender - Right-Back,Defender,RB,1,1,1.0,2,0,0,3,0,0,1157.0,16.0,52.0,67.9,0.6464998797209526,1.0,67.9
6414_metalist_kharkiv_2010s_25780,6414_metalist_kharkiv_2010s,6414,Metalist Kharkiv,2010s,25780,Ayila Yussuf (25780),Nigeria,Defender - Centre-Back,Defender,CB,2,2,2.0,0,0,0,2,0,0,818.0,16.0,52.0,67.9,0.6464998797209526,1.0,67.9
6414_metalist_kharkiv_2010s_33315,6414_metalist_kharkiv_2010s,6414,Metalist Kharkiv,2010s,33315,Diego Souza (33315),Brazil,Attack - Centre-Forward,Attack,FW,1,1,1.0,2,0,0,3,0,0,1416.0,16.0,52.0,67.9,0.6464998797209526,1.0,67.9
6414_metalist_kharkiv_2010s_131553,6414_metalist_kharkiv_2010s,6414,Metalist Kharkiv,2010s,131553,Vyacheslav Churko (131553),Ukraine  Hungary,Midfield - Attacking Midfield,Midfield,AM,1,1,1.0,2,0,0,1,0,0,1004.0,16.0,52.0,67.9,0.6464998797209526,1.0,67.9
6414_metalist_kharkiv_2010s_24061,6414_metalist_kharkiv_2010s,6414,Metalist Kharkiv,2010s,24061,Serhiy Valyayev (24061),Ukraine,Midfield - Central Midfield,Midfield,CM,2,2,1.0,1,0,0,9,0,0,2045.0,15.0,51.8,67.4,0.6314649987972095,1.0,67.4
6414_metalist_kharkiv_2010s_43359,6414_metalist_kharkiv_2010s,6414,Metalist Kharkiv,2010s,43359,Pavlo Rebenok (43359),Ukraine,Midfield - Left Midfield,Midfield,LM,2,2,1.0,1,0,0,1,0,0,110.0,15.0,51.8,67.4,0.6314649987972095,1.0,67.4
6414_metalist_kharkiv_2010s_58413,6414_metalist_kharkiv_2010s,6414,Metalist Kharkiv,2010s,58413,Volodymyr Lysenko (58413),Ukraine,Attack - Centre-Forward,Attack,FW,2,2,0.0,2,0,0,1,0,0,0.0,14.0,51.7,67.0,0.6188356988212653,1.0,67.0
6414_metalist_kharkiv_2010s_59893,6414_metalist_kharkiv_2010s,6414,Metalist Kharkiv,2010s,59893,Oleksandr Romanchuk (59893),Ukraine,Defender - Left-Back,Defender,LB,2,2,0.0,2,0,0,1,0,0,0.0,14.0,51.7,67.0,0.6188356988212653,1.0,67.0
6414_metalist_kharkiv_2010s_62515,6414_metalist_kharkiv_2010s,6414,Metalist Kharkiv,2010s,62515,Ivan Bobko (62515),Ukraine,Midfield - Attacking Midfield,Midfield,AM,2,2,0.0,2,0,0,2,0,0,0.0,14.0,51.7,67.0,0.6188356988212653,1.0,67.0
6414_metalist_kharkiv_2010s_132091,6414_metalist_kharkiv_2010s,6414,Metalist Kharkiv,2010s,132091,Sergey Tkachev (132091),Russia,Midfield - Attacking Midfield,Midfield,AM,2,2,0.0,2,0,0,1,0,0,0.0,14.0,51.7,67.0,0.6188356988212653,1.0,67.0
6414_metalist_kharkiv_2010s_59407,6414_metalist_kharkiv_2010s,6414,Metalist Kharkiv,2010s,59407,Sergiy Barilko (59407),Ukraine,Midfield - Right Midfield,Midfield,RM,3,3,0.0,1,0,0,3,0,0,0.0,13.0,51.6,66.3,0.600072167428434,1.0,66.3
6414_metalist_kharkiv_2010s_24043,6414_metalist_kharkiv_2010s,6414,Metalist Kharkiv,2010s,24043,Sergiy Nazarenko (24043),Ukraine,Midfield - Attacking Midfield,Midfield,AM,2,2,1.0,0,0,0,2,0,0,500.0,11.0,51.4,64.6,0.5475102237190281,1.0,64.6
6414_metalist_kharkiv_2010s_120144,6414_metalist_kharkiv_2010s,6414,Metalist Kharkiv,2010s,120144,Yevgen Budnik (120144),Ukraine,Attack - Centre-Forward,Attack,FW,2,2,1.0,0,0,0,0,0,0,72.0,11.0,51.4,64.6,0.5475102237190281,1.0,64.6
6414_metalist_kharkiv_2010s_206717,6414_metalist_kharkiv_2010s,6414,Metalist Kharkiv,2010s,206717,Eduard Sobol (206717),Ukraine,Defender - Left-Back,Defender,LB,1,1,0.0,2,0,0,3,0,0,0.0,11.0,51.4,64.6,0.5475102237190281,1.0,64.6
6414_metalist_kharkiv_2010s_305423,6414_metalist_kharkiv_2010s,6414,Metalist Kharkiv,2010s,305423,Ivan Zotko (305423),Ukraine,Defender - Centre-Back,Defender,CB,2,2,1.0,0,0,0,2,0,0,613.0,11.0,51.4,64.6,0.5475102237190281,1.0,64.6
6414_metalist_kharkiv_2010s_57901,6414_metalist_kharkiv_2010s,6414,Metalist Kharkiv,2010s,57901,Vyacheslav Sharpar (57901),Ukraine,Midfield - Central Midfield,Midfield,CM,2,2,0.0,1,0,0,3,0,0,0.0,10.0,51.2,63.6,0.5188838104402214,1.0,63.6
6414_metalist_kharkiv_2010s_117107,6414_metalist_kharkiv_2010s,6414,Metalist Kharkiv,2010s,117107,Artur Denchuk (117107),Ukraine,Goalkeeper,Goalkeeper,GK,3,3,0.0,0,0,0,0,0,0,0.0,9.0,51.1,62.9,0.49735386095742123,1.0,62.9
6414_metalist_kharkiv_2010s_264646,6414_metalist_kharkiv_2010s,6414,Metalist Kharkiv,2010s,264646,Oleksandr Osman (264646),Ukraine,Defender - Left-Back,Defender,LB,3,3,0.0,0,0,0,0,0,0,0.0,9.0,51.1,62.9,0.49735386095742123,1.0,62.9
6414_metalist_kharkiv_2010s_269677,6414_metalist_kharkiv_2010s,6414,Metalist Kharkiv,2010s,269677,Vladyslav Krayev (269677),Ukraine,Midfield - Attacking Midfield,Midfield,AM,3,3,0.0,0,0,0,1,0,0,0.0,9.0,51.1,62.9,0.49735386095742123,1.0,62.9
6414_metalist_kharkiv_2010s_49018,6414_metalist_kharkiv_2010s,6414,Metalist Kharkiv,2010s,49018,Oleksiy Polyanskyi (49018),Ukraine,Defender - Centre-Back,Defender,CB,1,1,1.0,0,0,0,2,0,0,1248.0,8.0,51.0,61.9,0.46572047149386575,1.0,61.9
6414_metalist_kharkiv_2010s_119434,6414_metalist_kharkiv_2010s,6414,Metalist Kharkiv,2010s,119434,Rodrigo Moledo (119434),Brazil,Defender - Centre-Back,Defender,CB,1,1,1.0,0,0,0,5,0,0,1081.0,8.0,51.0,61.9,0.46572047149386575,1.0,61.9
6414_metalist_kharkiv_2010s_316946,6414_metalist_kharkiv_2010s,6414,Metalist Kharkiv,2010s,316946,Sergiy Napolov (316946),Ukraine,Midfield - Attacking Midfield,Midfield,AM,1,1,1.0,0,0,0,0,0,0,160.0,8.0,51.0,61.9,0.46572047149386575,1.0,61.9
6414_metalist_kharkiv_2010s_59446,6414_metalist_kharkiv_2010s,6414,Metalist Kharkiv,2010s,59446,Denys Sydorenko (59446),Ukraine,Goalkeeper,Goalkeeper,GK,2,2,0.0,0,1,2,0,0,0,180.0,7.5,50.9,61.1,0.44274717344238634,1.0,61.1
6414_metalist_kharkiv_2010s_59442,6414_metalist_kharkiv_2010s,6414,Metalist Kharkiv,2010s,59442,Yevgen Selin (59442),Ukraine,Defender - Centre-Back,Defender,CB,1,1,0.0,1,0,0,3,0,0,0.0,7.0,50.9,60.4,0.42097666586480637,1.0,60.4
6414_metalist_kharkiv_2010s_92567,6414_metalist_kharkiv_2010s,6414,Metalist Kharkiv,2010s,92567,Andriy Bogdanov (92567),Ukraine,Midfield - Central Midfield,Midfield,CM,1,1,0.0,1,0,0,1,0,0,0.0,7.0,50.9,60.4,0.42097666586480637,1.0,60.4
6414_metalist_kharkiv_2010s_248938,6414_metalist_kharkiv_2010s,6414,Metalist Kharkiv,2010s,248938,Maksym Tretyakov (248938),Ukraine,Attack - Left Winger,Attack,LM,1,1,0.0,1,0,0,4,0,0,0.0,7.0,50.9,60.4,0.42097666586480637,1.0,60.4
6414_metalist_kharkiv_2010s_349107,6414_metalist_kharkiv_2010s,6414,Metalist Kharkiv,2010s,349107,Oleg Synytsya (349107),Ukraine,Attack - Right Winger,Attack,RM,1,1,0.0,1,0,0,1,0,0,0.0,7.0,50.9,60.4,0.42097666586480637,1.0,60.4
6414_metalist_kharkiv_2010s_42621,6414_metalist_kharkiv_2010s,6414,Metalist Kharkiv,2010s,42621,Vitalie Bordian (42621),Moldova  Russia,Defender - Centre-Back,Defender,CB,2,2,0.0,1,0,0,1,1,0,0.0,6.5,50.8,59.7,0.40161173923502524,1.0,59.7
6414_metalist_kharkiv_2010s_59434,6414_metalist_kharkiv_2010s,6414,Metalist Kharkiv,2010s,59434,Artem Putivtsev (59434),Ukraine  Poland,Defender - Centre-Back,Defender,CB,1,1,1.0,0,0,0,1,1,0,1006.0,6.5,50.8,59.7,0.40161173923502524,1.0,59.7
6414_metalist_kharkiv_2010s_42624,6414_metalist_kharkiv_2010s,6414,Metalist Kharkiv,2010s,42624,Sergiy Davydov (42624),Ukraine,Attack - Centre-Forward,Attack,FW,2,2,0.0,0,0,0,1,0,0,0.0,6.0,50.7,58.6,0.36901611739235024,1.0,58.6
6414_metalist_kharkiv_2010s_54816,6414_metalist_kharkiv_2010s,6414,Metalist Kharkiv,2010s,54816,Dmytro Lyopa (54816),Ukraine,Midfield - Attacking Midfield,Midfield,AM,1,1,0.0,1,0,0,4,0,0,0.0,6.0,50.7,58.6,0.36901611739235024,1.0,58.6
6414_metalist_kharkiv_2010s_119110,6414_metalist_kharkiv_2010s,6414,Metalist Kharkiv,2010s,119110,Lukas Stetina (119110),Slovakia,Defender - Centre-Back,Defender,CB,2,2,0.0,0,0,0,0,0,0,0.0,6.0,50.7,58.6,0.36901611739235024,1.0,58.6
6414_metalist_kharkiv_2010s_337198,6414_metalist_kharkiv_2010s,6414,Metalist Kharkiv,2010s,337198,Bogdan Boychuk (337198),Ukraine,Attack - Right Winger,Attack,RM,2,2,0.0,0,0,0,0,0,0,0.0,6.0,50.7,58.6,0.36901611739235024,1.0,58.6
6414_metalist_kharkiv_2010s_248930,6414_metalist_kharkiv_2010s,6414,Metalist Kharkiv,2010s,248930,Danylo Kanevtsev (248930),Ukraine,Goalkeeper,Goalkeeper,GK,1,1,0.0,0,1,3,0,0,0,180.0,4.5,50.6,57.1,0.3246331489054607,1.0,57.1
6414_metalist_kharkiv_2010s_17206,6414_metalist_kharkiv_2010s,6414,Metalist Kharkiv,2010s,17206,Aleksandar Trisovic (17206),Serbia,Midfield - Left Midfield,Midfield,LM,1,1,0.0,0,0,0,0,0,0,0.0,3.0,50.4,51.2,0.16754871301419294,1.0,51.2
6414_metalist_kharkiv_2010s_58035,6414_metalist_kharkiv_2010s,6414,Metalist Kharkiv,2010s,58035,Mykola Ishchenko (58035),Ukraine,Defender - Centre-Back,Defender,CB,1,1,0.0,0,0,0,6,0,0,0.0,3.0,50.4,51.2,0.16754871301419294,1.0,51.2
6414_metalist_kharkiv_2010s_58043,6414_metalist_kharkiv_2010s,6414,Metalist Kharkiv,2010s,58043,Rustam Khudzhamov (58043),Ukraine,Goalkeeper,Goalkeeper,GK,1,1,0.0,0,0,11,0,0,0,540.0,3.0,50.4,51.2,0.16754871301419294,1.0,51.2
6414_metalist_kharkiv_2010s_58046,6414_metalist_kharkiv_2010s,6414,Metalist Kharkiv,2010s,58046,Vasyl Kobin (58046),Ukraine,Defender - Right-Back,Defender,RB,1,1,0.0,0,0,0,2,0,0,0.0,3.0,50.4,51.2,0.16754871301419294,1.0,51.2
6414_metalist_kharkiv_2010s_58162,6414_metalist_kharkiv_2010s,6414,Metalist Kharkiv,2010s,58162,Ivan Voytenko (58162),Russia  Ukraine,Midfield - Defensive Midfield,Midfield,CDM,1,1,0.0,0,0,0,0,0,0,0.0,3.0,50.4,51.2,0.16754871301419294,1.0,51.2
6414_metalist_kharkiv_2010s_59423,6414_metalist_kharkiv_2010s,6414,Metalist Kharkiv,2010s,59423,Aleksey Kurilov (59423),Russia  Ukraine,Defender - Centre-Back,Defender,CB,1,1,0.0,0,0,0,1,0,0,0.0,3.0,50.4,51.2,0.16754871301419294,1.0,51.2
6414_metalist_kharkiv_2010s_59440,6414_metalist_kharkiv_2010s,6414,Metalist Kharkiv,2010s,59440,Anton Postupalenko (59440),Ukraine,Midfield - Attacking Midfield,Midfield,AM,1,1,0.0,0,0,0,0,0,0,0.0,3.0,50.4,51.2,0.16754871301419294,1.0,51.2
6414_metalist_kharkiv_2010s_86941,6414_metalist_kharkiv_2010s,6414,Metalist Kharkiv,2010s,86941,Dmytro Zhdankov (86941),Ukraine,Goalkeeper,Goalkeeper,GK,1,1,0.0,0,0,2,0,0,0,51.0,3.0,50.4,51.2,0.16754871301419294,1.0,51.2
6414_metalist_kharkiv_2010s_97835,6414_metalist_kharkiv_2010s,6414,Metalist Kharkiv,2010s,97835,Dmytro Yeremenko (97835),Ukraine,Attack - Right Winger,Attack,RM,1,1,0.0,0,0,0,1,0,0,0.0,3.0,50.4,51.2,0.16754871301419294,1.0,51.2
6414_metalist_kharkiv_2010s_100020,6414_metalist_kharkiv_2010s,6414,Metalist Kharkiv,2010s,100020,Sergiy Zagynaylov (100020),Ukraine,Attack - Centre-Forward,Attack,FW,1,1,0.0,0,0,0,0,0,0,0.0,3.0,50.4,51.2,0.16754871301419294,1.0,51.2
6414_metalist_kharkiv_2010s_120966,6414_metalist_kharkiv_2010s,6414,Metalist Kharkiv,2010s,120966,Oleksandr Ilyushchenkov (120966),Ukraine,Goalkeeper,Goalkeeper,GK,1,1,0.0,0,0,14,0,0,0,270.0,3.0,50.4,51.2,0.16754871301419294,1.0,51.2
6414_metalist_kharkiv_2010s_206889,6414_metalist_kharkiv_2010s,6414,Metalist Kharkiv,2010s,206889,Svyatoslav Kozlovskyi (206889),Ukraine,Attack - Right Winger,Attack,RM,1,1,0.0,0,0,0,0,0,0,0.0,3.0,50.4,51.2,0.16754871301419294,1.0,51.2
6414_metalist_kharkiv_2010s_211313,6414_metalist_kharkiv_2010s,6414,Metalist Kharkiv,2010s,211313,Oleksandr Azatskyi (211313),Ukraine,Defender - Centre-Back,Defender,CB,1,1,0.0,0,0,0,0,0,0,0.0,3.0,50.4,51.2,0.16754871301419294,1.0,51.2
6414_metalist_kharkiv_2010s_213976,6414_metalist_kharkiv_2010s,6414,Metalist Kharkiv,2010s,213976,Igor Kharatin (213976),Ukraine  Hungary,Midfield - Defensive Midfield,Midfield,CDM,1,1,0.0,0,0,0,2,0,0,0.0,3.0,50.4,51.2,0.16754871301419294,1.0,51.2
6414_metalist_kharkiv_2010s_248931,6414_metalist_kharkiv_2010s,6414,Metalist Kharkiv,2010s,248931,Oleksandr Kapliyenko (248931),Ukraine,Defender - Left-Back,Defender,LB,1,1,0.0,0,0,0,2,0,0,0.0,3.0,50.4,51.2,0.16754871301419294,1.0,51.2
6414_metalist_kharkiv_2010s_297008,6414_metalist_kharkiv_2010s,6414,Metalist Kharkiv,2010s,297008,Igor Koshman (297008),Ukraine,Midfield - Attacking Midfield,Midfield,AM,1,1,0.0,0,0,0,0,0,0,0.0,3.0,50.4,51.2,0.16754871301419294,1.0,51.2
6414_metalist_kharkiv_2010s_307308,6414_metalist_kharkiv_2010s,6414,Metalist Kharkiv,2010s,307308,Volodymyr Shopin (307308),Ukraine,Defender - Left-Back,Defender,LB,1,1,0.0,0,0,0,0,0,0,0.0,3.0,50.4,51.2,0.16754871301419294,1.0,51.2
6414_metalist_kharkiv_2010s_349106,6414_metalist_kharkiv_2010s,6414,Metalist Kharkiv,2010s,349106,Dmytro Antonov (349106),Ukraine,Defender - Centre-Back,Defender,CB,1,1,0.0,0,0,0,0,0,0,0.0,3.0,50.4,51.2,0.16754871301419294,1.0,51.2
6414_metalist_kharkiv_2010s_363063,6414_metalist_kharkiv_2010s,6414,Metalist Kharkiv,2010s,363063,Oleksiy Kovtun (363063),Ukraine,Defender - Centre-Back,Defender,CB,1,1,0.0,0,0,0,1,0,0,0.0,3.0,50.4,51.2,0.16754871301419294,1.0,51.2
6414_metalist_kharkiv_2010s_363064,6414_metalist_kharkiv_2010s,6414,Metalist Kharkiv,2010s,363064,Yegor Chegurko (363064),Ukraine,Midfield - Left Midfield,Midfield,LM,1,1,0.0,0,0,0,0,0,0,0.0,3.0,50.4,51.2,0.16754871301419294,1.0,51.2
6414_metalist_kharkiv_2010s_369093,6414_metalist_kharkiv_2010s,6414,Metalist Kharkiv,2010s,369093,Andriy Ralyuchenko (369093),Ukraine,Midfield - Defensive Midfield,Midfield,CDM,1,1,0.0,0,0,0,1,0,0,0.0,3.0,50.4,51.2,0.16754871301419294,1.0,51.2
6414_metalist_kharkiv_2010s_432658,6414_metalist_kharkiv_2010s,6414,Metalist Kharkiv,2010s,432658,Yuriy Kopyna (432658),Ukraine,Defender - Right-Back,Defender,RB,1,1,0.0,0,0,0,0,0,0,0.0,3.0,50.4,51.2,0.16754871301419294,1.0,51.2
6422_evis_mykolaiv_1990s_92466,6422_evis_mykolaiv_1990s,6422,Evis Mykolaiv,1990s,92466,Volodymyr Ponomarenko (92466),Ukraine,Midfield - Right Midfield,Midfield,RM,1,1,2.0,0,0,0,4,1,0,1275.0,11.5,95.0,65.0,0.5601395236949723,1.0,65.0
6422_evis_mykolaiv_1990s_4602,6422_evis_mykolaiv_1990s,6422,Evis Mykolaiv,1990s,4602,Yuriy Petrov (4602),Russia  Ukraine,Attack - Centre-Forward,Attack,FW,1,1,0.0,0,0,0,1,0,0,0.0,3.0,61.7,51.2,0.16754871301419294,1.0,51.2
6422_sc_mykolaiv_1990s_92464,6422_sc_mykolaiv_1990s,6422,SC Mykolaiv,1990s,92464,Sergiy Dranov (92464),Ukraine,Attack - Centre-Forward,Attack,FW,1,1,2.0,2,0,0,0,0,0,428.0,21.0,95.0,70.7,0.7179456338705797,1.0,70.7
6422_sc_mykolaiv_1990s_92466,6422_sc_mykolaiv_1990s,6422,SC Mykolaiv,1990s,92466,Volodymyr Ponomarenko (92466),Ukraine,Midfield - Right Midfield,Midfield,RM,1,1,2.0,1,0,0,2,1,0,1361.0,15.5,83.2,67.6,0.6383209044984364,1.0,67.6
6422_sc_mykolaiv_1990s_57971,6422_sc_mykolaiv_1990s,6422,SC Mykolaiv,1990s,57971,Andriy Berezovchuk (57971),Ukraine,Defender - Centre-Back,Defender,CB,1,1,1.0,0,0,0,1,0,0,632.0,8.0,67.1,61.9,0.46572047149386575,1.0,61.9
6422_sc_mykolaiv_1990s_123760,6422_sc_mykolaiv_1990s,6422,SC Mykolaiv,1990s,123760,Ruslan Vasylkiv (123760),Ukraine,Defender,Defender,CB,1,1,1.0,0,0,0,0,0,0,1140.0,8.0,67.1,61.9,0.46572047149386575,1.0,61.9
6422_sc_mykolaiv_1990s_59886,6422_sc_mykolaiv_1990s,6422,SC Mykolaiv,1990s,59886,Andriy Raspopov (59886),Ukraine  Belarus,Defender - Centre-Back,Defender,CB,1,1,0.0,0,0,0,0,0,0,0.0,3.0,56.4,51.2,0.16754871301419294,1.0,51.2
660_shakhtar_donetsk_1990s_14945,660_shakhtar_donetsk_1990s,660,Shakhtar Donetsk,1990s,14945,Andriy Vorobey (14945),Ukraine,Attack - Centre-Forward,Attack,FW,3,3,26.0,3,0,0,3,0,1,252.0,151.0,95.0,89.4,0.9817175847967284,1.0,89.4
660_shakhtar_donetsk_1990s_92461,660_shakhtar_donetsk_1990s,660,Shakhtar Donetsk,1990s,92461,Yuriy Seleznyov (92461),Ukraine,Midfield - Central Midfield,Midfield,CM,3,3,17.0,5,0,0,9,0,0,1342.0,114.0,84.0,86.8,0.9664421457782054,1.0,86.8
660_shakhtar_donetsk_1990s_92464,660_shakhtar_donetsk_1990s,660,Shakhtar Donetsk,1990s,92464,Sergiy Dranov (92464),Ukraine,Attack - Centre-Forward,Attack,FW,5,5,4.0,0,0,0,1,0,0,238.0,35.0,60.4,75.1,0.8263170555689199,1.0,75.1
660_shakhtar_donetsk_1990s_24054,660_shakhtar_donetsk_1990s,660,Shakhtar Donetsk,1990s,24054,Oleg Shelayev (24054),Ukraine,Midfield - Defensive Midfield,Midfield,CDM,4,4,3.0,1,0,0,2,0,0,372.0,31.0,59.2,74.0,0.8010584556170315,1.0,74.0
660_shakhtar_donetsk_1990s_24063,660_shakhtar_donetsk_1990s,660,Shakhtar Donetsk,1990s,24063,Yuriy Virt (24063),Ukraine,Goalkeeper,Goalkeeper,GK,1,1,0.0,0,17,15,1,0,0,2681.0,28.5,58.5,73.4,0.7840991099350493,1.0,73.4
660_shakhtar_donetsk_1990s_24127,660_shakhtar_donetsk_1990s,660,Shakhtar Donetsk,1990s,24127,Andrey Fedkov (24127),Russia,Attack - Centre-Forward,Attack,FW,1,1,4.0,0,0,0,1,0,0,244.0,23.0,56.9,71.5,0.7382727928794804,1.0,71.5
660_shakhtar_donetsk_1990s_109647,660_shakhtar_donetsk_1990s,660,Shakhtar Donetsk,1990s,109647,Vitaliy Abramov (109647),Kazakhstan  Russia,Midfield - Attacking Midfield,Midfield,AM,1,1,2.0,2,0,0,1,0,0,281.0,21.0,56.3,70.7,0.7179456338705797,1.0,70.7
660_shakhtar_donetsk_1990s_28532,660_shakhtar_donetsk_1990s,660,Shakhtar Donetsk,1990s,28532,Marian Aliuta (28532),Romania,Midfield - Attacking Midfield,Midfield,AM,1,1,0.0,1,0,0,1,0,0,0.0,7.0,52.1,60.4,0.42097666586480637,1.0,60.4
660_shakhtar_donetsk_1990s_91704,660_shakhtar_donetsk_1990s,660,Shakhtar Donetsk,1990s,91704,Yuriy Danchenko (91704),Ukraine,Defender - Left-Back,Defender,LB,1,1,0.0,1,0,0,0,0,0,0.0,7.0,52.1,60.4,0.42097666586480637,1.0,60.4
660_shakhtar_donetsk_1990s_25652,660_shakhtar_donetsk_1990s,660,Shakhtar Donetsk,1990s,25652,Sergey Yaskovich (25652),Belarus,Defender - Centre-Back,Defender,CB,2,2,0.0,0,0,0,0,0,0,0.0,6.0,51.8,58.6,0.36901611739235024,1.0,58.6
660_shakhtar_donetsk_1990s_98479,660_shakhtar_donetsk_1990s,660,Shakhtar Donetsk,1990s,98479,Yevgen Kotov (98479),Ukraine,Defender - Centre-Back,Defender,CB,2,2,0.0,0,0,0,3,0,0,0.0,6.0,51.8,58.6,0.36901611739235024,1.0,58.6
660_shakhtar_donetsk_1990s_24166,660_shakhtar_donetsk_1990s,660,Shakhtar Donetsk,1990s,24166,Aleksandr Shmarko (24166),Russia  Ukraine,Defender - Centre-Back,Defender,CB,1,1,0.0,0,0,0,0,0,0,0.0,3.0,50.9,51.2,0.16754871301419294,1.0,51.2
660_shakhtar_donetsk_1990s_57997,660_shakhtar_donetsk_1990s,660,Shakhtar Donetsk,1990s,57997,Sergiy Dmytriev (57997),Ukraine  Russia,Attack - Left Winger,Attack,LM,1,1,0.0,0,0,0,0,0,0,0.0,3.0,50.9,51.2,0.16754871301419294,1.0,51.2
660_shakhtar_donetsk_1990s_418361,660_shakhtar_donetsk_1990s,660,Shakhtar Donetsk,1990s,418361,Yakiv Kripak (418361),Ukraine,Attack - Centre-Forward,Attack,FW,1,1,0.0,0,0,0,0,0,0,0.0,3.0,50.9,51.2,0.16754871301419294,1.0,51.2
660_shakhtar_donetsk_2000s_14945,660_shakhtar_donetsk_2000s,660,Shakhtar Donetsk,2000s,14945,Andriy Vorobey (14945),Ukraine,Attack - Centre-Forward,Attack,FW,7,7,54.0,33,0,0,12,0,4,2449.0,423.0,95.0,97.6,0.9992783257156603,1.0,97.6
660_shakhtar_donetsk_2000s_29261,660_shakhtar_donetsk_2000s,660,Shakhtar Donetsk,2000s,29261,Jádson (29261),Brazil  Italy,Midfield - Attacking Midfield,Midfield,AM,6,6,33.0,37,0,0,26,3,8,2996.0,326.5,84.7,95.6,0.9971133028626413,1.0,95.6
660_shakhtar_donetsk_2000s_14925,660_shakhtar_donetsk_2000s,660,Shakhtar Donetsk,2000s,14925,Julius Aghahowa (14925),Nigeria,Attack - Centre-Forward,Attack,FW,8,9,34.0,13,0,0,7,1,0,1830.0,244.5,76.0,93.6,0.9939860476305028,1.0,93.6
660_shakhtar_donetsk_2000s_26267,660_shakhtar_donetsk_2000s,660,Shakhtar Donetsk,2000s,26267,Fernandinho (26267),Brazil,Midfield - Defensive Midfield,Midfield,CDM,5,6,22.0,27,0,0,27,2,7,4182.0,229.0,74.4,93.3,0.9932643733461631,1.0,93.3
660_shakhtar_donetsk_2000s_53270,660_shakhtar_donetsk_2000s,660,Shakhtar Donetsk,2000s,53270,Oleksandr Gladkyi (53270),Ukraine,Attack - Centre-Forward,Attack,FW,3,3,27.0,21,0,0,9,0,1,625.0,228.0,74.3,93.2,0.9930238152513832,1.0,93.2
660_shakhtar_donetsk_2000s_14942,660_shakhtar_donetsk_2000s,660,Shakhtar Donetsk,2000s,14942,Darijo Srna (14942),Croatia,Defender - Right-Back,Defender,RB,7,8,12.0,34,0,0,38,1,1,4489.0,212.5,72.6,92.6,0.9915804666827038,1.0,92.6
660_shakhtar_donetsk_2000s_5974,660_shakhtar_donetsk_2000s,660,Shakhtar Donetsk,2000s,5974,Matuzalém (5974),Brazil  Italy,Midfield - Defensive Midfield,Midfield,CDM,3,3,25.0,17,0,0,12,1,3,671.0,200.5,71.3,92.2,0.9903776762088045,1.0,92.2
660_shakhtar_donetsk_2000s_44361,660_shakhtar_donetsk_2000s,660,Shakhtar Donetsk,2000s,44361,Oleksiy Gay (44361),Ukraine,Midfield - Central Midfield,Midfield,CM,8,8,14.0,10,0,0,7,0,0,4346.0,133.0,64.1,88.3,0.9753427952850613,1.0,88.3
660_shakhtar_donetsk_2000s_48974,660_shakhtar_donetsk_2000s,660,Shakhtar Donetsk,2000s,48974,Luiz Adriano (48974),Brazil,Attack - Centre-Forward,Attack,FW,4,4,19.0,6,0,0,9,1,2,478.0,129.5,63.8,88.2,0.9742602838585518,1.0,88.2
660_shakhtar_donetsk_2000s_52769,660_shakhtar_donetsk_2000s,660,Shakhtar Donetsk,2000s,52769,Willian (52769),Brazil,Attack - Left Winger,Attack,LM,3,3,10.0,12,0,0,4,0,0,718.0,107.0,61.4,86.3,0.9633148905460669,1.0,86.3
660_shakhtar_donetsk_2000s_14940,660_shakhtar_donetsk_2000s,660,Shakhtar Donetsk,2000s,14940,Răzvan Raț (14940),Romania,Defender - Left-Back,Defender,LB,7,8,6.0,14,0,0,17,1,0,5268.0,104.5,61.1,85.9,0.9612701467404379,1.0,85.9
660_shakhtar_donetsk_2000s_52937,660_shakhtar_donetsk_2000s,660,Shakhtar Donetsk,2000s,52937,Ilsinho (52937),Brazil  Portugal,Midfield - Right Midfield,Midfield,RM,3,3,10.0,4,0,0,5,1,0,1321.0,73.5,57.8,82.7,0.9337262448881405,1.0,82.7
660_shakhtar_donetsk_2000s_25820,660_shakhtar_donetsk_2000s,660,Shakhtar Donetsk,2000s,25820,Vyacheslav Shevchuk (25820),Ukraine,Defender - Left-Back,Defender,LB,7,8,0.0,13,0,0,7,0,0,0.0,73.0,57.8,82.6,0.9321626172720712,1.0,82.6
660_shakhtar_donetsk_2000s_39996,660_shakhtar_donetsk_2000s,660,Shakhtar Donetsk,2000s,39996,Andriy Pyatov (39996),Ukraine,Goalkeeper,Goalkeeper,GK,3,3,0.0,0,41,41,3,0,0,6660.0,70.5,57.5,82.3,0.9286745248977628,1.0,82.3
660_shakhtar_donetsk_2000s_24026,660_shakhtar_donetsk_2000s,660,Shakhtar Donetsk,2000s,24026,Kostyantyn Kravchenko (24026),Ukraine,Midfield - Attacking Midfield,Midfield,AM,3,3,9.0,3,0,0,1,0,0,223.0,66.0,57.0,81.9,0.9237430839547751,1.0,81.9
660_shakhtar_donetsk_2000s_25732,660_shakhtar_donetsk_2000s,660,Shakhtar Donetsk,2000s,25732,Dmytro Chygrynskyi (25732),Ukraine,Defender - Centre-Back,Defender,CB,7,8,7.0,1,0,0,11,1,0,3167.0,58.5,56.2,80.6,0.9081068077940823,1.0,80.6
660_shakhtar_donetsk_2000s_36238,660_shakhtar_donetsk_2000s,660,Shakhtar Donetsk,2000s,36238,Ruslan Fomin (36238),Ukraine,Attack - Centre-Forward,Attack,FW,4,4,2.0,6,0,0,3,0,0,725.0,46.0,54.9,78.0,0.8755111859514073,1.0,78.0
660_shakhtar_donetsk_2000s_59908,660_shakhtar_donetsk_2000s,660,Shakhtar Donetsk,2000s,59908,Yevgen Seleznyov (59908),Ukraine,Attack - Centre-Forward,Attack,FW,1,1,7.0,2,0,0,3,0,0,197.0,46.0,54.9,78.0,0.8755111859514073,1.0,78.0
660_shakhtar_donetsk_2000s_9688,660_shakhtar_donetsk_2000s,660,Shakhtar Donetsk,2000s,9688,Tomas Hübschman (9688),Czech Republic,Midfield - Defensive Midfield,Midfield,CDM,6,7,2.0,4,0,0,17,0,0,3539.0,43.0,54.6,77.0,0.8626413278806832,1.0,77.0
660_shakhtar_donetsk_2000s_24063,660_shakhtar_donetsk_2000s,660,Shakhtar Donetsk,2000s,24063,Yuriy Virt (24063),Ukraine,Goalkeeper,Goalkeeper,GK,5,5,0.0,0,13,30,0,0,0,3240.0,34.5,53.7,74.9,0.8228289631946115,1.0,74.9
660_shakhtar_donetsk_2000s_75615,660_shakhtar_donetsk_2000s,660,Shakhtar Donetsk,2000s,75615,Douglas Costa (75615),Brazil,Attack - Right Winger,Attack,RM,1,1,5.0,1,0,0,3,0,0,116.0,32.0,53.4,74.3,0.8081549194130383,1.0,74.3
660_shakhtar_donetsk_2000s_14937,660_shakhtar_donetsk_2000s,660,Shakhtar Donetsk,2000s,14937,Stipe Pletikosa (14937),Croatia,Goalkeeper,Goalkeeper,GK,3,3,0.0,0,15,25,1,0,0,2880.0,31.5,53.4,74.2,0.80454654799134,1.0,74.2
660_shakhtar_donetsk_2000s_28532,660_shakhtar_donetsk_2000s,660,Shakhtar Donetsk,2000s,28532,Marian Aliuta (28532),Romania,Midfield - Attacking Midfield,Midfield,AM,2,2,1.0,5,0,0,4,0,0,1485.0,31.0,53.3,74.0,0.8010584556170315,1.0,74.0
660_shakhtar_donetsk_2000s_109647,660_shakhtar_donetsk_2000s,660,Shakhtar Donetsk,2000s,109647,Vitaliy Abramov (109647),Kazakhstan  Russia,Midfield - Attacking Midfield,Midfield,AM,2,2,0.0,6,0,0,0,0,0,0.0,30.0,53.2,73.8,0.7954053403897041,1.0,73.8
660_shakhtar_donetsk_2000s_58046,660_shakhtar_donetsk_2000s,660,Shakhtar Donetsk,2000s,58046,Vasyl Kobin (58046),Ukraine,Defender - Right-Back,Defender,RB,1,1,1.0,5,0,0,4,0,0,1593.0,28.0,53.0,73.2,0.7803704594659611,1.0,73.2
660_shakhtar_donetsk_2000s_21408,660_shakhtar_donetsk_2000s,660,Shakhtar Donetsk,2000s,21408,Cristiano Lucarelli (21408),Italy,Attack - Centre-Forward,Attack,FW,1,1,4.0,0,0,0,1,0,3,152.0,23.0,52.4,71.5,0.7382727928794804,1.0,71.5
660_shakhtar_donetsk_2000s_44357,660_shakhtar_donetsk_2000s,660,Shakhtar Donetsk,2000s,44357,Oleksandr Kucher (44357),Ukraine,Defender - Centre-Back,Defender,CB,4,4,2.0,0,0,0,8,0,0,2966.0,22.0,52.3,71.1,0.7276882367091653,1.0,71.1
660_shakhtar_donetsk_2000s_24006,660_shakhtar_donetsk_2000s,660,Shakhtar Donetsk,2000s,24006,Volodymyr Yezerskyi (24006),Ukraine,Defender - Right-Back,Defender,RB,3,3,1.0,1,0,0,1,0,0,1103.0,18.0,51.9,69.1,0.6780129901371181,1.0,69.1
660_shakhtar_donetsk_2000s_54162,660_shakhtar_donetsk_2000s,660,Shakhtar Donetsk,2000s,54162,Marcelo Moreno Martins (54162),Bolivia  Brazil,Attack - Centre-Forward,Attack,FW,1,1,2.0,0,0,0,0,0,0,382.0,13.0,51.4,66.3,0.600072167428434,1.0,66.3
660_shakhtar_donetsk_2000s_49018,660_shakhtar_donetsk_2000s,660,Shakhtar Donetsk,2000s,49018,Oleksiy Polyanskyi (49018),Ukraine,Defender - Centre-Back,Defender,CB,4,4,0.0,0,0,0,1,0,0,0.0,12.0,51.3,65.5,0.5752946836661054,1.0,65.5
660_shakhtar_donetsk_2000s_25734,660_shakhtar_donetsk_2000s,660,Shakhtar Donetsk,2000s,25734,Denys Kulakov (25734),Ukraine,Defender - Right-Back,Defender,RB,2,2,1.0,0,0,0,1,0,0,45.0,11.0,51.2,64.6,0.5475102237190281,1.0,64.6
660_shakhtar_donetsk_2000s_58043,660_shakhtar_donetsk_2000s,660,Shakhtar Donetsk,2000s,58043,Rustam Khudzhamov (58043),Ukraine,Goalkeeper,Goalkeeper,GK,2,2,0.0,0,3,9,0,0,0,810.0,10.5,51.1,64.1,0.5318739475583354,1.0,64.1
660_shakhtar_donetsk_2000s_48579,660_shakhtar_donetsk_2000s,660,Shakhtar Donetsk,2000s,48579,Igor Strelkov (48579),Russia,Attack - Centre-Forward,Attack,FW,1,1,1.0,0,0,0,0,0,0,147.0,8.0,50.9,61.9,0.46572047149386575,1.0,61.9
660_shakhtar_donetsk_2000s_24166,660_shakhtar_donetsk_2000s,660,Shakhtar Donetsk,2000s,24166,Aleksandr Shmarko (24166),Russia  Ukraine,Defender - Centre-Back,Defender,CB,1,1,0.0,1,0,0,0,0,0,0.0,7.0,50.7,60.4,0.42097666586480637,1.0,60.4
660_shakhtar_donetsk_2000s_89222,660_shakhtar_donetsk_2000s,660,Shakhtar Donetsk,2000s,89222,Yaroslav Rakitskyi (89222),Ukraine,Defender - Centre-Back,Defender,CB,1,1,0.0,1,0,0,3,0,0,0.0,7.0,50.7,60.4,0.42097666586480637,1.0,60.4
660_shakhtar_donetsk_2000s_24004,660_shakhtar_donetsk_2000s,660,Shakhtar Donetsk,2000s,24004,Sergiy Dolganskyi (24004),Ukraine,Goalkeeper,Goalkeeper,GK,2,2,0.0,0,0,0,0,0,0,0.0,6.0,50.6,58.6,0.36901611739235024,1.0,58.6
660_shakhtar_donetsk_2000s_44358,660_shakhtar_donetsk_2000s,660,Shakhtar Donetsk,2000s,44358,Leonardo (44358),Brazil,Defender - Centre-Back,Defender,CB,2,3,0.0,0,0,0,0,0,0,0.0,6.0,50.6,58.6,0.36901611739235024,1.0,58.6
660_shakhtar_donetsk_2000s_58035,660_shakhtar_donetsk_2000s,660,Shakhtar Donetsk,2000s,58035,Mykola Ishchenko (58035),Ukraine,Defender - Centre-Back,Defender,CB,2,2,0.0,0,0,0,4,0,0,0.0,6.0,50.6,58.6,0.36901611739235024,1.0,58.6
660_shakhtar_donetsk_2000s_43288,660_shakhtar_donetsk_2000s,660,Shakhtar Donetsk,2000s,43288,Oleksandr Chyzhov (43288),Ukraine,Defender - Centre-Back,Defender,CB,2,2,0.0,0,0,0,3,1,0,0.0,4.5,50.5,57.1,0.3246331489054607,1.0,57.1
660_shakhtar_donetsk_2000s_15681,660_shakhtar_donetsk_2000s,660,Shakhtar Donetsk,2000s,15681,Vyacheslav Sviderskyi (15681),Ukraine,Defender - Centre-Back,Defender,CB,1,1,0.0,0,0,0,1,0,0,0.0,3.0,50.3,51.2,0.16754871301419294,1.0,51.2
660_shakhtar_donetsk_2000s_24013,660_shakhtar_donetsk_2000s,660,Shakhtar Donetsk,2000s,24013,Igor Gjuzelov (24013),North Macedonia  Belgium,Defender - Centre-Back,Defender,CB,1,1,0.0,0,0,0,1,0,0,0.0,3.0,50.3,51.2,0.16754871301419294,1.0,51.2
660_shakhtar_donetsk_2000s_24116,660_shakhtar_donetsk_2000s,660,Shakhtar Donetsk,2000s,24116,Roman Adamov (24116),Russia,Attack - Centre-Forward,Attack,FW,1,1,0.0,0,0,0,0,0,0,0.0,3.0,50.3,51.2,0.16754871301419294,1.0,51.2
660_shakhtar_donetsk_2000s_27191,660_shakhtar_donetsk_2000s,660,Shakhtar Donetsk,2000s,27191,Oleg Karamushka (27191),Ukraine,Defender - Centre-Back,Defender,CB,1,1,0.0,0,0,0,0,0,0,0.0,3.0,50.3,51.2,0.16754871301419294,1.0,51.2
660_shakhtar_donetsk_2000s_29262,660_shakhtar_donetsk_2000s,660,Shakhtar Donetsk,2000s,29262,Ivan (29262),Brazil,Defender - Left-Back,Defender,LB,1,1,0.0,0,0,0,0,0,0,0.0,3.0,50.3,51.2,0.16754871301419294,1.0,51.2
660_shakhtar_donetsk_2000s_44318,660_shakhtar_donetsk_2000s,660,Shakhtar Donetsk,2000s,44318,Timofey Kalachev (44318),Belarus  Russia,Midfield - Right Midfield,Midfield,RM,1,1,0.0,0,0,0,1,0,0,0.0,3.0,50.3,51.2,0.16754871301419294,1.0,51.2
660_shakhtar_donetsk_2000s_58402,660_shakhtar_donetsk_2000s,660,Shakhtar Donetsk,2000s,58402,Maksym Kovalyov (58402),Ukraine,Defender - Centre-Back,Defender,CB,1,1,0.0,0,0,0,0,0,0,0.0,3.0,50.3,51.2,0.16754871301419294,1.0,51.2
660_shakhtar_donetsk_2000s_58403,660_shakhtar_donetsk_2000s,660,Shakhtar Donetsk,2000s,58403,Denys Kozhanov (58403),Ukraine,Attack - Right Winger,Attack,RM,1,1,0.0,0,0,0,0,0,0,0.0,3.0,50.3,51.2,0.16754871301419294,1.0,51.2
660_shakhtar_donetsk_2000s_58441,660_shakhtar_donetsk_2000s,660,Shakhtar Donetsk,2000s,58441,Andriy Shybko (58441),Ukraine,Midfield - Central Midfield,Midfield,CM,1,1,0.0,0,0,0,0,0,0,0.0,3.0,50.3,51.2,0.16754871301419294,1.0,51.2
660_shakhtar_donetsk_2000s_66515,660_shakhtar_donetsk_2000s,660,Shakhtar Donetsk,2000s,66515,Alex Teixeira (66515),Brazil,Attack - Second Striker,Attack,FW,1,1,0.0,0,0,0,0,0,0,0.0,3.0,50.3,51.2,0.16754871301419294,1.0,51.2
660_shakhtar_donetsk_2000s_94931,660_shakhtar_donetsk_2000s,660,Shakhtar Donetsk,2000s,94931,Vitaliy Vitsenets (94931),Ukraine  Russia,Midfield - Central Midfield,Midfield,CM,1,1,0.0,0,0,0,0,0,0,0.0,3.0,50.3,51.2,0.16754871301419294,1.0,51.2
660_shakhtar_donetsk_2010s_68778,660_shakhtar_donetsk_2010s,660,Shakhtar Donetsk,2010s,68778,Marlos (68778),Ukraine  Brazil,Attack - Right Winger,Attack,RM,6,9,55.0,34,0,0,22,0,10,1878.0,429.0,95.0,98.0,0.9995188838104402,1.0,98.0
660_shakhtar_donetsk_2010s_66515,660_shakhtar_donetsk_2010s,660,Shakhtar Donetsk,2010s,66515,Alex Teixeira (66515),Brazil,Attack - Second Striker,Attack,FW,6,6,67.0,16,0,0,12,0,6,1157.0,415.0,93.5,97.1,0.9990377676208805,1.0,97.1
660_shakhtar_donetsk_2010s_76028,660_shakhtar_donetsk_2010s,660,Shakhtar Donetsk,2010s,76028,Taison (76028),Brazil,Attack - Left Winger,Attack,LM,8,11,35.0,51,0,0,22,1,4,4920.0,400.5,92.0,96.8,0.9987972095261005,1.0,96.8
660_shakhtar_donetsk_2010s_48974,660_shakhtar_donetsk_2010s,660,Shakhtar Donetsk,2010s,48974,Luiz Adriano (48974),Brazil,Attack - Centre-Forward,Attack,FW,5,5,58.0,20,0,0,13,0,6,730.0,385.0,90.4,96.7,0.9985566514313207,1.0,96.7
660_shakhtar_donetsk_2010s_14942,660_shakhtar_donetsk_2010s,660,Shakhtar Donetsk,2010s,14942,Darijo Srna (14942),Croatia,Defender - Right-Back,Defender,RB,8,8,21.0,61,0,0,41,1,6,6376.0,369.5,88.8,96.1,0.997834977146981,1.0,96.1
660_shakhtar_donetsk_2010s_52915,660_shakhtar_donetsk_2010s,660,Shakhtar Donetsk,2010s,52915,Júnior Moraes (52915),Ukraine  Brazil,Attack - Centre-Forward,Attack,FW,2,4,39.0,18,0,0,16,0,2,617.0,273.0,78.6,94.6,0.995790233341352,1.0,94.6
660_shakhtar_donetsk_2010s_24633,660_shakhtar_donetsk_2010s,660,Shakhtar Donetsk,2010s,24633,Eduardo (24633),Croatia  Brazil,Attack - Centre-Forward,Attack,FW,6,6,38.0,15,0,0,14,0,1,1075.0,268.0,78.1,94.3,0.9954293961991821,1.0,94.3
660_shakhtar_donetsk_2010s_55735,660_shakhtar_donetsk_2010s,660,Shakhtar Donetsk,2010s,55735,Henrikh Mkhitaryan (55735),Armenia,Midfield - Central Midfield,Midfield,CM,3,3,38.0,16,0,0,10,0,1,685.0,263.0,77.6,94.1,0.9951888381044022,1.0,94.1
660_shakhtar_donetsk_2010s_93795,660_shakhtar_donetsk_2010s,660,Shakhtar Donetsk,2010s,93795,Facundo Ferreyra (93795),Argentina  Italy,Attack - Centre-Forward,Attack,FW,5,6,43.0,7,0,0,13,0,2,637.0,258.0,77.1,93.9,0.9947077219148425,1.0,93.9
660_shakhtar_donetsk_2010s_75615,660_shakhtar_donetsk_2010s,660,Shakhtar Donetsk,2010s,75615,Douglas Costa (75615),Brazil,Attack - Right Winger,Attack,RM,5,5,24.0,29,0,0,13,0,3,1686.0,251.0,76.3,93.7,0.9942266057252827,1.0,93.7
660_shakhtar_donetsk_2010s_39996,660_shakhtar_donetsk_2010s,660,Shakhtar Donetsk,2010s,39996,Andriy Pyatov (39996),Ukraine,Goalkeeper,Goalkeeper,GK,10,13,0.0,0,111,148,6,0,0,19308.0,196.5,70.6,91.9,0.9896560019244648,1.0,91.9
660_shakhtar_donetsk_2010s_124028,660_shakhtar_donetsk_2010s,660,Shakhtar Donetsk,2010s,124028,Ismaily (124028),Brazil,Defender - Left-Back,Defender,LB,8,11,13.0,26,0,0,8,0,0,4513.0,193.0,70.2,91.6,0.9889343276401251,1.0,91.6
660_shakhtar_donetsk_2010s_52769,660_shakhtar_donetsk_2010s,660,Shakhtar Donetsk,2010s,52769,Willian (52769),Brazil,Attack - Left Winger,Attack,LM,3,3,10.0,32,0,0,8,0,0,1693.0,187.0,69.6,91.3,0.9882126533557855,1.0,91.3
660_shakhtar_donetsk_2010s_175169,660_shakhtar_donetsk_2010s,660,Shakhtar Donetsk,2010s,175169,Bernard (175169),Brazil,Attack - Left Winger,Attack,LM,5,6,14.0,25,0,0,16,0,0,1630.0,185.0,69.4,90.9,0.9872504209766658,1.0,90.9
660_shakhtar_donetsk_2010s_52787,660_shakhtar_donetsk_2010s,660,Shakhtar Donetsk,2010s,52787,Dentinho (52787),Brazil,Attack - Centre-Forward,Attack,FW,9,12,19.0,10,0,0,19,0,0,2066.0,161.0,66.9,89.9,0.9842434447919173,1.0,89.9
660_shakhtar_donetsk_2010s_59970,660_shakhtar_donetsk_2010s,660,Shakhtar Donetsk,2010s,59970,Taras Stepanenko (59970),Ukraine,Midfield - Defensive Midfield,Midfield,CDM,10,13,14.0,14,0,0,57,0,0,5100.0,152.0,65.9,89.5,0.9819581428915083,1.0,89.5
660_shakhtar_donetsk_2010s_89222,660_shakhtar_donetsk_2010s,660,Shakhtar Donetsk,2010s,89222,Yaroslav Rakitskyi (89222),Ukraine,Defender - Centre-Back,Defender,CB,9,10,9.0,20,0,0,57,1,0,7685.0,144.5,65.2,89.0,0.9793120038489295,1.0,89.0
660_shakhtar_donetsk_2010s_104505,660_shakhtar_donetsk_2010s,660,Shakhtar Donetsk,2010s,104505,Alan Patrick (104505),Brazil,Midfield - Attacking Midfield,Midfield,AM,6,9,11.0,15,0,0,14,1,1,4350.0,131.5,63.8,88.3,0.9749819581428915,1.0,88.3
660_shakhtar_donetsk_2010s_26267,660_shakhtar_donetsk_2010s,660,Shakhtar Donetsk,2010s,26267,Fernandinho (26267),Brazil,Midfield - Defensive Midfield,Midfield,CDM,3,3,9.0,17,0,0,18,0,1,1837.0,121.0,62.7,87.6,0.9707721914842434,1.0,87.6
660_shakhtar_donetsk_2010s_53270,660_shakhtar_donetsk_2010s,660,Shakhtar Donetsk,2010s,53270,Oleksandr Gladkyi (53270),Ukraine,Attack - Centre-Forward,Attack,FW,3,3,15.0,6,0,0,2,0,0,361.0,108.0,61.3,86.4,0.9637960067356267,1.0,86.4
660_shakhtar_donetsk_2010s_59908,660_shakhtar_donetsk_2010s,660,Shakhtar Donetsk,2010s,59908,Yevgen Seleznyov (59908),Ukraine,Attack - Centre-Forward,Attack,FW,3,3,17.0,4,0,0,6,0,0,291.0,110.0,61.5,86.4,0.9642771229251864,1.0,86.4
660_shakhtar_donetsk_2010s_191614,660_shakhtar_donetsk_2010s,660,Shakhtar Donetsk,2010s,191614,Fred (191614),Brazil,Midfield - Central Midfield,Midfield,CM,5,6,10.0,10,0,0,26,0,0,4857.0,104.0,60.9,85.8,0.9605484724560982,1.0,85.8
660_shakhtar_donetsk_2010s_25820,660_shakhtar_donetsk_2010s,660,Shakhtar Donetsk,2010s,25820,Vyacheslav Shevchuk (25820),Ukraine,Defender - Left-Back,Defender,LB,6,6,4.0,14,0,0,10,0,0,1862.0,92.0,59.7,84.5,0.9528506134231417,1.0,84.5
660_shakhtar_donetsk_2010s_52937,660_shakhtar_donetsk_2010s,660,Shakhtar Donetsk,2010s,52937,Ilsinho (52937),Brazil  Portugal,Midfield - Right Midfield,Midfield,RM,4,4,7.0,10,0,0,10,0,0,521.0,87.0,59.1,84.0,0.9497233581910032,1.0,84.0
660_shakhtar_donetsk_2010s_74089,660_shakhtar_donetsk_2010s,660,Shakhtar Donetsk,2010s,74089,Sergiy Kryvtsov (74089),Ukraine,Defender - Centre-Back,Defender,CB,10,13,10.0,1,0,0,21,0,0,3529.0,84.0,58.8,83.8,0.9470772191484244,1.0,83.8
660_shakhtar_donetsk_2010s_371256,660_shakhtar_donetsk_2010s,660,Shakhtar Donetsk,2010s,371256,Tetê (371256),Brazil,Attack - Right Winger,Attack,RM,2,3,10.0,6,0,0,5,0,0,603.0,80.0,58.4,83.3,0.9416646620158768,1.0,83.3
660_shakhtar_donetsk_2010s_121988,660_shakhtar_donetsk_2010s,660,Shakhtar Donetsk,2010s,121988,Wellington Nem (121988),Brazil,Attack - Right Winger,Attack,RM,6,7,9.0,3,0,0,8,0,0,1309.0,75.0,57.9,82.9,0.9364926629781092,1.0,82.9
660_shakhtar_donetsk_2010s_29261,660_shakhtar_donetsk_2010s,660,Shakhtar Donetsk,2010s,29261,Jádson (29261),Brazil  Italy,Midfield - Attacking Midfield,Midfield,AM,2,2,8.0,5,0,0,4,0,3,486.0,66.0,56.9,81.9,0.9237430839547751,1.0,81.9
660_shakhtar_donetsk_2010s_14940,660_shakhtar_donetsk_2010s,660,Shakhtar Donetsk,2010s,14940,Răzvan Raț (14940),Romania,Defender - Left-Back,Defender,LB,3,3,0.0,13,0,0,9,0,0,0.0,61.0,56.4,81.1,0.9133990858792398,1.0,81.1
660_shakhtar_donetsk_2010s_94922,660_shakhtar_donetsk_2010s,660,Shakhtar Donetsk,2010s,94922,Bogdan Butko (94922),Ukraine,Defender - Right-Back,Defender,RB,3,5,1.0,10,0,0,1,0,0,887.0,52.0,55.5,79.5,0.8937936011546789,1.0,79.5
660_shakhtar_donetsk_2010s_264063,660_shakhtar_donetsk_2010s,660,Shakhtar Donetsk,2010s,264063,Sergiy Bolbat (264063),Ukraine,Attack - Right Winger,Attack,RM,4,6,3.0,6,0,0,4,0,0,990.0,51.0,55.3,79.3,0.8909069040173202,1.0,79.3
660_shakhtar_donetsk_2010s_44357,660_shakhtar_donetsk_2010s,660,Shakhtar Donetsk,2010s,44357,Oleksandr Kucher (44357),Ukraine,Defender - Centre-Back,Defender,CB,7,7,5.0,3,0,0,26,3,0,2504.0,49.5,55.2,79.0,0.8878999278325715,1.0,79.0
660_shakhtar_donetsk_2010s_181006,660_shakhtar_donetsk_2010s,660,Shakhtar Donetsk,2010s,181006,Gustavo Blanco Leschuk (181006),Argentina  Ukraine,Attack - Centre-Forward,Attack,FW,3,4,5.0,3,0,0,0,0,0,335.0,46.0,54.8,78.0,0.8755111859514073,1.0,78.0
660_shakhtar_donetsk_2010s_58945,660_shakhtar_donetsk_2010s,660,Shakhtar Donetsk,2010s,58945,Anton Kanibolotskyi (58945),Ukraine,Goalkeeper,Goalkeeper,GK,5,5,0.0,0,20,32,3,0,0,3822.0,45.0,54.7,77.7,0.8707000240558095,1.0,77.7
660_shakhtar_donetsk_2010s_396638,660_shakhtar_donetsk_2010s,660,Shakhtar Donetsk,2010s,396638,Manor Solomon (396638),Israel  Portugal,Attack - Left Winger,Attack,LM,2,4,3.0,6,0,0,1,0,0,761.0,45.0,54.7,77.7,0.8707000240558095,1.0,77.7
660_shakhtar_donetsk_2010s_25732,660_shakhtar_donetsk_2010s,660,Shakhtar Donetsk,2010s,25732,Dmytro Chygrynskyi (25732),Ukraine,Defender - Centre-Back,Defender,CB,5,5,4.0,2,0,0,5,0,0,1692.0,43.0,54.5,77.0,0.8626413278806832,1.0,77.0
660_shakhtar_donetsk_2010s_421935,660_shakhtar_donetsk_2010s,660,Shakhtar Donetsk,2010s,421935,Maycon (421935),Brazil,Midfield - Central Midfield,Midfield,CM,2,4,5.0,3,0,0,4,0,0,613.0,43.0,54.5,77.0,0.8626413278806832,1.0,77.0
660_shakhtar_donetsk_2010s_58949,660_shakhtar_donetsk_2010s,660,Shakhtar Donetsk,2010s,58949,Yevgen Konoplyanka (58949),Ukraine,Attack - Left Winger,Attack,LM,1,2,4.0,4,0,0,0,0,1,612.0,39.0,54.1,76.0,0.8490497955256194,1.0,76.0
660_shakhtar_donetsk_2010s_289059,660_shakhtar_donetsk_2010s,660,Shakhtar Donetsk,2010s,289059,Mykola Matvienko (289059),Ukraine,Defender - Centre-Back,Defender,CB,5,8,4.0,1,0,0,4,0,0,2274.0,39.0,54.1,76.0,0.8490497955256194,1.0,76.0
660_shakhtar_donetsk_2010s_118850,660_shakhtar_donetsk_2010s,660,Shakhtar Donetsk,2010s,118850,Ivan Ordets (118850),Ukraine,Defender - Centre-Back,Defender,CB,5,6,4.0,2,0,0,11,3,0,412.0,38.5,54.0,75.9,0.8467644936252104,1.0,75.9
660_shakhtar_donetsk_2010s_54162,660_shakhtar_donetsk_2010s,660,Shakhtar Donetsk,2010s,54162,Marcelo Moreno Martins (54162),Bolivia  Brazil,Attack - Centre-Forward,Attack,FW,2,2,5.0,1,0,0,0,0,0,162.0,35.0,53.7,75.1,0.8263170555689199,1.0,75.1
660_shakhtar_donetsk_2010s_58046,660_shakhtar_donetsk_2010s,660,Shakhtar Donetsk,2010s,58046,Vasyl Kobin (58046),Ukraine,Defender - Right-Back,Defender,RB,6,6,0.0,4,0,0,6,0,0,0.0,33.0,53.5,74.6,0.8146499879720953,1.0,74.6
660_shakhtar_donetsk_2010s_203854,660_shakhtar_donetsk_2010s,660,Shakhtar Donetsk,2010s,203854,Andriy Boryachuk (203854),Ukraine,Attack - Centre-Forward,Attack,FW,3,3,4.0,0,0,0,1,0,0,184.0,29.0,53.0,73.5,0.7883088765936974,1.0,73.5
660_shakhtar_donetsk_2010s_550495,660_shakhtar_donetsk_2010s,660,Shakhtar Donetsk,2010s,550495,Fernando (550495),Brazil,Attack - Centre-Forward,Attack,FW,2,4,3.0,2,0,0,2,0,0,527.0,29.0,53.0,73.5,0.7883088765936974,1.0,73.5
660_shakhtar_donetsk_2010s_131694,660_shakhtar_donetsk_2010s,660,Shakhtar Donetsk,2010s,131694,Olarenwaju Kayode (131694),Nigeria,Attack - Centre-Forward,Attack,FW,2,3,3.0,2,0,0,0,1,0,332.0,27.5,52.9,73.1,0.7777243204233822,1.0,73.1
660_shakhtar_donetsk_2010s_59411,660_shakhtar_donetsk_2010s,660,Shakhtar Donetsk,2010s,59411,Marko Devic (59411),Ukraine  Serbia,Attack - Centre-Forward,Attack,FW,1,1,4.0,1,0,0,0,0,1,109.0,27.0,52.8,72.9,0.7733942747173442,1.0,72.9
660_shakhtar_donetsk_2010s_468301,660_shakhtar_donetsk_2010s,660,Shakhtar Donetsk,2010s,468301,Marcos Antônio (468301),Brazil,Midfield - Central Midfield,Midfield,CM,2,4,2.0,2,0,0,5,0,0,1343.0,23.0,52.4,71.5,0.7382727928794804,1.0,71.5
660_shakhtar_donetsk_2010s_9688,660_shakhtar_donetsk_2010s,660,Shakhtar Donetsk,2010s,9688,Tomas Hübschman (9688),Czech Republic,Midfield - Defensive Midfield,Midfield,CDM,4,4,2.0,0,0,0,6,0,0,2311.0,22.0,52.3,71.1,0.7276882367091653,1.0,71.1
660_shakhtar_donetsk_2010s_44361,660_shakhtar_donetsk_2010s,660,Shakhtar Donetsk,2010s,44361,Oleksiy Gay (44361),Ukraine,Midfield - Central Midfield,Midfield,CM,3,3,0.0,3,0,0,1,0,0,0.0,21.0,52.2,70.7,0.7179456338705797,1.0,70.7
660_shakhtar_donetsk_2010s_55484,660_shakhtar_donetsk_2010s,660,Shakhtar Donetsk,2010s,55484,Márcio Azevedo (55484),Brazil,Defender - Left-Back,Defender,LB,4,4,0.0,2,0,0,1,0,0,0.0,20.0,52.1,70.2,0.7051960548472456,1.0,70.2
660_shakhtar_donetsk_2010s_19619,660_shakhtar_donetsk_2010s,660,Shakhtar Donetsk,2010s,19619,Oleksandr Rybka (19619),Ukraine,Goalkeeper,Goalkeeper,GK,1,1,0.0,0,11,11,0,0,0,1710.0,19.5,52.0,69.9,0.6968968005773394,1.0,69.9
660_shakhtar_donetsk_2010s_401529,660_shakhtar_donetsk_2010s,660,Shakhtar Donetsk,2010s,401529,Dodô (401529),Brazil,Defender - Right-Back,Defender,RB,2,4,1.0,2,0,0,4,0,0,1190.0,19.0,52.0,69.6,0.6904017320182824,1.0,69.6
660_shakhtar_donetsk_2010s_94931,660_shakhtar_donetsk_2010s,660,Shakhtar Donetsk,2010s,94931,Vitaliy Vitsenets (94931),Ukraine  Russia,Midfield - Central Midfield,Midfield,CM,2,2,2.0,0,0,0,0,0,0,238.0,16.0,51.7,67.9,0.6464998797209526,1.0,67.9
660_shakhtar_donetsk_2010s_105456,660_shakhtar_donetsk_2010s,660,Shakhtar Donetsk,2010s,105456,Fernando (105456),Brazil,Midfield - Defensive Midfield,Midfield,CDM,2,2,2.0,0,0,0,2,0,0,1538.0,16.0,51.7,67.9,0.6464998797209526,1.0,67.9
660_shakhtar_donetsk_2010s_136537,660_shakhtar_donetsk_2010s,660,Shakhtar Donetsk,2010s,136537,Oleksiy Shevchenko (136537),Ukraine,Goalkeeper,Goalkeeper,GK,2,4,0.0,0,4,1,0,0,0,450.0,12.0,51.3,65.5,0.5752946836661054,1.0,65.5
660_shakhtar_donetsk_2010s_177276,660_shakhtar_donetsk_2010s,660,Shakhtar Donetsk,2010s,177276,Bogdan Sarnavskyi (177276),Ukraine,Goalkeeper,Goalkeeper,GK,3,3,0.0,0,2,0,0,0,0,180.0,12.0,51.3,65.5,0.5752946836661054,1.0,65.5
660_shakhtar_donetsk_2010s_289075,660_shakhtar_donetsk_2010s,660,Shakhtar Donetsk,2010s,289075,Oleksandr Zubkov (289075),Ukraine,Attack - Right Winger,Attack,RM,4,5,0.0,0,0,0,0,0,0,0.0,12.0,51.3,65.5,0.5752946836661054,1.0,65.5
660_shakhtar_donetsk_2010s_537844,660_shakhtar_donetsk_2010s,660,Shakhtar Donetsk,2010s,537844,Anatoliy Trubin (537844),Ukraine,Goalkeeper,Goalkeeper,GK,2,4,0.0,0,4,7,0,0,0,720.0,12.0,51.3,65.5,0.5752946836661054,1.0,65.5
660_shakhtar_donetsk_2010s_396394,660_shakhtar_donetsk_2010s,660,Shakhtar Donetsk,2010s,396394,Valeriy Bondar (396394),Ukraine,Defender - Centre-Back,Defender,CB,2,4,1.0,0,0,0,3,0,0,639.0,11.0,51.2,64.6,0.5475102237190281,1.0,64.6
660_shakhtar_donetsk_2010s_341485,660_shakhtar_donetsk_2010s,660,Shakhtar Donetsk,2010s,341485,Oleg Kudryk (341485),Ukraine,Goalkeeper,Goalkeeper,GK,3,5,0.0,0,1,1,0,0,0,180.0,10.5,51.1,64.1,0.5318739475583354,1.0,64.1
660_shakhtar_donetsk_2010s_206717,660_shakhtar_donetsk_2010s,660,Shakhtar Donetsk,2010s,206717,Eduard Sobol (206717),Ukraine,Defender - Left-Back,Defender,LB,2,2,0.0,1,0,0,0,0,0,0.0,10.0,51.0,63.6,0.5188838104402214,1.0,63.6
660_shakhtar_donetsk_2010s_277777,660_shakhtar_donetsk_2010s,660,Shakhtar Donetsk,2010s,277777,Andriy Totovytskyi (277777),Ukraine,Midfield - Attacking Midfield,Midfield,AM,2,2,0.0,1,0,0,0,0,0,0.0,10.0,51.0,63.6,0.5188838104402214,1.0,63.6
660_shakhtar_donetsk_2010s_292717,660_shakhtar_donetsk_2010s,660,Shakhtar Donetsk,2010s,292717,Giorgi Arabidze (292717),Georgia,Midfield - Attacking Midfield,Midfield,AM,2,2,0.0,1,0,0,0,0,0,0.0,10.0,51.0,63.6,0.5188838104402214,1.0,63.6
660_shakhtar_donetsk_2010s_294780,660_shakhtar_donetsk_2010s,660,Shakhtar Donetsk,2010s,294780,Oleksandr Pikhalyonok (294780),Ukraine,Midfield - Central Midfield,Midfield,CM,3,4,0.0,0,0,0,0,0,0,0.0,9.0,50.9,62.9,0.49735386095742123,1.0,62.9
660_shakhtar_donetsk_2010s_80312,660_shakhtar_donetsk_2010s,660,Shakhtar Donetsk,2010s,80312,Mykyta Shevchenko (80312),Ukraine,Goalkeeper,Goalkeeper,GK,2,3,0.0,0,1,4,0,0,0,270.0,7.5,50.8,61.1,0.44274717344238634,1.0,61.1
660_shakhtar_donetsk_2010s_24026,660_shakhtar_donetsk_2010s,660,Shakhtar Donetsk,2010s,24026,Kostyantyn Kravchenko (24026),Ukraine,Midfield - Attacking Midfield,Midfield,AM,1,1,0.0,1,0,0,0,0,0,0.0,7.0,50.7,60.4,0.42097666586480637,1.0,60.4
660_shakhtar_donetsk_2010s_203074,660_shakhtar_donetsk_2010s,660,Shakhtar Donetsk,2010s,203074,Ivan Petryak (203074),Ukraine,Attack - Left Winger,Attack,LM,1,2,1.0,0,0,0,3,0,0,395.0,7.0,50.7,60.4,0.42097666586480637,1.0,60.4
660_shakhtar_donetsk_2010s_24063,660_shakhtar_donetsk_2010s,660,Shakhtar Donetsk,2010s,24063,Yuriy Virt (24063),Ukraine,Goalkeeper,Goalkeeper,GK,2,2,0.0,0,0,0,0,0,0,0.0,6.0,50.6,58.6,0.36901611739235024,1.0,58.6
660_shakhtar_donetsk_2010s_43288,660_shakhtar_donetsk_2010s,660,Shakhtar Donetsk,2010s,43288,Oleksandr Chyzhov (43288),Ukraine,Defender - Centre-Back,Defender,CB,2,2,0.0,0,0,0,1,0,0,0.0,6.0,50.6,58.6,0.36901611739235024,1.0,58.6
660_shakhtar_donetsk_2010s_58035,660_shakhtar_donetsk_2010s,660,Shakhtar Donetsk,2010s,58035,Mykola Ishchenko (58035),Ukraine,Defender - Centre-Back,Defender,CB,2,2,0.0,0,0,0,1,0,0,0.0,6.0,50.6,58.6,0.36901611739235024,1.0,58.6
660_shakhtar_donetsk_2010s_89557,660_shakhtar_donetsk_2010s,660,Shakhtar Donetsk,2010s,89557,Artem Tetenko (89557),Ukraine,Goalkeeper,Goalkeeper,GK,2,2,0.0,0,0,0,0,0,0,0.0,6.0,50.6,58.6,0.36901611739235024,1.0,58.6
660_shakhtar_donetsk_2010s_213980,660_shakhtar_donetsk_2010s,660,Shakhtar Donetsk,2010s,213980,Vyacheslav Tankovskyi (213980),Ukraine,Midfield - Central Midfield,Midfield,CM,2,3,0.0,0,0,0,1,0,0,0.0,6.0,50.6,58.6,0.36901611739235024,1.0,58.6
660_shakhtar_donetsk_2010s_537860,660_shakhtar_donetsk_2010s,660,Shakhtar Donetsk,2010s,537860,Mykhaylo Mudryk (537860),Ukraine,Attack - Left Winger,Attack,LM,2,2,0.0,0,0,0,1,0,0,0.0,6.0,50.6,58.6,0.36901611739235024,1.0,58.6
660_shakhtar_donetsk_2010s_257937,660_shakhtar_donetsk_2010s,660,Shakhtar Donetsk,2010s,257937,Oleg Danchenko (257937),Ukraine,Defender - Right-Back,Defender,RB,1,1,0.0,1,0,0,2,0,0,0.0,5.0,50.5,57.4,0.33317296127014673,1.0,57.4
660_shakhtar_donetsk_2010s_14925,660_shakhtar_donetsk_2010s,660,Shakhtar Donetsk,2010s,14925,Julius Aghahowa (14925),Nigeria,Attack - Centre-Forward,Attack,FW,1,1,0.0,0,0,0,0,0,0,0.0,3.0,50.3,51.2,0.16754871301419294,1.0,51.2
660_shakhtar_donetsk_2010s_36238,660_shakhtar_donetsk_2010s,660,Shakhtar Donetsk,2010s,36238,Ruslan Fomin (36238),Ukraine,Attack - Centre-Forward,Attack,FW,1,1,0.0,0,0,0,0,0,0,0.0,3.0,50.3,51.2,0.16754871301419294,1.0,51.2
660_shakhtar_donetsk_2010s_39253,660_shakhtar_donetsk_2010s,660,Shakhtar Donetsk,2010s,39253,Anton Shynder (39253),Ukraine,Attack - Centre-Forward,Attack,FW,1,1,0.0,0,0,0,0,0,0,0.0,3.0,50.3,51.2,0.16754871301419294,1.0,51.2
660_shakhtar_donetsk_2010s_49018,660_shakhtar_donetsk_2010s,660,Shakhtar Donetsk,2010s,49018,Oleksiy Polyanskyi (49018),Ukraine,Defender - Centre-Back,Defender,CB,1,1,0.0,0,0,0,0,0,0,0.0,3.0,50.3,51.2,0.16754871301419294,1.0,51.2
660_shakhtar_donetsk_2010s_58043,660_shakhtar_donetsk_2010s,660,Shakhtar Donetsk,2010s,58043,Rustam Khudzhamov (58043),Ukraine,Goalkeeper,Goalkeeper,GK,1,1,0.0,0,0,1,0,0,0,90.0,3.0,50.3,51.2,0.16754871301419294,1.0,51.2
660_shakhtar_donetsk_2010s_105486,660_shakhtar_donetsk_2010s,660,Shakhtar Donetsk,2010s,105486,Bruno Renan (105486),Brazil,Midfield - Defensive Midfield,Midfield,CDM,1,1,0.0,0,0,0,0,0,0,0.0,3.0,50.3,51.2,0.16754871301419294,1.0,51.2
660_shakhtar_donetsk_2010s_203855,660_shakhtar_donetsk_2010s,660,Shakhtar Donetsk,2010s,203855,Igor Kyryukhantsev (203855),Ukraine,Defender - Right-Back,Defender,RB,1,1,0.0,0,0,0,0,0,0,0.0,3.0,50.3,51.2,0.16754871301419294,1.0,51.2
660_shakhtar_donetsk_2010s_347804,660_shakhtar_donetsk_2010s,660,Shakhtar Donetsk,2010s,347804,Andriy Korobenko (347804),Ukraine,Midfield - Defensive Midfield,Midfield,CDM,1,1,0.0,0,0,0,0,0,0,0.0,3.0,50.3,51.2,0.16754871301419294,1.0,51.2
660_shakhtar_donetsk_2010s_354715,660_shakhtar_donetsk_2010s,660,Shakhtar Donetsk,2010s,354715,Yevgen Grytsenko (354715),Ukraine,Goalkeeper,Goalkeeper,GK,1,1,0.0,0,0,0,0,0,0,0.0,3.0,50.3,51.2,0.16754871301419294,1.0,51.2
660_shakhtar_donetsk_2010s_365540,660_shakhtar_donetsk_2010s,660,Shakhtar Donetsk,2010s,365540,Valeriy Bondarenko (365540),Ukraine,Defender - Centre-Back,Defender,CB,1,1,0.0,0,0,0,0,0,0,0.0,3.0,50.3,51.2,0.16754871301419294,1.0,51.2
660_shakhtar_donetsk_2010s_417228,660_shakhtar_donetsk_2010s,660,Shakhtar Donetsk,2010s,417228,Danylo Sikan (417228),Ukraine,Attack - Centre-Forward,Attack,FW,1,2,0.0,0,0,0,1,0,0,0.0,3.0,50.3,51.2,0.16754871301419294,1.0,51.2
660_shakhtar_donetsk_2010s_428783,660_shakhtar_donetsk_2010s,660,Shakhtar Donetsk,2010s,428783,Vitão (428783),Brazil,Defender - Centre-Back,Defender,CB,1,1,0.0,0,0,0,0,0,0,0.0,3.0,50.3,51.2,0.16754871301419294,1.0,51.2
660_shakhtar_donetsk_2010s_526578,660_shakhtar_donetsk_2010s,660,Shakhtar Donetsk,2010s,526578,Vladyslav Vakula (526578),Ukraine,Attack - Left Winger,Attack,LM,1,2,0.0,0,0,0,0,0,0,0.0,3.0,50.3,51.2,0.16754871301419294,1.0,51.2
660_shakhtar_donetsk_2010s_537854,660_shakhtar_donetsk_2010s,660,Shakhtar Donetsk,2010s,537854,Artem Bondarenko (537854),Ukraine,Midfield - Attacking Midfield,Midfield,AM,1,2,0.0,0,0,0,0,0,0,0.0,3.0,50.3,51.2,0.16754871301419294,1.0,51.2
660_shakhtar_donetsk_2020s_623325,660_shakhtar_donetsk_2020s,660,Shakhtar Donetsk,2020s,623325,Georgiy Sudakov (623325),Ukraine,Midfield - Attacking Midfield,Midfield,AM,6,6,29.0,19,0,0,10,0,5,1334.0,239.0,95.0,93.5,0.9937454895357228,1.0,93.5
660_shakhtar_donetsk_2020s_537854,660_shakhtar_donetsk_2020s,660,Shakhtar Donetsk,2020s,537854,Artem Bondarenko (537854),Ukraine,Midfield - Attacking Midfield,Midfield,AM,5,5,27.0,22,0,0,8,2,2,1422.0,235.0,94.2,93.4,0.993504931440943,1.0,93.4
660_shakhtar_donetsk_2020s_551695,660_shakhtar_donetsk_2020s,660,Shakhtar Donetsk,2020s,551695,Lassina Traoré (551695),Burkina Faso,Attack - Centre-Forward,Attack,FW,5,5,19.0,15,0,0,8,0,1,652.0,168.0,81.6,90.2,0.9855665143132066,1.0,90.2
660_shakhtar_donetsk_2020s_417228,660_shakhtar_donetsk_2020s,660,Shakhtar Donetsk,2020s,417228,Danylo Sikan (417228),Ukraine,Attack - Centre-Forward,Attack,FW,4,4,24.0,6,0,0,8,0,1,782.0,156.0,79.4,89.7,0.9830406543180178,1.0,89.7
660_shakhtar_donetsk_2020s_289075,660_shakhtar_donetsk_2020s,660,Shakhtar Donetsk,2020s,289075,Oleksandr Zubkov (289075),Ukraine,Attack - Right Winger,Attack,RM,3,3,15.0,16,0,0,2,1,0,750.0,146.5,77.6,89.2,0.9802742362280491,1.0,89.2
660_shakhtar_donetsk_2020s_537852,660_shakhtar_donetsk_2020s,660,Shakhtar Donetsk,2020s,537852,Dmytro Kryskiv (537852),Ukraine,Midfield - Central Midfield,Midfield,CM,3,3,11.0,15,0,0,7,1,1,2243.0,122.5,73.1,87.7,0.9713735867211931,1.0,87.7
660_shakhtar_donetsk_2020s_537860,660_shakhtar_donetsk_2020s,660,Shakhtar Donetsk,2020s,537860,Mykhaylo Mudryk (537860),Ukraine,Attack - Left Winger,Attack,LM,3,3,9.0,13,0,0,4,1,2,446.0,104.5,69.7,85.9,0.9612701467404379,1.0,85.9
660_shakhtar_donetsk_2020s_289059,660_shakhtar_donetsk_2020s,660,Shakhtar Donetsk,2020s,289059,Mykola Matvienko (289059),Ukraine,Defender - Centre-Back,Defender,CB,6,6,10.0,9,0,0,16,0,0,5397.0,104.0,69.6,85.8,0.9605484724560982,1.0,85.8
660_shakhtar_donetsk_2020s_371256,660_shakhtar_donetsk_2020s,660,Shakhtar Donetsk,2020s,371256,Tetê (371256),Brazil,Attack - Right Winger,Attack,RM,2,2,15.0,4,0,0,4,0,2,359.0,97.0,68.3,85.0,0.9556170315131104,1.0,85.0
660_shakhtar_donetsk_2020s_104505,660_shakhtar_donetsk_2020s,660,Shakhtar Donetsk,2020s,104505,Alan Patrick (104505),Brazil,Midfield - Attacking Midfield,Midfield,AM,2,2,6.0,12,0,0,6,0,2,743.0,84.0,65.8,83.8,0.9470772191484244,1.0,83.8
660_shakhtar_donetsk_2020s_900195,660_shakhtar_donetsk_2020s,660,Shakhtar Donetsk,2020s,900195,Kevin (900195),Brazil,Attack - Left Winger,Attack,LM,2,2,9.0,8,0,0,9,0,3,582.0,83.0,65.6,83.7,0.9462352658166947,1.0,83.7
660_shakhtar_donetsk_2020s_396638,660_shakhtar_donetsk_2020s,660,Shakhtar Donetsk,2020s,396638,Manor Solomon (396638),Israel  Portugal,Attack - Left Winger,Attack,LM,2,2,13.0,2,0,0,1,0,0,365.0,79.0,64.9,83.2,0.9403415924945875,1.0,83.2
660_shakhtar_donetsk_2020s_467250,660_shakhtar_donetsk_2020s,660,Shakhtar Donetsk,2020s,467250,Yukhym Konoplya (467250),Ukraine,Defender - Right-Back,Defender,RB,5,5,5.0,9,0,0,8,0,0,2758.0,76.0,64.3,83.0,0.9379360115467885,1.0,83.0
660_shakhtar_donetsk_2020s_1033963,660_shakhtar_donetsk_2020s,660,Shakhtar Donetsk,2020s,1033963,Eguinaldo (1033963),Brazil,Attack - Left Winger,Attack,LM,3,3,8.0,7,0,0,1,1,0,355.0,75.5,64.2,83.0,0.9372143372624488,1.0,83.0
660_shakhtar_donetsk_2020s_59970,660_shakhtar_donetsk_2020s,660,Shakhtar Donetsk,2020s,59970,Taras Stepanenko (59970),Ukraine,Midfield - Defensive Midfield,Midfield,CDM,5,5,8.0,4,0,0,13,0,0,2081.0,69.0,63.0,82.2,0.9274717344238633,1.0,82.2
660_shakhtar_donetsk_2020s_515208,660_shakhtar_donetsk_2020s,660,Shakhtar Donetsk,2020s,515208,Pedrinho (515208),Brazil,Attack - Right Winger,Attack,RM,3,3,5.0,8,0,0,3,0,0,1748.0,66.0,62.4,81.9,0.9237430839547751,1.0,81.9
660_shakhtar_donetsk_2020s_668235,660_shakhtar_donetsk_2020s,660,Shakhtar Donetsk,2020s,668235,Marlon Gomes (668235),Brazil,Midfield - Central Midfield,Midfield,CM,3,3,7.0,5,0,0,3,0,0,517.0,64.0,62.1,81.6,0.9200144334856868,1.0,81.6
660_shakhtar_donetsk_2020s_401529,660_shakhtar_donetsk_2020s,660,Shakhtar Donetsk,2020s,401529,Dodô (401529),Brazil,Defender - Right-Back,Defender,RB,2,2,2.0,11,0,0,4,0,0,994.0,60.0,61.3,80.9,0.9114746211210007,1.0,80.9
660_shakhtar_donetsk_2020s_68778,660_shakhtar_donetsk_2020s,660,Shakhtar Donetsk,2020s,68778,Marlos (68778),Ukraine  Brazil,Attack - Right Winger,Attack,RM,2,2,4.0,8,0,0,6,0,2,1081.0,58.0,60.9,80.5,0.9067837382727929,1.0,80.5
660_shakhtar_donetsk_2020s_359247,660_shakhtar_donetsk_2020s,660,Shakhtar Donetsk,2020s,359247,Maryan Shved (359247),Ukraine,Attack - Right Winger,Attack,RM,4,4,6.0,4,0,0,1,0,0,813.0,58.0,60.9,80.5,0.9067837382727929,1.0,80.5
660_shakhtar_donetsk_2020s_537844,660_shakhtar_donetsk_2020s,660,Shakhtar Donetsk,2020s,537844,Anatoliy Trubin (537844),Ukraine,Goalkeeper,Goalkeeper,GK,4,4,0.0,0,29,42,2,0,0,5490.0,55.5,60.4,80.0,0.9001683906663459,1.0,80.0
660_shakhtar_donetsk_2020s_597880,660_shakhtar_donetsk_2020s,660,Shakhtar Donetsk,2020s,597880,Dmytro Riznyk (597880),Ukraine,Goalkeeper,Goalkeeper,GK,4,4,0.0,0,27,42,1,0,0,4911.0,52.5,59.9,79.6,0.8947558335337984,1.0,79.6
660_shakhtar_donetsk_2020s_888023,660_shakhtar_donetsk_2020s,660,Shakhtar Donetsk,2020s,888023,Kevin Kelsy (888023),Venezuela,Attack - Centre-Forward,Attack,FW,2,2,7.0,2,0,0,4,0,0,232.0,49.0,59.2,78.9,0.8857349049795525,1.0,78.9
660_shakhtar_donetsk_2020s_550495,660_shakhtar_donetsk_2020s,660,Shakhtar Donetsk,2020s,550495,Fernando (550495),Brazil,Attack - Centre-Forward,Attack,FW,2,2,6.0,3,0,0,2,0,0,487.0,48.0,59.0,78.5,0.8812845802261247,1.0,78.5
660_shakhtar_donetsk_2020s_52915,660_shakhtar_donetsk_2020s,660,Shakhtar Donetsk,2020s,52915,Júnior Moraes (52915),Ukraine  Brazil,Attack - Centre-Forward,Attack,FW,2,2,7.0,1,0,0,2,1,1,225.0,43.5,58.2,77.2,0.8646860716863123,1.0,77.2
660_shakhtar_donetsk_2020s_52787,660_shakhtar_donetsk_2020s,660,Shakhtar Donetsk,2020s,52787,Dentinho (52787),Brazil,Attack - Centre-Forward,Attack,FW,2,2,4.0,3,0,0,1,0,0,274.0,38.0,57.2,75.8,0.8444791917248016,1.0,75.8
660_shakhtar_donetsk_2020s_743587,660_shakhtar_donetsk_2020s,660,Shakhtar Donetsk,2020s,743587,Vinícius Tobias (743587),Brazil  Spain,Defender - Right-Back,Defender,RB,2,2,1.0,6,0,0,3,0,0,75.0,35.0,56.6,75.1,0.8263170555689199,1.0,75.1
660_shakhtar_donetsk_2020s_468301,660_shakhtar_donetsk_2020s,660,Shakhtar Donetsk,2020s,468301,Marcos Antônio (468301),Brazil,Midfield - Central Midfield,Midfield,CM,2,2,3.0,3,0,0,4,0,0,1366.0,33.0,56.2,74.6,0.8146499879720953,1.0,74.6
660_shakhtar_donetsk_2020s_421935,660_shakhtar_donetsk_2020s,660,Shakhtar Donetsk,2020s,421935,Maycon (421935),Brazil,Midfield - Central Midfield,Midfield,CM,2,2,2.0,3,0,0,5,0,1,673.0,28.0,55.3,73.2,0.7803704594659611,1.0,73.2
660_shakhtar_donetsk_2020s_623331,660_shakhtar_donetsk_2020s,660,Shakhtar Donetsk,2020s,623331,Bogdan Viunnyk (623331),Ukraine,Midfield - Attacking Midfield,Midfield,AM,2,2,1.0,4,0,0,1,0,0,170.0,27.0,55.1,72.9,0.7733942747173442,1.0,72.9
660_shakhtar_donetsk_2020s_396394,660_shakhtar_donetsk_2020s,660,Shakhtar Donetsk,2020s,396394,Valeriy Bondar (396394),Ukraine,Defender - Centre-Back,Defender,CB,6,6,1.0,1,0,0,13,0,0,2268.0,26.0,54.9,72.6,0.7647341833052682,1.0,72.6
660_shakhtar_donetsk_2020s_467243,660_shakhtar_donetsk_2020s,660,Shakhtar Donetsk,2020s,467243,Viktor Korniyenko (467243),Ukraine,Defender - Left-Back,Defender,LB,3,3,1.0,3,0,0,2,0,0,577.0,26.0,54.9,72.6,0.7647341833052682,1.0,72.6
660_shakhtar_donetsk_2020s_89222,660_shakhtar_donetsk_2020s,660,Shakhtar Donetsk,2020s,89222,Yaroslav Rakitskyi (89222),Ukraine,Defender - Centre-Back,Defender,CB,2,2,1.0,4,0,0,3,1,0,1011.0,25.5,54.8,72.4,0.7599230214096704,1.0,72.4
660_shakhtar_donetsk_2020s_294730,660_shakhtar_donetsk_2020s,660,Shakhtar Donetsk,2020s,294730,Bogdan Mykhaylichenko (294730),Ukraine,Defender - Left-Back,Defender,LB,1,1,2.0,3,0,0,3,0,0,852.0,25.0,54.7,72.2,0.7552321385614625,1.0,72.2
660_shakhtar_donetsk_2020s_430190,660_shakhtar_donetsk_2020s,660,Shakhtar Donetsk,2020s,430190,Yegor Nazaryna (430190),Ukraine,Midfield - Central Midfield,Midfield,CM,4,4,2.0,1,0,0,3,1,0,346.0,24.5,54.6,72.0,0.7511426509502045,1.0,72.0
660_shakhtar_donetsk_2020s_74089,660_shakhtar_donetsk_2020s,660,Shakhtar Donetsk,2020s,74089,Sergiy Kryvtsov (74089),Ukraine,Defender - Centre-Back,Defender,CB,3,3,1.0,2,0,0,5,0,0,1080.0,22.0,54.1,71.1,0.7276882367091653,1.0,71.1
660_shakhtar_donetsk_2020s_404849,660_shakhtar_donetsk_2020s,660,Shakhtar Donetsk,2020s,404849,Oleksiy Kashchuk (404849),Ukraine,Attack - Right Winger,Attack,RM,1,1,3.0,1,0,0,0,0,0,165.0,22.0,54.1,71.1,0.7276882367091653,1.0,71.1
660_shakhtar_donetsk_2020s_341424,660_shakhtar_donetsk_2020s,660,Shakhtar Donetsk,2020s,341424,Neven Djurasek (341424),Croatia,Midfield - Defensive Midfield,Midfield,CDM,1,1,1.0,3,0,0,1,0,0,887.0,20.0,53.8,70.2,0.7051960548472456,1.0,70.2
660_shakhtar_donetsk_2020s_1119009,660_shakhtar_donetsk_2020s,660,Shakhtar Donetsk,2020s,1119009,Kauã Elias (1119009),Brazil,Attack - Centre-Forward,Attack,FW,2,2,2.0,1,0,0,0,0,0,120.0,20.0,53.8,70.2,0.7051960548472456,1.0,70.2
660_shakhtar_donetsk_2020s_1083070,660_shakhtar_donetsk_2020s,660,Shakhtar Donetsk,2020s,1083070,Alisson (1083070),Brazil,Attack - Right Winger,Attack,RM,2,2,1.0,2,0,0,1,0,0,237.0,19.0,53.6,69.6,0.6904017320182824,1.0,69.6
660_shakhtar_donetsk_2020s_540056,660_shakhtar_donetsk_2020s,660,Shakhtar Donetsk,2020s,540056,Giorgi Gocholeishvili (540056),Georgia,Defender - Right-Back,Defender,RB,3,3,1.0,2,0,0,4,1,0,777.0,18.5,53.5,69.4,0.684868895838345,1.0,69.4
660_shakhtar_donetsk_2020s_39996,660_shakhtar_donetsk_2020s,660,Shakhtar Donetsk,2020s,39996,Andriy Pyatov (39996),Ukraine,Goalkeeper,Goalkeeper,GK,3,3,0.0,0,6,8,0,0,0,1053.0,18.0,53.4,69.1,0.6780129901371181,1.0,69.1
660_shakhtar_donetsk_2020s_76028,660_shakhtar_donetsk_2020s,660,Shakhtar Donetsk,2020s,76028,Taison (76028),Brazil,Attack - Left Winger,Attack,LM,1,1,2.0,1,0,0,0,0,1,503.0,17.0,53.2,68.6,0.6645417368294443,1.0,68.6
660_shakhtar_donetsk_2020s_717392,660_shakhtar_donetsk_2020s,660,Shakhtar Donetsk,2020s,717392,Anton Glushchenko (717392),Ukraine,Attack - Left Winger,Attack,LM,4,4,1.0,0,0,0,0,0,0,27.0,17.0,53.2,68.6,0.6645417368294443,1.0,68.6
660_shakhtar_donetsk_2020s_124028,660_shakhtar_donetsk_2020s,660,Shakhtar Donetsk,2020s,124028,Ismaily (124028),Brazil,Defender - Left-Back,Defender,LB,2,2,0.0,2,0,0,2,0,0,0.0,14.0,52.6,67.0,0.6188356988212653,1.0,67.0
660_shakhtar_donetsk_2020s_708241,660_shakhtar_donetsk_2020s,660,Shakhtar Donetsk,2020s,708241,Oleg Ocheretko (708241),Ukraine,Midfield - Attacking Midfield,Midfield,AM,3,3,0.0,1,0,0,1,0,0,0.0,13.0,52.4,66.3,0.600072167428434,1.0,66.3
660_shakhtar_donetsk_2020s_203074,660_shakhtar_donetsk_2020s,660,Shakhtar Donetsk,2020s,203074,Ivan Petryak (203074),Ukraine,Attack - Left Winger,Attack,LM,1,1,1.0,1,0,0,1,0,0,426.0,12.0,52.3,65.5,0.5752946836661054,1.0,65.5
660_shakhtar_donetsk_2020s_935039,660_shakhtar_donetsk_2020s,660,Shakhtar Donetsk,2020s,935039,Maryan Faryna (935039),Ukraine,Defender - Centre-Back,Defender,CB,4,4,0.0,0,0,0,1,0,0,0.0,12.0,52.3,65.5,0.5752946836661054,1.0,65.5
660_shakhtar_donetsk_2020s_387928,660_shakhtar_donetsk_2020s,660,Shakhtar Donetsk,2020s,387928,Lucas Taylor (387928),Brazil,Defender - Right-Back,Defender,RB,1,1,1.0,1,0,0,0,0,0,472.0,11.0,52.1,64.6,0.5475102237190281,1.0,64.6
660_shakhtar_donetsk_2020s_136537,660_shakhtar_donetsk_2020s,660,Shakhtar Donetsk,2020s,136537,Oleksiy Shevchenko (136537),Ukraine,Goalkeeper,Goalkeeper,GK,3,3,0.0,0,1,0,0,0,0,27.0,10.5,52.0,64.1,0.5318739475583354,1.0,64.1
660_shakhtar_donetsk_2020s_365692,660_shakhtar_donetsk_2020s,660,Shakhtar Donetsk,2020s,365692,Dmytro Topalov (365692),Ukraine,Attack - Left Winger,Attack,LM,2,2,0.0,1,0,0,1,0,0,0.0,10.0,51.9,63.6,0.5188838104402214,1.0,63.6
660_shakhtar_donetsk_2020s_428783,660_shakhtar_donetsk_2020s,660,Shakhtar Donetsk,2020s,428783,Vitão (428783),Brazil,Defender - Centre-Back,Defender,CB,2,2,0.0,1,0,0,1,0,0,0.0,10.0,51.9,63.6,0.5188838104402214,1.0,63.6
660_shakhtar_donetsk_2020s_708240,660_shakhtar_donetsk_2020s,660,Shakhtar Donetsk,2020s,708240,Eduard Kozik (708240),Ukraine,Defender - Centre-Back,Defender,CB,2,2,0.0,1,0,0,0,0,0,0.0,10.0,51.9,63.6,0.5188838104402214,1.0,63.6
660_shakhtar_donetsk_2020s_751977,660_shakhtar_donetsk_2020s,660,Shakhtar Donetsk,2020s,751977,Kiril Fesyun (751977),Ukraine,Goalkeeper,Goalkeeper,GK,2,2,0.0,0,2,7,0,0,0,489.0,9.0,51.7,62.9,0.49735386095742123,1.0,62.9
660_shakhtar_donetsk_2020s_752862,660_shakhtar_donetsk_2020s,660,Shakhtar Donetsk,2020s,752862,Tymur Puzankov (752862),Ukraine,Goalkeeper,Goalkeeper,GK,3,3,0.0,0,0,0,0,0,0,0.0,9.0,51.7,62.9,0.49735386095742123,1.0,62.9
660_shakhtar_donetsk_2020s_370998,660_shakhtar_donetsk_2020s,660,Shakhtar Donetsk,2020s,370998,Bartol Franjic (370998),Croatia,Defender - Left-Back,Defender,LB,1,1,1.0,0,0,0,0,0,0,298.0,8.0,51.5,61.9,0.46572047149386575,1.0,61.9
660_shakhtar_donetsk_2020s_264063,660_shakhtar_donetsk_2020s,660,Shakhtar Donetsk,2020s,264063,Sergiy Bolbat (264063),Ukraine,Attack - Right Winger,Attack,RM,1,1,0.0,1,0,0,1,0,0,0.0,7.0,51.3,60.4,0.42097666586480637,1.0,60.4
660_shakhtar_donetsk_2020s_277777,660_shakhtar_donetsk_2020s,660,Shakhtar Donetsk,2020s,277777,Andriy Totovytskyi (277777),Ukraine,Midfield - Attacking Midfield,Midfield,AM,1,1,0.0,1,0,0,1,0,0,0.0,7.0,51.3,60.4,0.42097666586480637,1.0,60.4
660_shakhtar_donetsk_2020s_858712,660_shakhtar_donetsk_2020s,660,Shakhtar Donetsk,2020s,858712,Pedro Henrique (858712),Brazil,Defender - Left-Back,Defender,LB,3,3,0.0,0,0,0,5,0,0,0.0,7.0,51.3,60.4,0.42097666586480637,1.0,60.4
660_shakhtar_donetsk_2020s_58949,660_shakhtar_donetsk_2020s,660,Shakhtar Donetsk,2020s,58949,Yevgen Konoplyanka (58949),Ukraine,Attack - Left Winger,Attack,LM,2,2,0.0,0,0,0,0,0,0,0.0,6.0,51.1,58.6,0.36901611739235024,1.0,58.6
660_shakhtar_donetsk_2020s_762387,660_shakhtar_donetsk_2020s,660,Shakhtar Donetsk,2020s,762387,Khusrav Toirov (762387),Tajikistan,Attack - Left Winger,Attack,LM,2,2,0.0,0,0,0,0,0,0,0.0,6.0,51.1,58.6,0.36901611739235024,1.0,58.6
660_shakhtar_donetsk_2020s_273236,660_shakhtar_donetsk_2020s,660,Shakhtar Donetsk,2020s,273236,Marlon (273236),Brazil,Defender - Centre-Back,Defender,CB,2,2,0.0,0,0,0,2,0,0,0.0,5.0,50.9,57.4,0.33317296127014673,1.0,57.4
660_shakhtar_donetsk_2020s_129646,660_shakhtar_donetsk_2020s,660,Shakhtar Donetsk,2020s,129646,Artur Rudko (129646),Ukraine,Goalkeeper,Goalkeeper,GK,1,1,0.0,0,1,0,0,0,0,90.0,4.5,50.8,57.1,0.3246331489054607,1.0,57.1
660_shakhtar_donetsk_2020s_131553,660_shakhtar_donetsk_2020s,660,Shakhtar Donetsk,2020s,131553,Vyacheslav Churko (131553),Ukraine  Hungary,Midfield - Attacking Midfield,Midfield,AM,1,1,0.0,0,0,0,0,0,0,0.0,3.0,50.6,51.2,0.16754871301419294,1.0,51.2
660_shakhtar_donetsk_2020s_203854,660_shakhtar_donetsk_2020s,660,Shakhtar Donetsk,2020s,203854,Andriy Boryachuk (203854),Ukraine,Attack - Centre-Forward,Attack,FW,1,1,0.0,0,0,0,0,0,0,0.0,3.0,50.6,51.2,0.16754871301419294,1.0,51.2
660_shakhtar_donetsk_2020s_354715,660_shakhtar_donetsk_2020s,660,Shakhtar Donetsk,2020s,354715,Yevgen Grytsenko (354715),Ukraine,Goalkeeper,Goalkeeper,GK,1,1,0.0,0,0,0,0,0,0,0.0,3.0,50.6,51.2,0.16754871301419294,1.0,51.2
660_shakhtar_donetsk_2020s_404848,660_shakhtar_donetsk_2020s,660,Shakhtar Donetsk,2020s,404848,Andriy Kulakov (404848),Ukraine,Attack - Centre-Forward,Attack,FW,1,1,0.0,0,0,0,0,0,0,0.0,3.0,50.6,51.2,0.16754871301419294,1.0,51.2
660_shakhtar_donetsk_2020s_526578,660_shakhtar_donetsk_2020s,660,Shakhtar Donetsk,2020s,526578,Vladyslav Vakula (526578),Ukraine,Attack - Left Winger,Attack,LM,1,1,0.0,0,0,0,1,0,0,0.0,3.0,50.6,51.2,0.16754871301419294,1.0,51.2
660_shakhtar_donetsk_2020s_669310,660_shakhtar_donetsk_2020s,660,Shakhtar Donetsk,2020s,669310,Danylo Goncharuk (669310),Ukraine,Attack - Centre-Forward,Attack,FW,1,1,0.0,0,0,0,0,0,0,0.0,3.0,50.6,51.2,0.16754871301419294,1.0,51.2
660_shakhtar_donetsk_2020s_712857,660_shakhtar_donetsk_2020s,660,Shakhtar Donetsk,2020s,712857,Mark Mampassi (712857),Russia  Congo,Defender - Centre-Back,Defender,CB,1,1,0.0,0,0,0,0,0,0,0.0,3.0,50.6,51.2,0.16754871301419294,1.0,51.2
660_shakhtar_donetsk_2020s_717198,660_shakhtar_donetsk_2020s,660,Shakhtar Donetsk,2020s,717198,Danylo Udod (717198),Ukraine,Defender - Centre-Back,Defender,CB,1,1,0.0,0,0,0,0,0,0,0.0,3.0,50.6,51.2,0.16754871301419294,1.0,51.2
660_shakhtar_donetsk_2020s_717410,660_shakhtar_donetsk_2020s,660,Shakhtar Donetsk,2020s,717410,Denys Barchenko (717410),Ukraine,Goalkeeper,Goalkeeper,GK,1,1,0.0,0,0,0,0,0,0,0.0,3.0,50.6,51.2,0.16754871301419294,1.0,51.2
660_shakhtar_donetsk_2020s_726016,660_shakhtar_donetsk_2020s,660,Shakhtar Donetsk,2020s,726016,Denys Shostak (726016),Ukraine,Midfield - Attacking Midfield,Midfield,AM,1,1,0.0,0,0,0,0,0,0,0.0,3.0,50.6,51.2,0.16754871301419294,1.0,51.2
660_shakhtar_donetsk_2020s_809899,660_shakhtar_donetsk_2020s,660,Shakhtar Donetsk,2020s,809899,Luka Latsabidze (809899),Georgia,Defender - Centre-Back,Defender,CB,1,1,0.0,0,0,0,0,0,0,0.0,3.0,50.6,51.2,0.16754871301419294,1.0,51.2
660_shakhtar_donetsk_2020s_833315,660_shakhtar_donetsk_2020s,660,Shakhtar Donetsk,2020s,833315,Novatus Miroshi (833315),Tanzania,Midfield - Defensive Midfield,Midfield,CDM,1,1,0.0,0,0,0,0,0,0,0.0,3.0,50.6,51.2,0.16754871301419294,1.0,51.2
660_shakhtar_donetsk_2020s_935053,660_shakhtar_donetsk_2020s,660,Shakhtar Donetsk,2020s,935053,Mykola Ogarkov (935053),Ukraine,Defender - Centre-Back,Defender,CB,1,1,0.0,0,0,0,0,0,0,0.0,3.0,50.6,51.2,0.16754871301419294,1.0,51.2
660_shakhtar_donetsk_2020s_941418,660_shakhtar_donetsk_2020s,660,Shakhtar Donetsk,2020s,941418,Denil Castillo (941418),Ecuador,Midfield - Central Midfield,Midfield,CM,1,1,0.0,0,0,0,2,0,0,0.0,3.0,50.6,51.2,0.16754871301419294,1.0,51.2
660_shakhtar_donetsk_2020s_1219849,660_shakhtar_donetsk_2020s,660,Shakhtar Donetsk,2020s,1219849,Lucas Ferreira (1219849),Brazil,Attack - Right Winger,Attack,RM,1,1,0.0,0,0,0,0,0,0,0.0,3.0,50.6,51.2,0.16754871301419294,1.0,51.2
660_shakhtar_donetsk_2020s_25732,660_shakhtar_donetsk_2020s,660,Shakhtar Donetsk,2020s,25732,Dmytro Chygrynskyi (25732),Ukraine,Defender - Centre-Back,Defender,CB,1,1,0.0,0,0,0,0,0,0,0.0,2.0,50.4,45.6,0.016237671397642532,1.0,45.6
6992_chornomorets_odesa_1990s_86933,6992_chornomorets_odesa_1990s,6992,Chornomorets Odesa,1990s,86933,Yuriy Sak (86933),Ukraine,Midfield - Defensive Midfield,Midfield,CDM,7,7,8.0,1,0,0,9,0,0,2623.0,65.0,95.0,81.8,0.9219388982439259,1.0,81.8
6992_chornomorets_odesa_1990s_92461,6992_chornomorets_odesa_1990s,6992,Chornomorets Odesa,1990s,92461,Yuriy Seleznyov (92461),Ukraine,Midfield - Central Midfield,Midfield,CM,3,3,6.0,3,0,0,7,0,0,1958.0,51.0,85.3,79.3,0.8909069040173202,1.0,79.3
6992_chornomorets_odesa_1990s_24004,6992_chornomorets_odesa_1990s,6992,Chornomorets Odesa,1990s,24004,Sergiy Dolganskyi (24004),Ukraine,Goalkeeper,Goalkeeper,GK,3,3,0.0,0,18,52,3,0,0,4267.0,36.0,74.9,75.3,0.832571566033197,1.0,75.3
6992_chornomorets_odesa_1990s_25917,6992_chornomorets_odesa_1990s,6992,Chornomorets Odesa,1990s,25917,Oleksandr Shutov (25917),Ukraine,Midfield - Right Midfield,Midfield,RM,1,1,2.0,4,0,0,1,0,0,1134.0,29.0,70.1,73.5,0.7883088765936974,1.0,73.5
6992_chornomorets_odesa_1990s_107039,6992_chornomorets_odesa_1990s,6992,Chornomorets Odesa,1990s,107039,Sergiy Kovalets (107039),Ukraine,Midfield - Attacking Midfield,Midfield,AM,1,1,4.0,1,0,0,0,0,0,240.0,27.0,68.7,72.9,0.7733942747173442,1.0,72.9
6992_chornomorets_odesa_1990s_27215,6992_chornomorets_odesa_1990s,6992,Chornomorets Odesa,1990s,27215,Vyacheslav Tereshchenko (27215),Ukraine,Attack - Centre-Forward,Attack,FW,1,1,3.0,2,0,0,0,0,0,262.0,26.0,68.0,72.6,0.7647341833052682,1.0,72.6
6992_chornomorets_odesa_1990s_169752,6992_chornomorets_odesa_1990s,6992,Chornomorets Odesa,1990s,169752,Oleksandr Kozakevich (169752),Ukraine,Attack,Attack,FW,3,3,2.0,1,0,0,2,0,0,269.0,23.0,65.9,71.5,0.7382727928794804,1.0,71.5
6992_chornomorets_odesa_1990s_96897,6992_chornomorets_odesa_1990s,6992,Chornomorets Odesa,1990s,96897,Volodymyr Gapon (96897),Ukraine,Midfield - Defensive Midfield,Midfield,CDM,2,2,0.0,4,0,0,0,0,0,0.0,22.0,65.2,71.1,0.7276882367091653,1.0,71.1
6992_chornomorets_odesa_1990s_123760,6992_chornomorets_odesa_1990s,6992,Chornomorets Odesa,1990s,123760,Ruslan Vasylkiv (123760),Ukraine,Defender,Defender,CB,2,2,2.0,0,0,0,4,0,0,233.0,16.0,61.1,67.9,0.6464998797209526,1.0,67.9
6992_chornomorets_odesa_1990s_493850,6992_chornomorets_odesa_1990s,6992,Chornomorets Odesa,1990s,493850,Konstantin Kamnev (493850),Ukraine  Russia,Midfield - Right Midfield,Midfield,RM,1,1,1.0,0,0,0,0,0,0,662.0,8.0,55.5,61.9,0.46572047149386575,1.0,61.9
6992_chornomorets_odesa_1990s_855951,6992_chornomorets_odesa_1990s,6992,Chornomorets Odesa,1990s,855951,Dmytro Karyaka (855951),Ukraine,Midfield,Midfield,CM,1,1,1.0,0,0,0,1,0,0,1229.0,8.0,55.5,61.9,0.46572047149386575,1.0,61.9
6992_chornomorets_odesa_1990s_97319,6992_chornomorets_odesa_1990s,6992,Chornomorets Odesa,1990s,97319,Oleksandr Gumenyuk (97319),Ukraine,Goalkeeper,Goalkeeper,GK,1,1,0.0,0,2,11,0,0,0,553.0,6.0,54.2,58.6,0.36901611739235024,1.0,58.6
6992_chornomorets_odesa_1990s_253201,6992_chornomorets_odesa_1990s,6992,Chornomorets Odesa,1990s,253201,Oleksandr Golokolosov (253201),Ukraine,Attack - Centre-Forward,Attack,FW,1,1,0.0,0,0,0,0,0,0,0.0,3.0,52.1,51.2,0.16754871301419294,1.0,51.2
6992_chornomorets_odesa_1990s_855964,6992_chornomorets_odesa_1990s,6992,Chornomorets Odesa,1990s,855964,Oleksandr Sobkovych (855964),Ukraine,Midfield - Central Midfield,Midfield,CM,1,1,0.0,0,0,0,1,0,0,0.0,3.0,52.1,51.2,0.16754871301419294,1.0,51.2
6992_chornomorets_odesa_2000s_34766,6992_chornomorets_odesa_2000s,6992,Chornomorets Odesa,2000s,34766,Kostyantyn Balabanov (34766),Ukraine,Attack - Centre-Forward,Attack,FW,3,3,18.0,9,0,0,11,0,0,769.0,134.0,95.0,88.5,0.9761847486167909,1.0,88.5
6992_chornomorets_odesa_2000s_43359,6992_chornomorets_odesa_2000s,6992,Chornomorets Odesa,2000s,43359,Pavlo Rebenok (43359),Ukraine,Midfield - Left Midfield,Midfield,LM,2,2,2.0,7,0,0,5,0,0,1132.0,43.0,64.4,77.0,0.8626413278806832,1.0,77.0
6992_chornomorets_odesa_2000s_48989,6992_chornomorets_odesa_2000s,6992,Chornomorets Odesa,2000s,48989,Dmytro Gryshko (48989),Ukraine,Defender - Centre-Back,Defender,CB,5,5,3.0,3,0,0,10,0,0,3217.0,40.0,63.4,76.2,0.8524176088525379,1.0,76.2
6992_chornomorets_odesa_2000s_24032,6992_chornomorets_odesa_2000s,6992,Chornomorets Odesa,2000s,24032,Vitaliy Lysytskyi (24032),Ukraine,Defender - Centre-Back,Defender,CB,2,2,2.0,2,0,0,2,0,0,2291.0,24.0,58.1,71.9,0.7468126052441665,1.0,71.9
6992_chornomorets_odesa_2000s_58137,6992_chornomorets_odesa_2000s,6992,Chornomorets Odesa,2000s,58137,Andriy Smalko (58137),Ukraine,Midfield - Central Midfield,Midfield,CM,2,2,3.0,0,0,0,5,0,0,307.0,21.0,57.1,70.7,0.7179456338705797,1.0,70.7
6992_chornomorets_odesa_2000s_49030,6992_chornomorets_odesa_2000s,6992,Chornomorets Odesa,2000s,49030,Denys Vasin (49030),Ukraine,Attack - Right Winger,Attack,RM,3,3,1.0,1,0,0,2,0,0,237.0,18.0,56.0,69.1,0.6780129901371181,1.0,69.1
6992_chornomorets_odesa_2000s_73298,6992_chornomorets_odesa_2000s,6992,Chornomorets Odesa,2000s,73298,Mauricio Saucedo (73298),Bolivia,Midfield - Attacking Midfield,Midfield,AM,1,1,3.0,0,0,0,2,0,0,354.0,18.0,56.0,69.1,0.6780129901371181,1.0,69.1
6992_chornomorets_odesa_2000s_27215,6992_chornomorets_odesa_2000s,6992,Chornomorets Odesa,2000s,27215,Vyacheslav Tereshchenko (27215),Ukraine,Attack - Centre-Forward,Attack,FW,1,1,1.0,2,0,0,0,0,0,694.0,16.0,55.4,67.9,0.6464998797209526,1.0,67.9
6992_chornomorets_odesa_2000s_43330,6992_chornomorets_odesa_2000s,6992,Chornomorets Odesa,2000s,43330,Andriy Kornev (43330),Ukraine,Midfield - Defensive Midfield,Midfield,CDM,3,3,0.0,2,0,0,9,1,0,0.0,15.5,55.2,67.6,0.6383209044984364,1.0,67.6
6992_chornomorets_odesa_2000s_48995,6992_chornomorets_odesa_2000s,6992,Chornomorets Odesa,2000s,48995,Pavel Kirilchik (48995),Belarus,Defender - Centre-Back,Defender,CB,3,3,1.0,0,0,0,4,0,0,677.0,13.0,54.4,66.3,0.600072167428434,1.0,66.3
6992_chornomorets_odesa_2000s_49011,6992_chornomorets_odesa_2000s,6992,Chornomorets Odesa,2000s,49011,Kakhaber Mzhavanadze (49011),Georgia  Russia,Defender - Right-Back,Defender,RB,3,3,0.0,1,0,0,5,0,0,0.0,12.0,54.0,65.5,0.5752946836661054,1.0,65.5
6992_chornomorets_odesa_2000s_91704,6992_chornomorets_odesa_2000s,6992,Chornomorets Odesa,2000s,91704,Yuriy Danchenko (91704),Ukraine,Defender - Left-Back,Defender,LB,1,1,1.0,1,0,0,1,0,0,504.0,12.0,54.0,65.5,0.5752946836661054,1.0,65.5
6992_chornomorets_odesa_2000s_59406,6992_chornomorets_odesa_2000s,6992,Chornomorets Odesa,2000s,59406,Oleksandr Babych (59406),Ukraine,Defender - Centre-Back,Defender,CB,2,2,1.0,0,0,0,0,0,0,385.0,11.0,53.7,64.6,0.5475102237190281,1.0,64.6
6992_chornomorets_odesa_2000s_49016,6992_chornomorets_odesa_2000s,6992,Chornomorets Odesa,2000s,49016,Yevgen Past (49016),Ukraine,Goalkeeper,Goalkeeper,GK,1,1,0.0,0,2,19,0,0,0,1080.0,6.0,52.0,58.6,0.36901611739235024,1.0,58.6
6992_chornomorets_odesa_2000s_58606,6992_chornomorets_odesa_2000s,6992,Chornomorets Odesa,2000s,58606,Sergiy Politylo (58606),Ukraine,Midfield - Central Midfield,Midfield,CM,2,2,0.0,0,0,0,0,0,0,0.0,6.0,52.0,58.6,0.36901611739235024,1.0,58.6
6992_chornomorets_odesa_2000s_14872,6992_chornomorets_odesa_2000s,6992,Chornomorets Odesa,2000s,14872,Ruslan Valeev (14872),Ukraine,Midfield - Attacking Midfield,Midfield,AM,1,1,0.0,0,0,0,1,0,0,0.0,3.0,51.0,51.2,0.16754871301419294,1.0,51.2
6992_chornomorets_odesa_2000s_15681,6992_chornomorets_odesa_2000s,6992,Chornomorets Odesa,2000s,15681,Vyacheslav Sviderskyi (15681),Ukraine,Defender - Centre-Back,Defender,CB,1,1,0.0,0,0,0,4,0,0,0.0,3.0,51.0,51.2,0.16754871301419294,1.0,51.2
6992_chornomorets_odesa_2000s_15878,6992_chornomorets_odesa_2000s,6992,Chornomorets Odesa,2000s,15878,Ruslan Bidnenko (15878),Ukraine,Midfield - Defensive Midfield,Midfield,CDM,1,1,0.0,0,0,0,3,0,0,0.0,3.0,51.0,51.2,0.16754871301419294,1.0,51.2
6992_chornomorets_odesa_2000s_43377,6992_chornomorets_odesa_2000s,6992,Chornomorets Odesa,2000s,43377,Denys Stoyan (43377),Ukraine,Defender - Left-Back,Defender,LB,1,1,0.0,0,0,0,0,0,0,0.0,3.0,51.0,51.2,0.16754871301419294,1.0,51.2
6992_chornomorets_odesa_2000s_58002,6992_chornomorets_odesa_2000s,6992,Chornomorets Odesa,2000s,58002,Volodymyr Fedoriv (58002),Ukraine,Defender - Right-Back,Defender,RB,1,1,0.0,0,0,0,2,0,0,0.0,3.0,51.0,51.2,0.16754871301419294,1.0,51.2
6992_chornomorets_odesa_2000s_58518,6992_chornomorets_odesa_2000s,6992,Chornomorets Odesa,2000s,58518,Roman Bochkur (58518),Ukraine,Defender - Centre-Back,Defender,CB,1,1,0.0,0,0,0,0,0,0,0.0,3.0,51.0,51.2,0.16754871301419294,1.0,51.2
6992_chornomorets_odesa_2000s_62515,6992_chornomorets_odesa_2000s,6992,Chornomorets Odesa,2000s,62515,Ivan Bobko (62515),Ukraine,Midfield - Attacking Midfield,Midfield,AM,1,1,0.0,0,0,0,0,0,0,0.0,3.0,51.0,51.2,0.16754871301419294,1.0,51.2
6992_chornomorets_odesa_2000s_74197,6992_chornomorets_odesa_2000s,6992,Chornomorets Odesa,2000s,74197,Roman Lutsenko (74197),Ukraine,Midfield - Right Midfield,Midfield,RM,1,1,0.0,0,0,0,1,0,0,0.0,3.0,51.0,51.2,0.16754871301419294,1.0,51.2
6992_chornomorets_odesa_2000s_97319,6992_chornomorets_odesa_2000s,6992,Chornomorets Odesa,2000s,97319,Oleksandr Gumenyuk (97319),Ukraine,Goalkeeper,Goalkeeper,GK,1,1,0.0,0,0,6,0,0,0,360.0,3.0,51.0,51.2,0.16754871301419294,1.0,51.2
6992_chornomorets_odesa_2000s_17206,6992_chornomorets_odesa_2000s,6992,Chornomorets Odesa,2000s,17206,Aleksandar Trisovic (17206),Serbia,Midfield - Left Midfield,Midfield,LM,1,1,0.0,0,0,0,1,0,0,0.0,2.0,50.7,45.6,0.016237671397642532,1.0,45.6
6992_chornomorets_odesa_2010s_176412,6992_chornomorets_odesa_2010s,6992,Chornomorets Odesa,2010s,176412,Oleksiy Khoblenko (176412),Ukraine,Attack - Centre-Forward,Attack,FW,3,3,11.0,3,0,0,9,0,1,1408.0,74.0,95.0,82.8,0.93492903536204,1.0,82.8
6992_chornomorets_odesa_2010s_58606,6992_chornomorets_odesa_2010s,6992,Chornomorets Odesa,2010s,58606,Sergiy Politylo (58606),Ukraine,Midfield - Central Midfield,Midfield,CM,3,3,4.0,11,0,0,14,0,0,3171.0,73.0,94.4,82.6,0.9321626172720712,1.0,82.6
6992_chornomorets_odesa_2010s_25845,6992_chornomorets_odesa_2010s,6992,Chornomorets Odesa,2010s,25845,Oleksiy Antonov (25845),Ukraine,Attack - Centre-Forward,Attack,FW,2,2,10.0,3,0,0,5,1,1,211.0,66.5,90.4,82.0,0.9247053163338946,1.0,82.0
6992_chornomorets_odesa_2010s_62515,6992_chornomorets_odesa_2010s,6992,Chornomorets Odesa,2010s,62515,Ivan Bobko (62515),Ukraine,Midfield - Attacking Midfield,Midfield,AM,5,6,6.0,5,0,0,10,0,0,2862.0,65.0,89.5,81.8,0.9219388982439259,1.0,81.8
6992_chornomorets_odesa_2010s_91380,6992_chornomorets_odesa_2010s,6992,Chornomorets Odesa,2010s,91380,Dmytro Korkishko (91380),Ukraine,Attack - Left Winger,Attack,LM,2,2,8.0,4,0,0,21,0,1,1558.0,62.0,87.7,81.2,0.9155641087322588,1.0,81.2
6992_chornomorets_odesa_2010s_108710,6992_chornomorets_odesa_2010s,6992,Chornomorets Odesa,2010s,108710,Vladyslav Kalitvintsev (108710),Ukraine  Russia,Midfield - Right Midfield,Midfield,RM,2,2,5.0,7,0,0,6,0,1,358.0,59.0,85.9,80.7,0.9090690401732018,1.0,80.7
6992_chornomorets_odesa_2010s_140676,6992_chornomorets_odesa_2010s,6992,Chornomorets Odesa,2010s,140676,Kyrylo Kovalets (140676),Ukraine,Midfield - Attacking Midfield,Midfield,AM,3,4,4.0,6,0,0,9,1,0,3314.0,50.5,80.7,79.1,0.888982439259081,1.0,79.1
6992_chornomorets_odesa_2010s_44361,6992_chornomorets_odesa_2010s,6992,Chornomorets Odesa,2010s,44361,Oleksiy Hai (44361),Ukraine,Midfield - Central Midfield,Midfield,CM,2,2,7.0,1,0,0,2,0,2,1010.0,45.0,77.4,77.7,0.8707000240558095,1.0,77.7
6992_chornomorets_odesa_2010s_321417,6992_chornomorets_odesa_2010s,6992,Chornomorets Odesa,2010s,321417,Mykyta Tatarkov (321417),Ukraine,Midfield - Attacking Midfield,Midfield,AM,4,5,3.0,4,0,0,11,0,0,1711.0,43.0,76.1,77.0,0.8626413278806832,1.0,77.0
6992_chornomorets_odesa_2010s_248938,6992_chornomorets_odesa_2010s,6992,Chornomorets Odesa,2010s,248938,Maksym Tretyakov (248938),Ukraine,Attack - Left Winger,Attack,LM,2,3,4.0,4,0,0,4,0,1,1225.0,41.0,74.9,76.5,0.8559057012268463,1.0,76.5
6992_chornomorets_odesa_2010s_49030,6992_chornomorets_odesa_2010s,6992,Chornomorets Odesa,2010s,49030,Denys Vasin (49030),Ukraine,Attack - Right Winger,Attack,RM,4,4,2.0,5,0,0,11,0,0,501.0,40.0,74.3,76.2,0.8524176088525379,1.0,76.2
6992_chornomorets_odesa_2010s_160109,6992_chornomorets_odesa_2010s,6992,Chornomorets Odesa,2010s,160109,Árni Vilhjálmsson (160109),Iceland,Attack - Centre-Forward,Attack,FW,1,2,7.0,0,0,0,2,0,2,116.0,38.0,73.1,75.8,0.8444791917248016,1.0,75.8
6992_chornomorets_odesa_2010s_292570,6992_chornomorets_odesa_2010s,6992,Chornomorets Odesa,2010s,292570,Yevgen Martynenko (292570),Ukraine,Defender - Centre-Back,Defender,CB,5,5,4.0,0,0,0,12,0,0,1699.0,35.0,71.3,75.1,0.8263170555689199,1.0,75.1
6992_chornomorets_odesa_2010s_95707,6992_chornomorets_odesa_2010s,6992,Chornomorets Odesa,2010s,95707,Volodymyr Tanchyk (95707),Ukraine,Midfield - Right Midfield,Midfield,RM,1,2,3.0,3,0,0,1,0,0,297.0,30.0,68.2,73.8,0.7954053403897041,1.0,73.8
6992_chornomorets_odesa_2010s_85964,6992_chornomorets_odesa_2010s,6992,Chornomorets Odesa,2010s,85964,Anderson Mineiro (85964),Brazil,Defender - Left-Back,Defender,LB,2,2,3.0,2,0,0,4,0,3,747.0,29.0,67.6,73.5,0.7883088765936974,1.0,73.5
6992_chornomorets_odesa_2010s_257937,6992_chornomorets_odesa_2010s,6992,Chornomorets Odesa,2010s,257937,Oleg Danchenko (257937),Ukraine,Defender - Right-Back,Defender,RB,5,5,0.0,4,0,0,12,2,0,0.0,28.0,67.0,73.2,0.7803704594659611,1.0,73.2
6992_chornomorets_odesa_2010s_210689,6992_chornomorets_odesa_2010s,6992,Chornomorets Odesa,2010s,210689,Vladyslav Kabaev (210689),Ukraine,Attack - Left Winger,Attack,LM,4,4,2.0,1,0,0,10,0,0,2687.0,26.0,65.8,72.6,0.7647341833052682,1.0,72.6
6992_chornomorets_odesa_2010s_383229,6992_chornomorets_odesa_2010s,6992,Chornomorets Odesa,2010s,383229,Mykola Musolitin (383229),Ukraine,Attack - Right Winger,Attack,RM,4,6,2.0,1,0,0,9,0,0,1308.0,26.0,65.8,72.6,0.7647341833052682,1.0,72.6
6992_chornomorets_odesa_2010s_94928,6992_chornomorets_odesa_2010s,6992,Chornomorets Odesa,2010s,94928,Ruslan Babenko (94928),Ukraine,Midfield - Central Midfield,Midfield,CM,1,2,2.0,3,0,0,8,0,1,2475.0,25.0,65.2,72.2,0.7552321385614625,1.0,72.2
6992_chornomorets_odesa_2010s_492354,6992_chornomorets_odesa_2010s,6992,Chornomorets Odesa,2010s,492354,Denys Norenkov (492354),Ukraine,Defender - Left-Back,Defender,LB,2,3,0.0,5,0,0,1,0,0,0.0,25.0,65.2,72.2,0.7552321385614625,1.0,72.2
6992_chornomorets_odesa_2010s_59024,6992_chornomorets_odesa_2010s,6992,Chornomorets Odesa,2010s,59024,Yevgen Borovyk (59024),Ukraine,Goalkeeper,Goalkeeper,GK,2,2,0.0,0,11,46,4,0,0,3150.0,22.5,63.7,71.3,0.7331007938417128,1.0,71.3
6992_chornomorets_odesa_2010s_53270,6992_chornomorets_odesa_2010s,6992,Chornomorets Odesa,2010s,53270,Oleksandr Gladkyi (53270),Ukraine,Attack - Centre-Forward,Attack,FW,1,1,2.0,2,0,0,3,0,0,299.0,21.0,62.8,70.7,0.7179456338705797,1.0,70.7
6992_chornomorets_odesa_2010s_59982,6992_chornomorets_odesa_2010s,6992,Chornomorets Odesa,2010s,59982,Volodymyr Arzhanov (59982),Ukraine,Attack - Right Winger,Attack,RM,3,4,1.0,2,0,0,6,0,0,804.0,21.0,62.8,70.7,0.7179456338705797,1.0,70.7
6992_chornomorets_odesa_2010s_49016,6992_chornomorets_odesa_2010s,6992,Chornomorets Odesa,2010s,49016,Yevgen Past (49016),Ukraine,Goalkeeper,Goalkeeper,GK,4,4,0.0,0,5,22,1,0,0,1418.0,19.5,61.9,69.9,0.6968968005773394,1.0,69.9
6992_chornomorets_odesa_2010s_36238,6992_chornomorets_odesa_2010s,6992,Chornomorets Odesa,2010s,36238,Ruslan Fomin (36238),Ukraine,Attack - Centre-Forward,Attack,FW,1,1,3.0,0,0,0,3,0,0,359.0,18.0,60.9,69.1,0.6780129901371181,1.0,69.1
6992_chornomorets_odesa_2010s_353584,6992_chornomorets_odesa_2010s,6992,Chornomorets Odesa,2010s,353584,Sergiy Petko (353584),Ukraine,Midfield - Defensive Midfield,Midfield,CDM,3,3,1.0,1,0,0,7,0,0,917.0,18.0,60.9,69.1,0.6780129901371181,1.0,69.1
6992_chornomorets_odesa_2010s_15593,6992_chornomorets_odesa_2010s,6992,Chornomorets Odesa,2010s,15593,Sergey Samodin (15593),Russia,Attack - Centre-Forward,Attack,FW,1,1,2.0,1,0,0,1,0,0,351.0,17.0,60.3,68.6,0.6645417368294443,1.0,68.6
6992_chornomorets_odesa_2010s_27172,6992_chornomorets_odesa_2010s,6992,Chornomorets Odesa,2010s,27172,Pavlo Kutas (27172),Ukraine,Defender - Right-Back,Defender,RB,4,4,0.0,1,0,0,14,0,0,0.0,16.0,59.7,67.9,0.6464998797209526,1.0,67.9
6992_chornomorets_odesa_2010s_123214,6992_chornomorets_odesa_2010s,6992,Chornomorets Odesa,2010s,123214,Volodymyr Koval (123214),Ukraine,Attack - Centre-Forward,Attack,FW,1,2,2.0,1,0,0,7,1,0,1425.0,15.5,59.4,67.6,0.6383209044984364,1.0,67.6
6992_chornomorets_odesa_2010s_4678,6992_chornomorets_odesa_2010s,6992,Chornomorets Odesa,2010s,4678,Markus Berger (4678),Austria,Defender - Centre-Back,Defender,CB,3,3,0.0,1,0,0,7,0,0,0.0,13.0,57.9,66.3,0.600072167428434,1.0,66.3
6992_chornomorets_odesa_2010s_211313,6992_chornomorets_odesa_2010s,6992,Chornomorets Odesa,2010s,211313,Oleksandr Azatskyi (211313),Ukraine,Defender - Centre-Back,Defender,CB,3,3,1.0,0,0,0,4,1,0,635.0,12.5,57.6,66.0,0.5909309598267982,1.0,66.0
6992_chornomorets_odesa_2010s_24043,6992_chornomorets_odesa_2010s,6992,Chornomorets Odesa,2010s,24043,Sergiy Nazarenko (24043),Ukraine,Midfield - Attacking Midfield,Midfield,AM,1,1,1.0,1,0,0,2,0,0,494.0,12.0,57.3,65.5,0.5752946836661054,1.0,65.5
6992_chornomorets_odesa_2010s_280234,6992_chornomorets_odesa_2010s,6992,Chornomorets Odesa,2010s,280234,Oleksiy Savchenko (280234),Ukraine,Midfield - Defensive Midfield,Midfield,CDM,1,1,1.0,1,0,0,4,0,0,1132.0,12.0,57.3,65.5,0.5752946836661054,1.0,65.5
6992_chornomorets_odesa_2010s_91549,6992_chornomorets_odesa_2010s,6992,Chornomorets Odesa,2010s,91549,Valeriy Kutsenko (91549),Ukraine,Midfield - Attacking Midfield,Midfield,AM,2,2,1.0,0,0,0,6,0,0,1591.0,11.0,56.7,64.6,0.5475102237190281,1.0,64.6
6992_chornomorets_odesa_2010s_58073,6992_chornomorets_odesa_2010s,6992,Chornomorets Odesa,2010s,58073,Yuriy Martyshchuk (58073),Ukraine,Goalkeeper,Goalkeeper,GK,3,3,0.0,0,1,16,1,0,0,810.0,10.5,56.4,64.1,0.5318739475583354,1.0,64.1
6992_chornomorets_odesa_2010s_58946,6992_chornomorets_odesa_2010s,6992,Chornomorets Odesa,2010s,58946,Artur Karnoza (58946),Ukraine,Midfield - Attacking Midfield,Midfield,AM,2,2,0.0,1,0,0,1,0,0,0.0,10.0,56.1,63.6,0.5188838104402214,1.0,63.6
6992_chornomorets_odesa_2010s_105362,6992_chornomorets_odesa_2010s,6992,Chornomorets Odesa,2010s,105362,Adolphe Teikeu (105362),Cameroon,Defender - Centre-Back,Defender,CB,2,2,0.0,1,0,0,2,0,0,0.0,10.0,56.1,63.6,0.5188838104402214,1.0,63.6
6992_chornomorets_odesa_2010s_567735,6992_chornomorets_odesa_2010s,6992,Chornomorets Odesa,2010s,567735,Vladyslav Khamelyuk (567735),Ukraine,Midfield - Central Midfield,Midfield,CM,2,4,0.0,1,0,0,0,0,0,0.0,10.0,56.1,63.6,0.5188838104402214,1.0,63.6
6992_chornomorets_odesa_2010s_59249,6992_chornomorets_odesa_2010s,6992,Chornomorets Odesa,2010s,59249,Ivan Matyazh (59249),Ukraine,Midfield - Central Midfield,Midfield,CM,1,2,1.0,0,0,0,0,0,0,205.0,8.0,54.9,61.9,0.46572047149386575,1.0,61.9
6992_chornomorets_odesa_2010s_64360,6992_chornomorets_odesa_2010s,6992,Chornomorets Odesa,2010s,64360,Léo Veloso (64360),Brazil,Defender - Left-Back,Defender,LB,1,1,1.0,0,0,0,2,0,0,599.0,8.0,54.9,61.9,0.46572047149386575,1.0,61.9
6992_chornomorets_odesa_2010s_122317,6992_chornomorets_odesa_2010s,6992,Chornomorets Odesa,2010s,122317,Vitaliy Goshkoderya (122317),Ukraine,Midfield - Defensive Midfield,Midfield,CDM,1,2,1.0,0,0,0,0,0,0,360.0,8.0,54.9,61.9,0.46572047149386575,1.0,61.9
6992_chornomorets_odesa_2010s_36364,6992_chornomorets_odesa_2010s,6992,Chornomorets Odesa,2010s,36364,Mikhail Sivakov (36364),Belarus,Defender - Centre-Back,Defender,CB,1,1,1.0,0,0,0,4,0,0,900.0,6.0,53.6,58.6,0.36901611739235024,1.0,58.6
6992_chornomorets_odesa_2010s_65542,6992_chornomorets_odesa_2010s,6992,Chornomorets Odesa,2010s,65542,Tiago Terroso (65542),Portugal,Midfield - Defensive Midfield,Midfield,CDM,2,2,0.0,0,0,0,4,0,0,0.0,6.0,53.6,58.6,0.36901611739235024,1.0,58.6
6992_chornomorets_odesa_2010s_138292,6992_chornomorets_odesa_2010s,6992,Chornomorets Odesa,2010s,138292,Boris Tashchy (138292),Ukraine  Bulgaria,Midfield - Attacking Midfield,Midfield,AM,2,2,0.0,0,0,0,0,0,0,0.0,6.0,53.6,58.6,0.36901611739235024,1.0,58.6
6992_chornomorets_odesa_2010s_248930,6992_chornomorets_odesa_2010s,6992,Chornomorets Odesa,2010s,248930,Danylo Kanevtsev (248930),Ukraine,Goalkeeper,Goalkeeper,GK,1,1,0.0,0,2,8,1,0,0,720.0,6.0,53.6,58.6,0.36901611739235024,1.0,58.6
6992_chornomorets_odesa_2010s_581782,6992_chornomorets_odesa_2010s,6992,Chornomorets Odesa,2010s,581782,Andriy Shtogrin (581782),Ukraine,Attack - Left Winger,Attack,LM,2,2,0.0,0,0,0,1,0,0,0.0,6.0,53.6,58.6,0.36901611739235024,1.0,58.6
6992_chornomorets_odesa_2010s_428380,6992_chornomorets_odesa_2010s,6992,Chornomorets Odesa,2010s,428380,Yuriy Romanyuk (428380),Ukraine,Defender - Right-Back,Defender,RB,2,3,0.0,0,0,0,3,0,0,0.0,5.0,53.0,57.4,0.33317296127014673,1.0,57.4
6992_chornomorets_odesa_2010s_91991,6992_chornomorets_odesa_2010s,6992,Chornomorets Odesa,2010s,91991,Sergiy Lyulka (91991),Ukraine,Defender - Right-Back,Defender,RB,2,3,0.0,0,0,0,9,0,0,0.0,4.0,52.4,56.8,0.3171758479672841,1.0,56.8
6992_chornomorets_odesa_2010s_248931,6992_chornomorets_odesa_2010s,6992,Chornomorets Odesa,2010s,248931,Oleksandr Kapliyenko (248931),Ukraine,Defender - Left-Back,Defender,LB,2,2,0.0,0,0,0,3,0,0,0.0,4.0,52.4,56.8,0.3171758479672841,1.0,56.8
6992_chornomorets_odesa_2010s_9798,6992_chornomorets_odesa_2010s,6992,Chornomorets Odesa,2010s,9798,Maksim Shatskikh (9798),Uzbekistan  Ukraine,Attack - Centre-Forward,Attack,FW,1,1,0.0,0,0,0,0,0,0,0.0,3.0,51.8,51.2,0.16754871301419294,1.0,51.2
6992_chornomorets_odesa_2010s_17613,6992_chornomorets_odesa_2010s,6992,Chornomorets Odesa,2010s,17613,Wojciech Szymanek (17613),Poland,Defender - Centre-Back,Defender,CB,1,1,0.0,0,0,0,2,0,0,0.0,3.0,51.8,51.2,0.16754871301419294,1.0,51.2
6992_chornomorets_odesa_2010s_39253,6992_chornomorets_odesa_2010s,6992,Chornomorets Odesa,2010s,39253,Anton Shynder (39253),Ukraine,Attack - Centre-Forward,Attack,FW,1,1,0.0,0,0,0,0,0,0,0.0,3.0,51.8,51.2,0.16754871301419294,1.0,51.2
6992_chornomorets_odesa_2010s_43359,6992_chornomorets_odesa_2010s,6992,Chornomorets Odesa,2010s,43359,Pavlo Rebenok (43359),Ukraine,Midfield - Left Midfield,Midfield,LM,1,1,0.0,0,0,0,1,0,0,0.0,3.0,51.8,51.2,0.16754871301419294,1.0,51.2
6992_chornomorets_odesa_2010s_58035,6992_chornomorets_odesa_2010s,6992,Chornomorets Odesa,2010s,58035,Mykola Ishchenko (58035),Ukraine,Defender - Centre-Back,Defender,CB,1,2,0.0,0,0,0,0,0,0,0.0,3.0,51.8,51.2,0.16754871301419294,1.0,51.2
6992_chornomorets_odesa_2010s_59406,6992_chornomorets_odesa_2010s,6992,Chornomorets Odesa,2010s,59406,Oleksandr Babych (59406),Ukraine,Defender - Centre-Back,Defender,CB,1,1,0.0,0,0,0,0,0,0,0.0,3.0,51.8,51.2,0.16754871301419294,1.0,51.2
6992_chornomorets_odesa_2010s_59913,6992_chornomorets_odesa_2010s,6992,Chornomorets Odesa,2010s,59913,Artem Stargorodskyi (59913),Ukraine,Midfield - Central Midfield,Midfield,CM,1,1,0.0,0,0,0,1,0,0,0.0,3.0,51.8,51.2,0.16754871301419294,1.0,51.2
6992_chornomorets_odesa_2010s_86931,6992_chornomorets_odesa_2010s,6992,Chornomorets Odesa,2010s,86931,Yevgen Opanasenko (86931),Ukraine,Defender - Right-Back,Defender,RB,1,1,0.0,0,0,0,0,0,0,0.0,3.0,51.8,51.2,0.16754871301419294,1.0,51.2
6992_chornomorets_odesa_2010s_120262,6992_chornomorets_odesa_2010s,6992,Chornomorets Odesa,2010s,120262,Dmytro Nemchaninov (120262),Ukraine,Defender - Centre-Back,Defender,CB,1,1,0.0,0,0,0,1,0,0,0.0,3.0,51.8,51.2,0.16754871301419294,1.0,51.2
6992_chornomorets_odesa_2010s_155843,6992_chornomorets_odesa_2010s,6992,Chornomorets Odesa,2010s,155843,Anton Kicha (155843),Ukraine,Attack - Left Winger,Attack,LM,1,1,0.0,0,0,0,1,0,0,0.0,3.0,51.8,51.2,0.16754871301419294,1.0,51.2
6992_chornomorets_odesa_2010s_248936,6992_chornomorets_odesa_2010s,6992,Chornomorets Odesa,2010s,248936,Pavlo Orikhovskyi (248936),Ukraine,Midfield - Central Midfield,Midfield,CM,1,2,0.0,0,0,0,4,0,0,0.0,3.0,51.8,51.2,0.16754871301419294,1.0,51.2
6992_chornomorets_odesa_2010s_435665,6992_chornomorets_odesa_2010s,6992,Chornomorets Odesa,2010s,435665,Vladyslav Khomutov (435665),Ukraine,Midfield - Attacking Midfield,Midfield,AM,1,1,0.0,0,0,0,0,0,0,0.0,3.0,51.8,51.2,0.16754871301419294,1.0,51.2
6992_chornomorets_odesa_2010s_577844,6992_chornomorets_odesa_2010s,6992,Chornomorets Odesa,2010s,577844,Oleg Sokolov (577844),Ukraine,Defender - Right-Back,Defender,RB,1,1,0.0,0,0,0,0,0,0,0.0,3.0,51.8,51.2,0.16754871301419294,1.0,51.2
6992_chornomorets_odesa_2010s_672802,6992_chornomorets_odesa_2010s,6992,Chornomorets Odesa,2010s,672802,Vyacheslav Velev (672802),Ukraine  Bulgaria,Defender - Right-Back,Defender,RB,1,1,0.0,0,0,0,0,0,0,0.0,3.0,51.8,51.2,0.16754871301419294,1.0,51.2
6992_chornomorets_odesa_2010s_90768,6992_chornomorets_odesa_2010s,6992,Chornomorets Odesa,2010s,90768,Yaroslav Oliynyk (90768),Ukraine,Defender - Right-Back,Defender,RB,1,1,0.0,0,0,0,1,1,0,0.0,1.5,50.9,45.4,0.00950204474380563,1.0,45.4
6992_chornomorets_odesa_2010s_58922,6992_chornomorets_odesa_2010s,6992,Chornomorets Odesa,2010s,58922,Rizvan Ablitarov (58922),Ukraine  Uzbekistan,Defender - Centre-Back,Defender,CB,1,1,0.0,0,0,0,0,0,0,0.0,1.0,50.6,45.1,0.0039692085638681745,1.0,45.1
6992_chornomorets_odesa_2020s_244904,6992_chornomorets_odesa_2020s,6992,Chornomorets Odesa,2020s,244904,Artur Avagimyan (244904),Ukraine  Armenia,Midfield - Attacking Midfield,Midfield,AM,3,3,9.0,7,0,0,12,1,0,604.0,80.5,95.0,83.4,0.9422660572528265,1.0,83.4
6992_chornomorets_odesa_2020s_581782,6992_chornomorets_odesa_2020s,6992,Chornomorets Odesa,2020s,581782,Andriy Shtogrin (581782),Ukraine,Attack - Left Winger,Attack,LM,3,3,8.0,5,0,0,2,0,0,306.0,69.0,88.6,82.2,0.9274717344238633,1.0,82.2
6992_chornomorets_odesa_2020s_124025,6992_chornomorets_odesa_2020s,6992,Chornomorets Odesa,2020s,124025,Ziguy Badibanga (124025),Belgium  DR Congo,Attack - Right Winger,Attack,RM,2,2,4.0,9,0,0,5,0,0,1582.0,62.0,84.7,81.2,0.9155641087322588,1.0,81.2
6992_chornomorets_odesa_2020s_396400,6992_chornomorets_odesa_2020s,6992,Chornomorets Odesa,2020s,396400,Ilya Putrya (396400),Ukraine,Defender - Right-Back,Defender,RB,3,3,6.0,5,0,0,15,0,6,3022.0,59.0,83.0,80.7,0.9090690401732018,1.0,80.7
6992_chornomorets_odesa_2020s_353252,6992_chornomorets_odesa_2020s,6992,Chornomorets Odesa,2020s,353252,Orest Kuzyk (353252),Ukraine,Attack - Left Winger,Attack,LM,2,2,5.0,7,0,0,4,0,0,2237.0,58.0,82.4,80.5,0.9067837382727929,1.0,80.5
6992_chornomorets_odesa_2020s_755174,6992_chornomorets_odesa_2020s,6992,Chornomorets Odesa,2020s,755174,Danyil Alefirenko (755174),Ukraine,Attack - Left Winger,Attack,LM,1,1,8.0,1,0,0,3,0,0,145.0,47.0,76.3,78.3,0.878277604041376,1.0,78.3
6992_chornomorets_odesa_2020s_169260,6992_chornomorets_odesa_2020s,6992,Chornomorets Odesa,2020s,169260,Vitaliy Yermakov (169260),Ukraine,Defender - Centre-Back,Defender,CB,3,3,5.0,2,0,0,3,0,0,1876.0,42.0,73.5,76.7,0.8592735145537648,1.0,76.7
6992_chornomorets_odesa_2020s_695310,6992_chornomorets_odesa_2020s,6992,Chornomorets Odesa,2020s,695310,Maksym Bragaru (695310),Ukraine,Attack - Left Winger,Attack,LM,3,3,3.0,3,0,0,12,0,0,3860.0,36.0,70.1,75.3,0.832571566033197,1.0,75.3
6992_chornomorets_odesa_2020s_173079,6992_chornomorets_odesa_2020s,6992,Chornomorets Odesa,2020s,173079,Oleksandr Vasyliev (173079),Ukraine,Midfield - Defensive Midfield,Midfield,CDM,3,3,3.0,2,0,0,8,0,0,842.0,32.0,67.9,74.3,0.8081549194130383,1.0,74.3
6992_chornomorets_odesa_2020s_404851,6992_chornomorets_odesa_2020s,6992,Chornomorets Odesa,2020s,404851,Denis Yanakov (404851),Ukraine,Attack - Left Winger,Attack,LM,1,1,5.0,1,0,0,3,0,1,265.0,32.0,67.9,74.3,0.8081549194130383,1.0,74.3
6992_chornomorets_odesa_2020s_337198,6992_chornomorets_odesa_2020s,6992,Chornomorets Odesa,2020s,337198,Bogdan Boychuk (337198),Ukraine,Attack - Right Winger,Attack,RM,1,1,4.0,2,0,0,3,0,0,354.0,31.0,67.3,74.0,0.8010584556170315,1.0,74.0
6992_chornomorets_odesa_2020s_1052374,6992_chornomorets_odesa_2020s,6992,Chornomorets Odesa,2020s,1052374,Yevgeniy Skyba (1052374),Ukraine,Defender - Centre-Back,Defender,CB,1,1,4.0,2,0,0,4,0,0,476.0,31.0,67.3,74.0,0.8010584556170315,1.0,74.0
6992_chornomorets_odesa_2020s_463845,6992_chornomorets_odesa_2020s,6992,Chornomorets Odesa,2020s,463845,Oleksandr Demchenko (463845),Ukraine,Midfield - Defensive Midfield,Midfield,CDM,1,1,3.0,3,0,0,3,0,0,348.0,29.0,66.2,73.5,0.7883088765936974,1.0,73.5
6992_chornomorets_odesa_2020s_176412,6992_chornomorets_odesa_2020s,6992,Chornomorets Odesa,2020s,176412,Oleksiy Khoblenko (176412),Ukraine,Attack - Centre-Forward,Attack,FW,1,1,4.0,1,0,0,6,0,0,550.0,27.0,65.1,72.9,0.7733942747173442,1.0,72.9
6992_chornomorets_odesa_2020s_378972,6992_chornomorets_odesa_2020s,6992,Chornomorets Odesa,2020s,378972,Guy Hadida (378972),Israel  Portugal,Midfield - Central Midfield,Midfield,CM,2,2,3.0,1,0,0,3,0,1,483.0,25.0,64.0,72.2,0.7552321385614625,1.0,72.2
6992_chornomorets_odesa_2020s_242854,6992_chornomorets_odesa_2020s,6992,Chornomorets Odesa,2020s,242854,Dmytro Yusov (242854),Ukraine,Attack - Centre-Forward,Attack,FW,1,1,4.0,0,0,0,2,0,0,245.0,23.0,62.9,71.5,0.7382727928794804,1.0,71.5
6992_chornomorets_odesa_2020s_631821,6992_chornomorets_odesa_2020s,6992,Chornomorets Odesa,2020s,631821,Vladyslav Vanat (631821),Ukraine,Attack - Centre-Forward,Attack,FW,1,1,3.0,1,0,0,4,0,0,363.0,22.0,62.3,71.1,0.7276882367091653,1.0,71.1
6992_chornomorets_odesa_2020s_539441,6992_chornomorets_odesa_2020s,6992,Chornomorets Odesa,2020s,539441,Yevgeniy Isaenko (539441),Ukraine,Attack - Centre-Forward,Attack,FW,1,1,2.0,2,0,0,2,0,0,503.0,21.0,61.7,70.7,0.7179456338705797,1.0,70.7
6992_chornomorets_odesa_2020s_626475,6992_chornomorets_odesa_2020s,6992,Chornomorets Odesa,2020s,626475,Mykola Mykhaylenko (626475),Ukraine,Midfield - Defensive Midfield,Midfield,CDM,1,1,2.0,2,0,0,2,0,0,633.0,21.0,61.7,70.7,0.7179456338705797,1.0,70.7
6992_chornomorets_odesa_2020s_726035,6992_chornomorets_odesa_2020s,6992,Chornomorets Odesa,2020s,726035,Kiril Popov (726035),Ukraine,Attack - Centre-Forward,Attack,FW,1,1,1.0,3,0,0,3,0,0,1506.0,20.0,61.2,70.2,0.7051960548472456,1.0,70.2
6992_chornomorets_odesa_2020s_356936,6992_chornomorets_odesa_2020s,6992,Chornomorets Odesa,2020s,356936,Jon Sporn (356936),Slovenia,Midfield - Central Midfield,Midfield,CM,2,2,1.0,2,0,0,10,0,0,1933.0,19.0,60.6,69.6,0.6904017320182824,1.0,69.6
6992_chornomorets_odesa_2020s_59076,6992_chornomorets_odesa_2020s,6992,Chornomorets Odesa,2020s,59076,Sergiy Kravchenko (59076),Ukraine,Midfield - Central Midfield,Midfield,CM,2,2,1.0,2,0,0,3,0,0,530.0,18.0,60.1,69.1,0.6780129901371181,1.0,69.1
6992_chornomorets_odesa_2020s_396411,6992_chornomorets_odesa_2020s,6992,Chornomorets Odesa,2020s,396411,Vladyslav Bugay (396411),Ukraine,Attack - Centre-Forward,Attack,FW,1,1,2.0,1,0,0,1,0,0,292.0,17.0,59.5,68.6,0.6645417368294443,1.0,68.6
6992_chornomorets_odesa_2020s_396532,6992_chornomorets_odesa_2020s,6992,Chornomorets Odesa,2020s,396532,Yevgeniy Smyrnyi (396532),Ukraine,Midfield - Central Midfield,Midfield,CM,1,1,2.0,1,0,0,4,0,0,359.0,17.0,59.5,68.6,0.6645417368294443,1.0,68.6
6992_chornomorets_odesa_2020s_930106,6992_chornomorets_odesa_2020s,6992,Chornomorets Odesa,2020s,930106,Volodymyr Salyuk (930106),Ukraine,Defender - Centre-Back,Defender,CB,2,2,2.0,1,0,0,15,2,0,982.0,17.0,59.5,68.6,0.6645417368294443,1.0,68.6
6992_chornomorets_odesa_2020s_678503,6992_chornomorets_odesa_2020s,6992,Chornomorets Odesa,2020s,678503,Danylo Varakuta (678503),Ukraine,Goalkeeper,Goalkeeper,GK,3,3,0.0,0,5,51,1,0,0,2461.0,16.5,59.2,68.2,0.6557613663699784,1.0,68.2
6992_chornomorets_odesa_2020s_421636,6992_chornomorets_odesa_2020s,6992,Chornomorets Odesa,2020s,421636,Samson Iyede (421636),Nigeria,Attack - Centre-Forward,Attack,FW,1,1,2.0,1,0,0,2,0,0,675.0,16.0,58.9,67.9,0.6464998797209526,1.0,67.9
6992_chornomorets_odesa_2020s_94922,6992_chornomorets_odesa_2020s,6992,Chornomorets Odesa,2020s,94922,Bogdan Butko (94922),Ukraine,Defender - Right-Back,Defender,RB,1,1,1.0,2,0,0,2,1,0,2111.0,14.5,58.1,67.2,0.6248496511907625,1.0,67.2
6992_chornomorets_odesa_2020s_203074,6992_chornomorets_odesa_2020s,6992,Chornomorets Odesa,2020s,203074,Ivan Petryak (203074),Ukraine,Attack - Left Winger,Attack,LM,1,1,0.0,3,0,0,2,1,0,0.0,13.5,57.5,66.7,0.610897281693529,1.0,66.7
6992_chornomorets_odesa_2020s_383198,6992_chornomorets_odesa_2020s,6992,Chornomorets Odesa,2020s,383198,Ilya Shevtsov (383198),Ukraine,Attack - Centre-Forward,Attack,FW,1,1,1.0,1,0,0,1,0,0,277.0,12.0,56.7,65.5,0.5752946836661054,1.0,65.5
6992_chornomorets_odesa_2020s_58606,6992_chornomorets_odesa_2020s,6992,Chornomorets Odesa,2020s,58606,Sergiy Politylo (58606),Ukraine,Midfield - Central Midfield,Midfield,CM,1,1,0.0,2,0,0,0,0,0,0.0,11.0,56.1,64.6,0.5475102237190281,1.0,64.6
6992_chornomorets_odesa_2020s_404845,6992_chornomorets_odesa_2020s,6992,Chornomorets Odesa,2020s,404845,Vladyslav Naumets (404845),Ukraine,Attack - Right Winger,Attack,RM,1,1,0.0,2,0,0,1,0,0,0.0,11.0,56.1,64.6,0.5475102237190281,1.0,64.6
6992_chornomorets_odesa_2020s_723621,6992_chornomorets_odesa_2020s,6992,Chornomorets Odesa,2020s,723621,Denys Kuzyk (723621),Ukraine,Midfield - Right Midfield,Midfield,RM,1,1,0.0,2,0,0,1,0,0,0.0,11.0,56.1,64.6,0.5475102237190281,1.0,64.6
6992_chornomorets_odesa_2020s_77847,6992_chornomorets_odesa_2020s,6992,Chornomorets Odesa,2020s,77847,Dmitriy Nepogodov (77847),Kazakhstan  Ukraine,Goalkeeper,Goalkeeper,GK,1,1,0.0,0,5,27,5,0,0,1848.0,10.5,55.9,64.1,0.5318739475583354,1.0,64.1
6992_chornomorets_odesa_2020s_129646,6992_chornomorets_odesa_2020s,6992,Chornomorets Odesa,2020s,129646,Artur Rudko (129646),Ukraine,Goalkeeper,Goalkeeper,GK,1,1,0.0,0,4,41,1,0,0,2340.0,9.0,55.0,62.9,0.49735386095742123,1.0,62.9
6992_chornomorets_odesa_2020s_365779,6992_chornomorets_odesa_2020s,6992,Chornomorets Odesa,2020s,365779,Luka Gucek (365779),Slovenia,Defender - Centre-Back,Defender,CB,2,2,0.0,1,0,0,4,1,0,0.0,8.5,54.8,62.5,0.4862881885975463,1.0,62.5
6992_chornomorets_odesa_2020s_1111147,6992_chornomorets_odesa_2020s,6992,Chornomorets Odesa,2020s,1111147,Chijioke Aniagboso (1111147),Nigeria,Goalkeeper,Goalkeeper,GK,1,1,0.0,1,1,4,1,0,0,360.0,8.5,54.8,62.5,0.4862881885975463,1.0,62.5
6992_chornomorets_odesa_2020s_53270,6992_chornomorets_odesa_2020s,6992,Chornomorets Odesa,2020s,53270,Oleksandr Gladkyi (53270),Ukraine,Attack - Centre-Forward,Attack,FW,1,1,1.0,0,0,0,2,0,1,553.0,8.0,54.5,61.9,0.46572047149386575,1.0,61.9
6992_chornomorets_odesa_2020s_59442,6992_chornomorets_odesa_2020s,6992,Chornomorets Odesa,2020s,59442,Yevgen Selin (59442),Ukraine,Defender - Centre-Back,Defender,CB,1,1,1.0,0,0,0,1,0,0,684.0,8.0,54.5,61.9,0.46572047149386575,1.0,61.9
6992_chornomorets_odesa_2020s_62515,6992_chornomorets_odesa_2020s,6992,Chornomorets Odesa,2020s,62515,Ivan Bobko (62515),Ukraine,Midfield - Attacking Midfield,Midfield,AM,1,1,1.0,0,0,0,0,0,0,750.0,8.0,54.5,61.9,0.46572047149386575,1.0,61.9
6992_chornomorets_odesa_2020s_213974,6992_chornomorets_odesa_2020s,6992,Chornomorets Odesa,2020s,213974,Artem Gabelok (213974),Ukraine,Midfield - Central Midfield,Midfield,CM,1,1,1.0,0,0,0,3,0,0,1550.0,8.0,54.5,61.9,0.46572047149386575,1.0,61.9
6992_chornomorets_odesa_2020s_419067,6992_chornomorets_odesa_2020s,6992,Chornomorets Odesa,2020s,419067,Giorgi Tsitaishvili (419067),Georgia  Ukraine,Attack - Right Winger,Attack,RM,1,1,1.0,0,0,0,3,0,0,1099.0,8.0,54.5,61.9,0.46572047149386575,1.0,61.9
6992_chornomorets_odesa_2020s_748838,6992_chornomorets_odesa_2020s,6992,Chornomorets Odesa,2020s,748838,Yuriy Tlumak (748838),Ukraine,Midfield - Central Midfield,Midfield,CM,1,1,1.0,0,0,0,0,0,0,356.0,8.0,54.5,61.9,0.46572047149386575,1.0,61.9
6992_chornomorets_odesa_2020s_936859,6992_chornomorets_odesa_2020s,6992,Chornomorets Odesa,2020s,936859,Moses Jarju (936859),The Gambia,Defender - Centre-Back,Defender,CB,1,1,1.0,0,0,0,3,0,0,1087.0,8.0,54.5,61.9,0.46572047149386575,1.0,61.9
6992_chornomorets_odesa_2020s_1290268,6992_chornomorets_odesa_2020s,6992,Chornomorets Odesa,2020s,1290268,Oleksandr Pshenychnyuk (1290268),Ukraine,Midfield - Attacking Midfield,Midfield,AM,1,1,1.0,0,0,0,0,0,0,314.0,8.0,54.5,61.9,0.46572047149386575,1.0,61.9
6992_chornomorets_odesa_2020s_49016,6992_chornomorets_odesa_2020s,6992,Chornomorets Odesa,2020s,49016,Yevgen Past (49016),Ukraine,Goalkeeper,Goalkeeper,GK,1,1,0.0,0,3,11,0,0,0,729.0,7.5,54.2,61.1,0.44274717344238634,1.0,61.1
6992_chornomorets_odesa_2020s_89222,6992_chornomorets_odesa_2020s,6992,Chornomorets Odesa,2020s,89222,Yaroslav Rakitskyi (89222),Ukraine,Defender - Centre-Back,Defender,CB,1,1,0.0,1,0,0,3,0,0,0.0,7.0,53.9,60.4,0.42097666586480637,1.0,60.4
6992_chornomorets_odesa_2020s_396536,6992_chornomorets_odesa_2020s,6992,Chornomorets Odesa,2020s,396536,Roman Vantukh (396536),Ukraine,Defender - Left-Back,Defender,LB,1,1,0.0,1,0,0,2,0,0,0.0,7.0,53.9,60.4,0.42097666586480637,1.0,60.4
6992_chornomorets_odesa_2020s_546253,6992_chornomorets_odesa_2020s,6992,Chornomorets Odesa,2020s,546253,Dadá Belmonte (546253),Brazil,Attack - Right Winger,Attack,RM,1,1,0.0,1,0,0,1,0,0,0.0,7.0,53.9,60.4,0.42097666586480637,1.0,60.4
6992_chornomorets_odesa_2020s_809899,6992_chornomorets_odesa_2020s,6992,Chornomorets Odesa,2020s,809899,Luka Latsabidze (809899),Georgia,Defender - Centre-Back,Defender,CB,1,1,0.0,1,0,0,1,0,0,0.0,7.0,53.9,60.4,0.42097666586480637,1.0,60.4
6992_chornomorets_odesa_2020s_395068,6992_chornomorets_odesa_2020s,6992,Chornomorets Odesa,2020s,395068,Yan Vichnyi (395068),Ukraine,Goalkeeper,Goalkeeper,GK,2,2,0.0,0,0,0,2,0,0,0.0,6.0,53.4,58.6,0.36901611739235024,1.0,58.6
6992_chornomorets_odesa_2020s_591619,6992_chornomorets_odesa_2020s,6992,Chornomorets Odesa,2020s,591619,Vladimir Arsic (591619),Bosnia-Herzegovina  Serbia,Defender - Centre-Back,Defender,CB,2,2,0.0,0,0,0,0,0,0,0.0,6.0,53.4,58.6,0.36901611739235024,1.0,58.6
6992_chornomorets_odesa_2020s_882224,6992_chornomorets_odesa_2020s,6992,Chornomorets Odesa,2020s,882224,Ilya Ukhan (882224),Ukraine,Defender - Right-Back,Defender,RB,2,2,0.0,0,0,0,0,0,0,0.0,6.0,53.4,58.6,0.36901611739235024,1.0,58.6
6992_chornomorets_odesa_2020s_222686,6992_chornomorets_odesa_2020s,6992,Chornomorets Odesa,2020s,222686,Manjrekar James (222686),Canada  Dominica,Defender - Centre-Back,Defender,CB,1,1,1.0,0,0,0,3,1,0,1125.0,5.5,53.1,57.5,0.3363002165022853,1.0,57.5
6992_chornomorets_odesa_2020s_136537,6992_chornomorets_odesa_2020s,6992,Chornomorets Odesa,2020s,136537,Oleksiy Shevchenko (136537),Ukraine,Goalkeeper,Goalkeeper,GK,1,1,0.0,0,1,7,0,0,0,360.0,4.5,52.5,57.1,0.3246331489054607,1.0,57.1
6992_chornomorets_odesa_2020s_404838,6992_chornomorets_odesa_2020s,6992,Chornomorets Odesa,2020s,404838,Vladyslav Kucheruk (404838),Ukraine,Goalkeeper,Goalkeeper,GK,1,1,0.0,0,1,28,1,0,0,1350.0,4.5,52.5,57.1,0.3246331489054607,1.0,57.1
6992_chornomorets_odesa_2020s_449084,6992_chornomorets_odesa_2020s,6992,Chornomorets Odesa,2020s,449084,Oleg Bilyk (449084),Ukraine,Goalkeeper,Goalkeeper,GK,1,1,0.0,0,1,2,1,0,0,180.0,4.5,52.5,57.1,0.3246331489054607,1.0,57.1
6992_chornomorets_odesa_2020s_461670,6992_chornomorets_odesa_2020s,6992,Chornomorets Odesa,2020s,461670,Bogdan Biloshevskyi (461670),Ukraine,Midfield - Defensive Midfield,Midfield,CDM,2,2,0.0,0,0,0,4,1,0,0.0,3.5,52.0,56.7,0.31549194130382485,1.0,56.7
6992_chornomorets_odesa_2020s_58939,6992_chornomorets_odesa_2020s,6992,Chornomorets Odesa,2020s,58939,Oleksiy Palamarchuk (58939),Ukraine  Moldova,Goalkeeper,Goalkeeper,GK,1,1,0.0,0,0,3,0,0,0,90.0,3.0,51.7,51.2,0.16754871301419294,1.0,51.2
6992_chornomorets_odesa_2020s_59978,6992_chornomorets_odesa_2020s,6992,Chornomorets Odesa,2020s,59978,Yevgen Zadoya (59978),Ukraine,Midfield - Defensive Midfield,Midfield,CDM,1,1,0.0,0,0,0,0,0,0,0.0,3.0,51.7,51.2,0.16754871301419294,1.0,51.2
6992_chornomorets_odesa_2020s_107803,6992_chornomorets_odesa_2020s,6992,Chornomorets Odesa,2020s,107803,Maksym Bilyi (107803),Ukraine,Defender - Centre-Back,Defender,CB,1,1,0.0,0,0,0,1,0,0,0.0,3.0,51.7,51.2,0.16754871301419294,1.0,51.2
6992_chornomorets_odesa_2020s_111072,6992_chornomorets_odesa_2020s,6992,Chornomorets Odesa,2020s,111072,Vladyslav Ogirya (111072),Ukraine,Midfield - Defensive Midfield,Midfield,CDM,1,1,0.0,0,0,0,1,0,0,0.0,3.0,51.7,51.2,0.16754871301419294,1.0,51.2
6992_chornomorets_odesa_2020s_200320,6992_chornomorets_odesa_2020s,6992,Chornomorets Odesa,2020s,200320,Kevin Koubemba (200320),Congo  France,Attack - Centre-Forward,Attack,FW,1,1,0.0,0,0,0,1,0,0,0.0,3.0,51.7,51.2,0.16754871301419294,1.0,51.2
6992_chornomorets_odesa_2020s_204045,6992_chornomorets_odesa_2020s,6992,Chornomorets Odesa,2020s,204045,Beka Vachiberadze (204045),Georgia  Ukraine,Midfield - Central Midfield,Midfield,CM,1,1,0.0,0,0,0,4,0,0,0.0,3.0,51.7,51.2,0.16754871301419294,1.0,51.2
6992_chornomorets_odesa_2020s_269371,6992_chornomorets_odesa_2020s,6992,Chornomorets Odesa,2020s,269371,Denys Bezborodko (269371),Ukraine,Attack - Centre-Forward,Attack,FW,1,1,0.0,0,0,0,0,0,0,0.0,3.0,51.7,51.2,0.16754871301419294,1.0,51.2
6992_chornomorets_odesa_2020s_292570,6992_chornomorets_odesa_2020s,6992,Chornomorets Odesa,2020s,292570,Yevgen Martynenko (292570),Ukraine,Defender - Centre-Back,Defender,CB,1,1,0.0,0,0,0,0,0,0,0.0,3.0,51.7,51.2,0.16754871301419294,1.0,51.2
6992_chornomorets_odesa_2020s_342148,6992_chornomorets_odesa_2020s,6992,Chornomorets Odesa,2020s,342148,Zé Gomes (342148),Portugal  Guinea-Bissau,Attack - Centre-Forward,Attack,FW,1,1,0.0,0,0,0,1,0,0,0.0,3.0,51.7,51.2,0.16754871301419294,1.0,51.2
6992_chornomorets_odesa_2020s_353584,6992_chornomorets_odesa_2020s,6992,Chornomorets Odesa,2020s,353584,Sergiy Petko (353584),Ukraine,Midfield - Defensive Midfield,Midfield,CDM,1,1,0.0,0,0,0,0,0,0,0.0,3.0,51.7,51.2,0.16754871301419294,1.0,51.2
6992_chornomorets_odesa_2020s_375657,6992_chornomorets_odesa_2020s,6992,Chornomorets Odesa,2020s,375657,Vladyslav Shapoval (375657),Ukraine,Defender - Left-Back,Defender,LB,1,1,0.0,0,0,0,0,0,0,0.0,3.0,51.7,51.2,0.16754871301419294,1.0,51.2
6992_chornomorets_odesa_2020s_381430,6992_chornomorets_odesa_2020s,6992,Chornomorets Odesa,2020s,381430,Fabricio Alvarenga (381430),Argentina,Attack - Right Winger,Attack,RM,1,1,0.0,0,0,0,1,0,0,0.0,3.0,51.7,51.2,0.16754871301419294,1.0,51.2
6992_chornomorets_odesa_2020s_424252,6992_chornomorets_odesa_2020s,6992,Chornomorets Odesa,2020s,424252,Vadym Mashchenko (424252),Ukraine,Attack - Right Winger,Attack,RM,1,1,0.0,0,0,0,0,0,0,0.0,3.0,51.7,51.2,0.16754871301419294,1.0,51.2
6992_chornomorets_odesa_2020s_442942,6992_chornomorets_odesa_2020s,6992,Chornomorets Odesa,2020s,442942,Mohammed Kadiri (442942),Ghana,Midfield - Defensive Midfield,Midfield,CDM,1,1,0.0,0,0,0,1,0,0,0.0,3.0,51.7,51.2,0.16754871301419294,1.0,51.2
6992_chornomorets_odesa_2020s_448783,6992_chornomorets_odesa_2020s,6992,Chornomorets Odesa,2020s,448783,Maksym Grysyo (448783),Ukraine,Defender - Right-Back,Defender,RB,1,1,0.0,0,0,0,0,0,0,0.0,3.0,51.7,51.2,0.16754871301419294,1.0,51.2
6992_chornomorets_odesa_2020s_448868,6992_chornomorets_odesa_2020s,6992,Chornomorets Odesa,2020s,448868,Igor Kogut (448868),Ukraine,Midfield - Central Midfield,Midfield,CM,1,1,0.0,0,0,0,2,0,0,0.0,3.0,51.7,51.2,0.16754871301419294,1.0,51.2
6992_chornomorets_odesa_2020s_491264,6992_chornomorets_odesa_2020s,6992,Chornomorets Odesa,2020s,491264,Sergiy Sukhanov (491264),Ukraine,Attack - Centre-Forward,Attack,FW,1,1,0.0,0,0,0,0,0,0,0.0,3.0,51.7,51.2,0.16754871301419294,1.0,51.2
6992_chornomorets_odesa_2020s_526578,6992_chornomorets_odesa_2020s,6992,Chornomorets Odesa,2020s,526578,Vladyslav Vakula (526578),Ukraine,Attack - Left Winger,Attack,LM,1,1,0.0,0,0,0,0,0,0,0.0,3.0,51.7,51.2,0.16754871301419294,1.0,51.2
6992_chornomorets_odesa_2020s_527967,6992_chornomorets_odesa_2020s,6992,Chornomorets Odesa,2020s,527967,Jack Ipalibo (527967),Nigeria,Midfield - Defensive Midfield,Midfield,CDM,1,1,0.0,0,0,0,0,0,0,0.0,3.0,51.7,51.2,0.16754871301419294,1.0,51.2
6992_chornomorets_odesa_2020s_539436,6992_chornomorets_odesa_2020s,6992,Chornomorets Odesa,2020s,539436,Kristian Bilovar (539436),Ukraine  Hungary,Defender - Centre-Back,Defender,CB,1,1,0.0,0,0,0,0,0,0,0.0,3.0,51.7,51.2,0.16754871301419294,1.0,51.2
6992_chornomorets_odesa_2020s_539442,6992_chornomorets_odesa_2020s,6992,Chornomorets Odesa,2020s,539442,Yaroslav Nadolskyi (539442),Ukraine,Midfield - Central Midfield,Midfield,CM,1,1,0.0,0,0,0,0,0,0,0.0,3.0,51.7,51.2,0.16754871301419294,1.0,51.2
6992_chornomorets_odesa_2020s_539448,6992_chornomorets_odesa_2020s,6992,Chornomorets Odesa,2020s,539448,Danyil Sukhoruchko (539448),Ukraine,Attack - Centre-Forward,Attack,FW,1,1,0.0,0,0,0,1,0,0,0.0,3.0,51.7,51.2,0.16754871301419294,1.0,51.2
6992_chornomorets_odesa_2020s_574455,6992_chornomorets_odesa_2020s,6992,Chornomorets Odesa,2020s,574455,Petro Dolgov (574455),Ukraine,Defender - Right-Back,Defender,RB,1,1,0.0,0,0,0,0,0,0,0.0,3.0,51.7,51.2,0.16754871301419294,1.0,51.2
6992_chornomorets_odesa_2020s_606743,6992_chornomorets_odesa_2020s,6992,Chornomorets Odesa,2020s,606743,Ivan Lytvynenko (606743),Ukraine,Midfield - Defensive Midfield,Midfield,CDM,1,1,0.0,0,0,0,0,0,0,0.0,3.0,51.7,51.2,0.16754871301419294,1.0,51.2
6992_chornomorets_odesa_2020s_631819,6992_chornomorets_odesa_2020s,6992,Chornomorets Odesa,2020s,631819,Danil Skorko (631819),Ukraine,Defender - Right-Back,Defender,RB,1,1,0.0,0,0,0,1,0,0,0.0,3.0,51.7,51.2,0.16754871301419294,1.0,51.2
6992_chornomorets_odesa_2020s_717198,6992_chornomorets_odesa_2020s,6992,Chornomorets Odesa,2020s,717198,Danylo Udod (717198),Ukraine,Defender - Centre-Back,Defender,CB,1,1,0.0,0,0,0,4,0,0,0.0,3.0,51.7,51.2,0.16754871301419294,1.0,51.2
6992_chornomorets_odesa_2020s_755327,6992_chornomorets_odesa_2020s,6992,Chornomorets Odesa,2020s,755327,Mykhaylo Khromey (755327),Ukraine,Midfield - Central Midfield,Midfield,CM,1,1,0.0,0,0,0,0,0,0,0.0,3.0,51.7,51.2,0.16754871301419294,1.0,51.2
6992_chornomorets_odesa_2020s_762387,6992_chornomorets_odesa_2020s,6992,Chornomorets Odesa,2020s,762387,Khusrav Toirov (762387),Tajikistan,Attack - Left Winger,Attack,LM,1,1,0.0,0,0,0,0,0,0,0.0,3.0,51.7,51.2,0.16754871301419294,1.0,51.2
6992_chornomorets_odesa_2020s_830079,6992_chornomorets_odesa_2020s,6992,Chornomorets Odesa,2020s,830079,Rodion Plaksa (830079),Ukraine,Midfield - Attacking Midfield,Midfield,AM,1,1,0.0,0,0,0,0,0,0,0.0,3.0,51.7,51.2,0.16754871301419294,1.0,51.2
6992_chornomorets_odesa_2020s_837284,6992_chornomorets_odesa_2020s,6992,Chornomorets Odesa,2020s,837284,Mykyta Sytnykov (837284),Ukraine,Midfield - Central Midfield,Midfield,CM,1,1,0.0,0,0,0,0,0,0,0.0,3.0,51.7,51.2,0.16754871301419294,1.0,51.2
6992_chornomorets_odesa_2020s_882696,6992_chornomorets_odesa_2020s,6992,Chornomorets Odesa,2020s,882696,Borys Lototskyi (882696),Ukraine,Defender - Centre-Back,Defender,CB,1,1,0.0,0,0,0,0,0,0,0.0,3.0,51.7,51.2,0.16754871301419294,1.0,51.2
6992_chornomorets_odesa_2020s_892054,6992_chornomorets_odesa_2020s,6992,Chornomorets Odesa,2020s,892054,Emil Mustafayev (892054),Azerbaijan  Ukraine,Midfield - Attacking Midfield,Midfield,AM,1,1,0.0,0,0,0,3,0,0,0.0,3.0,51.7,51.2,0.16754871301419294,1.0,51.2
6992_chornomorets_odesa_2020s_928288,6992_chornomorets_odesa_2020s,6992,Chornomorets Odesa,2020s,928288,Oleksandr Dykhtyaruk (928288),Ukraine,Defender - Centre-Back,Defender,CB,1,1,0.0,0,0,0,0,0,0,0.0,3.0,51.7,51.2,0.16754871301419294,1.0,51.2
6992_chornomorets_odesa_2020s_935046,6992_chornomorets_odesa_2020s,6992,Chornomorets Odesa,2020s,935046,Roman Savchenko (935046),Ukraine,Defender - Centre-Back,Defender,CB,1,1,0.0,0,0,0,0,0,0,0.0,3.0,51.7,51.2,0.16754871301419294,1.0,51.2
6992_chornomorets_odesa_2020s_935047,6992_chornomorets_odesa_2020s,6992,Chornomorets Odesa,2020s,935047,Kyrylo Sigeev (935047),Ukraine,Midfield - Central Midfield,Midfield,CM,1,1,0.0,0,0,0,2,0,0,0.0,3.0,51.7,51.2,0.16754871301419294,1.0,51.2
6992_chornomorets_odesa_2020s_935050,6992_chornomorets_odesa_2020s,6992,Chornomorets Odesa,2020s,935050,Yevgen Yanovich (935050),Ukraine,Midfield - Defensive Midfield,Midfield,CDM,1,1,0.0,0,0,0,0,0,0,0.0,3.0,51.7,51.2,0.16754871301419294,1.0,51.2
6992_chornomorets_odesa_2020s_964037,6992_chornomorets_odesa_2020s,6992,Chornomorets Odesa,2020s,964037,Yevgen Danylyuk (964037),Ukraine,Midfield - Right Midfield,Midfield,RM,1,1,0.0,0,0,0,0,0,0,0.0,3.0,51.7,51.2,0.16754871301419294,1.0,51.2
6992_chornomorets_odesa_2020s_1038054,6992_chornomorets_odesa_2020s,6992,Chornomorets Odesa,2020s,1038054,Yaroslav Kysil (1038054),Ukraine,Defender - Left-Back,Defender,LB,1,1,0.0,0,0,0,4,0,0,0.0,3.0,51.7,51.2,0.16754871301419294,1.0,51.2
6992_chornomorets_odesa_2020s_1045568,6992_chornomorets_odesa_2020s,6992,Chornomorets Odesa,2020s,1045568,Danylo Golub (1045568),Ukraine,Attack - Left Winger,Attack,LM,1,1,0.0,0,0,0,0,0,0,0.0,3.0,51.7,51.2,0.16754871301419294,1.0,51.2
6992_chornomorets_odesa_2020s_1074052,6992_chornomorets_odesa_2020s,6992,Chornomorets Odesa,2020s,1074052,Vladyslav Kalyn (1074052),Ukraine,Attack - Left Winger,Attack,LM,1,1,0.0,0,0,0,0,0,0,0.0,3.0,51.7,51.2,0.16754871301419294,1.0,51.2
6992_chornomorets_odesa_2020s_1082832,6992_chornomorets_odesa_2020s,6992,Chornomorets Odesa,2020s,1082832,Ryan (1082832),Brazil,Defender - Left-Back,Defender,LB,1,1,0.0,0,0,0,2,0,0,0.0,3.0,51.7,51.2,0.16754871301419294,1.0,51.2
6992_chornomorets_odesa_2020s_1091519,6992_chornomorets_odesa_2020s,6992,Chornomorets Odesa,2020s,1091519,Caio Gomes (1091519),Brazil,Defender - Left-Back,Defender,LB,1,1,0.0,0,0,0,1,0,0,0.0,3.0,51.7,51.2,0.16754871301419294,1.0,51.2
6992_chornomorets_odesa_2020s_1143806,6992_chornomorets_odesa_2020s,6992,Chornomorets Odesa,2020s,1143806,Bogdan Panchyshyn (1143806),Ukraine,Midfield - Central Midfield,Midfield,CM,1,1,0.0,0,0,0,0,0,0,0.0,3.0,51.7,51.2,0.16754871301419294,1.0,51.2
6992_chornomorets_odesa_2020s_1209526,6992_chornomorets_odesa_2020s,6992,Chornomorets Odesa,2020s,1209526,Danylo Pirozhok (1209526),Ukraine,Goalkeeper,Goalkeeper,GK,1,1,0.0,0,0,0,0,0,0,0.0,3.0,51.7,51.2,0.16754871301419294,1.0,51.2
6992_chornomorets_odesa_2020s_1240467,6992_chornomorets_odesa_2020s,6992,Chornomorets Odesa,2020s,1240467,Artem Prysyazhnyuk (1240467),Ukraine,Midfield - Central Midfield,Midfield,CM,1,1,0.0,0,0,0,0,0,0,0.0,3.0,51.7,51.2,0.16754871301419294,1.0,51.2
6992_chornomorets_odesa_2020s_1302421,6992_chornomorets_odesa_2020s,6992,Chornomorets Odesa,2020s,1302421,João Neto (1302421),Brazil,Attack - Right Winger,Attack,RM,1,1,0.0,0,0,0,0,0,0,0.0,3.0,51.7,51.2,0.16754871301419294,1.0,51.2
6992_chornomorets_odesa_2020s_787776,6992_chornomorets_odesa_2020s,6992,Chornomorets Odesa,2020s,787776,Valeriy Dubko (787776),Ukraine,Defender - Centre-Back,Defender,CB,1,1,0.0,0,0,0,3,0,0,0.0,0.0,50.0,45.0,0.0006013952369497233,1.0,45.0
6993_fc_mariupol_2010s_36238,6993_fc_mariupol_2010s,6993,FC Mariupol,2010s,36238,Ruslan Fomin (36238),Ukraine,Attack - Centre-Forward,Attack,FW,3,6,14.0,3,0,0,13,0,2,1380.0,91.0,95.0,84.4,0.9526100553283618,1.0,84.4
6993_fc_mariupol_2010s_131553,6993_fc_mariupol_2010s,6993,FC Mariupol,2010s,131553,Vyacheslav Churko (131553),Ukraine  Hungary,Midfield - Attacking Midfield,Midfield,AM,3,7,9.0,8,0,0,7,0,4,2481.0,86.0,92.5,83.9,0.9487611258118835,1.0,83.9
6993_fc_mariupol_2010s_203854,6993_fc_mariupol_2010s,6993,FC Mariupol,2010s,203854,Andriy Boryachuk (203854),Ukraine,Attack - Centre-Forward,Attack,FW,2,4,12.0,3,0,0,7,0,1,866.0,78.0,88.6,83.2,0.9393793601154679,1.0,83.2
6993_fc_mariupol_2010s_212243,6993_fc_mariupol_2010s,6993,FC Mariupol,2010s,212243,Dmytro Myshnyov (212243),Ukraine,Midfield - Central Midfield,Midfield,CM,3,7,5.0,10,0,0,15,0,1,1934.0,74.0,86.6,82.8,0.93492903536204,1.0,82.8
6993_fc_mariupol_2010s_526578,6993_fc_mariupol_2010s,6993,FC Mariupol,2010s,526578,Vladyslav Vakula (526578),Ukraine,Attack - Left Winger,Attack,LM,2,3,9.0,5,0,0,10,0,0,1016.0,71.0,85.1,82.3,0.9292759201347125,1.0,82.3
6993_fc_mariupol_2010s_289075,6993_fc_mariupol_2010s,6993,FC Mariupol,2010s,289075,Oleksandr Zubkov (289075),Ukraine,Attack - Right Winger,Attack,RM,1,2,8.0,3,0,0,6,0,1,421.0,55.0,77.2,80.0,0.8994467163820062,1.0,80.0
6993_fc_mariupol_2010s_277777,6993_fc_mariupol_2010s,6993,FC Mariupol,2010s,277777,Andriy Totovytskyi (277777),Ukraine,Midfield - Attacking Midfield,Midfield,AM,1,2,5.0,5,0,0,5,0,0,667.0,48.0,73.7,78.5,0.8812845802261247,1.0,78.5
6993_fc_mariupol_2010s_82599,6993_fc_mariupol_2010s,6993,FC Mariupol,2010s,82599,Valeriy Fedorchuk (82599),Ukraine,Midfield - Central Midfield,Midfield,CM,2,5,4.0,5,0,0,10,0,0,2448.0,43.0,71.3,77.0,0.8626413278806832,1.0,77.0
6993_fc_mariupol_2010s_203855,6993_fc_mariupol_2010s,6993,FC Mariupol,2010s,203855,Igor Kyryukhantsev (203855),Ukraine,Defender - Right-Back,Defender,RB,3,6,3.0,4,0,0,3,1,0,1054.0,38.5,69.0,75.9,0.8467644936252104,1.0,75.9
6993_fc_mariupol_2010s_294780,6993_fc_mariupol_2010s,6993,FC Mariupol,2010s,294780,Oleksandr Pikhalyonok (294780),Ukraine,Midfield - Central Midfield,Midfield,CM,2,4,5.0,2,0,0,3,0,1,731.0,37.0,68.3,75.6,0.8391869136396439,1.0,75.6
6993_fc_mariupol_2010s_264063,6993_fc_mariupol_2010s,6993,FC Mariupol,2010s,264063,Sergiy Bolbat (264063),Ukraine,Attack - Right Winger,Attack,RM,1,2,5.0,2,0,0,3,0,0,264.0,36.0,67.8,75.3,0.832571566033197,1.0,75.3
6993_fc_mariupol_2010s_58043,6993_fc_mariupol_2010s,6993,FC Mariupol,2010s,58043,Rustam Khudzhamov (58043),Ukraine,Goalkeeper,Goalkeeper,GK,3,5,0.0,0,13,60,2,0,0,3960.0,28.5,64.1,73.4,0.7840991099350493,1.0,73.4
6993_fc_mariupol_2010s_59022,6993_fc_mariupol_2010s,6993,FC Mariupol,2010s,59022,Yevgen Galchuk (59022),Ukraine,Goalkeeper,Goalkeeper,GK,3,7,0.0,0,13,75,2,0,0,4464.0,28.5,64.1,73.4,0.7840991099350493,1.0,73.4
6993_fc_mariupol_2010s_365692,6993_fc_mariupol_2010s,6993,FC Mariupol,2010s,365692,Dmytro Topalov (365692),Ukraine,Attack - Left Winger,Attack,LM,1,3,4.0,1,0,0,1,0,0,738.0,27.0,63.4,72.9,0.7733942747173442,1.0,72.9
6993_fc_mariupol_2010s_245021,6993_fc_mariupol_2010s,6993,FC Mariupol,2010s,245021,Sergiy Chobotenko (245021),Ukraine,Defender - Centre-Back,Defender,CB,2,5,3.0,2,0,0,8,1,0,1131.0,25.5,62.6,72.4,0.7599230214096704,1.0,72.4
6993_fc_mariupol_2010s_58403,6993_fc_mariupol_2010s,6993,FC Mariupol,2010s,58403,Denys Kozhanov (58403),Ukraine,Attack - Right Winger,Attack,RM,1,1,1.0,4,0,0,2,0,0,1277.0,24.0,61.9,71.9,0.7468126052441665,1.0,71.9
6993_fc_mariupol_2010s_216579,6993_fc_mariupol_2010s,6993,FC Mariupol,2010s,216579,Pavlo Polegenko (216579),Ukraine,Defender - Right-Back,Defender,RB,2,5,1.0,4,0,0,5,1,0,210.0,23.5,61.6,71.7,0.7426028385855185,1.0,71.7
6993_fc_mariupol_2010s_97727,6993_fc_mariupol_2010s,6993,FC Mariupol,2010s,97727,Igor Tyshchenko (97727),Ukraine  Russia,Defender - Right-Back,Defender,RB,3,7,2.0,1,0,0,17,0,0,1405.0,23.0,61.4,71.5,0.7382727928794804,1.0,71.5
6993_fc_mariupol_2010s_404849,6993_fc_mariupol_2010s,6993,FC Mariupol,2010s,404849,Oleksiy Kashchuk (404849),Ukraine,Attack - Right Winger,Attack,RM,1,3,4.0,0,0,0,1,0,0,137.0,23.0,61.4,71.5,0.7382727928794804,1.0,71.5
6993_fc_mariupol_2010s_91479,6993_fc_mariupol_2010s,6993,FC Mariupol,2010s,91479,Sergiy Yavorskyi (91479),Ukraine,Defender - Centre-Back,Defender,CB,3,7,2.0,2,0,0,19,2,0,766.0,22.0,60.9,71.1,0.7276882367091653,1.0,71.1
6993_fc_mariupol_2010s_467243,6993_fc_mariupol_2010s,6993,FC Mariupol,2010s,467243,Viktor Korniyenko (467243),Ukraine,Defender - Left-Back,Defender,LB,1,3,1.0,3,0,0,0,0,0,433.0,18.0,58.9,69.1,0.6780129901371181,1.0,69.1
6993_fc_mariupol_2010s_213980,6993_fc_mariupol_2010s,6993,FC Mariupol,2010s,213980,Vyacheslav Tankovskyi (213980),Ukraine,Midfield - Central Midfield,Midfield,CM,2,2,0.0,2,0,0,6,1,0,0.0,12.5,56.2,66.0,0.5909309598267982,1.0,66.0
6993_fc_mariupol_2010s_107803,6993_fc_mariupol_2010s,6993,FC Mariupol,2010s,107803,Maksym Bilyi (107803),Ukraine,Defender - Centre-Back,Defender,CB,2,3,1.0,0,0,0,4,0,0,1119.0,11.0,55.4,64.6,0.5475102237190281,1.0,64.6
6993_fc_mariupol_2010s_376082,6993_fc_mariupol_2010s,6993,FC Mariupol,2010s,376082,Danylo Ignatenko (376082),Ukraine,Midfield - Central Midfield,Midfield,CM,3,7,0.0,1,0,0,20,0,0,0.0,11.0,55.4,64.6,0.5475102237190281,1.0,64.6
6993_fc_mariupol_2010s_396400,6993_fc_mariupol_2010s,6993,FC Mariupol,2010s,396400,Ilya Putrya (396400),Ukraine,Defender - Right-Back,Defender,RB,2,5,1.0,0,0,0,2,0,0,228.0,11.0,55.4,64.6,0.5475102237190281,1.0,64.6
6993_fc_mariupol_2010s_288853,6993_fc_mariupol_2010s,6993,FC Mariupol,2010s,288853,Sergiy Gorbunov (288853),Ukraine,Midfield - Left Midfield,Midfield,LM,3,6,0.0,0,0,0,1,0,0,0.0,9.0,54.5,62.9,0.49735386095742123,1.0,62.9
6993_fc_mariupol_2010s_380691,6993_fc_mariupol_2010s,6993,FC Mariupol,2010s,380691,Vitaliy Koltsov (380691),Ukraine,Midfield - Defensive Midfield,Midfield,CDM,1,1,1.0,0,0,0,3,0,1,745.0,8.0,54.0,61.9,0.46572047149386575,1.0,61.9
6993_fc_mariupol_2010s_396395,6993_fc_mariupol_2010s,6993,FC Mariupol,2010s,396395,Oleksiy Bykov (396395),Ukraine,Defender - Centre-Back,Defender,CB,3,5,0.0,0,0,0,18,0,0,0.0,8.0,54.0,61.9,0.46572047149386575,1.0,61.9
6993_fc_mariupol_2010s_396401,6993_fc_mariupol_2010s,6993,FC Mariupol,2010s,396401,Maksym Chekh (396401),Ukraine,Midfield - Defensive Midfield,Midfield,CDM,1,3,1.0,0,0,0,5,0,0,192.0,8.0,54.0,61.9,0.46572047149386575,1.0,61.9
6993_fc_mariupol_2010s_341486,6993_fc_mariupol_2010s,6993,FC Mariupol,2010s,341486,Danila Sagutkin (341486),Russia  Ukraine,Defender - Centre-Back,Defender,CB,1,2,0.0,1,0,0,0,0,0,0.0,7.0,53.5,60.4,0.42097666586480637,1.0,60.4
6993_fc_mariupol_2010s_404848,6993_fc_mariupol_2010s,6993,FC Mariupol,2010s,404848,Andriy Kulakov (404848),Ukraine,Attack - Centre-Forward,Attack,FW,1,3,0.0,1,0,0,4,0,0,0.0,7.0,53.5,60.4,0.42097666586480637,1.0,60.4
6993_fc_mariupol_2010s_569743,6993_fc_mariupol_2010s,6993,FC Mariupol,2010s,569743,Joyskim Dawa (569743),Cameroon  France,Defender - Centre-Back,Defender,CB,3,6,0.0,0,0,0,11,0,0,0.0,7.0,53.5,60.4,0.42097666586480637,1.0,60.4
6993_fc_mariupol_2010s_347804,6993_fc_mariupol_2010s,6993,FC Mariupol,2010s,347804,Andriy Korobenko (347804),Ukraine,Midfield - Defensive Midfield,Midfield,CDM,2,4,0.0,0,0,0,0,0,0,0.0,6.0,53.0,58.6,0.36901611739235024,1.0,58.6
6993_fc_mariupol_2010s_461663,6993_fc_mariupol_2010s,6993,FC Mariupol,2010s,461663,Mykyta Peterman (461663),Ukraine,Defender - Centre-Back,Defender,CB,2,4,0.0,0,0,0,1,0,0,0.0,6.0,53.0,58.6,0.36901611739235024,1.0,58.6
6993_fc_mariupol_2010s_573930,6993_fc_mariupol_2010s,6993,FC Mariupol,2010s,573930,Yevgeniy Bilokin (573930),Ukraine,Midfield - Central Midfield,Midfield,CM,2,3,0.0,0,0,0,0,0,0,0.0,6.0,53.0,58.6,0.36901611739235024,1.0,58.6
6993_fc_mariupol_2010s_57869,6993_fc_mariupol_2010s,6993,FC Mariupol,2010s,57869,Denys Dedechko (57869),Ukraine,Midfield - Defensive Midfield,Midfield,CDM,1,2,0.0,0,0,0,6,0,0,0.0,3.0,51.5,51.2,0.16754871301419294,1.0,51.2
6993_fc_mariupol_2010s_94931,6993_fc_mariupol_2010s,6993,FC Mariupol,2010s,94931,Vitaliy Vitsenets (94931),Ukraine  Russia,Midfield - Central Midfield,Midfield,CM,1,1,0.0,0,0,0,0,0,0,0.0,3.0,51.5,51.2,0.16754871301419294,1.0,51.2
6993_fc_mariupol_2010s_230409,6993_fc_mariupol_2010s,6993,FC Mariupol,2010s,230409,Yevgen Neplyakh (230409),Ukraine,Defender - Left-Back,Defender,LB,1,2,0.0,0,0,0,1,0,0,0.0,3.0,51.5,51.2,0.16754871301419294,1.0,51.2
6993_fc_mariupol_2010s_244904,6993_fc_mariupol_2010s,6993,FC Mariupol,2010s,244904,Artur Avagimyan (244904),Ukraine  Armenia,Midfield - Attacking Midfield,Midfield,AM,1,2,0.0,0,0,0,0,0,0,0.0,3.0,51.5,51.2,0.16754871301419294,1.0,51.2
6993_fc_mariupol_2010s_354715,6993_fc_mariupol_2010s,6993,FC Mariupol,2010s,354715,Yevgen Grytsenko (354715),Ukraine,Goalkeeper,Goalkeeper,GK,1,2,0.0,0,0,0,0,0,0,0.0,3.0,51.5,51.2,0.16754871301419294,1.0,51.2
6993_fc_mariupol_2010s_396399,6993_fc_mariupol_2010s,6993,FC Mariupol,2010s,396399,Yevgen Prodanov (396399),Ukraine,Attack - Left Winger,Attack,LM,1,1,0.0,0,0,0,0,0,0,0.0,3.0,51.5,51.2,0.16754871301419294,1.0,51.2
6993_fc_mariupol_2010s_396411,6993_fc_mariupol_2010s,6993,FC Mariupol,2010s,396411,Vladyslav Bugay (396411),Ukraine,Attack - Centre-Forward,Attack,FW,1,2,0.0,0,0,0,0,0,0,0.0,3.0,51.5,51.2,0.16754871301419294,1.0,51.2
6993_fc_mariupol_2010s_417228,6993_fc_mariupol_2010s,6993,FC Mariupol,2010s,417228,Danylo Sikan (417228),Ukraine,Attack - Centre-Forward,Attack,FW,1,2,0.0,0,0,0,0,0,0,0.0,3.0,51.5,51.2,0.16754871301419294,1.0,51.2
6993_fc_mariupol_2010s_425707,6993_fc_mariupol_2010s,6993,FC Mariupol,2010s,425707,Artem Dudik (425707),Ukraine,Attack - Right Winger,Attack,RM,1,2,0.0,0,0,0,0,0,0,0.0,3.0,51.5,51.2,0.16754871301419294,1.0,51.2
6993_fc_mariupol_2010s_537851,6993_fc_mariupol_2010s,6993,FC Mariupol,2010s,537851,Stanislav Biblik (537851),Russia  Ukraine,Attack - Centre-Forward,Attack,FW,1,1,0.0,0,0,0,0,0,0,0.0,3.0,51.5,51.2,0.16754871301419294,1.0,51.2
6993_fc_mariupol_2010s_581404,6993_fc_mariupol_2010s,6993,FC Mariupol,2010s,581404,Artur Murza (581404),Russia  Ukraine,Attack - Centre-Forward,Attack,FW,1,1,0.0,0,0,0,0,0,0,0.0,3.0,51.5,51.2,0.16754871301419294,1.0,51.2
6993_fc_mariupol_2010s_581405,6993_fc_mariupol_2010s,6993,FC Mariupol,2010s,581405,Ivan Golovkin (581405),Ukraine,Midfield - Attacking Midfield,Midfield,AM,1,1,0.0,0,0,0,0,0,0,0.0,3.0,51.5,51.2,0.16754871301419294,1.0,51.2
6993_fc_mariupol_2010s_699842,6993_fc_mariupol_2010s,6993,FC Mariupol,2010s,699842,Anton Baydal (699842),Ukraine,Attack - Left Winger,Attack,LM,1,2,0.0,0,0,0,0,0,0,0.0,3.0,51.5,51.2,0.16754871301419294,1.0,51.2
6993_fc_mariupol_2010s_728380,6993_fc_mariupol_2010s,6993,FC Mariupol,2010s,728380,Andrey Vyskrebentsev (728380),Russia  Ukraine,Midfield - Central Midfield,Midfield,CM,1,1,0.0,0,0,0,0,0,0,0.0,3.0,51.5,51.2,0.16754871301419294,1.0,51.2
6993_fc_mariupol_2010s_795201,6993_fc_mariupol_2010s,6993,FC Mariupol,2010s,795201,Pavlo Kravtsov (795201),Ukraine,Goalkeeper,Goalkeeper,GK,1,1,0.0,0,0,0,0,0,0,0.0,3.0,51.5,51.2,0.16754871301419294,1.0,51.2
6993_fc_mariupol_2010s_533318,6993_fc_mariupol_2010s,6993,FC Mariupol,2010s,533318,Nazariy Muravskyi (533318),Ukraine,Defender - Centre-Back,Defender,CB,1,3,0.0,0,0,0,1,0,0,0.0,1.0,50.5,45.1,0.0039692085638681745,1.0,45.1
6993_fc_mariupol_2020s_404848,6993_fc_mariupol_2020s,6993,FC Mariupol,2020s,404848,Andriy Kulakov (404848),Ukraine,Attack - Centre-Forward,Attack,FW,2,2,9.0,5,0,0,8,0,0,538.0,71.0,95.0,82.3,0.9292759201347125,1.0,82.3
6993_fc_mariupol_2020s_365692,6993_fc_mariupol_2020s,6993,FC Mariupol,2020s,365692,Dmytro Topalov (365692),Ukraine,Attack - Left Winger,Attack,LM,2,2,6.0,4,0,0,5,0,0,904.0,52.0,83.0,79.5,0.8937936011546789,1.0,79.5
6993_fc_mariupol_2020s_212243,6993_fc_mariupol_2020s,6993,FC Mariupol,2020s,212243,Dmytro Myshnyov (212243),Ukraine,Midfield - Central Midfield,Midfield,CM,2,2,4.0,5,0,0,10,0,3,1712.0,46.0,79.2,78.0,0.8755111859514073,1.0,78.0
6993_fc_mariupol_2020s_537854,6993_fc_mariupol_2020s,6993,FC Mariupol,2020s,537854,Artem Bondarenko (537854),Ukraine,Midfield - Attacking Midfield,Midfield,AM,1,1,8.0,0,0,0,3,0,3,176.0,43.0,77.3,77.0,0.8626413278806832,1.0,77.0
6993_fc_mariupol_2020s_404849,6993_fc_mariupol_2020s,6993,FC Mariupol,2020s,404849,Oleksiy Kashchuk (404849),Ukraine,Attack - Right Winger,Attack,RM,2,2,5.0,2,0,0,4,0,1,199.0,37.0,73.5,75.6,0.8391869136396439,1.0,75.6
6993_fc_mariupol_2020s_343622,6993_fc_mariupol_2020s,6993,FC Mariupol,2020s,343622,Petro Stasyuk (343622),Ukraine,Defender - Left-Back,Defender,LB,2,2,1.0,6,0,0,5,0,0,1959.0,35.0,72.2,75.1,0.8263170555689199,1.0,75.1
6993_fc_mariupol_2020s_417228,6993_fc_mariupol_2020s,6993,FC Mariupol,2020s,417228,Danylo Sikan (417228),Ukraine,Attack - Centre-Forward,Attack,FW,1,1,4.0,2,0,0,1,0,1,181.0,31.0,69.6,74.0,0.8010584556170315,1.0,74.0
6993_fc_mariupol_2020s_288853,6993_fc_mariupol_2020s,6993,FC Mariupol,2020s,288853,Sergiy Gorbunov (288853),Ukraine,Midfield - Left Midfield,Midfield,LM,2,2,1.0,3,0,0,1,0,0,1135.0,23.0,64.6,71.5,0.7382727928794804,1.0,71.5
6993_fc_mariupol_2020s_708241,6993_fc_mariupol_2020s,6993,FC Mariupol,2020s,708241,Oleg Ocheretko (708241),Ukraine,Midfield - Attacking Midfield,Midfield,AM,2,2,2.0,2,0,0,3,1,0,546.0,22.5,64.3,71.3,0.7331007938417128,1.0,71.3
6993_fc_mariupol_2020s_623319,6993_fc_mariupol_2020s,6993,FC Mariupol,2020s,623319,Oleksandr Drambayev (623319),Ukraine,Defender - Left-Back,Defender,LB,2,2,0.0,2,0,0,2,0,0,0.0,13.0,58.2,66.3,0.600072167428434,1.0,66.3
6993_fc_mariupol_2020s_623331,6993_fc_mariupol_2020s,6993,FC Mariupol,2020s,623331,Bogdan Viunnyk (623331),Ukraine,Midfield - Attacking Midfield,Midfield,AM,1,1,1.0,1,0,0,2,0,0,432.0,12.0,57.6,65.5,0.5752946836661054,1.0,65.5
6993_fc_mariupol_2020s_726036,6993_fc_mariupol_2020s,6993,FC Mariupol,2020s,726036,Artur Mykytyshyn (726036),Ukraine,Attack - Left Winger,Attack,LM,1,1,1.0,1,0,0,1,0,0,242.0,12.0,57.6,65.5,0.5752946836661054,1.0,65.5
6993_fc_mariupol_2020s_467244,6993_fc_mariupol_2020s,6993,FC Mariupol,2020s,467244,Kyrylo Melichenko (467244),Ukraine,Defender - Right-Back,Defender,RB,2,2,1.0,0,0,0,2,0,0,507.0,11.0,57.0,64.6,0.5475102237190281,1.0,64.6
6993_fc_mariupol_2020s_59022,6993_fc_mariupol_2020s,6993,FC Mariupol,2020s,59022,Yevgen Galchuk (59022),Ukraine,Goalkeeper,Goalkeeper,GK,1,1,0.0,0,5,20,1,0,0,1350.0,10.5,56.7,64.1,0.5318739475583354,1.0,64.1
6993_fc_mariupol_2020s_712857,6993_fc_mariupol_2020s,6993,FC Mariupol,2020s,712857,Mark Mampassi (712857),Russia  Congo,Defender - Centre-Back,Defender,CB,2,2,0.0,1,0,0,7,0,0,0.0,10.0,56.3,63.6,0.5188838104402214,1.0,63.6
6993_fc_mariupol_2020s_830079,6993_fc_mariupol_2020s,6993,FC Mariupol,2020s,830079,Rodion Plaksa (830079),Ukraine,Midfield - Attacking Midfield,Midfield,AM,2,2,0.0,1,0,0,0,0,0,0.0,10.0,56.3,63.6,0.5188838104402214,1.0,63.6
6993_fc_mariupol_2020s_321146,6993_fc_mariupol_2020s,6993,FC Mariupol,2020s,321146,Vladyslav Klymenko (321146),Ukraine,Midfield - Central Midfield,Midfield,CM,1,1,1.0,0,0,0,2,0,0,247.0,8.0,55.1,61.9,0.46572047149386575,1.0,61.9
6993_fc_mariupol_2020s_341485,6993_fc_mariupol_2020s,6993,FC Mariupol,2020s,341485,Oleg Kudryk (341485),Ukraine,Goalkeeper,Goalkeeper,GK,2,2,0.0,0,1,49,1,0,0,1980.0,7.5,54.8,61.1,0.44274717344238634,1.0,61.1
6993_fc_mariupol_2020s_461663,6993_fc_mariupol_2020s,6993,FC Mariupol,2020s,461663,Mykyta Peterman (461663),Ukraine,Defender - Centre-Back,Defender,CB,2,2,0.0,1,0,0,2,1,0,0.0,7.5,54.8,61.1,0.44274717344238634,1.0,61.1
6993_fc_mariupol_2020s_203855,6993_fc_mariupol_2020s,6993,FC Mariupol,2020s,203855,Igor Kyryukhantsev (203855),Ukraine,Defender - Right-Back,Defender,RB,1,1,0.0,1,0,0,3,0,0,0.0,7.0,54.4,60.4,0.42097666586480637,1.0,60.4
6993_fc_mariupol_2020s_213980,6993_fc_mariupol_2020s,6993,FC Mariupol,2020s,213980,Vyacheslav Tankovskyi (213980),Ukraine,Midfield - Central Midfield,Midfield,CM,1,1,1.0,0,0,0,4,0,0,1213.0,7.0,54.4,60.4,0.42097666586480637,1.0,60.4
6993_fc_mariupol_2020s_341486,6993_fc_mariupol_2020s,6993,FC Mariupol,2020s,341486,Danila Sagutkin (341486),Russia  Ukraine,Defender - Centre-Back,Defender,CB,1,1,1.0,0,0,0,2,0,0,542.0,7.0,54.4,60.4,0.42097666586480637,1.0,60.4
6993_fc_mariupol_2020s_470833,6993_fc_mariupol_2020s,6993,FC Mariupol,2020s,470833,Artem Kholod (470833),Ukraine,Attack - Right Winger,Attack,RM,1,1,0.0,1,0,0,0,0,0,0.0,7.0,54.4,60.4,0.42097666586480637,1.0,60.4
6993_fc_mariupol_2020s_755327,6993_fc_mariupol_2020s,6993,FC Mariupol,2020s,755327,Mykhaylo Khromey (755327),Ukraine,Midfield - Central Midfield,Midfield,CM,1,1,0.0,1,0,0,0,0,0,0.0,7.0,54.4,60.4,0.42097666586480637,1.0,60.4
6993_fc_mariupol_2020s_830082,6993_fc_mariupol_2020s,6993,FC Mariupol,2020s,830082,Bogdan Potalov (830082),Ukraine,Defender - Left-Back,Defender,LB,2,2,0.0,0,0,0,0,0,0,0.0,6.0,53.8,58.6,0.36901611739235024,1.0,58.6
6993_fc_mariupol_2020s_882225,6993_fc_mariupol_2020s,6993,FC Mariupol,2020s,882225,Ivan Koshkosh (882225),Ukraine,Midfield - Defensive Midfield,Midfield,CDM,2,2,0.0,0,0,0,0,0,0,0.0,6.0,53.8,58.6,0.36901611739235024,1.0,58.6
6993_fc_mariupol_2020s_882226,6993_fc_mariupol_2020s,6993,FC Mariupol,2020s,882226,Ilya Tsaryuk (882226),Ukraine,Defender - Left-Back,Defender,LB,2,2,0.0,0,0,0,0,0,0,0.0,6.0,53.8,58.6,0.36901611739235024,1.0,58.6
6993_fc_mariupol_2020s_882227,6993_fc_mariupol_2020s,6993,FC Mariupol,2020s,882227,Mykyta Kozytskyi (882227),Ukraine,Attack - Right Winger,Attack,RM,2,2,0.0,0,0,0,0,0,0,0.0,6.0,53.8,58.6,0.36901611739235024,1.0,58.6
6993_fc_mariupol_2020s_245021,6993_fc_mariupol_2020s,6993,FC Mariupol,2020s,245021,Sergiy Chobotenko (245021),Ukraine,Defender - Centre-Back,Defender,CB,2,2,0.0,0,0,0,7,1,0,0.0,4.5,52.9,57.1,0.3246331489054607,1.0,57.1
6993_fc_mariupol_2020s_396401,6993_fc_mariupol_2020s,6993,FC Mariupol,2020s,396401,Maksym Chekh (396401),Ukraine,Midfield - Defensive Midfield,Midfield,CDM,2,2,0.0,0,0,0,9,1,0,0.0,4.5,52.9,57.1,0.3246331489054607,1.0,57.1
6993_fc_mariupol_2020s_709478,6993_fc_mariupol_2020s,6993,FC Mariupol,2020s,709478,Mykyta Turbayevskyi (709478),Ukraine,Goalkeeper,Goalkeeper,GK,1,1,0.0,0,1,15,0,0,0,540.0,4.5,52.9,57.1,0.3246331489054607,1.0,57.1
6993_fc_mariupol_2020s_97727,6993_fc_mariupol_2020s,6993,FC Mariupol,2020s,97727,Igor Tyshchenko (97727),Ukraine  Russia,Defender - Right-Back,Defender,RB,1,1,0.0,0,0,0,1,0,0,0.0,3.0,51.9,51.2,0.16754871301419294,1.0,51.2
6993_fc_mariupol_2020s_396400,6993_fc_mariupol_2020s,6993,FC Mariupol,2020s,396400,Ilya Putrya (396400),Ukraine,Defender - Right-Back,Defender,RB,1,1,0.0,0,0,0,0,0,0,0.0,3.0,51.9,51.2,0.16754871301419294,1.0,51.2
6993_fc_mariupol_2020s_533318,6993_fc_mariupol_2020s,6993,FC Mariupol,2020s,533318,Nazariy Muravskyi (533318),Ukraine,Defender - Centre-Back,Defender,CB,1,1,0.0,0,0,0,2,0,0,0.0,3.0,51.9,51.2,0.16754871301419294,1.0,51.2
6993_fc_mariupol_2020s_537845,6993_fc_mariupol_2020s,6993,FC Mariupol,2020s,537845,Pavlo Shushko (537845),Ukraine,Defender - Centre-Back,Defender,CB,1,1,0.0,0,0,0,0,0,0,0.0,3.0,51.9,51.2,0.16754871301419294,1.0,51.2
6993_fc_mariupol_2020s_537851,6993_fc_mariupol_2020s,6993,FC Mariupol,2020s,537851,Stanislav Biblik (537851),Russia  Ukraine,Attack - Centre-Forward,Attack,FW,1,1,0.0,0,0,0,0,0,0,0.0,3.0,51.9,51.2,0.16754871301419294,1.0,51.2
6993_fc_mariupol_2020s_537852,6993_fc_mariupol_2020s,6993,FC Mariupol,2020s,537852,Dmytro Kryskiv (537852),Ukraine,Midfield - Central Midfield,Midfield,CM,1,1,0.0,0,0,0,0,0,0,0.0,3.0,51.9,51.2,0.16754871301419294,1.0,51.2
6993_fc_mariupol_2020s_569743,6993_fc_mariupol_2020s,6993,FC Mariupol,2020s,569743,Joyskim Dawa (569743),Cameroon  France,Defender - Centre-Back,Defender,CB,1,1,0.0,0,0,0,0,0,0,0.0,3.0,51.9,51.2,0.16754871301419294,1.0,51.2
6993_fc_mariupol_2020s_574215,6993_fc_mariupol_2020s,6993,FC Mariupol,2020s,574215,Oleksandr Kozhevnikov (574215),Ukraine,Attack - Right Winger,Attack,RM,1,1,0.0,0,0,0,0,0,0,0.0,3.0,51.9,51.2,0.16754871301419294,1.0,51.2
6993_fc_mariupol_2020s_623330,6993_fc_mariupol_2020s,6993,FC Mariupol,2020s,623330,Myroslav Trofymyuk (623330),Ukraine,Attack - Centre-Forward,Attack,FW,1,1,0.0,0,0,0,0,0,0,0.0,3.0,51.9,51.2,0.16754871301419294,1.0,51.2
6993_fc_mariupol_2020s_672802,6993_fc_mariupol_2020s,6993,FC Mariupol,2020s,672802,Vyacheslav Velev (672802),Ukraine  Bulgaria,Defender - Right-Back,Defender,RB,1,1,0.0,0,0,0,0,0,0,0.0,3.0,51.9,51.2,0.16754871301419294,1.0,51.2
6993_fc_mariupol_2020s_699842,6993_fc_mariupol_2020s,6993,FC Mariupol,2020s,699842,Anton Baydal (699842),Ukraine,Attack - Left Winger,Attack,LM,1,1,0.0,0,0,0,0,0,0,0.0,3.0,51.9,51.2,0.16754871301419294,1.0,51.2
6993_fc_mariupol_2020s_717198,6993_fc_mariupol_2020s,6993,FC Mariupol,2020s,717198,Danylo Udod (717198),Ukraine,Defender - Centre-Back,Defender,CB,1,1,0.0,0,0,0,1,0,0,0.0,3.0,51.9,51.2,0.16754871301419294,1.0,51.2
6993_fc_mariupol_2020s_726016,6993_fc_mariupol_2020s,6993,FC Mariupol,2020s,726016,Denys Shostak (726016),Ukraine,Midfield - Attacking Midfield,Midfield,AM,1,1,0.0,0,0,0,6,0,0,0.0,3.0,51.9,51.2,0.16754871301419294,1.0,51.2
6993_fc_mariupol_2020s_728380,6993_fc_mariupol_2020s,6993,FC Mariupol,2020s,728380,Andrey Vyskrebentsev (728380),Russia  Ukraine,Midfield - Central Midfield,Midfield,CM,1,1,0.0,0,0,0,0,0,0,0.0,3.0,51.9,51.2,0.16754871301419294,1.0,51.2
6993_fc_mariupol_2020s_795201,6993_fc_mariupol_2020s,6993,FC Mariupol,2020s,795201,Pavlo Kravtsov (795201),Ukraine,Goalkeeper,Goalkeeper,GK,1,1,0.0,0,0,1,0,0,0,90.0,3.0,51.9,51.2,0.16754871301419294,1.0,51.2
6993_fc_mariupol_2020s_819493,6993_fc_mariupol_2020s,6993,FC Mariupol,2020s,819493,Eldar Kuliyev (819493),Ukraine,Midfield - Attacking Midfield,Midfield,AM,1,1,0.0,0,0,0,1,0,0,0.0,3.0,51.9,51.2,0.16754871301419294,1.0,51.2
6993_fc_mariupol_2020s_830080,6993_fc_mariupol_2020s,6993,FC Mariupol,2020s,830080,Danylo Dmytriev (830080),Ukraine,Attack - Left Winger,Attack,LM,1,1,0.0,0,0,0,0,0,0,0.0,3.0,51.9,51.2,0.16754871301419294,1.0,51.2
6993_fc_mariupol_2020s_830083,6993_fc_mariupol_2020s,6993,FC Mariupol,2020s,830083,Ivan Mamrosenko (830083),Ukraine,Defender - Centre-Back,Defender,CB,1,1,0.0,0,0,0,0,0,0,0.0,3.0,51.9,51.2,0.16754871301419294,1.0,51.2
6993_fc_mariupol_2020s_838182,6993_fc_mariupol_2020s,6993,FC Mariupol,2020s,838182,Yaroslav Dobrokhotov (838182),Ukraine,Midfield - Central Midfield,Midfield,CM,1,1,0.0,0,0,0,1,0,0,0.0,3.0,51.9,51.2,0.16754871301419294,1.0,51.2
6993_fc_mariupol_2020s_882224,6993_fc_mariupol_2020s,6993,FC Mariupol,2020s,882224,Ilya Ukhan (882224),Ukraine,Defender - Right-Back,Defender,RB,1,1,0.0,0,0,0,0,0,0,0.0,3.0,51.9,51.2,0.16754871301419294,1.0,51.2
6993_fc_mariupol_2020s_376082,6993_fc_mariupol_2020s,6993,FC Mariupol,2020s,376082,Danylo Ignatenko (376082),Ukraine,Midfield - Central Midfield,Midfield,CM,1,1,0.0,0,0,0,1,0,0,0.0,2.0,51.3,45.6,0.016237671397642532,1.0,45.6
6993_fc_mariupol_2020s_396395,6993_fc_mariupol_2020s,6993,FC Mariupol,2020s,396395,Oleksiy Bykov (396395),Ukraine,Defender - Centre-Back,Defender,CB,1,1,0.0,0,0,0,8,1,0,0.0,1.5,51.0,45.4,0.00950204474380563,1.0,45.4
6993_illichivets_mariupol_2000s_86502,6993_illichivets_mariupol_2000s,6993,Illichivets Mariupol,2000s,86502,Ivan Kryvosheenko (86502),Ukraine,Midfield - Right Midfield,Midfield,RM,6,6,16.0,13,0,0,4,0,6,4138.0,150.0,95.0,89.4,0.9813567476545586,1.0,89.4
6993_illichivets_mariupol_2000s_44361,6993_illichivets_mariupol_2000s,6993,Illichivets Mariupol,2000s,44361,Oleksiy Gay (44361),Ukraine,Midfield - Central Midfield,Midfield,CM,2,2,11.0,5,0,0,10,0,3,1024.0,81.0,74.3,83.5,0.943348568679336,1.0,83.5
6993_illichivets_mariupol_2000s_91214,6993_illichivets_mariupol_2000s,6993,Illichivets Mariupol,2000s,91214,Sergiy Grybanov (91214),Ukraine,Attack - Centre-Forward,Attack,FW,4,4,8.0,6,0,0,6,0,0,1474.0,76.0,72.8,83.0,0.9379360115467885,1.0,83.0
6993_illichivets_mariupol_2000s_24047,6993_illichivets_mariupol_2000s,6993,Illichivets Mariupol,2000s,24047,Oleksandr Rykun (24047),Ukraine,Midfield - Attacking Midfield,Midfield,AM,1,1,6.0,4,0,0,2,0,0,435.0,49.0,64.7,78.9,0.8857349049795525,1.0,78.9
6993_illichivets_mariupol_2000s_27182,6993_illichivets_mariupol_2000s,6993,Illichivets Mariupol,2000s,27182,Oleg Mazurenko (27182),Ukraine,Midfield - Right Midfield,Midfield,RM,3,3,3.0,7,0,0,8,0,0,5168.0,49.0,64.7,78.9,0.8857349049795525,1.0,78.9
6993_illichivets_mariupol_2000s_68915,6993_illichivets_mariupol_2000s,6993,Illichivets Mariupol,2000s,68915,Oleg Krasnopyorov (68915),Ukraine,Midfield - Defensive Midfield,Midfield,CDM,5,5,3.0,4,0,0,23,0,0,2927.0,45.0,63.5,77.7,0.8707000240558095,1.0,77.7
6993_illichivets_mariupol_2000s_25472,6993_illichivets_mariupol_2000s,6993,Illichivets Mariupol,2000s,25472,Nikolay Kashevskiy (25472),Belarus,Defender - Centre-Back,Defender,CB,2,2,6.0,1,0,0,5,0,0,1205.0,40.0,62.0,76.2,0.8524176088525379,1.0,76.2
6993_illichivets_mariupol_2000s_97727,6993_illichivets_mariupol_2000s,6993,Illichivets Mariupol,2000s,97727,Igor Tyshchenko (97727),Ukraine  Russia,Defender - Right-Back,Defender,RB,2,2,4.0,2,0,0,3,0,0,480.0,34.0,60.2,74.8,0.8201828241520327,1.0,74.8
6993_illichivets_mariupol_2000s_25734,6993_illichivets_mariupol_2000s,6993,Illichivets Mariupol,2000s,25734,Denys Kulakov (25734),Ukraine,Defender - Right-Back,Defender,RB,2,2,1.0,1,0,0,8,0,0,1395.0,15.0,54.5,67.4,0.6314649987972095,1.0,67.4
6993_illichivets_mariupol_2000s_48995,6993_illichivets_mariupol_2000s,6993,Illichivets Mariupol,2000s,48995,Pavel Kirilchik (48995),Belarus,Defender - Centre-Back,Defender,CB,2,2,2.0,0,0,0,9,0,0,2930.0,15.0,54.5,67.4,0.6314649987972095,1.0,67.4
6993_illichivets_mariupol_2000s_27204,6993_illichivets_mariupol_2000s,6993,Illichivets Mariupol,2000s,27204,Vsevolod Romanenko (27204),Ukraine,Goalkeeper,Goalkeeper,GK,1,1,0.0,0,7,51,3,0,0,2520.0,13.5,54.0,66.7,0.610897281693529,1.0,66.7
6993_illichivets_mariupol_2000s_72899,6993_illichivets_mariupol_2000s,6993,Illichivets Mariupol,2000s,72899,Oleksandr Sytnyk (72899),Ukraine,Midfield - Right Midfield,Midfield,RM,1,1,1.0,1,0,0,1,0,0,1173.0,12.0,53.6,65.5,0.5752946836661054,1.0,65.5
6993_illichivets_mariupol_2000s_137934,6993_illichivets_mariupol_2000s,6993,Illichivets Mariupol,2000s,137934,Giorgi Gabedava (137934),Georgia,Attack - Centre-Forward,Attack,FW,1,1,1.0,1,0,0,0,0,0,416.0,12.0,53.6,65.5,0.5752946836661054,1.0,65.5
6993_illichivets_mariupol_2000s_111074,6993_illichivets_mariupol_2000s,6993,Illichivets Mariupol,2000s,111074,Artur Zapadnya (111074),Ukraine,Defender - Left-Back,Defender,LB,2,2,0.0,1,0,0,1,0,0,0.0,10.0,53.0,63.6,0.5188838104402214,1.0,63.6
6993_illichivets_mariupol_2000s_57864,6993_illichivets_mariupol_2000s,6993,Illichivets Mariupol,2000s,57864,Igor Chuchman (57864),Ukraine  Kazakhstan,Defender - Centre-Back,Defender,CB,2,2,0.0,1,0,0,11,0,0,0.0,8.0,52.4,61.9,0.46572047149386575,1.0,61.9
6993_illichivets_mariupol_2000s_59922,6993_illichivets_mariupol_2000s,6993,Illichivets Mariupol,2000s,59922,Ruslan Yarosh (59922),Ukraine,Midfield - Central Midfield,Midfield,CM,1,1,1.0,0,0,0,2,0,0,807.0,8.0,52.4,61.9,0.46572047149386575,1.0,61.9
6993_illichivets_mariupol_2000s_91474,6993_illichivets_mariupol_2000s,6993,Illichivets Mariupol,2000s,91474,Pavlo Onysko (91474),Ukraine,Attack - Centre-Forward,Attack,FW,2,2,0.0,0,0,0,1,0,0,0.0,6.0,51.8,58.6,0.36901611739235024,1.0,58.6
6993_illichivets_mariupol_2000s_12064,6993_illichivets_mariupol_2000s,6993,Illichivets Mariupol,2000s,12064,Igor Skoba (12064),Ukraine  Russia,Midfield - Central Midfield,Midfield,CM,1,1,0.0,0,0,0,4,0,0,0.0,3.0,50.9,51.2,0.16754871301419294,1.0,51.2
6993_illichivets_mariupol_2000s_26990,6993_illichivets_mariupol_2000s,6993,Illichivets Mariupol,2000s,26990,Rogerio Correa (26990),Brazil,Defender - Centre-Back,Defender,CB,1,1,0.0,0,0,0,0,0,0,0.0,3.0,50.9,51.2,0.16754871301419294,1.0,51.2
6993_illichivets_mariupol_2000s_27216,6993_illichivets_mariupol_2000s,6993,Illichivets Mariupol,2000s,27216,Andriy Tovt (27216),Ukraine,Goalkeeper,Goalkeeper,GK,1,1,0.0,0,0,0,0,0,0,0.0,3.0,50.9,51.2,0.16754871301419294,1.0,51.2
6993_illichivets_mariupol_2000s_44318,6993_illichivets_mariupol_2000s,6993,Illichivets Mariupol,2000s,44318,Timofey Kalachev (44318),Belarus  Russia,Midfield - Right Midfield,Midfield,RM,1,1,0.0,0,0,0,0,0,0,0.0,3.0,50.9,51.2,0.16754871301419294,1.0,51.2
6993_illichivets_mariupol_2000s_49018,6993_illichivets_mariupol_2000s,6993,Illichivets Mariupol,2000s,49018,Oleksiy Polyanskyi (49018),Ukraine,Defender - Centre-Back,Defender,CB,1,1,0.0,0,0,0,0,0,0,0.0,3.0,50.9,51.2,0.16754871301419294,1.0,51.2
6993_illichivets_mariupol_2000s_57888,6993_illichivets_mariupol_2000s,6993,Illichivets Mariupol,2000s,57888,Pavlo Ksyonz (57888),Ukraine,Defender - Right-Back,Defender,RB,1,1,0.0,0,0,0,0,0,0,0.0,3.0,50.9,51.2,0.16754871301419294,1.0,51.2
6993_illichivets_mariupol_2000s_58251,6993_illichivets_mariupol_2000s,6993,Illichivets Mariupol,2000s,58251,Yevgeniy Shmakov (58251),Ukraine,Midfield - Defensive Midfield,Midfield,CDM,1,1,0.0,0,0,0,1,0,0,0.0,2.0,50.6,45.6,0.016237671397642532,1.0,45.6
6993_illichivets_mariupol_2010s_36238,6993_illichivets_mariupol_2010s,6993,Illichivets Mariupol,2010s,36238,Ruslan Fomin (36238),Ukraine,Attack - Centre-Forward,Attack,FW,3,3,11.0,6,0,0,12,0,0,1021.0,86.0,95.0,83.9,0.9487611258118835,1.0,83.9
6993_illichivets_mariupol_2010s_97727,6993_illichivets_mariupol_2010s,6993,Illichivets Mariupol,2010s,97727,Igor Tyshchenko (97727),Ukraine  Russia,Defender - Right-Back,Defender,RB,3,3,8.0,8,0,0,5,0,0,1116.0,79.0,91.3,83.2,0.9403415924945875,1.0,83.2
6993_illichivets_mariupol_2010s_25845,6993_illichivets_mariupol_2010s,6993,Illichivets Mariupol,2010s,25845,Oleksiy Antonov (25845),Ukraine,Attack - Centre-Forward,Attack,FW,1,1,11.0,1,0,0,2,0,0,182.0,62.0,82.4,81.2,0.9155641087322588,1.0,81.2
6993_illichivets_mariupol_2010s_58403,6993_illichivets_mariupol_2010s,6993,Illichivets Mariupol,2010s,58403,Denys Kozhanov (58403),Ukraine,Attack - Right Winger,Attack,RM,2,2,6.0,6,0,0,7,0,0,383.0,60.0,81.4,80.9,0.9114746211210007,1.0,80.9
6993_illichivets_mariupol_2010s_131553,6993_illichivets_mariupol_2010s,6993,Illichivets Mariupol,2010s,131553,Vyacheslav Churko (131553),Ukraine  Hungary,Midfield - Attacking Midfield,Midfield,AM,2,2,8.0,3,0,0,1,0,2,576.0,58.0,80.3,80.5,0.9067837382727929,1.0,80.5
6993_illichivets_mariupol_2010s_277777,6993_illichivets_mariupol_2010s,6993,Illichivets Mariupol,2010s,277777,Andriy Totovytskyi (277777),Ukraine,Midfield - Attacking Midfield,Midfield,AM,2,2,7.0,3,0,0,3,0,1,649.0,53.0,77.7,79.7,0.8960789030550877,1.0,79.7
6993_illichivets_mariupol_2010s_269374,6993_illichivets_mariupol_2010s,6993,Illichivets Mariupol,2010s,269374,Sergiy Gryn (269374),Ukraine,Attack - Left Winger,Attack,LM,1,1,7.0,3,0,0,1,0,0,313.0,49.0,75.6,78.9,0.8857349049795525,1.0,78.9
6993_illichivets_mariupol_2010s_24026,6993_illichivets_mariupol_2010s,6993,Illichivets Mariupol,2010s,24026,Kostyantyn Kravchenko (24026),Ukraine,Midfield - Attacking Midfield,Midfield,AM,3,3,5.0,3,0,0,1,0,0,398.0,46.0,74.1,78.0,0.8755111859514073,1.0,78.0
6993_illichivets_mariupol_2010s_167556,6993_illichivets_mariupol_2010s,6993,Illichivets Mariupol,2010s,167556,Vladyslav Kulach (167556),Ukraine,Attack - Centre-Forward,Attack,FW,2,2,5.0,4,0,0,5,0,2,979.0,46.0,74.1,78.0,0.8755111859514073,1.0,78.0
6993_illichivets_mariupol_2010s_49018,6993_illichivets_mariupol_2010s,6993,Illichivets Mariupol,2010s,49018,Oleksiy Polyanskyi (49018),Ukraine,Defender - Centre-Back,Defender,CB,3,3,5.0,3,0,0,8,0,0,3794.0,44.0,73.0,77.3,0.8663699783497715,1.0,77.3
6993_illichivets_mariupol_2010s_86502,6993_illichivets_mariupol_2010s,6993,Illichivets Mariupol,2010s,86502,Ivan Kryvosheenko (86502),Ukraine,Midfield - Right Midfield,Midfield,RM,1,1,2.0,6,0,0,2,0,0,1125.0,37.0,69.4,75.6,0.8391869136396439,1.0,75.6
6993_illichivets_mariupol_2010s_91479,6993_illichivets_mariupol_2010s,6993,Illichivets Mariupol,2010s,91479,Sergiy Yavorskyi (91479),Ukraine,Defender - Centre-Back,Defender,CB,5,5,3.0,2,0,0,12,0,0,509.0,37.0,69.4,75.6,0.8391869136396439,1.0,75.6
6993_illichivets_mariupol_2010s_58043,6993_illichivets_mariupol_2010s,6993,Illichivets Mariupol,2010s,58043,Rustam Khudzhamov (58043),Ukraine,Goalkeeper,Goalkeeper,GK,3,3,0.0,0,17,62,5,0,0,5130.0,34.5,68.1,74.9,0.8228289631946115,1.0,74.9
6993_illichivets_mariupol_2010s_59434,6993_illichivets_mariupol_2010s,6993,Illichivets Mariupol,2010s,59434,Artem Putivtsev (59434),Ukraine  Poland,Defender - Centre-Back,Defender,CB,5,5,2.0,2,0,0,17,1,0,896.0,31.5,66.5,74.2,0.80454654799134,1.0,74.2
6993_illichivets_mariupol_2010s_94922,6993_illichivets_mariupol_2010s,6993,Illichivets Mariupol,2010s,94922,Bogdan Butko (94922),Ukraine,Defender - Right-Back,Defender,RB,4,4,2.0,2,0,0,8,1,0,4991.0,26.5,63.9,72.8,0.7688236709165264,1.0,72.8
6993_illichivets_mariupol_2010s_99863,6993_illichivets_mariupol_2010s,6993,Illichivets Mariupol,2010s,99863,Pylyp Budkivskyi (99863),Ukraine,Attack - Centre-Forward,Attack,FW,3,3,1.0,3,0,0,2,0,0,554.0,26.0,63.6,72.6,0.7647341833052682,1.0,72.6
6993_illichivets_mariupol_2010s_118850,6993_illichivets_mariupol_2010s,6993,Illichivets Mariupol,2010s,118850,Ivan Ordets (118850),Ukraine,Defender - Centre-Back,Defender,CB,2,2,3.0,0,0,0,6,0,0,2295.0,21.0,61.0,70.7,0.7179456338705797,1.0,70.7
6993_illichivets_mariupol_2010s_59022,6993_illichivets_mariupol_2010s,6993,Illichivets Mariupol,2010s,59022,Yevgen Galchuk (59022),Ukraine,Goalkeeper,Goalkeeper,GK,3,3,0.0,0,6,54,1,0,0,2790.0,18.0,59.4,69.1,0.6780129901371181,1.0,69.1
6993_illichivets_mariupol_2010s_27126,6993_illichivets_mariupol_2010s,6993,Illichivets Mariupol,2010s,27126,Igor Bazhan (27126),Ukraine,Goalkeeper,Goalkeeper,GK,4,4,0.0,0,3,19,0,0,0,1095.0,16.5,58.6,68.2,0.6557613663699784,1.0,68.2
6993_illichivets_mariupol_2010s_94931,6993_illichivets_mariupol_2010s,6993,Illichivets Mariupol,2010s,94931,Vitaliy Vitsenets (94931),Ukraine  Russia,Midfield - Central Midfield,Midfield,CM,2,2,2.0,0,0,0,12,0,0,675.0,16.0,58.4,67.9,0.6464998797209526,1.0,67.9
6993_illichivets_mariupol_2010s_43288,6993_illichivets_mariupol_2010s,6993,Illichivets Mariupol,2010s,43288,Oleksandr Chyzhov (43288),Ukraine,Defender - Centre-Back,Defender,CB,3,3,1.0,0,0,0,7,0,0,1800.0,14.0,57.3,67.0,0.6188356988212653,1.0,67.0
6993_illichivets_mariupol_2010s_58035,6993_illichivets_mariupol_2010s,6993,Illichivets Mariupol,2010s,58035,Mykola Ishchenko (58035),Ukraine,Defender - Centre-Back,Defender,CB,4,4,0.0,0,0,0,17,1,0,0.0,10.5,55.5,64.1,0.5318739475583354,1.0,64.1
6993_illichivets_mariupol_2010s_157373,6993_illichivets_mariupol_2010s,6993,Illichivets Mariupol,2010s,157373,Vladlen Yurchenko (157373),Ukraine,Midfield - Attacking Midfield,Midfield,AM,2,2,0.0,1,0,0,1,0,0,0.0,10.0,55.2,63.6,0.5188838104402214,1.0,63.6
6993_illichivets_mariupol_2010s_212243,6993_illichivets_mariupol_2010s,6993,Illichivets Mariupol,2010s,212243,Dmytro Myshnyov (212243),Ukraine,Midfield - Central Midfield,Midfield,CM,2,2,0.0,1,0,0,2,0,0,0.0,10.0,55.2,63.6,0.5188838104402214,1.0,63.6
6993_illichivets_mariupol_2010s_27204,6993_illichivets_mariupol_2010s,6993,Illichivets Mariupol,2010s,27204,Vsevolod Romanenko (27204),Ukraine,Goalkeeper,Goalkeeper,GK,1,1,0.0,0,3,44,1,0,0,1605.0,7.5,53.9,61.1,0.44274717344238634,1.0,61.1
6993_illichivets_mariupol_2010s_58958,6993_illichivets_mariupol_2010s,6993,Illichivets Mariupol,2010s,58958,Oleksandr Matveyev (58958),Ukraine,Defender - Centre-Back,Defender,CB,1,1,0.0,1,0,0,5,0,0,0.0,7.0,53.7,60.4,0.42097666586480637,1.0,60.4
6993_illichivets_mariupol_2010s_58402,6993_illichivets_mariupol_2010s,6993,Illichivets Mariupol,2010s,58402,Maksym Kovalyov (58402),Ukraine,Defender - Centre-Back,Defender,CB,2,2,0.0,0,0,0,1,0,0,0.0,6.0,53.1,58.6,0.36901611739235024,1.0,58.6
6993_illichivets_mariupol_2010s_267396,6993_illichivets_mariupol_2010s,6993,Illichivets Mariupol,2010s,267396,Igor Kalinin (267396),Russia  Ukraine,Defender - Left-Back,Defender,LB,2,2,0.0,0,0,0,0,0,0,0.0,6.0,53.1,58.6,0.36901611739235024,1.0,58.6
6993_illichivets_mariupol_2010s_94923,6993_illichivets_mariupol_2010s,6993,Illichivets Mariupol,2010s,94923,Igor Chaykovskyi (94923),Ukraine,Midfield - Defensive Midfield,Midfield,CDM,2,2,0.0,0,0,0,8,0,0,0.0,4.0,52.1,56.8,0.3171758479672841,1.0,56.8
6993_illichivets_mariupol_2010s_155861,6993_illichivets_mariupol_2010s,6993,Illichivets Mariupol,2010s,155861,Ruslan Zubkov (155861),Ukraine,Defender - Centre-Back,Defender,CB,1,1,1.0,0,0,0,1,0,0,765.0,4.0,52.1,56.8,0.3171758479672841,1.0,56.8
6993_illichivets_mariupol_2010s_49030,6993_illichivets_mariupol_2010s,6993,Illichivets Mariupol,2010s,49030,Denys Vasin (49030),Ukraine,Attack - Right Winger,Attack,RM,1,1,0.0,0,0,0,0,0,0,0.0,3.0,51.6,51.2,0.16754871301419294,1.0,51.2
6993_illichivets_mariupol_2010s_57864,6993_illichivets_mariupol_2010s,6993,Illichivets Mariupol,2010s,57864,Igor Chuchman (57864),Ukraine  Kazakhstan,Defender - Centre-Back,Defender,CB,1,1,0.0,0,0,0,2,0,0,0.0,3.0,51.6,51.2,0.16754871301419294,1.0,51.2
6993_illichivets_mariupol_2010s_58977,6993_illichivets_mariupol_2010s,6993,Illichivets Mariupol,2010s,58977,Sergiy Vovkodav (58977),Ukraine,Defender - Right-Back,Defender,RB,1,1,0.0,0,0,0,0,0,0,0.0,3.0,51.6,51.2,0.16754871301419294,1.0,51.2
6993_illichivets_mariupol_2010s_59136,6993_illichivets_mariupol_2010s,6993,Illichivets Mariupol,2010s,59136,Maksym Zhychykov (59136),Ukraine,Defender - Right-Back,Defender,RB,1,1,0.0,0,0,0,0,0,0,0.0,3.0,51.6,51.2,0.16754871301419294,1.0,51.2
6993_illichivets_mariupol_2010s_59249,6993_illichivets_mariupol_2010s,6993,Illichivets Mariupol,2010s,59249,Ivan Matyazh (59249),Ukraine,Midfield - Central Midfield,Midfield,CM,1,1,0.0,0,0,0,1,0,0,0.0,3.0,51.6,51.2,0.16754871301419294,1.0,51.2
6993_illichivets_mariupol_2010s_80312,6993_illichivets_mariupol_2010s,6993,Illichivets Mariupol,2010s,80312,Mykyta Shevchenko (80312),Ukraine,Goalkeeper,Goalkeeper,GK,1,1,0.0,0,0,0,0,0,0,0.0,3.0,51.6,51.2,0.16754871301419294,1.0,51.2
6993_illichivets_mariupol_2010s_94925,6993_illichivets_mariupol_2010s,6993,Illichivets Mariupol,2010s,94925,Yegor Kartushov (94925),Ukraine,Midfield - Left Midfield,Midfield,LM,1,1,0.0,0,0,0,0,0,0,0.0,3.0,51.6,51.2,0.16754871301419294,1.0,51.2
6993_illichivets_mariupol_2010s_111074,6993_illichivets_mariupol_2010s,6993,Illichivets Mariupol,2010s,111074,Artur Zapadnya (111074),Ukraine,Defender - Left-Back,Defender,LB,1,1,0.0,0,0,0,3,0,0,0.0,3.0,51.6,51.2,0.16754871301419294,1.0,51.2
6993_illichivets_mariupol_2010s_123543,6993_illichivets_mariupol_2010s,6993,Illichivets Mariupol,2010s,123543,Artem Sukhotskyi (123543),Ukraine,Midfield - Left Midfield,Midfield,LM,1,1,0.0,0,0,0,0,0,0,0.0,3.0,51.6,51.2,0.16754871301419294,1.0,51.2
6993_illichivets_mariupol_2010s_137934,6993_illichivets_mariupol_2010s,6993,Illichivets Mariupol,2010s,137934,Giorgi Gabedava (137934),Georgia,Attack - Centre-Forward,Attack,FW,1,1,0.0,0,0,0,0,0,0,0.0,3.0,51.6,51.2,0.16754871301419294,1.0,51.2
6993_illichivets_mariupol_2010s_155843,6993_illichivets_mariupol_2010s,6993,Illichivets Mariupol,2010s,155843,Anton Kicha (155843),Ukraine,Attack - Left Winger,Attack,LM,1,1,0.0,0,0,0,0,0,0,0.0,3.0,51.6,51.2,0.16754871301419294,1.0,51.2
6993_illichivets_mariupol_2010s_370399,6993_illichivets_mariupol_2010s,6993,Illichivets Mariupol,2010s,370399,Mykyta Kravchenko (370399),Ukraine,Defender - Right-Back,Defender,RB,1,1,0.0,0,0,0,0,0,0,0.0,3.0,51.6,51.2,0.16754871301419294,1.0,51.2
6993_metalurg_mariupol_1990s_857997,6993_metalurg_mariupol_1990s,6993,Metalurg Mariupol,1990s,857997,Igor Plotko (857997),Ukraine,Midfield - Central Midfield,Midfield,CM,2,2,10.0,11,0,0,8,0,1,966.0,100.0,95.0,85.5,0.958744286745249,1.0,85.5
6993_metalurg_mariupol_1990s_24047,6993_metalurg_mariupol_1990s,6993,Metalurg Mariupol,1990s,24047,Oleksandr Rykun (24047),Ukraine,Midfield - Attacking Midfield,Midfield,AM,2,2,7.0,6,0,0,6,0,0,1458.0,65.0,79.2,81.8,0.9219388982439259,1.0,81.8
6993_metalurg_mariupol_1990s_86933,6993_metalurg_mariupol_1990s,6993,Metalurg Mariupol,1990s,86933,Yuriy Sak (86933),Ukraine,Midfield - Defensive Midfield,Midfield,CDM,2,2,3.0,0,0,0,4,0,2,780.0,21.0,59.4,70.7,0.7179456338705797,1.0,70.7
6993_metalurg_mariupol_1990s_855964,6993_metalurg_mariupol_1990s,6993,Metalurg Mariupol,1990s,855964,Oleksandr Sobkovych (855964),Ukraine,Midfield - Central Midfield,Midfield,CM,2,2,0.0,0,0,0,2,0,0,0.0,6.0,52.7,58.6,0.36901611739235024,1.0,58.6
6993_metalurg_mariupol_2000s_24047,6993_metalurg_mariupol_2000s,6993,Metalurg Mariupol,2000s,24047,Oleksandr Rykun (24047),Ukraine,Midfield - Attacking Midfield,Midfield,AM,2,2,16.0,11,0,0,3,1,4,564.0,127.5,95.0,88.0,0.9735386095742121,1.0,88.0
6993_metalurg_mariupol_2000s_91214,6993_metalurg_mariupol_2000s,6993,Metalurg Mariupol,2000s,91214,Sergiy Grybanov (91214),Ukraine,Attack - Centre-Forward,Attack,FW,1,1,5.0,0,0,0,1,0,0,172.0,28.0,59.9,73.2,0.7803704594659611,1.0,73.2
6993_metalurg_mariupol_2000s_857997,6993_metalurg_mariupol_2000s,6993,Metalurg Mariupol,2000s,857997,Igor Plotko (857997),Ukraine,Midfield - Central Midfield,Midfield,CM,1,1,0.0,0,0,0,2,0,0,0.0,3.0,51.1,51.2,0.16754871301419294,1.0,51.2
6994_metalurg_zaporizhya_1990s_418361,6994_metalurg_zaporizhya_1990s,6994,Metalurg Zaporizhya,1990s,418361,Yakiv Kripak (418361),Ukraine,Attack - Centre-Forward,Attack,FW,3,3,20.0,13,0,0,1,0,4,988.0,161.0,95.0,89.9,0.9842434447919173,1.0,89.9
6994_metalurg_zaporizhya_1990s_42656,6994_metalurg_zaporizhya_1990s,6994,Metalurg Zaporizhya,1990s,42656,Oleksiy Oliynyk (42656),Ukraine,Midfield - Left Midfield,Midfield,LM,3,3,5.0,7,0,0,5,0,0,1713.0,62.0,67.3,81.2,0.9155641087322588,1.0,81.2
6994_metalurg_zaporizhya_1990s_15907,6994_metalurg_zaporizhya_1990s,6994,Metalurg Zaporizhya,1990s,15907,Andrey Karyaka (15907),Russia  Ukraine,Attack - Left Winger,Attack,LM,3,3,6.0,0,0,0,4,0,0,834.0,39.0,60.9,76.0,0.8490497955256194,1.0,76.0
6994_metalurg_zaporizhya_1990s_25820,6994_metalurg_zaporizhya_1990s,6994,Metalurg Zaporizhya,1990s,25820,Vyacheslav Shevchuk (25820),Ukraine,Defender - Left-Back,Defender,LB,3,3,1.0,6,0,0,1,0,0,1055.0,38.0,60.6,75.8,0.8444791917248016,1.0,75.8
6994_metalurg_zaporizhya_1990s_857997,6994_metalurg_zaporizhya_1990s,6994,Metalurg Zaporizhya,1990s,857997,Igor Plotko (857997),Ukraine,Midfield - Central Midfield,Midfield,CM,1,1,1.0,3,0,0,1,0,0,700.0,20.0,55.6,70.2,0.7051960548472456,1.0,70.2
6994_metalurg_zaporizhya_1990s_117889,6994_metalurg_zaporizhya_1990s,6994,Metalurg Zaporizhya,1990s,117889,Maksim Tishchenko (117889),Russia  Ukraine,Midfield - Left Midfield,Midfield,LM,1,1,1.0,0,0,0,0,0,0,670.0,8.0,52.2,61.9,0.46572047149386575,1.0,61.9
6994_metalurg_zaporizhya_1990s_44361,6994_metalurg_zaporizhya_1990s,6994,Metalurg Zaporizhya,1990s,44361,Oleksiy Gay (44361),Ukraine,Midfield - Central Midfield,Midfield,CM,1,1,0.0,0,0,0,0,0,0,0.0,3.0,50.8,51.2,0.16754871301419294,1.0,51.2
6994_metalurg_zaporizhya_1990s_59933,6994_metalurg_zaporizhya_1990s,6994,Metalurg Zaporizhya,1990s,59933,Stanislav Bogush (59933),Ukraine,Goalkeeper,Goalkeeper,GK,1,1,0.0,0,0,0,0,0,0,0.0,3.0,50.8,51.2,0.16754871301419294,1.0,51.2
6994_metalurg_zaporizhya_1990s_91299,6994_metalurg_zaporizhya_1990s,6994,Metalurg Zaporizhya,1990s,91299,Andriy Ilyashov (91299),Ukraine,Attack - Centre-Forward,Attack,FW,1,1,0.0,0,0,0,0,0,0,0.0,3.0,50.8,51.2,0.16754871301419294,1.0,51.2
6994_metalurg_zaporizhya_1990s_91550,6994_metalurg_zaporizhya_1990s,6994,Metalurg Zaporizhya,1990s,91550,Vyacheslav Nivinskyi (91550),Ukraine,Defender - Centre-Back,Defender,CB,1,1,0.0,0,0,0,1,0,0,0.0,3.0,50.8,51.2,0.16754871301419294,1.0,51.2
6994_metalurg_zaporizhya_1990s_193271,6994_metalurg_zaporizhya_1990s,6994,Metalurg Zaporizhya,1990s,193271,Anatoliy Matkevych (193271),Ukraine,Defender - Centre-Back,Defender,CB,1,1,0.0,0,0,0,0,0,0,0.0,3.0,50.8,51.2,0.16754871301419294,1.0,51.2
6994_metalurg_zaporizhya_1990s_855951,6994_metalurg_zaporizhya_1990s,6994,Metalurg Zaporizhya,1990s,855951,Dmytro Karyaka (855951),Ukraine,Midfield,Midfield,CM,1,1,0.0,0,0,0,0,0,0,0.0,3.0,50.8,51.2,0.16754871301419294,1.0,51.2
6994_metalurg_zaporizhya_2000s_41885,6994_metalurg_zaporizhya_2000s,6994,Metalurg Zaporizhya,2000s,41885,Sergiy Silyuk (41885),Ukraine,Attack - Centre-Forward,Attack,FW,7,7,17.0,7,0,0,14,0,3,1306.0,134.0,95.0,88.5,0.9761847486167909,1.0,88.5
6994_metalurg_zaporizhya_2000s_59982,6994_metalurg_zaporizhya_2000s,6994,Metalurg Zaporizhya,2000s,59982,Volodymyr Arzhanov (59982),Ukraine,Attack - Right Winger,Attack,RM,6,6,13.0,9,0,0,14,0,1,2230.0,119.0,90.0,87.3,0.9692085638681741,1.0,87.3
6994_metalurg_zaporizhya_2000s_107039,6994_metalurg_zaporizhya_2000s,6994,Metalurg Zaporizhya,2000s,107039,Sergiy Kovalets (107039),Ukraine,Midfield - Attacking Midfield,Midfield,AM,2,2,3.0,7,0,0,4,0,0,472.0,49.0,66.5,78.9,0.8857349049795525,1.0,78.9
6994_metalurg_zaporizhya_2000s_34670,6994_metalurg_zaporizhya_2000s,6994,Metalurg Zaporizhya,2000s,34670,Vitaliy Postranskyi (34670),Ukraine,Goalkeeper,Goalkeeper,GK,4,4,0.0,0,22,49,2,0,0,4576.0,45.0,65.1,77.7,0.8707000240558095,1.0,77.7
6994_metalurg_zaporizhya_2000s_35352,6994_metalurg_zaporizhya_2000s,6994,Metalurg Zaporizhya,2000s,35352,Taras Kabanov (35352),Ukraine,Attack - Centre-Forward,Attack,FW,3,3,4.0,2,0,0,2,0,0,1199.0,37.0,62.4,75.6,0.8391869136396439,1.0,75.6
6994_metalurg_zaporizhya_2000s_25472,6994_metalurg_zaporizhya_2000s,6994,Metalurg Zaporizhya,2000s,25472,Nikolay Kashevskiy (25472),Belarus,Defender - Centre-Back,Defender,CB,3,3,3.0,3,0,0,5,0,0,4610.0,36.0,62.1,75.3,0.832571566033197,1.0,75.3
6994_metalurg_zaporizhya_2000s_59973,6994_metalurg_zaporizhya_2000s,6994,Metalurg Zaporizhya,2000s,59973,Vitaliy Vernydub (59973),Ukraine,Defender - Centre-Back,Defender,CB,4,4,5.0,0,0,0,10,1,0,3785.0,35.5,61.9,75.2,0.8289631946114987,1.0,75.2
6994_metalurg_zaporizhya_2000s_59933,6994_metalurg_zaporizhya_2000s,6994,Metalurg Zaporizhya,2000s,59933,Stanislav Bogush (59933),Ukraine,Goalkeeper,Goalkeeper,GK,5,5,0.0,0,9,23,2,0,0,1980.0,28.5,59.6,73.4,0.7840991099350493,1.0,73.4
6994_metalurg_zaporizhya_2000s_105362,6994_metalurg_zaporizhya_2000s,6994,Metalurg Zaporizhya,2000s,105362,Adolphe Teikeu (105362),Cameroon,Defender - Centre-Back,Defender,CB,2,2,4.0,1,0,0,5,1,0,1418.0,28.5,59.6,73.4,0.7840991099350493,1.0,73.4
6994_metalurg_zaporizhya_2000s_58255,6994_metalurg_zaporizhya_2000s,6994,Metalurg Zaporizhya,2000s,58255,Yuriy Tselykh (58255),Ukraine,Attack - Centre-Forward,Attack,FW,1,1,4.0,1,0,0,0,0,0,304.0,27.0,59.1,72.9,0.7733942747173442,1.0,72.9
6994_metalurg_zaporizhya_2000s_86931,6994_metalurg_zaporizhya_2000s,6994,Metalurg Zaporizhya,2000s,86931,Yevgen Opanasenko (86931),Ukraine,Defender - Right-Back,Defender,RB,3,3,2.0,2,0,0,1,0,0,729.0,27.0,59.1,72.9,0.7733942747173442,1.0,72.9
6994_metalurg_zaporizhya_2000s_59970,6994_metalurg_zaporizhya_2000s,6994,Metalurg Zaporizhya,2000s,59970,Taras Stepanenko (59970),Ukraine,Midfield - Defensive Midfield,Midfield,CDM,4,4,1.0,2,0,0,21,0,0,1383.0,25.0,58.4,72.2,0.7552321385614625,1.0,72.2
6994_metalurg_zaporizhya_2000s_91299,6994_metalurg_zaporizhya_2000s,6994,Metalurg Zaporizhya,2000s,91299,Andriy Ilyashov (91299),Ukraine,Attack - Centre-Forward,Attack,FW,5,5,2.0,0,0,0,0,0,0,737.0,25.0,58.4,72.2,0.7552321385614625,1.0,72.2
6994_metalurg_zaporizhya_2000s_58058,6994_metalurg_zaporizhya_2000s,6994,Metalurg Zaporizhya,2000s,58058,Mykola Lapko (58058),Ukraine,Defender,Defender,CB,5,5,1.0,1,0,0,17,0,0,1683.0,22.0,57.4,71.1,0.7276882367091653,1.0,71.1
6994_metalurg_zaporizhya_2000s_74089,6994_metalurg_zaporizhya_2000s,6994,Metalurg Zaporizhya,2000s,74089,Sergiy Kryvtsov (74089),Ukraine,Defender - Centre-Back,Defender,CB,3,3,2.0,1,0,0,6,0,0,989.0,21.0,57.1,70.7,0.7179456338705797,1.0,70.7
6994_metalurg_zaporizhya_2000s_25732,6994_metalurg_zaporizhya_2000s,6994,Metalurg Zaporizhya,2000s,25732,Dmytro Chygrynskyi (25732),Ukraine,Defender - Centre-Back,Defender,CB,1,1,2.0,1,0,0,1,0,0,675.0,17.0,55.7,68.6,0.6645417368294443,1.0,68.6
6994_metalurg_zaporizhya_2000s_25881,6994_metalurg_zaporizhya_2000s,6994,Metalurg Zaporizhya,2000s,25881,Maksim Aristarkhov (25881),Russia,Attack - Centre-Forward,Attack,FW,1,1,2.0,0,0,0,1,0,0,515.0,13.0,54.4,66.3,0.600072167428434,1.0,66.3
6994_metalurg_zaporizhya_2000s_120211,6994_metalurg_zaporizhya_2000s,6994,Metalurg Zaporizhya,2000s,120211,Maksym Koval (120211),Ukraine,Goalkeeper,Goalkeeper,GK,1,1,0.0,0,6,23,3,0,0,1710.0,12.0,54.0,65.5,0.5752946836661054,1.0,65.5
6994_metalurg_zaporizhya_2000s_109314,6994_metalurg_zaporizhya_2000s,6994,Metalurg Zaporizhya,2000s,109314,Andriy Nesterov (109314),Ukraine,Defender - Centre-Back,Defender,CB,2,2,1.0,0,0,0,1,0,0,280.0,11.0,53.7,64.6,0.5475102237190281,1.0,64.6
6994_metalurg_zaporizhya_2000s_59447,6994_metalurg_zaporizhya_2000s,6994,Metalurg Zaporizhya,2000s,59447,Andriy Tlumak (59447),Ukraine,Goalkeeper,Goalkeeper,GK,1,1,0.0,0,3,13,0,0,0,900.0,7.5,52.5,61.1,0.44274717344238634,1.0,61.1
6994_metalurg_zaporizhya_2000s_24039,6994_metalurg_zaporizhya_2000s,6994,Metalurg Zaporizhya,2000s,24039,Dmytro Mykhaylenko (24039),Ukraine,Midfield - Central Midfield,Midfield,CM,1,1,0.0,1,0,0,1,0,0,0.0,7.0,52.4,60.4,0.42097666586480637,1.0,60.4
6994_metalurg_zaporizhya_2000s_124182,6994_metalurg_zaporizhya_2000s,6994,Metalurg Zaporizhya,2000s,124182,Sergiy Sydorchuk (124182),Ukraine,Midfield - Defensive Midfield,Midfield,CDM,1,1,0.0,1,0,0,1,0,0,0.0,7.0,52.4,60.4,0.42097666586480637,1.0,60.4
6994_metalurg_zaporizhya_2000s_27191,6994_metalurg_zaporizhya_2000s,6994,Metalurg Zaporizhya,2000s,27191,Oleg Karamushka (27191),Ukraine,Defender - Centre-Back,Defender,CB,2,2,0.0,0,0,0,4,0,0,0.0,6.0,52.0,58.6,0.36901611739235024,1.0,58.6
6994_metalurg_zaporizhya_2000s_59978,6994_metalurg_zaporizhya_2000s,6994,Metalurg Zaporizhya,2000s,59978,Yevgen Zadoya (59978),Ukraine,Midfield - Defensive Midfield,Midfield,CDM,2,2,0.0,0,0,0,0,0,0,0.0,6.0,52.0,58.6,0.36901611739235024,1.0,58.6
6994_metalurg_zaporizhya_2000s_74197,6994_metalurg_zaporizhya_2000s,6994,Metalurg Zaporizhya,2000s,74197,Roman Lutsenko (74197),Ukraine,Midfield - Right Midfield,Midfield,RM,2,2,0.0,0,0,0,0,0,0,0.0,6.0,52.0,58.6,0.36901611739235024,1.0,58.6
6994_metalurg_zaporizhya_2000s_1457,6994_metalurg_zaporizhya_2000s,6994,Metalurg Zaporizhya,2000s,1457,Dema Kovalenko (1457),Ukraine  United States,Midfield - Defensive Midfield,Midfield,CDM,1,1,0.0,0,0,0,0,0,0,0.0,3.0,51.0,51.2,0.16754871301419294,1.0,51.2
6994_metalurg_zaporizhya_2000s_9797,6994_metalurg_zaporizhya_2000s,6994,Metalurg Zaporizhya,2000s,9797,Oleksandr Melashchenko (9797),Ukraine,Attack - Centre-Forward,Attack,FW,1,1,0.0,0,0,0,0,0,0,0.0,3.0,51.0,51.2,0.16754871301419294,1.0,51.2
6994_metalurg_zaporizhya_2000s_15104,6994_metalurg_zaporizhya_2000s,6994,Metalurg Zaporizhya,2000s,15104,Igor Mitreski (15104),North Macedonia,Defender - Centre-Back,Defender,CB,1,1,0.0,0,0,0,2,0,0,0.0,3.0,51.0,51.2,0.16754871301419294,1.0,51.2
6994_metalurg_zaporizhya_2000s_91786,6994_metalurg_zaporizhya_2000s,6994,Metalurg Zaporizhya,2000s,91786,Ivan Pogorelov (91786),Ukraine,Midfield - Defensive Midfield,Midfield,CDM,1,1,0.0,0,0,0,1,0,0,0.0,3.0,51.0,51.2,0.16754871301419294,1.0,51.2
6994_metalurg_zaporizhya_2000s_269351,6994_metalurg_zaporizhya_2000s,6994,Metalurg Zaporizhya,2000s,269351,Maksym Kuchynskyi (269351),Ukraine,Goalkeeper,Goalkeeper,GK,1,1,0.0,0,0,0,0,0,0,0.0,3.0,51.0,51.2,0.16754871301419294,1.0,51.2
6994_metalurg_zaporizhya_2000s_847553,6994_metalurg_zaporizhya_2000s,6994,Metalurg Zaporizhya,2000s,847553,Yuriy Khriyenko (847553),Ukraine,Goalkeeper,Goalkeeper,GK,1,1,0.0,0,0,3,0,0,0,90.0,3.0,51.0,51.2,0.16754871301419294,1.0,51.2
6994_metalurg_zaporizhya_2010s_58103,6994_metalurg_zaporizhya_2010s,6994,Metalurg Zaporizhya,2010s,58103,Ruslan Platon (58103),Ukraine  Russia,Attack - Centre-Forward,Attack,FW,3,3,8.0,0,0,0,7,0,0,1162.0,49.0,95.0,78.9,0.8857349049795525,1.0,78.9
6994_metalurg_zaporizhya_2010s_59249,6994_metalurg_zaporizhya_2010s,6994,Metalurg Zaporizhya,2010s,59249,Ivan Matyazh (59249),Ukraine,Midfield - Central Midfield,Midfield,CM,3,3,4.0,1,0,0,1,0,1,1721.0,33.0,80.3,74.6,0.8146499879720953,1.0,74.6
6994_metalurg_zaporizhya_2010s_248931,6994_metalurg_zaporizhya_2010s,6994,Metalurg Zaporizhya,2010s,248931,Oleksandr Kapliyenko (248931),Ukraine,Defender - Left-Back,Defender,LB,3,3,4.0,1,0,0,10,0,0,1629.0,33.0,80.3,74.6,0.8146499879720953,1.0,74.6
6994_metalurg_zaporizhya_2010s_155964,6994_metalurg_zaporizhya_2010s,6994,Metalurg Zaporizhya,2010s,155964,Andriy Tsurikov (155964),Ukraine,Defender - Left-Back,Defender,LB,3,3,3.0,2,0,0,6,0,0,2422.0,32.0,79.4,74.3,0.8081549194130383,1.0,74.3
6994_metalurg_zaporizhya_2010s_321417,6994_metalurg_zaporizhya_2010s,6994,Metalurg Zaporizhya,2010s,321417,Mykyta Tatarkov (321417),Ukraine,Midfield - Attacking Midfield,Midfield,AM,3,3,1.0,3,0,0,3,0,0,462.0,26.0,73.9,72.6,0.7647341833052682,1.0,72.6
6994_metalurg_zaporizhya_2010s_86931,6994_metalurg_zaporizhya_2010s,6994,Metalurg Zaporizhya,2010s,86931,Yevgen Opanasenko (86931),Ukraine,Defender - Right-Back,Defender,RB,3,3,0.0,4,0,0,12,0,0,0.0,23.0,71.1,71.5,0.7382727928794804,1.0,71.5
6994_metalurg_zaporizhya_2010s_58976,6994_metalurg_zaporizhya_2010s,6994,Metalurg Zaporizhya,2010s,58976,Maksim Startsev (58976),Ukraine  Russia,Goalkeeper,Goalkeeper,GK,3,3,0.0,0,9,49,5,0,0,2694.0,22.5,70.7,71.3,0.7331007938417128,1.0,71.3
6994_metalurg_zaporizhya_2010s_109314,6994_metalurg_zaporizhya_2010s,6994,Metalurg Zaporizhya,2010s,109314,Andriy Nesterov (109314),Ukraine,Defender - Centre-Back,Defender,CB,4,4,1.0,2,0,0,5,0,0,463.0,22.0,70.2,71.1,0.7276882367091653,1.0,71.1
6994_metalurg_zaporizhya_2010s_24032,6994_metalurg_zaporizhya_2010s,6994,Metalurg Zaporizhya,2010s,24032,Vitaliy Lysytskyi (24032),Ukraine,Defender - Centre-Back,Defender,CB,2,2,3.0,0,0,0,10,0,2,602.0,21.0,69.3,70.7,0.7179456338705797,1.0,70.7
6994_metalurg_zaporizhya_2010s_105362,6994_metalurg_zaporizhya_2010s,6994,Metalurg Zaporizhya,2010s,105362,Adolphe Teikeu (105362),Cameroon,Defender - Centre-Back,Defender,CB,3,3,1.0,2,0,0,13,0,0,1297.0,21.0,69.3,70.7,0.7179456338705797,1.0,70.7
6994_metalurg_zaporizhya_2010s_335191,6994_metalurg_zaporizhya_2010s,6994,Metalurg Zaporizhya,2010s,335191,Valeriane Gvilia (335191),Georgia  Ukraine,Midfield - Central Midfield,Midfield,CM,2,2,1.0,2,0,0,7,0,0,1260.0,19.0,67.4,69.6,0.6904017320182824,1.0,69.6
6994_metalurg_zaporizhya_2010s_57748,6994_metalurg_zaporizhya_2010s,6994,Metalurg Zaporizhya,2010s,57748,Matheus Lopes (57748),Brazil,Defender - Centre-Back,Defender,CB,3,3,2.0,0,0,0,14,0,0,2576.0,18.0,66.5,69.1,0.6780129901371181,1.0,69.1
6994_metalurg_zaporizhya_2010s_59038,6994_metalurg_zaporizhya_2010s,6994,Metalurg Zaporizhya,2010s,59038,Vitaliy Gavrysh (59038),Ukraine,Defender - Centre-Back,Defender,CB,3,3,1.0,1,0,0,3,0,0,512.0,18.0,66.5,69.1,0.6780129901371181,1.0,69.1
6994_metalurg_zaporizhya_2010s_59982,6994_metalurg_zaporizhya_2010s,6994,Metalurg Zaporizhya,2010s,59982,Volodymyr Arzhanov (59982),Ukraine,Attack - Right Winger,Attack,RM,1,1,2.0,1,0,0,4,0,0,681.0,17.0,65.6,68.6,0.6645417368294443,1.0,68.6
6994_metalurg_zaporizhya_2010s_242854,6994_metalurg_zaporizhya_2010s,6994,Metalurg Zaporizhya,2010s,242854,Dmytro Yusov (242854),Ukraine,Attack - Centre-Forward,Attack,FW,4,4,1.0,0,0,0,7,0,0,976.0,17.0,65.6,68.6,0.6645417368294443,1.0,68.6
6994_metalurg_zaporizhya_2010s_58961,6994_metalurg_zaporizhya_2010s,6994,Metalurg Zaporizhya,2010s,58961,Pavlo Pashayev (58961),Azerbaijan  Ukraine,Defender - Right-Back,Defender,RB,2,2,0.0,2,0,0,9,0,0,0.0,14.0,62.9,67.0,0.6188356988212653,1.0,67.0
6994_metalurg_zaporizhya_2010s_46574,6994_metalurg_zaporizhya_2010s,6994,Metalurg Zaporizhya,2010s,46574,Denys Skepskyi (46574),Ukraine,Attack - Second Striker,Attack,FW,1,1,2.0,0,0,0,0,0,0,78.0,13.0,61.9,66.3,0.600072167428434,1.0,66.3
6994_metalurg_zaporizhya_2010s_54816,6994_metalurg_zaporizhya_2010s,6994,Metalurg Zaporizhya,2010s,54816,Dmytro Lyopa (54816),Ukraine,Midfield - Attacking Midfield,Midfield,AM,1,1,1.0,1,0,0,4,0,0,1291.0,12.0,61.0,65.5,0.5752946836661054,1.0,65.5
6994_metalurg_zaporizhya_2010s_376082,6994_metalurg_zaporizhya_2010s,6994,Metalurg Zaporizhya,2010s,376082,Danylo Ignatenko (376082),Ukraine,Midfield - Central Midfield,Midfield,CM,2,2,1.0,0,0,0,3,0,0,369.0,11.0,60.1,64.6,0.5475102237190281,1.0,64.6
6994_metalurg_zaporizhya_2010s_59024,6994_metalurg_zaporizhya_2010s,6994,Metalurg Zaporizhya,2010s,59024,Yevgen Borovyk (59024),Ukraine,Goalkeeper,Goalkeeper,GK,2,2,0.0,0,1,37,1,0,0,1440.0,7.5,56.9,61.1,0.44274717344238634,1.0,61.1
6994_metalurg_zaporizhya_2010s_167556,6994_metalurg_zaporizhya_2010s,6994,Metalurg Zaporizhya,2010s,167556,Vladyslav Kulach (167556),Ukraine,Attack - Centre-Forward,Attack,FW,1,1,0.0,1,0,0,3,0,0,0.0,7.0,56.4,60.4,0.42097666586480637,1.0,60.4
6994_metalurg_zaporizhya_2010s_59425,6994_metalurg_zaporizhya_2010s,6994,Metalurg Zaporizhya,2010s,59425,Vladyslav Leonidov (59425),Ukraine,Goalkeeper,Goalkeeper,GK,2,2,0.0,0,0,0,0,0,0,0.0,6.0,55.5,58.6,0.36901611739235024,1.0,58.6
6994_metalurg_zaporizhya_2010s_59978,6994_metalurg_zaporizhya_2010s,6994,Metalurg Zaporizhya,2010s,59978,Yevgen Zadoya (59978),Ukraine,Midfield - Defensive Midfield,Midfield,CDM,2,2,0.0,0,0,0,0,0,0,0.0,6.0,55.5,58.6,0.36901611739235024,1.0,58.6
6994_metalurg_zaporizhya_2010s_124182,6994_metalurg_zaporizhya_2010s,6994,Metalurg Zaporizhya,2010s,124182,Sergiy Sydorchuk (124182),Ukraine,Midfield - Defensive Midfield,Midfield,CDM,2,2,0.0,0,0,0,7,0,0,0.0,6.0,55.5,58.6,0.36901611739235024,1.0,58.6
6994_metalurg_zaporizhya_2010s_375955,6994_metalurg_zaporizhya_2010s,6994,Metalurg Zaporizhya,2010s,375955,Yegor Klymenchuk (375955),Ukraine,Defender - Left-Back,Defender,LB,2,2,0.0,0,0,0,2,0,0,0.0,6.0,55.5,58.6,0.36901611739235024,1.0,58.6
6994_metalurg_zaporizhya_2010s_64104,6994_metalurg_zaporizhya_2010s,6994,Metalurg Zaporizhya,2010s,64104,Sasa Balic (64104),Montenegro  Croatia,Defender - Centre-Back,Defender,CB,2,2,0.0,0,0,0,9,0,0,0.0,4.0,53.7,56.8,0.3171758479672841,1.0,56.8
6994_metalurg_zaporizhya_2010s_34405,6994_metalurg_zaporizhya_2010s,6994,Metalurg Zaporizhya,2010s,34405,Milan Purovic (34405),Montenegro  Serbia,Attack - Centre-Forward,Attack,FW,1,1,0.0,0,0,0,1,0,0,0.0,3.0,52.8,51.2,0.16754871301419294,1.0,51.2
6994_metalurg_zaporizhya_2010s_58950,6994_metalurg_zaporizhya_2010s,6994,Metalurg Zaporizhya,2010s,58950,Volodymyr Korobka (58950),Ukraine,Attack - Right Winger,Attack,RM,1,1,0.0,0,0,0,0,0,0,0.0,3.0,52.8,51.2,0.16754871301419294,1.0,51.2
6994_metalurg_zaporizhya_2010s_58956,6994_metalurg_zaporizhya_2010s,6994,Metalurg Zaporizhya,2010s,58956,Oleksandr Maksymov (58956),Ukraine,Midfield - Central Midfield,Midfield,CM,1,1,0.0,0,0,0,0,0,0,0.0,3.0,52.8,51.2,0.16754871301419294,1.0,51.2
6994_metalurg_zaporizhya_2010s_59423,6994_metalurg_zaporizhya_2010s,6994,Metalurg Zaporizhya,2010s,59423,Aleksey Kurilov (59423),Russia  Ukraine,Defender - Centre-Back,Defender,CB,1,1,0.0,0,0,0,2,0,0,0.0,3.0,52.8,51.2,0.16754871301419294,1.0,51.2
6994_metalurg_zaporizhya_2010s_59973,6994_metalurg_zaporizhya_2010s,6994,Metalurg Zaporizhya,2010s,59973,Vitaliy Vernydub (59973),Ukraine,Defender - Centre-Back,Defender,CB,1,1,0.0,0,0,0,4,0,0,0.0,3.0,52.8,51.2,0.16754871301419294,1.0,51.2
6994_metalurg_zaporizhya_2010s_60323,6994_metalurg_zaporizhya_2010s,6994,Metalurg Zaporizhya,2010s,60323,Anton Monakhov (60323),Russia  Ukraine,Defender - Centre-Back,Defender,CB,1,1,0.0,0,0,0,0,0,0,0.0,3.0,52.8,51.2,0.16754871301419294,1.0,51.2
6994_metalurg_zaporizhya_2010s_94924,6994_metalurg_zaporizhya_2010s,6994,Metalurg Zaporizhya,2010s,94924,Maksym Imerekov (94924),Ukraine,Defender - Centre-Back,Defender,CB,1,1,0.0,0,0,0,0,0,0,0.0,3.0,52.8,51.2,0.16754871301419294,1.0,51.2
6994_metalurg_zaporizhya_2010s_97835,6994_metalurg_zaporizhya_2010s,6994,Metalurg Zaporizhya,2010s,97835,Dmytro Yeremenko (97835),Ukraine,Attack - Right Winger,Attack,RM,1,1,0.0,0,0,0,7,0,0,0.0,3.0,52.8,51.2,0.16754871301419294,1.0,51.2
6994_metalurg_zaporizhya_2010s_120211,6994_metalurg_zaporizhya_2010s,6994,Metalurg Zaporizhya,2010s,120211,Maksym Koval (120211),Ukraine,Goalkeeper,Goalkeeper,GK,1,1,0.0,0,0,3,0,0,0,270.0,3.0,52.8,51.2,0.16754871301419294,1.0,51.2
6994_metalurg_zaporizhya_2010s_124160,6994_metalurg_zaporizhya_2010s,6994,Metalurg Zaporizhya,2010s,124160,Andrey Gaydash (124160),Russia  Ukraine,Attack - Centre-Forward,Attack,FW,1,1,0.0,0,0,0,0,0,0,0.0,3.0,52.8,51.2,0.16754871301419294,1.0,51.2
6994_metalurg_zaporizhya_2010s_136537,6994_metalurg_zaporizhya_2010s,6994,Metalurg Zaporizhya,2010s,136537,Oleksiy Shevchenko (136537),Ukraine,Goalkeeper,Goalkeeper,GK,1,1,0.0,0,0,21,0,0,0,810.0,3.0,52.8,51.2,0.16754871301419294,1.0,51.2
6994_metalurg_zaporizhya_2010s_171174,6994_metalurg_zaporizhya_2010s,6994,Metalurg Zaporizhya,2010s,171174,Ivan Spychka (171174),Ukraine  Russia,Defender - Centre-Back,Defender,CB,1,1,0.0,0,0,0,0,0,0,0.0,3.0,52.8,51.2,0.16754871301419294,1.0,51.2
6994_metalurg_zaporizhya_2010s_206717,6994_metalurg_zaporizhya_2010s,6994,Metalurg Zaporizhya,2010s,206717,Eduard Sobol (206717),Ukraine,Defender - Left-Back,Defender,LB,1,1,0.0,0,0,0,4,0,0,0.0,3.0,52.8,51.2,0.16754871301419294,1.0,51.2
6994_metalurg_zaporizhya_2010s_292396,6994_metalurg_zaporizhya_2010s,6994,Metalurg Zaporizhya,2010s,292396,Valeriy Yurchuk (292396),Ukraine,Goalkeeper,Goalkeeper,GK,1,1,0.0,0,0,1,0,0,0,90.0,3.0,52.8,51.2,0.16754871301419294,1.0,51.2
6994_metalurg_zaporizhya_2010s_387198,6994_metalurg_zaporizhya_2010s,6994,Metalurg Zaporizhya,2010s,387198,Yegor Demchenko (387198),Ukraine,Midfield - Central Midfield,Midfield,CM,1,1,0.0,0,0,0,3,0,0,0.0,3.0,52.8,51.2,0.16754871301419294,1.0,51.2
6994_metalurg_zaporizhya_2010s_395537,6994_metalurg_zaporizhya_2010s,6994,Metalurg Zaporizhya,2010s,395537,Dmytro Plakhtyr (395537),Ukraine,Midfield - Defensive Midfield,Midfield,CDM,1,1,0.0,0,0,0,0,0,0,0.0,3.0,52.8,51.2,0.16754871301419294,1.0,51.2
6994_metalurg_zaporizhya_2010s_61196,6994_metalurg_zaporizhya_2010s,6994,Metalurg Zaporizhya,2010s,61196,Pawel Hajduczek (61196),Poland,Midfield - Defensive Midfield,Midfield,CDM,1,1,0.0,0,0,0,3,0,0,0.0,2.0,51.8,45.6,0.016237671397642532,1.0,45.6
6996_goverla_uzhgorod__2016_2010s_9798,6996_goverla_uzhgorod__2016_2010s,6996,Goverla Uzhgorod (- 2016),2010s,9798,Maksim Shatskikh (9798),Uzbekistan  Ukraine,Attack - Centre-Forward,Attack,FW,2,2,5.0,5,0,0,2,0,0,731.0,51.0,95.0,79.3,0.8909069040173202,1.0,79.3
6996_goverla_uzhgorod__2016_2010s_193158,6996_goverla_uzhgorod__2016_2010s,6996,Goverla Uzhgorod (- 2016),2010s,193158,Sergiy Myakushko (193158),Ukraine,Attack - Left Winger,Attack,LM,1,1,5.0,5,0,0,1,0,0,328.0,48.0,92.4,78.5,0.8812845802261247,1.0,78.5
6996_goverla_uzhgorod__2016_2010s_58008,6996_goverla_uzhgorod__2016_2010s,6996,Goverla Uzhgorod (- 2016),2010s,58008,Maksym Feshchuk (58008),Ukraine,Attack - Centre-Forward,Attack,FW,2,2,5.0,4,0,0,5,0,0,1231.0,47.0,91.5,78.3,0.878277604041376,1.0,78.3
6996_goverla_uzhgorod__2016_2010s_59950,6996_goverla_uzhgorod__2016_2010s,6996,Goverla Uzhgorod (- 2016),2010s,59950,Damien Le Tallec (59950),France  Russia,Midfield - Defensive Midfield,Midfield,CDM,1,1,2.0,4,0,0,1,0,1,747.0,29.0,75.6,73.5,0.7883088765936974,1.0,73.5
6996_goverla_uzhgorod__2016_2010s_43938,6996_goverla_uzhgorod__2016_2010s,6996,Goverla Uzhgorod (- 2016),2010s,43938,Răzvan Cociș (43938),Romania,Midfield - Central Midfield,Midfield,CM,1,1,3.0,1,0,0,5,0,0,532.0,22.0,69.4,71.1,0.7276882367091653,1.0,71.1
6996_goverla_uzhgorod__2016_2010s_57901,6996_goverla_uzhgorod__2016_2010s,6996,Goverla Uzhgorod (- 2016),2010s,57901,Vyacheslav Sharpar (57901),Ukraine,Midfield - Central Midfield,Midfield,CM,1,1,3.0,1,0,0,2,0,0,270.0,22.0,69.4,71.1,0.7276882367091653,1.0,71.1
6996_goverla_uzhgorod__2016_2010s_71725,6996_goverla_uzhgorod__2016_2010s,6996,Goverla Uzhgorod (- 2016),2010s,71725,Oleksandr Nad (71725),Ukraine  Hungary,Goalkeeper,Goalkeeper,GK,2,2,0.0,0,8,31,1,0,0,2157.0,18.0,65.9,69.1,0.6780129901371181,1.0,69.1
6996_goverla_uzhgorod__2016_2010s_24032,6996_goverla_uzhgorod__2016_2010s,6996,Goverla Uzhgorod (- 2016),2010s,24032,Vitaliy Lysytskyi (24032),Ukraine,Defender - Centre-Back,Defender,CB,1,1,2.0,0,0,0,5,0,0,1152.0,13.0,61.5,66.3,0.600072167428434,1.0,66.3
6996_goverla_uzhgorod__2016_2010s_353252,6996_goverla_uzhgorod__2016_2010s,6996,Goverla Uzhgorod (- 2016),2010s,353252,Orest Kuzyk (353252),Ukraine,Attack - Left Winger,Attack,LM,1,1,2.0,0,0,0,2,0,0,925.0,13.0,61.5,66.3,0.600072167428434,1.0,66.3
6996_goverla_uzhgorod__2016_2010s_58413,6996_goverla_uzhgorod__2016_2010s,6996,Goverla Uzhgorod (- 2016),2010s,58413,Volodymyr Lysenko (58413),Ukraine,Attack - Centre-Forward,Attack,FW,1,1,1.0,1,0,0,1,0,0,1357.0,12.0,60.6,65.5,0.5752946836661054,1.0,65.5
6996_goverla_uzhgorod__2016_2010s_120211,6996_goverla_uzhgorod__2016_2010s,6996,Goverla Uzhgorod (- 2016),2010s,120211,Maksym Koval (120211),Ukraine,Goalkeeper,Goalkeeper,GK,1,1,0.0,0,6,32,3,0,0,1890.0,12.0,60.6,65.5,0.5752946836661054,1.0,65.5
6996_goverla_uzhgorod__2016_2010s_39316,6996_goverla_uzhgorod__2016_2010s,6996,Goverla Uzhgorod (- 2016),2010s,39316,Serge Akakpo (39316),Togo  France,Defender - Centre-Back,Defender,CB,2,2,1.0,0,0,0,4,0,0,899.0,11.0,59.7,64.6,0.5475102237190281,1.0,64.6
6996_goverla_uzhgorod__2016_2010s_91991,6996_goverla_uzhgorod__2016_2010s,6996,Goverla Uzhgorod (- 2016),2010s,91991,Sergiy Lyulka (91991),Ukraine,Defender - Right-Back,Defender,RB,3,3,0.0,1,0,0,13,0,0,0.0,9.0,57.9,62.9,0.49735386095742123,1.0,62.9
6996_goverla_uzhgorod__2016_2010s_31348,6996_goverla_uzhgorod__2016_2010s,6996,Goverla Uzhgorod (- 2016),2010s,31348,Sotiris Balafas (31348),Greece,Defender - Centre-Back,Defender,CB,1,1,1.0,0,0,0,4,0,0,1359.0,8.0,57.1,61.9,0.46572047149386575,1.0,61.9
6996_goverla_uzhgorod__2016_2010s_155964,6996_goverla_uzhgorod__2016_2010s,6996,Goverla Uzhgorod (- 2016),2010s,155964,Andriy Tsurikov (155964),Ukraine,Defender - Left-Back,Defender,LB,1,1,1.0,0,0,0,7,0,1,1350.0,8.0,57.1,61.9,0.46572047149386575,1.0,61.9
6996_goverla_uzhgorod__2016_2010s_176412,6996_goverla_uzhgorod__2016_2010s,6996,Goverla Uzhgorod (- 2016),2010s,176412,Oleksiy Khoblenko (176412),Ukraine,Attack - Centre-Forward,Attack,FW,1,1,0.0,1,0,0,1,0,0,0.0,7.0,56.2,60.4,0.42097666586480637,1.0,60.4
6996_goverla_uzhgorod__2016_2010s_59826,6996_goverla_uzhgorod__2016_2010s,6996,Goverla Uzhgorod (- 2016),2010s,59826,Oleg Gerasymyuk (59826),Ukraine,Midfield - Central Midfield,Midfield,CM,2,2,0.0,0,0,0,3,0,0,0.0,6.0,55.3,58.6,0.36901611739235024,1.0,58.6
6996_goverla_uzhgorod__2016_2010s_129646,6996_goverla_uzhgorod__2016_2010s,6996,Goverla Uzhgorod (- 2016),2010s,129646,Artur Rudko (129646),Ukraine,Goalkeeper,Goalkeeper,GK,1,1,0.0,0,2,25,1,0,0,1340.0,6.0,55.3,58.6,0.36901611739235024,1.0,58.6
6996_goverla_uzhgorod__2016_2010s_216842,6996_goverla_uzhgorod__2016_2010s,6996,Goverla Uzhgorod (- 2016),2010s,216842,Mykola Vechurko (216842),Ukraine,Midfield - Central Midfield,Midfield,CM,2,2,0.0,0,0,0,0,0,0,0.0,6.0,55.3,58.6,0.36901611739235024,1.0,58.6
6996_goverla_uzhgorod__2016_2010s_222079,6996_goverla_uzhgorod__2016_2010s,6996,Goverla Uzhgorod (- 2016),2010s,222079,Ruslan Stepanyuk (222079),Ukraine,Attack - Centre-Forward,Attack,FW,2,2,0.0,0,0,0,1,0,0,0.0,6.0,55.3,58.6,0.36901611739235024,1.0,58.6
6996_goverla_uzhgorod__2016_2010s_372362,6996_goverla_uzhgorod__2016_2010s,6996,Goverla Uzhgorod (- 2016),2010s,372362,Yuriy Toma (372362),Ukraine  Hungary,Midfield - Central Midfield,Midfield,CM,2,2,0.0,0,0,0,1,0,0,0.0,6.0,55.3,58.6,0.36901611739235024,1.0,58.6
6996_goverla_uzhgorod__2016_2010s_430152,6996_goverla_uzhgorod__2016_2010s,6996,Goverla Uzhgorod (- 2016),2010s,430152,Andriy Cherepko (430152),Ukraine  Hungary,Goalkeeper,Goalkeeper,GK,1,1,0.0,0,1,0,0,0,0,45.0,4.5,54.0,57.1,0.3246331489054607,1.0,57.1
6996_goverla_uzhgorod__2016_2010s_42641,6996_goverla_uzhgorod__2016_2010s,6996,Goverla Uzhgorod (- 2016),2010s,42641,Andriy Khomyn (42641),Ukraine,Defender - Right-Back,Defender,RB,2,2,0.0,0,0,0,7,0,0,0.0,4.0,53.5,56.8,0.3171758479672841,1.0,56.8
6996_goverla_uzhgorod__2016_2010s_17206,6996_goverla_uzhgorod__2016_2010s,6996,Goverla Uzhgorod (- 2016),2010s,17206,Aleksandar Trisovic (17206),Serbia,Midfield - Left Midfield,Midfield,LM,1,1,0.0,0,0,0,0,0,0,0.0,3.0,52.6,51.2,0.16754871301419294,1.0,51.2
6996_goverla_uzhgorod__2016_2010s_24006,6996_goverla_uzhgorod__2016_2010s,6996,Goverla Uzhgorod (- 2016),2010s,24006,Volodymyr Yezerskyi (24006),Ukraine,Defender - Right-Back,Defender,RB,1,1,0.0,0,0,0,2,0,0,0.0,3.0,52.6,51.2,0.16754871301419294,1.0,51.2
6996_goverla_uzhgorod__2016_2010s_27236,6996_goverla_uzhgorod__2016_2010s,6996,Goverla Uzhgorod (- 2016),2010s,27236,Nemanja Rnic (27236),Serbia,Defender - Centre-Back,Defender,CB,1,1,0.0,0,0,0,1,0,0,0.0,3.0,52.6,51.2,0.16754871301419294,1.0,51.2
6996_goverla_uzhgorod__2016_2010s_49018,6996_goverla_uzhgorod__2016_2010s,6996,Goverla Uzhgorod (- 2016),2010s,49018,Oleksiy Polyanskyi (49018),Ukraine,Defender - Centre-Back,Defender,CB,1,1,0.0,0,0,0,1,0,0,0.0,3.0,52.6,51.2,0.16754871301419294,1.0,51.2
6996_goverla_uzhgorod__2016_2010s_57894,6996_goverla_uzhgorod__2016_2010s,6996,Goverla Uzhgorod (- 2016),2010s,57894,Vladyslav Mykulyak (57894),Ukraine,Midfield - Central Midfield,Midfield,CM,1,1,0.0,0,0,0,0,0,0,0.0,3.0,52.6,51.2,0.16754871301419294,1.0,51.2
6996_goverla_uzhgorod__2016_2010s_58051,6996_goverla_uzhgorod__2016_2010s,6996,Goverla Uzhgorod (- 2016),2010s,58051,Mykhaylo Kopolovets (58051),Ukraine  Hungary,Attack - Left Winger,Attack,LM,1,1,0.0,0,0,0,0,0,0,0.0,3.0,52.6,51.2,0.16754871301419294,1.0,51.2
6996_goverla_uzhgorod__2016_2010s_58392,6996_goverla_uzhgorod__2016_2010s,6996,Goverla Uzhgorod (- 2016),2010s,58392,Vitaliy Fedoriv (58392),Ukraine,Defender - Centre-Back,Defender,CB,1,1,0.0,0,0,0,0,0,0,0.0,3.0,52.6,51.2,0.16754871301419294,1.0,51.2
6996_goverla_uzhgorod__2016_2010s_59038,6996_goverla_uzhgorod__2016_2010s,6996,Goverla Uzhgorod (- 2016),2010s,59038,Vitaliy Gavrysh (59038),Ukraine,Defender - Centre-Back,Defender,CB,1,1,0.0,0,0,0,2,0,0,0.0,3.0,52.6,51.2,0.16754871301419294,1.0,51.2
6996_goverla_uzhgorod__2016_2010s_76071,6996_goverla_uzhgorod__2016_2010s,6996,Goverla Uzhgorod (- 2016),2010s,76071,Leandro (76071),Brazil  Poland,Defender - Left-Back,Defender,LB,1,1,0.0,0,0,0,4,0,0,0.0,3.0,52.6,51.2,0.16754871301419294,1.0,51.2
6996_goverla_uzhgorod__2016_2010s_97835,6996_goverla_uzhgorod__2016_2010s,6996,Goverla Uzhgorod (- 2016),2010s,97835,Dmytro Yeremenko (97835),Ukraine,Attack - Right Winger,Attack,RM,1,1,0.0,0,0,0,0,0,0,0.0,3.0,52.6,51.2,0.16754871301419294,1.0,51.2
6996_goverla_uzhgorod__2016_2010s_136537,6996_goverla_uzhgorod__2016_2010s,6996,Goverla Uzhgorod (- 2016),2010s,136537,Oleksiy Shevchenko (136537),Ukraine,Goalkeeper,Goalkeeper,GK,1,1,0.0,0,0,2,0,0,0,90.0,3.0,52.6,51.2,0.16754871301419294,1.0,51.2
6996_goverla_uzhgorod__2016_2010s_211317,6996_goverla_uzhgorod__2016_2010s,6996,Goverla Uzhgorod (- 2016),2010s,211317,Robert Gegedosh (211317),Ukraine,Attack - Centre-Forward,Attack,FW,1,1,0.0,0,0,0,0,0,0,0.0,3.0,52.6,51.2,0.16754871301419294,1.0,51.2
6996_goverla_uzhgorod__2016_2010s_216579,6996_goverla_uzhgorod__2016_2010s,6996,Goverla Uzhgorod (- 2016),2010s,216579,Pavlo Polegenko (216579),Ukraine,Defender - Right-Back,Defender,RB,1,1,0.0,0,0,0,0,0,0,0.0,3.0,52.6,51.2,0.16754871301419294,1.0,51.2
6996_goverla_uzhgorod__2016_2010s_226093,6996_goverla_uzhgorod__2016_2010s,6996,Goverla Uzhgorod (- 2016),2010s,226093,Lorenco Simic (226093),Croatia,Defender - Centre-Back,Defender,CB,1,1,0.0,0,0,0,1,0,0,0.0,3.0,52.6,51.2,0.16754871301419294,1.0,51.2
6996_goverla_uzhgorod__2016_2010s_355130,6996_goverla_uzhgorod__2016_2010s,6996,Goverla Uzhgorod (- 2016),2010s,355130,Mykhaylo Ryashko (355130),Ukraine  Hungary,Defender - Centre-Back,Defender,CB,1,1,0.0,0,0,0,3,0,0,0.0,3.0,52.6,51.2,0.16754871301419294,1.0,51.2
6996_goverla_uzhgorod__2016_2010s_382527,6996_goverla_uzhgorod__2016_2010s,6996,Goverla Uzhgorod (- 2016),2010s,382527,Viktor Gey (382527),Ukraine  Hungary,Defender - Right-Back,Defender,RB,1,1,0.0,0,0,0,1,0,0,0.0,3.0,52.6,51.2,0.16754871301419294,1.0,51.2
6996_goverla_uzhgorod__2016_2010s_27172,6996_goverla_uzhgorod__2016_2010s,6996,Goverla Uzhgorod (- 2016),2010s,27172,Pavlo Kutas (27172),Ukraine,Defender - Right-Back,Defender,RB,1,1,0.0,0,0,0,6,1,0,0.0,1.5,51.3,45.4,0.00950204474380563,1.0,45.4
6996_goverla_uzhgorod__2016_2010s_280234,6996_goverla_uzhgorod__2016_2010s,6996,Goverla Uzhgorod (- 2016),2010s,280234,Oleksiy Savchenko (280234),Ukraine,Midfield - Defensive Midfield,Midfield,CDM,1,1,0.0,0,0,0,7,0,0,0.0,0.0,50.0,45.0,0.0006013952369497233,1.0,45.0
6996_goverla_zakarpattya_uzhgorod_2010s_59950,6996_goverla_zakarpattya_uzhgorod_2010s,6996,Goverla-Zakarpattya Uzhgorod,2010s,59950,Damien Le Tallec (59950),France  Russia,Midfield - Defensive Midfield,Midfield,CDM,1,1,5.0,2,0,0,2,0,0,272.0,36.0,95.0,75.3,0.832571566033197,1.0,75.3
6996_goverla_zakarpattya_uzhgorod_2010s_1716,6996_goverla_zakarpattya_uzhgorod_2010s,6996,Goverla-Zakarpattya Uzhgorod,2010s,1716,David Odonkor (1716),Germany,Attack - Right Winger,Attack,RM,1,1,2.0,3,0,0,2,0,1,532.0,25.0,81.2,72.2,0.7552321385614625,1.0,72.2
6996_goverla_zakarpattya_uzhgorod_2010s_91450,6996_goverla_zakarpattya_uzhgorod_2010s,6996,Goverla-Zakarpattya Uzhgorod,2010s,91450,Oleg Mishchenko (91450),Ukraine,Attack - Right Winger,Attack,RM,1,1,3.0,0,0,0,2,0,0,390.0,18.0,72.5,69.1,0.6780129901371181,1.0,69.1
6996_goverla_zakarpattya_uzhgorod_2010s_15463,6996_goverla_zakarpattya_uzhgorod_2010s,6996,Goverla-Zakarpattya Uzhgorod,2010s,15463,Jordi López (15463),Spain,Midfield - Central Midfield,Midfield,CM,1,1,2.0,1,0,0,1,0,0,334.0,17.0,71.2,68.6,0.6645417368294443,1.0,68.6
6996_goverla_zakarpattya_uzhgorod_2010s_31348,6996_goverla_zakarpattya_uzhgorod_2010s,6996,Goverla-Zakarpattya Uzhgorod,2010s,31348,Sotiris Balafas (31348),Greece,Defender - Centre-Back,Defender,CB,1,1,2.0,1,0,0,7,0,0,890.0,16.0,70.0,67.9,0.6464998797209526,1.0,67.9
6996_goverla_zakarpattya_uzhgorod_2010s_96455,6996_goverla_zakarpattya_uzhgorod_2010s,6996,Goverla-Zakarpattya Uzhgorod,2010s,96455,Yevgen Makarenko (96455),Ukraine,Midfield - Defensive Midfield,Midfield,CDM,1,1,1.0,2,0,0,3,0,0,2208.0,16.0,70.0,67.9,0.6464998797209526,1.0,67.9
6996_goverla_zakarpattya_uzhgorod_2010s_58413,6996_goverla_zakarpattya_uzhgorod_2010s,6996,Goverla-Zakarpattya Uzhgorod,2010s,58413,Volodymyr Lysenko (58413),Ukraine,Attack - Centre-Forward,Attack,FW,1,1,2.0,0,0,0,1,1,0,242.0,11.5,64.4,65.0,0.5601395236949723,1.0,65.0
6996_goverla_zakarpattya_uzhgorod_2010s_42621,6996_goverla_zakarpattya_uzhgorod_2010s,6996,Goverla-Zakarpattya Uzhgorod,2010s,42621,Vitalie Bordian (42621),Moldova  Russia,Defender - Centre-Back,Defender,CB,1,1,0.0,2,0,0,1,0,0,0.0,11.0,63.8,64.6,0.5475102237190281,1.0,64.6
6996_goverla_zakarpattya_uzhgorod_2010s_131553,6996_goverla_zakarpattya_uzhgorod_2010s,6996,Goverla-Zakarpattya Uzhgorod,2010s,131553,Vyacheslav Churko (131553),Ukraine  Hungary,Midfield - Attacking Midfield,Midfield,AM,1,1,0.0,2,0,0,0,0,0,0.0,11.0,63.8,64.6,0.5475102237190281,1.0,64.6
6996_goverla_zakarpattya_uzhgorod_2010s_72899,6996_goverla_zakarpattya_uzhgorod_2010s,6996,Goverla-Zakarpattya Uzhgorod,2010s,72899,Oleksandr Sytnyk (72899),Ukraine,Midfield - Right Midfield,Midfield,RM,1,1,0.0,1,0,0,1,0,0,0.0,7.0,58.8,60.4,0.42097666586480637,1.0,60.4
6996_goverla_zakarpattya_uzhgorod_2010s_58427,6996_goverla_zakarpattya_uzhgorod_2010s,6996,Goverla-Zakarpattya Uzhgorod,2010s,58427,Kyrylo Petrov (58427),Ukraine,Midfield - Defensive Midfield,Midfield,CDM,1,1,1.0,0,0,0,1,0,0,1060.0,6.0,57.5,58.6,0.36901611739235024,1.0,58.6
6996_goverla_zakarpattya_uzhgorod_2010s_3978,6996_goverla_zakarpattya_uzhgorod_2010s,6996,Goverla-Zakarpattya Uzhgorod,2010s,3978,Svetoslav Todorov (3978),Bulgaria  England,Attack - Centre-Forward,Attack,FW,1,1,0.0,0,0,0,1,0,0,0.0,3.0,53.8,51.2,0.16754871301419294,1.0,51.2
6996_goverla_zakarpattya_uzhgorod_2010s_17206,6996_goverla_zakarpattya_uzhgorod_2010s,6996,Goverla-Zakarpattya Uzhgorod,2010s,17206,Aleksandar Trisovic (17206),Serbia,Midfield - Left Midfield,Midfield,LM,1,1,0.0,0,0,0,1,0,0,0.0,3.0,53.8,51.2,0.16754871301419294,1.0,51.2
6996_goverla_zakarpattya_uzhgorod_2010s_24061,6996_goverla_zakarpattya_uzhgorod_2010s,6996,Goverla-Zakarpattya Uzhgorod,2010s,24061,Sergiy Valyaev (24061),Ukraine,Midfield - Central Midfield,Midfield,CM,1,1,0.0,0,0,0,0,0,0,0.0,3.0,53.8,51.2,0.16754871301419294,1.0,51.2
6996_goverla_zakarpattya_uzhgorod_2010s_27236,6996_goverla_zakarpattya_uzhgorod_2010s,6996,Goverla-Zakarpattya Uzhgorod,2010s,27236,Nemanja Rnic (27236),Serbia,Defender - Centre-Back,Defender,CB,1,1,0.0,0,0,0,4,0,0,0.0,3.0,53.8,51.2,0.16754871301419294,1.0,51.2
6996_goverla_zakarpattya_uzhgorod_2010s_57894,6996_goverla_zakarpattya_uzhgorod_2010s,6996,Goverla-Zakarpattya Uzhgorod,2010s,57894,Vladyslav Mykulyak (57894),Ukraine,Midfield - Central Midfield,Midfield,CM,1,1,0.0,0,0,0,2,0,0,0.0,3.0,53.8,51.2,0.16754871301419294,1.0,51.2
6996_goverla_zakarpattya_uzhgorod_2010s_58389,6996_goverla_zakarpattya_uzhgorod_2010s,6996,Goverla-Zakarpattya Uzhgorod,2010s,58389,Oleg Dopilka (58389),Ukraine,Defender - Centre-Back,Defender,CB,1,1,0.0,0,0,0,3,0,0,0.0,3.0,53.8,51.2,0.16754871301419294,1.0,51.2
6996_goverla_zakarpattya_uzhgorod_2010s_71725,6996_goverla_zakarpattya_uzhgorod_2010s,6996,Goverla-Zakarpattya Uzhgorod,2010s,71725,Oleksandr Nad (71725),Ukraine  Hungary,Goalkeeper,Goalkeeper,GK,1,1,0.0,0,0,24,2,0,0,810.0,3.0,53.8,51.2,0.16754871301419294,1.0,51.2
6996_zakarpattya_uzhgorod_2000s_167028,6996_zakarpattya_uzhgorod_2000s,6996,Zakarpattya Uzhgorod,2000s,167028,Igor Prodan (167028),Ukraine,Attack - Centre-Forward,Attack,FW,2,2,10.0,2,0,0,3,0,0,512.0,64.0,95.0,81.6,0.9200144334856868,1.0,81.6
6996_zakarpattya_uzhgorod_2000s_57894,6996_zakarpattya_uzhgorod_2000s,6996,Zakarpattya Uzhgorod,2000s,57894,Vladyslav Mykulyak (57894),Ukraine,Midfield - Central Midfield,Midfield,CM,3,3,4.0,5,0,0,11,0,0,1289.0,49.0,84.5,78.9,0.8857349049795525,1.0,78.9
6996_zakarpattya_uzhgorod_2000s_58046,6996_zakarpattya_uzhgorod_2000s,6996,Zakarpattya Uzhgorod,2000s,58046,Vasyl Kobin (58046),Ukraine,Defender - Right-Back,Defender,RB,2,2,2.0,8,0,0,8,0,0,1217.0,46.0,82.3,78.0,0.8755111859514073,1.0,78.0
6996_zakarpattya_uzhgorod_2000s_58255,6996_zakarpattya_uzhgorod_2000s,6996,Zakarpattya Uzhgorod,2000s,58255,Yuriy Tselykh (58255),Ukraine,Attack - Centre-Forward,Attack,FW,2,2,6.0,0,0,0,6,1,0,147.0,33.5,73.6,74.7,0.8181380803464037,1.0,74.7
6996_zakarpattya_uzhgorod_2000s_42624,6996_zakarpattya_uzhgorod_2000s,6996,Zakarpattya Uzhgorod,2000s,42624,Sergiy Davydov (42624),Ukraine,Attack - Centre-Forward,Attack,FW,1,1,3.0,3,0,0,5,0,0,724.0,30.0,71.1,73.8,0.7954053403897041,1.0,73.8
6996_zakarpattya_uzhgorod_2000s_42660,6996_zakarpattya_uzhgorod_2000s,6996,Zakarpattya Uzhgorod,2000s,42660,Valentyn Slyusar (42660),Ukraine,Midfield - Defensive Midfield,Midfield,CDM,2,2,3.0,2,0,0,10,0,0,3238.0,29.0,70.4,73.5,0.7883088765936974,1.0,73.5
6996_zakarpattya_uzhgorod_2000s_57888,6996_zakarpattya_uzhgorod_2000s,6996,Zakarpattya Uzhgorod,2000s,57888,Pavlo Ksyonz (57888),Ukraine,Defender - Right-Back,Defender,RB,2,2,2.0,3,0,0,2,0,0,1486.0,28.0,69.7,73.2,0.7803704594659611,1.0,73.2
6996_zakarpattya_uzhgorod_2000s_59922,6996_zakarpattya_uzhgorod_2000s,6996,Zakarpattya Uzhgorod,2000s,59922,Ruslan Yarosh (59922),Ukraine,Midfield - Central Midfield,Midfield,CM,2,2,1.0,3,0,0,4,0,0,2201.0,23.0,66.2,71.5,0.7382727928794804,1.0,71.5
6996_zakarpattya_uzhgorod_2000s_95210,6996_zakarpattya_uzhgorod_2000s,6996,Zakarpattya Uzhgorod,2000s,95210,Mykhaylo Gurka (95210),Ukraine,Defender,Defender,CB,2,2,0.0,4,0,0,9,0,0,0.0,22.0,65.5,71.1,0.7276882367091653,1.0,71.1
6996_zakarpattya_uzhgorod_2000s_35142,6996_zakarpattya_uzhgorod_2000s,6996,Zakarpattya Uzhgorod,2000s,35142,Taras Lutsenko (35142),Ukraine,Goalkeeper,Goalkeeper,GK,1,1,0.0,0,11,26,0,0,0,2501.0,19.5,63.7,69.9,0.6968968005773394,1.0,69.9
6996_zakarpattya_uzhgorod_2000s_24008,6996_zakarpattya_uzhgorod_2000s,6996,Zakarpattya Uzhgorod,2000s,24008,Rubén Gomez (24008),Argentina,Midfield - Central Midfield,Midfield,CM,1,1,2.0,1,0,0,0,1,2,844.0,15.5,60.9,67.6,0.6383209044984364,1.0,67.6
6996_zakarpattya_uzhgorod_2000s_57870,6996_zakarpattya_uzhgorod_2000s,6996,Zakarpattya Uzhgorod,2000s,57870,Eddy Dombraye (57870),Nigeria,Midfield - Attacking Midfield,Midfield,AM,2,2,1.0,1,0,0,2,0,0,908.0,15.0,60.5,67.4,0.6314649987972095,1.0,67.4
6996_zakarpattya_uzhgorod_2000s_17206,6996_zakarpattya_uzhgorod_2000s,6996,Zakarpattya Uzhgorod,2000s,17206,Aleksandar Trisovic (17206),Serbia,Midfield - Left Midfield,Midfield,LM,1,1,2.0,0,0,0,8,0,0,676.0,13.0,59.1,66.3,0.600072167428434,1.0,66.3
6996_zakarpattya_uzhgorod_2000s_58103,6996_zakarpattya_uzhgorod_2000s,6996,Zakarpattya Uzhgorod,2000s,58103,Ruslan Platon (58103),Ukraine  Russia,Attack - Centre-Forward,Attack,FW,1,1,2.0,0,0,0,2,0,0,421.0,13.0,59.1,66.3,0.600072167428434,1.0,66.3
6996_zakarpattya_uzhgorod_2000s_59133,6996_zakarpattya_uzhgorod_2000s,6996,Zakarpattya Uzhgorod,2000s,59133,Oleksandr Shevelyukhin (59133),Ukraine  Poland,Defender - Centre-Back,Defender,CB,1,1,2.0,0,0,0,1,0,0,360.0,13.0,59.1,66.3,0.600072167428434,1.0,66.3
6996_zakarpattya_uzhgorod_2000s_28924,6996_zakarpattya_uzhgorod_2000s,6996,Zakarpattya Uzhgorod,2000s,28924,Oleksiy Ivanov (28924),Ukraine,Midfield - Attacking Midfield,Midfield,AM,1,1,0.0,2,0,0,1,0,0,0.0,11.0,57.7,64.6,0.5475102237190281,1.0,64.6
6996_zakarpattya_uzhgorod_2000s_57864,6996_zakarpattya_uzhgorod_2000s,6996,Zakarpattya Uzhgorod,2000s,57864,Igor Chuchman (57864),Ukraine  Kazakhstan,Defender - Centre-Back,Defender,CB,3,3,1.0,0,0,0,8,1,0,2059.0,10.5,57.4,64.1,0.5318739475583354,1.0,64.1
6996_zakarpattya_uzhgorod_2000s_25739,6996_zakarpattya_uzhgorod_2000s,6996,Zakarpattya Uzhgorod,2000s,25739,Kakhaber Aladashvili (25739),Georgia,Defender - Right-Back,Defender,RB,1,1,0.0,2,0,0,4,0,0,0.0,10.0,57.0,63.6,0.5188838104402214,1.0,63.6
6996_zakarpattya_uzhgorod_2000s_58051,6996_zakarpattya_uzhgorod_2000s,6996,Zakarpattya Uzhgorod,2000s,58051,Mykhaylo Kopolovets (58051),Ukraine  Hungary,Attack - Left Winger,Attack,LM,2,2,0.0,1,0,0,1,0,0,0.0,10.0,57.0,63.6,0.5188838104402214,1.0,63.6
6996_zakarpattya_uzhgorod_2000s_71725,6996_zakarpattya_uzhgorod_2000s,6996,Zakarpattya Uzhgorod,2000s,71725,Oleksandr Nad (71725),Ukraine  Hungary,Goalkeeper,Goalkeeper,GK,3,3,0.0,0,0,24,0,0,0,900.0,9.0,56.3,62.9,0.49735386095742123,1.0,62.9
6996_zakarpattya_uzhgorod_2000s_91475,6996_zakarpattya_uzhgorod_2000s,6996,Zakarpattya Uzhgorod,2000s,91475,Volodymyr Ovsienko (91475),Ukraine,Goalkeeper,Goalkeeper,GK,3,3,0.0,0,0,20,1,0,0,919.0,9.0,56.3,62.9,0.49735386095742123,1.0,62.9
6996_zakarpattya_uzhgorod_2000s_12064,6996_zakarpattya_uzhgorod_2000s,6996,Zakarpattya Uzhgorod,2000s,12064,Igor Skoba (12064),Ukraine  Russia,Midfield - Central Midfield,Midfield,CM,1,1,1.0,0,0,0,2,0,0,583.0,8.0,55.6,61.9,0.46572047149386575,1.0,61.9
6996_zakarpattya_uzhgorod_2000s_24149,6996_zakarpattya_uzhgorod_2000s,6996,Zakarpattya Uzhgorod,2000s,24149,Yevgen Lysytsyn (24149),Ukraine,Midfield - Right Midfield,Midfield,RM,1,1,1.0,0,0,0,1,0,0,279.0,8.0,55.6,61.9,0.46572047149386575,1.0,61.9
6996_zakarpattya_uzhgorod_2000s_91312,6996_zakarpattya_uzhgorod_2000s,6996,Zakarpattya Uzhgorod,2000s,91312,Anton Shendrik (91312),Russia  Ukraine,Defender - Centre-Back,Defender,CB,1,1,1.0,0,0,0,1,0,0,679.0,8.0,55.6,61.9,0.46572047149386575,1.0,61.9
6996_zakarpattya_uzhgorod_2000s_27204,6996_zakarpattya_uzhgorod_2000s,6996,Zakarpattya Uzhgorod,2000s,27204,Vsevolod Romanenko (27204),Ukraine,Goalkeeper,Goalkeeper,GK,2,2,0.0,0,1,20,0,0,0,554.0,7.5,55.3,61.1,0.44274717344238634,1.0,61.1
6996_zakarpattya_uzhgorod_2000s_58043,6996_zakarpattya_uzhgorod_2000s,6996,Zakarpattya Uzhgorod,2000s,58043,Rustam Khudzhamov (58043),Ukraine,Goalkeeper,Goalkeeper,GK,1,1,0.0,0,3,12,1,0,0,851.0,7.5,55.3,61.1,0.44274717344238634,1.0,61.1
6996_zakarpattya_uzhgorod_2000s_76071,6996_zakarpattya_uzhgorod_2000s,6996,Zakarpattya Uzhgorod,2000s,76071,Leandro (76071),Brazil  Poland,Defender - Left-Back,Defender,LB,1,1,0.0,1,0,0,2,0,0,0.0,7.0,54.9,60.4,0.42097666586480637,1.0,60.4
6996_zakarpattya_uzhgorod_2000s_92461,6996_zakarpattya_uzhgorod_2000s,6996,Zakarpattya Uzhgorod,2000s,92461,Yuriy Seleznyov (92461),Ukraine,Midfield - Central Midfield,Midfield,CM,1,1,0.0,1,0,0,0,0,0,0.0,7.0,54.9,60.4,0.42097666586480637,1.0,60.4
6996_zakarpattya_uzhgorod_2000s_81633,6996_zakarpattya_uzhgorod_2000s,6996,Zakarpattya Uzhgorod,2000s,81633,Marian Marushchak (81633),Ukraine,Goalkeeper,Goalkeeper,GK,2,2,0.0,0,0,7,0,0,0,138.0,6.0,54.2,58.6,0.36901611739235024,1.0,58.6
6996_zakarpattya_uzhgorod_2000s_68915,6996_zakarpattya_uzhgorod_2000s,6996,Zakarpattya Uzhgorod,2000s,68915,Oleg Krasnopyorov (68915),Ukraine,Midfield - Defensive Midfield,Midfield,CDM,1,1,0.0,1,0,0,3,0,0,0.0,5.0,53.5,57.4,0.33317296127014673,1.0,57.4
6996_zakarpattya_uzhgorod_2000s_24042,6996_zakarpattya_uzhgorod_2000s,6996,Zakarpattya Uzhgorod,2000s,24042,Sergiy Motuz (24042),Ukraine,Attack - Centre-Forward,Attack,FW,1,1,0.0,0,0,0,2,0,0,0.0,3.0,52.1,51.2,0.16754871301419294,1.0,51.2
6996_zakarpattya_uzhgorod_2000s_24046,6996_zakarpattya_uzhgorod_2000s,6996,Zakarpattya Uzhgorod,2000s,24046,Oleksandr Radchenko (24046),Ukraine,Defender - Left-Back,Defender,LB,1,1,0.0,0,0,0,4,0,0,0.0,3.0,52.1,51.2,0.16754871301419294,1.0,51.2
6996_zakarpattya_uzhgorod_2000s_24053,6996_zakarpattya_uzhgorod_2000s,6996,Zakarpattya Uzhgorod,2000s,24053,Dmytro Semochko (24053),Ukraine  Russia,Defender - Left-Back,Defender,LB,1,1,0.0,0,0,0,0,0,0,0.0,3.0,52.1,51.2,0.16754871301419294,1.0,51.2
6996_zakarpattya_uzhgorod_2000s_27172,6996_zakarpattya_uzhgorod_2000s,6996,Zakarpattya Uzhgorod,2000s,27172,Pavlo Kutas (27172),Ukraine,Defender - Right-Back,Defender,RB,1,1,0.0,0,0,0,0,0,0,0.0,3.0,52.1,51.2,0.16754871301419294,1.0,51.2
6996_zakarpattya_uzhgorod_2000s_27215,6996_zakarpattya_uzhgorod_2000s,6996,Zakarpattya Uzhgorod,2000s,27215,Vyacheslav Tereshchenko (27215),Ukraine,Attack - Centre-Forward,Attack,FW,1,1,0.0,0,0,0,0,0,0,0.0,3.0,52.1,51.2,0.16754871301419294,1.0,51.2
6996_zakarpattya_uzhgorod_2000s_59440,6996_zakarpattya_uzhgorod_2000s,6996,Zakarpattya Uzhgorod,2000s,59440,Anton Postupalenko (59440),Ukraine,Midfield - Attacking Midfield,Midfield,AM,1,1,0.0,0,0,0,0,0,0,0.0,3.0,52.1,51.2,0.16754871301419294,1.0,51.2
6996_zakarpattya_uzhgorod_2000s_91548,6996_zakarpattya_uzhgorod_2000s,6996,Zakarpattya Uzhgorod,2000s,91548,Yuriy Kudinov (91548),Ukraine,Attack - Centre-Forward,Attack,FW,1,1,0.0,0,0,0,0,0,0,0.0,3.0,52.1,51.2,0.16754871301419294,1.0,51.2
6996_zakarpattya_uzhgorod_2000s_91723,6996_zakarpattya_uzhgorod_2000s,6996,Zakarpattya Uzhgorod,2000s,91723,Vitaliy Kalinichenko (91723),Ukraine,Defender - Centre-Back,Defender,CB,1,1,0.0,0,0,0,0,0,0,0.0,3.0,52.1,51.2,0.16754871301419294,1.0,51.2
6996_zakarpattya_uzhgorod_2000s_109746,6996_zakarpattya_uzhgorod_2000s,6996,Zakarpattya Uzhgorod,2000s,109746,Artem Yevlanov (109746),Ukraine  Russia,Midfield - Right Midfield,Midfield,RM,1,1,0.0,0,0,0,0,0,0,0.0,3.0,52.1,51.2,0.16754871301419294,1.0,51.2
6996_zakarpattya_uzhgorod_2000s_118430,6996_zakarpattya_uzhgorod_2000s,6996,Zakarpattya Uzhgorod,2000s,118430,Volodymyr Mazyar (118430),Ukraine,Attack - Centre-Forward,Attack,FW,1,1,0.0,0,0,0,0,0,0,0.0,3.0,52.1,51.2,0.16754871301419294,1.0,51.2
6996_zakarpattya_uzhgorod_2000s_126621,6996_zakarpattya_uzhgorod_2000s,6996,Zakarpattya Uzhgorod,2000s,126621,Oleksandr Grebenozhko (126621),Ukraine,Attack,Attack,FW,1,1,0.0,0,0,0,0,0,0,0.0,3.0,52.1,51.2,0.16754871301419294,1.0,51.2
6996_zakarpattya_uzhgorod_2000s_445405,6996_zakarpattya_uzhgorod_2000s,6996,Zakarpattya Uzhgorod,2000s,445405,Andriy Gerasymenko (445405),Ukraine,Attack - Centre-Forward,Attack,FW,1,1,0.0,0,0,0,0,0,0,0.0,3.0,52.1,51.2,0.16754871301419294,1.0,51.2
6996_zakarpattya_uzhgorod_2000s_146102,6996_zakarpattya_uzhgorod_2000s,6996,Zakarpattya Uzhgorod,2000s,146102,Volodymyr Kravchenko (146102),Ukraine,Midfield,Midfield,CM,1,1,0.0,0,0,0,0,0,0,0.0,1.0,50.7,45.1,0.0039692085638681745,1.0,45.1
81401_sc_poltava_2020s_325386,81401_sc_poltava_2020s,81401,SC Poltava,2020s,325386,Maksym Marusych (325386),Ukraine,Attack - Centre-Forward,Attack,FW,1,1,1.0,0,0,0,0,0,1,99.0,8.0,95.0,61.9,0.46572047149386575,1.0,61.9
81401_sc_poltava_2020s_497222,81401_sc_poltava_2020s,81401,SC Poltava,2020s,497222,Oleg Veremiyenko (497222),Ukraine,Defender - Centre-Back,Defender,CB,1,1,1.0,0,0,0,3,0,0,360.0,8.0,95.0,61.9,0.46572047149386575,1.0,61.9
81401_sc_poltava_2020s_581011,81401_sc_poltava_2020s,81401,SC Poltava,2020s,581011,Mykola Buzhyn (581011),Ukraine,Defender - Right-Back,Defender,RB,1,1,1.0,0,0,0,0,0,0,360.0,8.0,95.0,61.9,0.46572047149386575,1.0,61.9
81401_sc_poltava_2020s_923433,81401_sc_poltava_2020s,81401,SC Poltava,2020s,923433,Artem Onishchenko (923433),Ukraine,Midfield - Central Midfield,Midfield,CM,1,1,1.0,0,0,0,0,0,0,68.0,8.0,95.0,61.9,0.46572047149386575,1.0,61.9
81401_sc_poltava_2020s_395537,81401_sc_poltava_2020s,81401,SC Poltava,2020s,395537,Dmytro Plakhtyr (395537),Ukraine,Midfield - Defensive Midfield,Midfield,CDM,1,1,0.0,1,0,0,0,0,0,0.0,7.0,89.4,60.4,0.42097666586480637,1.0,60.4
81401_sc_poltava_2020s_1031028,81401_sc_poltava_2020s,81401,SC Poltava,2020s,1031028,Oleksandr Vivdych (1031028),Ukraine,Attack - Centre-Forward,Attack,FW,1,1,0.0,1,0,0,0,0,0,0.0,7.0,89.4,60.4,0.42097666586480637,1.0,60.4
81401_sc_poltava_2020s_249639,81401_sc_poltava_2020s,81401,SC Poltava,2020s,249639,Yevgen Misyura (249639),Ukraine,Defender - Centre-Back,Defender,CB,1,1,0.0,1,0,0,1,0,0,0.0,5.0,78.1,57.4,0.33317296127014673,1.0,57.4
81401_sc_poltava_2020s_271516,81401_sc_poltava_2020s,81401,SC Poltava,2020s,271516,Valeriy Voskonyan (271516),Armenia  Ukraine,Goalkeeper,Goalkeeper,GK,1,1,0.0,0,1,9,0,0,0,360.0,4.5,75.3,57.1,0.3246331489054607,1.0,57.1
81401_sc_poltava_2020s_86931,81401_sc_poltava_2020s,81401,SC Poltava,2020s,86931,Yevgen Opanasenko (86931),Ukraine,Defender - Right-Back,Defender,RB,1,1,0.0,0,0,0,0,0,0,0.0,3.0,66.9,51.2,0.16754871301419294,1.0,51.2
81401_sc_poltava_2020s_317944,81401_sc_poltava_2020s,81401,SC Poltava,2020s,317944,Ilya Khodulya (317944),Ukraine,Defender - Centre-Back,Defender,CB,1,1,0.0,0,0,0,0,0,0,0.0,3.0,66.9,51.2,0.16754871301419294,1.0,51.2
81401_sc_poltava_2020s_321947,81401_sc_poltava_2020s,81401,SC Poltava,2020s,321947,Andriy Savenkov (321947),Ukraine,Defender - Left-Back,Defender,LB,1,1,0.0,0,0,0,0,0,0,0.0,3.0,66.9,51.2,0.16754871301419294,1.0,51.2
81401_sc_poltava_2020s_376227,81401_sc_poltava_2020s,81401,SC Poltava,2020s,376227,Denys Galenkov (376227),Ukraine,Midfield - Left Midfield,Midfield,LM,1,1,0.0,0,0,0,1,0,0,0.0,3.0,66.9,51.2,0.16754871301419294,1.0,51.2
81401_sc_poltava_2020s_383082,81401_sc_poltava_2020s,81401,SC Poltava,2020s,383082,Yevgen Streltsov (383082),Ukraine,Attack - Centre-Forward,Attack,FW,1,1,0.0,0,0,0,0,0,0,0.0,3.0,66.9,51.2,0.16754871301419294,1.0,51.2
81401_sc_poltava_2020s_395069,81401_sc_poltava_2020s,81401,SC Poltava,2020s,395069,Volodymyr Odaryuk (395069),Ukraine,Attack - Right Winger,Attack,RM,1,1,0.0,0,0,0,1,0,0,0.0,3.0,66.9,51.2,0.16754871301419294,1.0,51.2
81401_sc_poltava_2020s_404847,81401_sc_poltava_2020s,81401,SC Poltava,2020s,404847,Oleksiy Khakhlyov (404847),Ukraine,Midfield - Central Midfield,Midfield,CM,1,1,0.0,0,0,0,0,0,0,0.0,3.0,66.9,51.2,0.16754871301419294,1.0,51.2
81401_sc_poltava_2020s_572163,81401_sc_poltava_2020s,81401,SC Poltava,2020s,572163,Daniil Yermolov (572163),Ukraine,Goalkeeper,Goalkeeper,GK,1,1,0.0,0,0,0,0,0,0,0.0,3.0,66.9,51.2,0.16754871301419294,1.0,51.2
81401_sc_poltava_2020s_721512,81401_sc_poltava_2020s,81401,SC Poltava,2020s,721512,Mykyta Kononov (721512),Ukraine,Defender - Right-Back,Defender,RB,1,1,0.0,0,0,0,1,0,0,0.0,3.0,66.9,51.2,0.16754871301419294,1.0,51.2
81401_sc_poltava_2020s_917287,81401_sc_poltava_2020s,81401,SC Poltava,2020s,917287,Vadym Pidlepych (917287),Ukraine,Defender - Centre-Back,Defender,CB,1,1,0.0,0,0,0,1,0,0,0.0,3.0,66.9,51.2,0.16754871301419294,1.0,51.2
81401_sc_poltava_2020s_1113558,81401_sc_poltava_2020s,81401,SC Poltava,2020s,1113558,Mykyta Minchev (1113558),Ukraine,Goalkeeper,Goalkeeper,GK,1,1,0.0,0,0,0,0,0,0,0.0,3.0,66.9,51.2,0.16754871301419294,1.0,51.2
81401_sc_poltava_2020s_1395982,81401_sc_poltava_2020s,81401,SC Poltava,2020s,1395982,Yan Shevchenko (1395982),Ukraine,Midfield - Central Midfield,Midfield,CM,1,1,0.0,0,0,0,0,0,0,0.0,3.0,66.9,51.2,0.16754871301419294,1.0,51.2
81401_sc_poltava_2020s_294786,81401_sc_poltava_2020s,81401,SC Poltava,2020s,294786,Svyatoslav Shapovalov (294786),Ukraine,Midfield - Defensive Midfield,Midfield,CDM,1,1,0.0,0,0,0,0,0,0,0.0,2.0,61.2,45.6,0.016237671397642532,1.0,45.6
83678_metalist_kharkiv_2020s_509837,83678_metalist_kharkiv_2020s,83678,Metalist Kharkiv,2020s,509837,Maksym Pryadun (509837),Ukraine,Attack - Centre-Forward,Attack,FW,1,1,9.0,4,0,0,4,0,0,243.0,63.0,95.0,81.4,0.9180899687274476,1.0,81.4
83678_metalist_kharkiv_2020s_307053,83678_metalist_kharkiv_2020s,83678,Metalist Kharkiv,2020s,307053,Sergiy Panasenko (307053),Ukraine,Midfield - Central Midfield,Midfield,CM,1,1,3.0,2,0,0,2,0,0,445.0,26.0,68.6,72.6,0.7647341833052682,1.0,72.6
83678_metalist_kharkiv_2020s_678783,83678_metalist_kharkiv_2020s,83678,Metalist Kharkiv,2020s,678783,Yevgen Pidlepenets (678783),Ukraine,Attack - Right Winger,Attack,RM,1,1,2.0,2,0,0,2,0,1,590.0,21.0,65.0,70.7,0.7179456338705797,1.0,70.7
83678_metalist_kharkiv_2020s_94925,83678_metalist_kharkiv_2020s,83678,Metalist Kharkiv,2020s,94925,Yegor Kartushov (94925),Ukraine,Midfield - Left Midfield,Midfield,LM,1,1,1.0,3,0,0,1,0,0,1876.0,20.0,64.3,70.2,0.7051960548472456,1.0,70.2
83678_metalist_kharkiv_2020s_387198,83678_metalist_kharkiv_2020s,83678,Metalist Kharkiv,2020s,387198,Yegor Demchenko (387198),Ukraine,Midfield - Central Midfield,Midfield,CM,1,1,1.0,3,0,0,7,1,0,1276.0,18.5,63.2,69.4,0.684868895838345,1.0,69.4
83678_metalist_kharkiv_2020s_337198,83678_metalist_kharkiv_2020s,83678,Metalist Kharkiv,2020s,337198,Bogdan Boychuk (337198),Ukraine,Attack - Right Winger,Attack,RM,1,1,2.0,1,0,0,1,0,1,316.0,17.0,62.1,68.6,0.6645417368294443,1.0,68.6
83678_metalist_kharkiv_2020s_428380,83678_metalist_kharkiv_2020s,83678,Metalist Kharkiv,2020s,428380,Yuriy Romanyuk (428380),Ukraine,Defender - Right-Back,Defender,RB,1,1,1.0,2,0,0,5,1,0,1813.0,14.5,60.4,67.2,0.6248496511907625,1.0,67.2
83678_metalist_kharkiv_2020s_248931,83678_metalist_kharkiv_2020s,83678,Metalist Kharkiv,2020s,248931,Oleksandr Kapliyenko (248931),Ukraine,Defender - Left-Back,Defender,LB,1,1,2.0,0,0,0,2,0,0,558.0,12.0,58.6,65.5,0.5752946836661054,1.0,65.5
83678_metalist_kharkiv_2020s_404845,83678_metalist_kharkiv_2020s,83678,Metalist Kharkiv,2020s,404845,Vladyslav Naumets (404845),Ukraine,Attack - Right Winger,Attack,RM,1,1,1.0,1,0,0,0,0,0,939.0,12.0,58.6,65.5,0.5752946836661054,1.0,65.5
83678_metalist_kharkiv_2020s_771909,83678_metalist_kharkiv_2020s,83678,Metalist Kharkiv,2020s,771909,Aleks Chidomere (771909),Ukraine  Nigeria,Midfield - Attacking Midfield,Midfield,AM,1,1,1.0,1,0,0,4,0,0,689.0,12.0,58.6,65.5,0.5752946836661054,1.0,65.5
83678_metalist_kharkiv_2020s_91380,83678_metalist_kharkiv_2020s,83678,Metalist Kharkiv,2020s,91380,Dmytro Korkishko (91380),Ukraine,Attack - Left Winger,Attack,LM,1,1,1.0,0,0,0,3,0,1,628.0,8.0,55.7,61.9,0.46572047149386575,1.0,61.9
83678_metalist_kharkiv_2020s_572163,83678_metalist_kharkiv_2020s,83678,Metalist Kharkiv,2020s,572163,Daniil Yermolov (572163),Ukraine,Goalkeeper,Goalkeeper,GK,1,1,0.0,0,3,28,1,0,0,1170.0,7.5,55.4,61.1,0.44274717344238634,1.0,61.1
83678_metalist_kharkiv_2020s_94923,83678_metalist_kharkiv_2020s,83678,Metalist Kharkiv,2020s,94923,Igor Chaykovskyi (94923),Ukraine,Midfield - Defensive Midfield,Midfield,CDM,1,1,0.0,1,0,0,3,0,0,0.0,7.0,55.0,60.4,0.42097666586480637,1.0,60.4
83678_metalist_kharkiv_2020s_1082915,83678_metalist_kharkiv_2020s,83678,Metalist Kharkiv,2020s,1082915,Gennadiy Synchuk (1082915),Ukraine,Attack - Right Winger,Attack,RM,1,1,0.0,1,0,0,0,0,0,0.0,7.0,55.0,60.4,0.42097666586480637,1.0,60.4
83678_metalist_kharkiv_2020s_487194,83678_metalist_kharkiv_2020s,83678,Metalist Kharkiv,2020s,487194,Pathy Malumandsoko (487194),France  DR Congo,Defender - Centre-Back,Defender,CB,1,1,1.0,0,0,0,0,1,0,351.0,6.5,54.6,59.7,0.40161173923502524,1.0,59.7
83678_metalist_kharkiv_2020s_661776,83678_metalist_kharkiv_2020s,83678,Metalist Kharkiv,2020s,661776,Bogdan Porokh (661776),Ukraine,Defender - Centre-Back,Defender,CB,1,1,1.0,0,0,0,3,1,0,1150.0,6.5,54.6,59.7,0.40161173923502524,1.0,59.7
83678_metalist_kharkiv_2020s_747315,83678_metalist_kharkiv_2020s,83678,Metalist Kharkiv,2020s,747315,Orest Kostyk (747315),Ukraine,Goalkeeper,Goalkeeper,GK,1,1,0.0,0,2,20,1,0,0,1052.0,6.0,54.3,58.6,0.36901611739235024,1.0,58.6
83678_metalist_kharkiv_2020s_767643,83678_metalist_kharkiv_2020s,83678,Metalist Kharkiv,2020s,767643,Oleksandr Myzyuk (767643),Ukraine,Defender - Centre-Back,Defender,CB,1,1,1.0,0,0,0,6,0,0,2480.0,6.0,54.3,58.6,0.36901611739235024,1.0,58.6
83678_metalist_kharkiv_2020s_369093,83678_metalist_kharkiv_2020s,83678,Metalist Kharkiv,2020s,369093,Andriy Ralyuchenko (369093),Ukraine,Midfield - Defensive Midfield,Midfield,CDM,1,1,0.0,1,0,0,8,1,0,0.0,5.5,53.9,57.5,0.3363002165022853,1.0,57.5
83678_metalist_kharkiv_2020s_19619,83678_metalist_kharkiv_2020s,83678,Metalist Kharkiv,2020s,19619,Oleksandr Rybka (19619),Ukraine,Goalkeeper,Goalkeeper,GK,1,1,0.0,0,1,10,1,0,0,478.0,4.5,53.2,57.1,0.3246331489054607,1.0,57.1
83678_metalist_kharkiv_2020s_54031,83678_metalist_kharkiv_2020s,83678,Metalist Kharkiv,2020s,54031,Anderson Pico (54031),Brazil,Defender - Left-Back,Defender,LB,1,1,0.0,0,0,0,0,0,0,0.0,3.0,52.1,51.2,0.16754871301419294,1.0,51.2
83678_metalist_kharkiv_2020s_58392,83678_metalist_kharkiv_2020s,83678,Metalist Kharkiv,2020s,58392,Vitaliy Fedoriv (58392),Ukraine,Defender - Centre-Back,Defender,CB,1,1,0.0,0,0,0,2,0,0,0.0,3.0,52.1,51.2,0.16754871301419294,1.0,51.2
83678_metalist_kharkiv_2020s_213980,83678_metalist_kharkiv_2020s,83678,Metalist Kharkiv,2020s,213980,Vyacheslav Tankovskyi (213980),Ukraine,Midfield - Central Midfield,Midfield,CM,1,1,0.0,0,0,0,5,0,0,0.0,3.0,52.1,51.2,0.16754871301419294,1.0,51.2
83678_metalist_kharkiv_2020s_307308,83678_metalist_kharkiv_2020s,83678,Metalist Kharkiv,2020s,307308,Volodymyr Shopin (307308),Ukraine,Defender - Left-Back,Defender,LB,1,1,0.0,0,0,0,0,0,0,0.0,3.0,52.1,51.2,0.16754871301419294,1.0,51.2
83678_metalist_kharkiv_2020s_375955,83678_metalist_kharkiv_2020s,83678,Metalist Kharkiv,2020s,375955,Yegor Klymenchuk (375955),Ukraine,Defender - Left-Back,Defender,LB,1,1,0.0,0,0,0,2,0,0,0.0,3.0,52.1,51.2,0.16754871301419294,1.0,51.2
83678_metalist_kharkiv_2020s_379714,83678_metalist_kharkiv_2020s,83678,Metalist Kharkiv,2020s,379714,Roberto Corral (379714),Spain,Defender - Left-Back,Defender,LB,1,1,0.0,0,0,0,2,0,0,0.0,3.0,52.1,51.2,0.16754871301419294,1.0,51.2
83678_metalist_kharkiv_2020s_669312,83678_metalist_kharkiv_2020s,83678,Metalist Kharkiv,2020s,669312,Yevgeniy Ryazantsev (669312),Ukraine,Attack - Right Winger,Attack,RM,1,1,0.0,0,0,0,1,0,0,0.0,3.0,52.1,51.2,0.16754871301419294,1.0,51.2
83678_metalist_kharkiv_2020s_774533,83678_metalist_kharkiv_2020s,83678,Metalist Kharkiv,2020s,774533,Dmytro Shamych (774533),Ukraine,Attack - Right Winger,Attack,RM,1,1,0.0,0,0,0,1,0,0,0.0,3.0,52.1,51.2,0.16754871301419294,1.0,51.2
83678_metalist_kharkiv_2020s_774554,83678_metalist_kharkiv_2020s,83678,Metalist Kharkiv,2020s,774554,Myroslav Znovenko (774554),Ukraine  Russia,Goalkeeper,Goalkeeper,GK,1,1,0.0,0,0,0,0,0,0,0.0,3.0,52.1,51.2,0.16754871301419294,1.0,51.2
83678_metalist_kharkiv_2020s_808113,83678_metalist_kharkiv_2020s,83678,Metalist Kharkiv,2020s,808113,Maksym Bagachanskyi (808113),Ukraine,Midfield - Central Midfield,Midfield,CM,1,1,0.0,0,0,0,0,0,0,0.0,3.0,52.1,51.2,0.16754871301419294,1.0,51.2
83678_metalist_kharkiv_2020s_808114,83678_metalist_kharkiv_2020s,83678,Metalist Kharkiv,2020s,808114,Oleksiy Goryainov (808114),Ukraine,Midfield - Central Midfield,Midfield,CM,1,1,0.0,0,0,0,0,0,0,0.0,3.0,52.1,51.2,0.16754871301419294,1.0,51.2
83678_metalist_kharkiv_2020s_814454,83678_metalist_kharkiv_2020s,83678,Metalist Kharkiv,2020s,814454,Samuel (814454),Brazil,Midfield - Defensive Midfield,Midfield,CDM,1,1,0.0,0,0,0,1,0,0,0.0,3.0,52.1,51.2,0.16754871301419294,1.0,51.2
83678_metalist_kharkiv_2020s_936939,83678_metalist_kharkiv_2020s,83678,Metalist Kharkiv,2020s,936939,Mykola Yarosh (936939),Ukraine,Goalkeeper,Goalkeeper,GK,1,1,0.0,0,0,0,0,0,0,0.0,3.0,52.1,51.2,0.16754871301419294,1.0,51.2
83678_metalist_kharkiv_2020s_977486,83678_metalist_kharkiv_2020s,83678,Metalist Kharkiv,2020s,977486,Yegor Krasnikov (977486),Ukraine,Attack - Centre-Forward,Attack,FW,1,1,0.0,0,0,0,0,0,0,0.0,3.0,52.1,51.2,0.16754871301419294,1.0,51.2
83678_metalist_kharkiv_2020s_1059104,83678_metalist_kharkiv_2020s,83678,Metalist Kharkiv,2020s,1059104,Oleksandr Nikolyshyn (1059104),Ukraine,Defender - Centre-Back,Defender,CB,1,1,0.0,0,0,0,3,0,0,0.0,3.0,52.1,51.2,0.16754871301419294,1.0,51.2
83678_metalist_kharkiv_2020s_1074042,83678_metalist_kharkiv_2020s,83678,Metalist Kharkiv,2020s,1074042,Danylo Kaydalov (1074042),Ukraine,Attack - Left Winger,Attack,LM,1,1,0.0,0,0,0,1,0,0,0.0,3.0,52.1,51.2,0.16754871301419294,1.0,51.2
83678_metalist_kharkiv_2020s_1074059,83678_metalist_kharkiv_2020s,83678,Metalist Kharkiv,2020s,1074059,Kyrylo Digtyar (1074059),Ukraine,Defender - Left-Back,Defender,LB,1,1,0.0,0,0,0,0,0,0,0.0,3.0,52.1,51.2,0.16754871301419294,1.0,51.2
83678_metalist_kharkiv_2020s_1120127,83678_metalist_kharkiv_2020s,83678,Metalist Kharkiv,2020s,1120127,Kyrylo Vlaga (1120127),Ukraine,Defender - Right-Back,Defender,RB,1,1,0.0,0,0,0,0,0,0,0.0,3.0,52.1,51.2,0.16754871301419294,1.0,51.2
83678_metalist_kharkiv_2020s_1120726,83678_metalist_kharkiv_2020s,83678,Metalist Kharkiv,2020s,1120726,Sergiy Shumilov (1120726),Ukraine,Goalkeeper,Goalkeeper,GK,1,1,0.0,0,0,0,0,0,0,0.0,3.0,52.1,51.2,0.16754871301419294,1.0,51.2
83678_metalist_kharkiv_2020s_1138479,83678_metalist_kharkiv_2020s,83678,Metalist Kharkiv,2020s,1138479,Daniel Vernattus (1138479),Ukraine  Nigeria,Defender - Left-Back,Defender,LB,1,1,0.0,0,0,0,0,0,0,0.0,3.0,52.1,51.2,0.16754871301419294,1.0,51.2
83678_metalist_kharkiv_2020s_1140587,83678_metalist_kharkiv_2020s,83678,Metalist Kharkiv,2020s,1140587,Daniil Prykhodko (1140587),Ukraine,Midfield - Right Midfield,Midfield,RM,1,1,0.0,0,0,0,0,0,0,0.0,3.0,52.1,51.2,0.16754871301419294,1.0,51.2
83678_metalist_kharkiv_2020s_1143802,83678_metalist_kharkiv_2020s,83678,Metalist Kharkiv,2020s,1143802,Yegor Abramov (1143802),Ukraine,Defender - Right-Back,Defender,RB,1,1,0.0,0,0,0,0,0,0,0.0,3.0,52.1,51.2,0.16754871301419294,1.0,51.2
83678_metalist_kharkiv_2020s_1143803,83678_metalist_kharkiv_2020s,83678,Metalist Kharkiv,2020s,1143803,Roman Gorenko (1143803),Ukraine,Midfield - Defensive Midfield,Midfield,CDM,1,1,0.0,0,0,0,0,0,0,0.0,3.0,52.1,51.2,0.16754871301419294,1.0,51.2
83678_metalist_kharkiv_2020s_1143804,83678_metalist_kharkiv_2020s,83678,Metalist Kharkiv,2020s,1143804,Daniil Teplyakov (1143804),Ukraine,Midfield - Attacking Midfield,Midfield,AM,1,1,0.0,0,0,0,0,0,0,0.0,3.0,52.1,51.2,0.16754871301419294,1.0,51.2
83678_metalist_kharkiv_2020s_1143805,83678_metalist_kharkiv_2020s,83678,Metalist Kharkiv,2020s,1143805,Oleksandr Tsvirenko (1143805),Ukraine,Midfield - Attacking Midfield,Midfield,AM,1,1,0.0,0,0,0,1,0,0,0.0,3.0,52.1,51.2,0.16754871301419294,1.0,51.2
83678_metalist_kharkiv_2020s_268697,83678_metalist_kharkiv_2020s,83678,Metalist Kharkiv,2020s,268697,Danylo Knysh (268697),Ukraine,Attack - Right Winger,Attack,RM,1,1,0.0,0,0,0,0,1,0,0.0,1.5,51.1,45.4,0.00950204474380563,1.0,45.4
84122_epicentr_kamyanets_podilskyi_2020s_419118,84122_epicentr_kamyanets_podilskyi_2020s,84122,Epicentr Kamyanets-Podilskyi,2020s,419118,Oleksandr Klymets (419118),Ukraine,Defender - Left-Back,Defender,LB,1,1,1.0,0,0,0,1,0,0,354.0,8.0,95.0,61.9,0.46572047149386575,1.0,61.9
84122_epicentr_kamyanets_podilskyi_2020s_1007020,84122_epicentr_kamyanets_podilskyi_2020s,84122,Epicentr Kamyanets-Podilskyi,2020s,1007020,Joaquinete (1007020),Spain,Attack - Right Winger,Attack,RM,1,1,0.0,1,0,0,1,0,0,0.0,7.0,89.4,60.4,0.42097666586480637,1.0,60.4
84122_epicentr_kamyanets_podilskyi_2020s_95707,84122_epicentr_kamyanets_podilskyi_2020s,84122,Epicentr Kamyanets-Podilskyi,2020s,95707,Volodymyr Tanchyk (95707),Ukraine,Midfield - Right Midfield,Midfield,RM,1,1,0.0,0,0,0,0,0,0,0.0,3.0,66.9,51.2,0.16754871301419294,1.0,51.2
84122_epicentr_kamyanets_podilskyi_2020s_203854,84122_epicentr_kamyanets_podilskyi_2020s,84122,Epicentr Kamyanets-Podilskyi,2020s,203854,Andriy Boryachuk (203854),Ukraine,Attack - Centre-Forward,Attack,FW,1,1,0.0,0,0,0,0,0,0,0.0,3.0,66.9,51.2,0.16754871301419294,1.0,51.2
84122_epicentr_kamyanets_podilskyi_2020s_203855,84122_epicentr_kamyanets_podilskyi_2020s,84122,Epicentr Kamyanets-Podilskyi,2020s,203855,Igor Kyryukhantsev (203855),Ukraine,Defender - Right-Back,Defender,RB,1,1,0.0,0,0,0,0,0,0,0.0,3.0,66.9,51.2,0.16754871301419294,1.0,51.2
84122_epicentr_kamyanets_podilskyi_2020s_380554,84122_epicentr_kamyanets_podilskyi_2020s,84122,Epicentr Kamyanets-Podilskyi,2020s,380554,Yevgen Zaporozhets (380554),Ukraine,Midfield - Central Midfield,Midfield,CM,1,1,0.0,0,0,0,0,0,0,0.0,3.0,66.9,51.2,0.16754871301419294,1.0,51.2
84122_epicentr_kamyanets_podilskyi_2020s_386659,84122_epicentr_kamyanets_podilskyi_2020s,84122,Epicentr Kamyanets-Podilskyi,2020s,386659,Jon Ceberio (386659),Spain,Midfield - Central Midfield,Midfield,CM,1,1,0.0,0,0,0,0,0,0,0.0,3.0,66.9,51.2,0.16754871301419294,1.0,51.2
84122_epicentr_kamyanets_podilskyi_2020s_387198,84122_epicentr_kamyanets_podilskyi_2020s,84122,Epicentr Kamyanets-Podilskyi,2020s,387198,Yegor Demchenko (387198),Ukraine,Midfield - Central Midfield,Midfield,CM,1,1,0.0,0,0,0,0,0,0,0.0,3.0,66.9,51.2,0.16754871301419294,1.0,51.2
84122_epicentr_kamyanets_podilskyi_2020s_404851,84122_epicentr_kamyanets_podilskyi_2020s,84122,Epicentr Kamyanets-Podilskyi,2020s,404851,Denis Yanakov (404851),Ukraine,Attack - Left Winger,Attack,LM,1,1,0.0,0,0,0,0,0,0,0.0,3.0,66.9,51.2,0.16754871301419294,1.0,51.2
84122_epicentr_kamyanets_podilskyi_2020s_419061,84122_epicentr_kamyanets_podilskyi_2020s,84122,Epicentr Kamyanets-Podilskyi,2020s,419061,Vladyslav Supryaga (419061),Ukraine,Attack - Centre-Forward,Attack,FW,1,1,0.0,0,0,0,0,0,0,0.0,3.0,66.9,51.2,0.16754871301419294,1.0,51.2
84122_epicentr_kamyanets_podilskyi_2020s_448869,84122_epicentr_kamyanets_podilskyi_2020s,84122,Epicentr Kamyanets-Podilskyi,2020s,448869,Andriy Lyashenko (448869),Ukraine,Midfield - Right Midfield,Midfield,RM,1,1,0.0,0,0,0,0,0,0,0.0,3.0,66.9,51.2,0.16754871301419294,1.0,51.2
84122_epicentr_kamyanets_podilskyi_2020s_449084,84122_epicentr_kamyanets_podilskyi_2020s,84122,Epicentr Kamyanets-Podilskyi,2020s,449084,Oleg Bilyk (449084),Ukraine,Goalkeeper,Goalkeeper,GK,1,1,0.0,0,0,7,0,0,0,360.0,3.0,66.9,51.2,0.16754871301419294,1.0,51.2
84122_epicentr_kamyanets_podilskyi_2020s_534474,84122_epicentr_kamyanets_podilskyi_2020s,84122,Epicentr Kamyanets-Podilskyi,2020s,534474,Nil Coch (534474),Spain,Defender - Centre-Back,Defender,CB,1,1,0.0,0,0,0,1,0,0,0.0,3.0,66.9,51.2,0.16754871301419294,1.0,51.2
84122_epicentr_kamyanets_podilskyi_2020s_726013,84122_epicentr_kamyanets_podilskyi_2020s,84122,Epicentr Kamyanets-Podilskyi,2020s,726013,Glib Savchuk (726013),Ukraine,Defender - Right-Back,Defender,RB,1,1,0.0,0,0,0,0,0,0,0.0,3.0,66.9,51.2,0.16754871301419294,1.0,51.2
84122_epicentr_kamyanets_podilskyi_2020s_766706,84122_epicentr_kamyanets_podilskyi_2020s,84122,Epicentr Kamyanets-Podilskyi,2020s,766706,Stanislav Krystin (766706),Ukraine,Midfield - Right Midfield,Midfield,RM,1,1,0.0,0,0,0,0,0,0,0.0,3.0,66.9,51.2,0.16754871301419294,1.0,51.2
84122_epicentr_kamyanets_podilskyi_2020s_775723,84122_epicentr_kamyanets_podilskyi_2020s,84122,Epicentr Kamyanets-Podilskyi,2020s,775723,Ivan Bendera (775723),Ukraine,Attack - Left Winger,Attack,LM,1,1,0.0,0,0,0,0,0,0,0.0,3.0,66.9,51.2,0.16754871301419294,1.0,51.2
84122_epicentr_kamyanets_podilskyi_2020s_812726,84122_epicentr_kamyanets_podilskyi_2020s,84122,Epicentr Kamyanets-Podilskyi,2020s,812726,Andriy Bezhenar (812726),Ukraine  Moldova,Midfield - Attacking Midfield,Midfield,AM,1,1,0.0,0,0,0,0,0,0,0.0,3.0,66.9,51.2,0.16754871301419294,1.0,51.2
84122_epicentr_kamyanets_podilskyi_2020s_814830,84122_epicentr_kamyanets_podilskyi_2020s,84122,Epicentr Kamyanets-Podilskyi,2020s,814830,Mykola Myronyuk (814830),Ukraine,Midfield - Central Midfield,Midfield,CM,1,1,0.0,0,0,0,1,0,0,0.0,3.0,66.9,51.2,0.16754871301419294,1.0,51.2
84122_epicentr_kamyanets_podilskyi_2020s_857859,84122_epicentr_kamyanets_podilskyi_2020s,84122,Epicentr Kamyanets-Podilskyi,2020s,857859,Vladyslav Krystin (857859),Ukraine,Defender - Right-Back,Defender,RB,1,1,0.0,0,0,0,0,0,0,0.0,3.0,66.9,51.2,0.16754871301419294,1.0,51.2
84122_epicentr_kamyanets_podilskyi_2020s_870177,84122_epicentr_kamyanets_podilskyi_2020s,84122,Epicentr Kamyanets-Podilskyi,2020s,870177,Vladyslav Moroz (870177),Ukraine,Defender - Centre-Back,Defender,CB,1,1,0.0,0,0,0,1,0,0,0.0,3.0,66.9,51.2,0.16754871301419294,1.0,51.2
84122_epicentr_kamyanets_podilskyi_2020s_1067497,84122_epicentr_kamyanets_podilskyi_2020s,84122,Epicentr Kamyanets-Podilskyi,2020s,1067497,Vadym Sydun (1067497),Ukraine,Attack - Centre-Forward,Attack,FW,1,1,0.0,0,0,0,0,0,0,0.0,3.0,66.9,51.2,0.16754871301419294,1.0,51.2
84122_epicentr_kamyanets_podilskyi_2020s_1166036,84122_epicentr_kamyanets_podilskyi_2020s,84122,Epicentr Kamyanets-Podilskyi,2020s,1166036,Arseniy Vavshko (1166036),Ukraine,Goalkeeper,Goalkeeper,GK,1,1,0.0,0,0,0,0,0,0,0.0,3.0,66.9,51.2,0.16754871301419294,1.0,51.2
84122_epicentr_kamyanets_podilskyi_2020s_1190591,84122_epicentr_kamyanets_podilskyi_2020s,84122,Epicentr Kamyanets-Podilskyi,2020s,1190591,Glib Bushnyak (1190591),Ukraine,Goalkeeper,Goalkeeper,GK,1,1,0.0,0,0,0,0,0,0,0.0,3.0,66.9,51.2,0.16754871301419294,1.0,51.2
84122_epicentr_kamyanets_podilskyi_2020s_918615,84122_epicentr_kamyanets_podilskyi_2020s,84122,Epicentr Kamyanets-Podilskyi,2020s,918615,Stepan Grygorashchuk (918615),Ukraine,Defender - Centre-Back,Defender,CB,1,1,0.0,0,0,0,1,0,0,0.0,1.0,55.6,45.1,0.0039692085638681745,1.0,45.1
85465_karpaty_lviv_2020s_212232,85465_karpaty_lviv_2020s,85465,Karpaty Lviv,2020s,212232,Ambrosiy Chachua (212232),Ukraine  Georgia,Midfield - Attacking Midfield,Midfield,AM,2,2,10.0,6,0,0,4,0,0,243.0,80.0,95.0,83.3,0.9416646620158768,1.0,83.3
85465_karpaty_lviv_2020s_584083,85465_karpaty_lviv_2020s,85465,Karpaty Lviv,2020s,584083,Bruninho (584083),Brazil,Midfield - Attacking Midfield,Midfield,AM,2,2,9.0,3,0,0,2,0,3,432.0,63.0,85.4,81.4,0.9180899687274476,1.0,81.4
85465_karpaty_lviv_2020s_804264,85465_karpaty_lviv_2020s,85465,Karpaty Lviv,2020s,804264,Igor Neves (804264),Brazil,Attack - Centre-Forward,Attack,FW,2,2,3.0,4,0,0,2,0,0,1025.0,37.0,70.8,75.6,0.8391869136396439,1.0,75.6
85465_karpaty_lviv_2020s_678783,85465_karpaty_lviv_2020s,85465,Karpaty Lviv,2020s,678783,Yevgen Pidlepenets (678783),Ukraine,Attack - Right Winger,Attack,RM,1,1,3.0,3,0,0,0,0,0,406.0,30.0,66.9,73.8,0.7954053403897041,1.0,73.8
85465_karpaty_lviv_2020s_244262,85465_karpaty_lviv_2020s,85465,Karpaty Lviv,2020s,244262,Denys Miroshnichenko (244262),Ukraine,Defender - Right-Back,Defender,RB,2,2,1.0,4,0,0,12,0,0,2245.0,27.0,65.2,72.9,0.7733942747173442,1.0,72.9
85465_karpaty_lviv_2020s_708241,85465_karpaty_lviv_2020s,85465,Karpaty Lviv,2020s,708241,Oleg Ocheretko (708241),Ukraine,Midfield - Attacking Midfield,Midfield,AM,1,1,2.0,3,0,0,2,0,1,901.0,25.0,64.1,72.2,0.7552321385614625,1.0,72.2
85465_karpaty_lviv_2020s_1090422,85465_karpaty_lviv_2020s,85465,Karpaty Lviv,2020s,1090422,Jean Pedroso (1090422),Brazil,Defender - Centre-Back,Defender,CB,2,2,2.0,2,0,0,4,0,0,1930.0,24.0,63.5,71.9,0.7468126052441665,1.0,71.9
85465_karpaty_lviv_2020s_794617,85465_karpaty_lviv_2020s,85465,Karpaty Lviv,2020s,794617,Yan Kostenko (794617),Ukraine,Midfield - Left Midfield,Midfield,LM,2,2,1.0,3,0,0,5,0,0,1485.0,22.0,62.4,71.1,0.7276882367091653,1.0,71.1
85465_karpaty_lviv_2020s_1045187,85465_karpaty_lviv_2020s,85465,Karpaty Lviv,2020s,1045187,Igor Krasnopir (1045187),Ukraine,Attack - Centre-Forward,Attack,FW,2,2,3.0,0,0,0,2,0,1,870.0,21.0,61.8,70.7,0.7179456338705797,1.0,70.7
85465_karpaty_lviv_2020s_216579,85465_karpaty_lviv_2020s,85465,Karpaty Lviv,2020s,216579,Pavlo Polegenko (216579),Ukraine,Defender - Right-Back,Defender,RB,2,2,2.0,1,0,0,1,0,1,867.0,20.0,61.2,70.2,0.7051960548472456,1.0,70.2
85465_karpaty_lviv_2020s_1052373,85465_karpaty_lviv_2020s,85465,Karpaty Lviv,2020s,1052373,Artur Shakh (1052373),Ukraine,Midfield - Attacking Midfield,Midfield,AM,2,2,2.0,1,0,0,4,0,0,405.0,20.0,61.2,70.2,0.7051960548472456,1.0,70.2
85465_karpaty_lviv_2020s_567873,85465_karpaty_lviv_2020s,85465,Karpaty Lviv,2020s,567873,Vladyslav Baboglo (567873),Moldova  Ukraine,Defender - Centre-Back,Defender,CB,2,2,3.0,0,0,0,10,1,0,829.0,19.5,61.0,69.9,0.6968968005773394,1.0,69.9
85465_karpaty_lviv_2020s_527968,85465_karpaty_lviv_2020s,85465,Karpaty Lviv,2020s,527968,Pablo Álvarez (527968),Spain,Midfield - Defensive Midfield,Midfield,CDM,2,2,1.0,2,0,0,6,0,0,340.0,17.0,59.6,68.6,0.6645417368294443,1.0,68.6
85465_karpaty_lviv_2020s_729638,85465_karpaty_lviv_2020s,85465,Karpaty Lviv,2020s,729638,Oleksandr Kemkin (729638),Ukraine,Goalkeeper,Goalkeeper,GK,1,1,0.0,0,8,24,1,0,0,1530.0,15.0,58.4,67.4,0.6314649987972095,1.0,67.4
85465_karpaty_lviv_2020s_622410,85465_karpaty_lviv_2020s,85465,Karpaty Lviv,2020s,622410,Denys Ustymenko (622410),Ukraine,Attack - Centre-Forward,Attack,FW,1,1,1.0,1,0,0,1,0,0,254.0,12.0,56.8,65.5,0.5752946836661054,1.0,65.5
85465_karpaty_lviv_2020s_549960,85465_karpaty_lviv_2020s,85465,Karpaty Lviv,2020s,549960,Tymur Stetskov (549960),Ukraine,Defender - Centre-Back,Defender,CB,1,1,0.0,2,0,0,1,0,0,0.0,11.0,56.2,64.6,0.5475102237190281,1.0,64.6
85465_karpaty_lviv_2020s_952943,85465_karpaty_lviv_2020s,85465,Karpaty Lviv,2020s,952943,Yakiv Kinareykin (952943),Ukraine,Goalkeeper,Goalkeeper,GK,1,1,0.0,0,5,12,2,0,0,1170.0,10.5,55.9,64.1,0.5318739475583354,1.0,64.1
85465_karpaty_lviv_2020s_321146,85465_karpaty_lviv_2020s,85465,Karpaty Lviv,2020s,321146,Vladyslav Klymenko (321146),Ukraine,Midfield - Central Midfield,Midfield,CM,2,2,0.0,1,0,0,3,0,0,0.0,10.0,55.6,63.6,0.5188838104402214,1.0,63.6
85465_karpaty_lviv_2020s_936825,85465_karpaty_lviv_2020s,85465,Karpaty Lviv,2020s,936825,Ilya Kvasnytsya (936825),Ukraine,Attack - Right Winger,Attack,RM,2,2,0.0,1,0,0,0,0,0,0.0,10.0,55.6,63.6,0.5188838104402214,1.0,63.6
85465_karpaty_lviv_2020s_498899,85465_karpaty_lviv_2020s,85465,Karpaty Lviv,2020s,498899,Taras Sakiv (498899),Ukraine,Defender - Left-Back,Defender,LB,1,1,1.0,0,0,0,0,0,0,308.0,8.0,54.5,61.9,0.46572047149386575,1.0,61.9
85465_karpaty_lviv_2020s_789583,85465_karpaty_lviv_2020s,85465,Karpaty Lviv,2020s,789583,Yaroslav Karabin (789583),Ukraine,Attack - Centre-Forward,Attack,FW,1,1,0.0,1,0,0,0,0,0,0.0,7.0,53.9,60.4,0.42097666586480637,1.0,60.4
85465_karpaty_lviv_2020s_796574,85465_karpaty_lviv_2020s,85465,Karpaty Lviv,2020s,796574,Stênio (796574),Brazil,Attack - Right Winger,Attack,RM,1,1,0.0,1,0,0,0,0,0,0.0,7.0,53.9,60.4,0.42097666586480637,1.0,60.4
85465_karpaty_lviv_2020s_773961,85465_karpaty_lviv_2020s,85465,Karpaty Lviv,2020s,773961,Oleg Fedor (773961),Ukraine,Midfield - Central Midfield,Midfield,CM,2,2,0.0,0,0,0,0,0,0,0.0,6.0,53.4,58.6,0.36901611739235024,1.0,58.6
85465_karpaty_lviv_2020s_837974,85465_karpaty_lviv_2020s,85465,Karpaty Lviv,2020s,837974,Patricio Tanda (837974),Argentina,Midfield - Defensive Midfield,Midfield,CDM,2,2,0.0,0,0,0,2,0,0,0.0,6.0,53.4,58.6,0.36901611739235024,1.0,58.6
85465_karpaty_lviv_2020s_1073028,85465_karpaty_lviv_2020s,85465,Karpaty Lviv,2020s,1073028,Ivan Chaban (1073028),Ukraine,Midfield - Defensive Midfield,Midfield,CDM,2,2,0.0,0,0,0,0,0,0,0.0,6.0,53.4,58.6,0.36901611739235024,1.0,58.6
85465_karpaty_lviv_2020s_1093843,85465_karpaty_lviv_2020s,85465,Karpaty Lviv,2020s,1093843,Fabiano (1093843),Brazil,Attack - Right Winger,Attack,RM,2,2,0.0,0,0,0,0,0,0,0.0,6.0,53.4,58.6,0.36901611739235024,1.0,58.6
85465_karpaty_lviv_2020s_1138480,85465_karpaty_lviv_2020s,85465,Karpaty Lviv,2020s,1138480,Mykola Kyrychok (1138480),Ukraine,Defender - Centre-Back,Defender,CB,2,2,0.0,0,0,0,0,0,0,0.0,6.0,53.4,58.6,0.36901611739235024,1.0,58.6
85465_karpaty_lviv_2020s_1161403,85465_karpaty_lviv_2020s,85465,Karpaty Lviv,2020s,1161403,Nazar Domchak (1161403),Ukraine,Goalkeeper,Goalkeeper,GK,2,2,0.0,0,0,5,0,0,0,180.0,6.0,53.4,58.6,0.36901611739235024,1.0,58.6
85465_karpaty_lviv_2020s_273663,85465_karpaty_lviv_2020s,85465,Karpaty Lviv,2020s,273663,Volodymyr Adamyuk (273663),Ukraine,Defender - Right-Back,Defender,RB,2,2,0.0,0,0,0,0,0,0,0.0,5.0,52.8,57.4,0.33317296127014673,1.0,57.4
85465_karpaty_lviv_2020s_117481,85465_karpaty_lviv_2020s,85465,Karpaty Lviv,2020s,117481,Roman Mysak (117481),Ukraine,Goalkeeper,Goalkeeper,GK,1,1,0.0,0,0,0,0,0,0,0.0,3.0,51.7,51.2,0.16754871301419294,1.0,51.2
85465_karpaty_lviv_2020s_190190,85465_karpaty_lviv_2020s,85465,Karpaty Lviv,2020s,190190,Andriy Klishchuk (190190),Ukraine,Goalkeeper,Goalkeeper,GK,1,1,0.0,0,0,3,0,0,0,180.0,3.0,51.7,51.2,0.16754871301419294,1.0,51.2
85465_karpaty_lviv_2020s_353252,85465_karpaty_lviv_2020s,85465,Karpaty Lviv,2020s,353252,Orest Kuzyk (353252),Ukraine,Attack - Left Winger,Attack,LM,1,1,0.0,0,0,0,0,0,0,0.0,3.0,51.7,51.2,0.16754871301419294,1.0,51.2
85465_karpaty_lviv_2020s_425567,85465_karpaty_lviv_2020s,85465,Karpaty Lviv,2020s,425567,Diego Palacios (425567),Ecuador,Defender - Left-Back,Defender,LB,1,1,0.0,0,0,0,0,0,0,0.0,3.0,51.7,51.2,0.16754871301419294,1.0,51.2
85465_karpaty_lviv_2020s_524572,85465_karpaty_lviv_2020s,85465,Karpaty Lviv,2020s,524572,Paulo Vítor (524572),Brazil,Attack - Left Winger,Attack,LM,1,1,0.0,0,0,0,0,0,0,0.0,3.0,51.7,51.2,0.16754871301419294,1.0,51.2
85465_karpaty_lviv_2020s_633850,85465_karpaty_lviv_2020s,85465,Karpaty Lviv,2020s,633850,Artur Ryabov (633850),Ukraine,Midfield - Central Midfield,Midfield,CM,1,1,0.0,0,0,0,1,0,0,0.0,3.0,51.7,51.2,0.16754871301419294,1.0,51.2
85465_karpaty_lviv_2020s_708242,85465_karpaty_lviv_2020s,85465,Karpaty Lviv,2020s,708242,Andriy Buleza (708242),Ukraine,Defender - Left-Back,Defender,LB,1,1,0.0,0,0,0,0,0,0,0.0,3.0,51.7,51.2,0.16754871301419294,1.0,51.2
85465_karpaty_lviv_2020s_717391,85465_karpaty_lviv_2020s,85465,Karpaty Lviv,2020s,717391,Maksym Melnychenko (717391),Ukraine,Midfield - Defensive Midfield,Midfield,CDM,1,1,0.0,0,0,0,0,0,0,0.0,3.0,51.7,51.2,0.16754871301419294,1.0,51.2
85465_karpaty_lviv_2020s_748838,85465_karpaty_lviv_2020s,85465,Karpaty Lviv,2020s,748838,Yuriy Tlumak (748838),Ukraine,Midfield - Central Midfield,Midfield,CM,1,1,0.0,0,0,0,0,0,0,0.0,3.0,51.7,51.2,0.16754871301419294,1.0,51.2
85465_karpaty_lviv_2020s_748939,85465_karpaty_lviv_2020s,85465,Karpaty Lviv,2020s,748939,Oleksiy Sych (748939),Ukraine,Defender - Right-Back,Defender,RB,1,1,0.0,0,0,0,1,0,0,0.0,3.0,51.7,51.2,0.16754871301419294,1.0,51.2
85465_karpaty_lviv_2020s_752691,85465_karpaty_lviv_2020s,85465,Karpaty Lviv,2020s,752691,Bogdan Veklyak (752691),Ukraine,Defender - Centre-Back,Defender,CB,1,1,0.0,0,0,0,0,0,0,0.0,3.0,51.7,51.2,0.16754871301419294,1.0,51.2
85465_karpaty_lviv_2020s_1061435,85465_karpaty_lviv_2020s,85465,Karpaty Lviv,2020s,1061435,Andriy Lomnytskyi (1061435),Ukraine,Defender - Centre-Back,Defender,CB,1,1,0.0,0,0,0,0,0,0,0.0,3.0,51.7,51.2,0.16754871301419294,1.0,51.2
85465_karpaty_lviv_2020s_1065123,85465_karpaty_lviv_2020s,85465,Karpaty Lviv,2020s,1065123,Vitaliy Katrych (1065123),Ukraine,Defender - Left-Back,Defender,LB,1,1,0.0,0,0,0,0,0,0,0.0,3.0,51.7,51.2,0.16754871301419294,1.0,51.2
85465_karpaty_lviv_2020s_1067497,85465_karpaty_lviv_2020s,85465,Karpaty Lviv,2020s,1067497,Vadym Sydun (1067497),Ukraine,Attack - Centre-Forward,Attack,FW,1,1,0.0,0,0,0,0,0,0,0.0,3.0,51.7,51.2,0.16754871301419294,1.0,51.2
86209_livyi_bereg_kyiv_2020s_359796,86209_livyi_bereg_kyiv_2020s,86209,Livyi Bereg Kyiv,2020s,359796,Dmytro Shastal (359796),Ukraine,Attack - Right Winger,Attack,RM,1,1,3.0,1,0,0,1,0,0,319.0,22.0,95.0,71.1,0.7276882367091653,1.0,71.1
86209_livyi_bereg_kyiv_2020s_349107,86209_livyi_bereg_kyiv_2020s,86209,Livyi Bereg Kyiv,2020s,349107,Oleg Synytsya (349107),Ukraine,Attack - Right Winger,Attack,RM,1,1,1.0,3,0,0,3,0,0,2011.0,20.0,90.9,70.2,0.7051960548472456,1.0,70.2
86209_livyi_bereg_kyiv_2020s_419062,86209_livyi_bereg_kyiv_2020s,86209,Livyi Bereg Kyiv,2020s,419062,Klim Prykhodko (419062),Ukraine,Midfield - Defensive Midfield,Midfield,CDM,1,1,1.0,1,0,0,2,0,0,754.0,12.0,74.5,65.5,0.5752946836661054,1.0,65.5
86209_livyi_bereg_kyiv_2020s_495918,86209_livyi_bereg_kyiv_2020s,86209,Livyi Bereg Kyiv,2020s,495918,Dmytro Semenov (495918),Ukraine,Defender - Centre-Back,Defender,CB,1,1,1.0,1,0,0,5,0,0,1904.0,12.0,74.5,65.5,0.5752946836661054,1.0,65.5
86209_livyi_bereg_kyiv_2020s_521841,86209_livyi_bereg_kyiv_2020s,86209,Livyi Bereg Kyiv,2020s,521841,Andriy Yakymiv (521841),Ukraine,Defender - Centre-Back,Defender,CB,1,1,2.0,0,0,0,6,1,0,985.0,9.5,69.4,63.3,0.508539812364686,1.0,63.3
86209_livyi_bereg_kyiv_2020s_343316,86209_livyi_bereg_kyiv_2020s,86209,Livyi Bereg Kyiv,2020s,343316,Sergiy Kosovskyi (343316),Ukraine,Midfield - Defensive Midfield,Midfield,CDM,1,1,0.0,1,0,0,0,0,0,0.0,7.0,64.3,60.4,0.42097666586480637,1.0,60.4
86209_livyi_bereg_kyiv_2020s_213424,86209_livyi_bereg_kyiv_2020s,86209,Livyi Bereg Kyiv,2020s,213424,Oleksandr Dudarenko (213424),Ukraine,Defender - Left-Back,Defender,LB,1,1,0.0,0,0,0,0,0,0,0.0,3.0,56.1,51.2,0.16754871301419294,1.0,51.2
86209_livyi_bereg_kyiv_2020s_242272,86209_livyi_bereg_kyiv_2020s,86209,Livyi Bereg Kyiv,2020s,242272,Yevgen Banada (242272),Ukraine,Midfield - Central Midfield,Midfield,CM,1,1,0.0,0,0,0,7,0,0,0.0,3.0,56.1,51.2,0.16754871301419294,1.0,51.2
86209_livyi_bereg_kyiv_2020s_375657,86209_livyi_bereg_kyiv_2020s,86209,Livyi Bereg Kyiv,2020s,375657,Vladyslav Shapoval (375657),Ukraine,Defender - Left-Back,Defender,LB,1,1,0.0,0,0,0,2,0,0,0.0,3.0,56.1,51.2,0.16754871301419294,1.0,51.2
86209_livyi_bereg_kyiv_2020s_577844,86209_livyi_bereg_kyiv_2020s,86209,Livyi Bereg Kyiv,2020s,577844,Oleg Sokolov (577844),Ukraine,Defender - Right-Back,Defender,RB,1,1,0.0,0,0,0,3,0,0,0.0,3.0,56.1,51.2,0.16754871301419294,1.0,51.2
86209_livyi_bereg_kyiv_2020s_623318,86209_livyi_bereg_kyiv_2020s,86209,Livyi Bereg Kyiv,2020s,623318,llya Karavashchenko (623318),Ukraine,Goalkeeper,Goalkeeper,GK,1,1,0.0,0,0,0,0,0,0,0.0,3.0,56.1,51.2,0.16754871301419294,1.0,51.2
86209_livyi_bereg_kyiv_2020s_776959,86209_livyi_bereg_kyiv_2020s,86209,Livyi Bereg Kyiv,2020s,776959,Andriy Spivakov (776959),Ukraine,Midfield - Defensive Midfield,Midfield,CDM,1,1,0.0,0,0,0,2,0,0,0.0,3.0,56.1,51.2,0.16754871301419294,1.0,51.2
86209_livyi_bereg_kyiv_2020s_789478,86209_livyi_bereg_kyiv_2020s,86209,Livyi Bereg Kyiv,2020s,789478,Bogdan Kobzar (789478),Ukraine,Attack - Centre-Forward,Attack,FW,1,1,0.0,0,0,0,1,0,0,0.0,3.0,56.1,51.2,0.16754871301419294,1.0,51.2
86209_livyi_bereg_kyiv_2020s_913387,86209_livyi_bereg_kyiv_2020s,86209,Livyi Bereg Kyiv,2020s,913387,Danylo Kolesnyk (913387),Ukraine,Attack - Centre-Forward,Attack,FW,1,1,0.0,0,0,0,0,0,0,0.0,3.0,56.1,51.2,0.16754871301419294,1.0,51.2
86209_livyi_bereg_kyiv_2020s_539448,86209_livyi_bereg_kyiv_2020s,86209,Livyi Bereg Kyiv,2020s,539448,Danyil Sukhoruchko (539448),Ukraine,Attack - Centre-Forward,Attack,FW,1,1,0.0,0,0,0,3,0,0,0.0,2.0,54.1,45.6,0.016237671397642532,1.0,45.6
87883_fc_kudrivka_2020s_375657,87883_fc_kudrivka_2020s,87883,FC Kudrivka,2020s,375657,Vladyslav Shapoval (375657),Ukraine,Defender - Left-Back,Defender,LB,1,1,2.0,0,0,0,1,0,2,180.0,13.0,95.0,66.3,0.600072167428434,1.0,66.3
87883_fc_kudrivka_2020s_332132,87883_fc_kudrivka_2020s,87883,FC Kudrivka,2020s,332132,Valeriy Rogozynskyi (332132),Ukraine,Defender - Left-Back,Defender,LB,1,1,1.0,1,0,0,0,0,0,206.0,12.0,91.5,65.5,0.5752946836661054,1.0,65.5
87883_fc_kudrivka_2020s_375180,87883_fc_kudrivka_2020s,87883,FC Kudrivka,2020s,375180,Oleksandr Kozak (375180),Ukraine,Attack - Left Winger,Attack,LM,1,1,1.0,0,0,0,1,0,0,308.0,8.0,77.7,61.9,0.46572047149386575,1.0,61.9
87883_fc_kudrivka_2020s_91380,87883_fc_kudrivka_2020s,87883,FC Kudrivka,2020s,91380,Dmytro Korkishko (91380),Ukraine,Attack - Left Winger,Attack,LM,1,1,0.0,0,0,0,0,0,0,0.0,3.0,60.4,51.2,0.16754871301419294,1.0,51.2
87883_fc_kudrivka_2020s_269371,87883_fc_kudrivka_2020s,87883,FC Kudrivka,2020s,269371,Denys Bezborodko (269371),Ukraine,Attack - Centre-Forward,Attack,FW,1,1,0.0,0,0,0,0,0,0,0.0,3.0,60.4,51.2,0.16754871301419294,1.0,51.2
87883_fc_kudrivka_2020s_277777,87883_fc_kudrivka_2020s,87883,FC Kudrivka,2020s,277777,Andriy Totovytskyi (277777),Ukraine,Midfield - Attacking Midfield,Midfield,AM,1,1,0.0,0,0,0,1,0,0,0.0,3.0,60.4,51.2,0.16754871301419294,1.0,51.2
87883_fc_kudrivka_2020s_461666,87883_fc_kudrivka_2020s,87883,FC Kudrivka,2020s,461666,Maksym Melnychuk (461666),Ukraine,Defender - Left-Back,Defender,LB,1,1,0.0,0,0,0,1,0,0,0.0,3.0,60.4,51.2,0.16754871301419294,1.0,51.2
87883_fc_kudrivka_2020s_752691,87883_fc_kudrivka_2020s,87883,FC Kudrivka,2020s,752691,Bogdan Veklyak (752691),Ukraine,Defender - Centre-Back,Defender,CB,1,1,0.0,0,0,0,1,0,0,0.0,3.0,60.4,51.2,0.16754871301419294,1.0,51.2
87883_fc_kudrivka_2020s_830083,87883_fc_kudrivka_2020s,87883,FC Kudrivka,2020s,830083,Ivan Mamrosenko (830083),Ukraine,Defender - Centre-Back,Defender,CB,1,1,0.0,0,0,0,0,0,0,0.0,3.0,60.4,51.2,0.16754871301419294,1.0,51.2
87883_fc_kudrivka_2020s_892053,87883_fc_kudrivka_2020s,87883,FC Kudrivka,2020s,892053,Denys Nagnoynyi (892053),Ukraine,Midfield - Attacking Midfield,Midfield,AM,1,1,0.0,0,0,0,2,0,0,0.0,3.0,60.4,51.2,0.16754871301419294,1.0,51.2
87883_fc_kudrivka_2020s_951690,87883_fc_kudrivka_2020s,87883,FC Kudrivka,2020s,951690,Yuriy Potimkov (951690),Ukraine,Defender - Centre-Back,Defender,CB,1,1,0.0,0,0,0,0,0,0,0.0,3.0,60.4,51.2,0.16754871301419294,1.0,51.2
87883_fc_kudrivka_2020s_955349,87883_fc_kudrivka_2020s,87883,FC Kudrivka,2020s,955349,Oleksiy Gusev (955349),Ukraine,Defender - Right-Back,Defender,RB,1,1,0.0,0,0,0,0,0,0,0.0,3.0,60.4,51.2,0.16754871301419294,1.0,51.2
87883_fc_kudrivka_2020s_1186330,87883_fc_kudrivka_2020s,87883,FC Kudrivka,2020s,1186330,Anton Demchenko (1186330),Ukraine,Attack - Centre-Forward,Attack,FW,1,1,0.0,0,0,0,0,0,0,0.0,3.0,60.4,51.2,0.16754871301419294,1.0,51.2
8838_zirka_kirovograd_1990s_885332,8838_zirka_kirovograd_1990s,8838,Zirka Kirovograd,1990s,885332,Oleksandr Sobol (885332),Ukraine,Defender,Defender,CB,5,5,3.0,1,0,0,14,0,0,3842.0,34.0,95.0,74.8,0.8201828241520327,1.0,74.8
8838_zirka_kirovograd_1990s_48563,8838_zirka_kirovograd_1990s,8838,Zirka Kirovograd,1990s,48563,Andriy Poroshyn (48563),Ukraine,Attack - Centre-Forward,Attack,FW,3,3,2.0,2,0,0,1,0,0,331.0,27.0,85.7,72.9,0.7733942747173442,1.0,72.9
8838_zirka_kirovograd_1990s_25004,8838_zirka_kirovograd_1990s,8838,Zirka Kirovograd,1990s,25004,Denis Kovba (25004),Belarus  Russia,Midfield - Defensive Midfield,Midfield,CDM,2,2,1.0,1,0,0,0,0,0,531.0,14.0,68.5,67.0,0.6188356988212653,1.0,67.0
8838_zirka_kirovograd_1990s_857995,8838_zirka_kirovograd_1990s,8838,Zirka Kirovograd,1990s,857995,Oleg Zhylin (857995),Ukraine,Defender,Defender,CB,2,2,1.0,0,0,0,10,0,0,1170.0,11.0,64.6,64.6,0.5475102237190281,1.0,64.6
8838_zirka_kirovograd_1990s_857996,8838_zirka_kirovograd_1990s,8838,Zirka Kirovograd,1990s,857996,Andriy Martynenko (857996),Ukraine,Midfield,Midfield,CM,1,1,0.0,1,0,0,1,0,0,0.0,7.0,59.3,60.4,0.42097666586480637,1.0,60.4
8838_zirka_kirovograd_1990s_24050,8838_zirka_kirovograd_1990s,8838,Zirka Kirovograd,1990s,24050,Andriy Rusol (24050),Ukraine,Defender - Centre-Back,Defender,CB,2,2,0.0,0,0,0,0,0,0,0.0,6.0,57.9,58.6,0.36901611739235024,1.0,58.6
8838_zirka_kirovograd_1990s_27126,8838_zirka_kirovograd_1990s,8838,Zirka Kirovograd,1990s,27126,Igor Bazhan (27126),Ukraine,Goalkeeper,Goalkeeper,GK,1,1,0.0,0,1,15,1,0,0,450.0,4.5,56.0,57.1,0.3246331489054607,1.0,57.1
8838_zirka_kirovograd_1990s_91548,8838_zirka_kirovograd_1990s,8838,Zirka Kirovograd,1990s,91548,Yuriy Kudinov (91548),Ukraine,Attack - Centre-Forward,Attack,FW,1,1,0.0,0,0,0,0,0,0,0.0,3.0,54.0,51.2,0.16754871301419294,1.0,51.2
8838_zirka_kirovograd_1990s_167028,8838_zirka_kirovograd_1990s,8838,Zirka Kirovograd,1990s,167028,Igor Prodan (167028),Ukraine,Attack - Centre-Forward,Attack,FW,1,1,0.0,0,0,0,0,0,0,0.0,3.0,54.0,51.2,0.16754871301419294,1.0,51.2
8838_zirka_kirovograd_1990s_882875,8838_zirka_kirovograd_1990s,8838,Zirka Kirovograd,1990s,882875,Andriy Klymenko (882875),Ukraine,Midfield,Midfield,CM,1,1,0.0,0,0,0,0,0,0,0.0,3.0,54.0,51.2,0.16754871301419294,1.0,51.2
8838_zirka_kirovograd_2000s_91786,8838_zirka_kirovograd_2000s,8838,Zirka Kirovograd,2000s,91786,Ivan Pogorelov (91786),Ukraine,Midfield - Defensive Midfield,Midfield,CDM,1,1,2.0,1,0,0,2,0,0,561.0,17.0,95.0,68.6,0.6645417368294443,1.0,68.6
8838_zirka_kirovograd_2000s_20918,8838_zirka_kirovograd_2000s,8838,Zirka Kirovograd,2000s,20918,Denys Sokolovskyi (20918),Ukraine,Midfield - Attacking Midfield,Midfield,AM,1,1,0.0,0,0,0,2,0,0,0.0,3.0,57.9,51.2,0.16754871301419294,1.0,51.2
8838_zirka_kirovograd_2000s_63509,8838_zirka_kirovograd_2000s,8838,Zirka Kirovograd,2000s,63509,Jevgeni Novikov (63509),Estonia,Midfield - Defensive Midfield,Midfield,CDM,1,1,0.0,0,0,0,1,0,0,0.0,3.0,57.9,51.2,0.16754871301419294,1.0,51.2
8838_zirka_kirovograd_2000s_857996,8838_zirka_kirovograd_2000s,8838,Zirka Kirovograd,2000s,857996,Andriy Martynenko (857996),Ukraine,Midfield,Midfield,CM,1,1,0.0,0,0,0,3,0,0,0.0,3.0,57.9,51.2,0.16754871301419294,1.0,51.2
8838_zirka_kirovograd_2000s_918709,8838_zirka_kirovograd_2000s,8838,Zirka Kirovograd,2000s,918709,Andriy Dobryanskiy (918709),Ukraine,Midfield - Defensive Midfield,Midfield,CDM,1,1,0.0,0,0,0,4,0,0,0.0,3.0,57.9,51.2,0.16754871301419294,1.0,51.2
8838_zirka_kirovograd_2000s_918780,8838_zirka_kirovograd_2000s,8838,Zirka Kirovograd,2000s,918780,Denys Khomutov (918780),Ukraine,Midfield - Central Midfield,Midfield,CM,1,1,0.0,0,0,0,0,0,0,0.0,3.0,57.9,51.2,0.16754871301419294,1.0,51.2
8838_zirka_kropyvnytskyi_2010s_509837,8838_zirka_kropyvnytskyi_2010s,8838,Zirka Kropyvnytskyi,2010s,509837,Maksym Pryadun (509837),Ukraine,Attack - Centre-Forward,Attack,FW,2,2,5.0,1,0,0,5,0,0,468.0,35.0,95.0,75.1,0.8263170555689199,1.0,75.1
8838_zirka_kropyvnytskyi_2010s_43404,8838_zirka_kropyvnytskyi_2010s,8838,Zirka Kropyvnytskyi,2010s,43404,Oleksiy Chychykov (43404),Ukraine,Attack - Right Winger,Attack,RM,2,3,3.0,3,0,0,4,0,0,1341.0,33.0,92.4,74.6,0.8146499879720953,1.0,74.6
8838_zirka_kropyvnytskyi_2010s_49016,8838_zirka_kropyvnytskyi_2010s,8838,Zirka Kropyvnytskyi,2010s,49016,Yevgen Past (49016),Ukraine,Goalkeeper,Goalkeeper,GK,2,3,0.0,0,18,77,1,0,0,5400.0,33.0,92.4,74.6,0.8146499879720953,1.0,74.6
8838_zirka_kropyvnytskyi_2010s_320247,8838_zirka_kropyvnytskyi_2010s,8838,Zirka Kropyvnytskyi,2010s,320247,Artem Sitalo (320247),Ukraine,Attack - Centre-Forward,Attack,FW,1,1,3.0,2,0,0,3,0,0,835.0,26.0,83.4,72.6,0.7647341833052682,1.0,72.6
8838_zirka_kropyvnytskyi_2010s_343769,8838_zirka_kropyvnytskyi_2010s,8838,Zirka Kropyvnytskyi,2010s,343769,Sergiy Petrov (343769),Ukraine,Attack - Centre-Forward,Attack,FW,1,2,3.0,2,0,0,5,0,0,169.0,26.0,83.4,72.6,0.7647341833052682,1.0,72.6
8838_zirka_kropyvnytskyi_2010s_310782,8838_zirka_kropyvnytskyi_2010s,8838,Zirka Kropyvnytskyi,2010s,310782,Andriy Batsula (310782),Ukraine,Defender - Left-Back,Defender,LB,1,1,3.0,1,0,0,4,0,0,760.0,22.0,78.3,71.1,0.7276882367091653,1.0,71.1
8838_zirka_kropyvnytskyi_2010s_216579,8838_zirka_kropyvnytskyi_2010s,8838,Zirka Kropyvnytskyi,2010s,216579,Pavlo Polegenko (216579),Ukraine,Defender - Right-Back,Defender,RB,2,3,1.0,3,0,0,4,0,0,1395.0,21.0,77.0,70.7,0.7179456338705797,1.0,70.7
8838_zirka_kropyvnytskyi_2010s_170245,8838_zirka_kropyvnytskyi_2010s,8838,Zirka Kropyvnytskyi,2010s,170245,Artem Favorov (170245),Ukraine  Hungary,Midfield - Central Midfield,Midfield,CM,2,2,3.0,0,0,0,3,0,1,179.0,20.0,75.7,70.2,0.7051960548472456,1.0,70.2
8838_zirka_kropyvnytskyi_2010s_131257,8838_zirka_kropyvnytskyi_2010s,8838,Zirka Kropyvnytskyi,2010s,131257,Jonathan Moya (131257),Costa Rica,Attack - Centre-Forward,Attack,FW,1,1,2.0,0,0,0,5,0,0,305.0,13.0,66.7,66.3,0.600072167428434,1.0,66.3
8838_zirka_kropyvnytskyi_2010s_358956,8838_zirka_kropyvnytskyi_2010s,8838,Zirka Kropyvnytskyi,2010s,358956,Oleksandr Kucherenko (358956),Ukraine  Moldova,Midfield - Defensive Midfield,Midfield,CDM,1,1,2.0,0,0,0,4,0,1,923.0,13.0,66.7,66.3,0.600072167428434,1.0,66.3
8838_zirka_kropyvnytskyi_2010s_122361,8838_zirka_kropyvnytskyi_2010s,8838,Zirka Kropyvnytskyi,2010s,122361,Aderinsola Habib Eseola (122361),Ukraine  Nigeria,Attack - Centre-Forward,Attack,FW,2,2,1.0,0,0,0,4,0,0,705.0,10.0,62.9,63.6,0.5188838104402214,1.0,63.6
8838_zirka_kropyvnytskyi_2010s_271635,8838_zirka_kropyvnytskyi_2010s,8838,Zirka Kropyvnytskyi,2010s,271635,Dmytro Fateev (271635),Ukraine,Defender - Right-Back,Defender,RB,2,3,0.0,1,0,0,4,0,0,0.0,10.0,62.9,63.6,0.5188838104402214,1.0,63.6
8838_zirka_kropyvnytskyi_2010s_89318,8838_zirka_kropyvnytskyi_2010s,8838,Zirka Kropyvnytskyi,2010s,89318,Borja Ekiza (89318),Spain,Defender - Centre-Back,Defender,CB,1,1,1.0,0,0,0,3,0,0,864.0,8.0,60.3,61.9,0.46572047149386575,1.0,61.9
8838_zirka_kropyvnytskyi_2010s_167553,8838_zirka_kropyvnytskyi_2010s,8838,Zirka Kropyvnytskyi,2010s,167553,Anton Bratkov (167553),Ukraine,Defender - Centre-Back,Defender,CB,1,2,0.0,1,0,0,1,0,0,0.0,7.0,59.0,60.4,0.42097666586480637,1.0,60.4
8838_zirka_kropyvnytskyi_2010s_155861,8838_zirka_kropyvnytskyi_2010s,8838,Zirka Kropyvnytskyi,2010s,155861,Ruslan Zubkov (155861),Ukraine,Defender - Centre-Back,Defender,CB,1,1,0.0,1,0,0,2,0,0,0.0,6.0,57.7,58.6,0.36901611739235024,1.0,58.6
8838_zirka_kropyvnytskyi_2010s_468735,8838_zirka_kropyvnytskyi_2010s,8838,Zirka Kropyvnytskyi,2010s,468735,Oleksandr Matkobozhyk (468735),Ukraine,Defender - Centre-Back,Defender,CB,2,3,0.0,0,0,0,2,0,0,0.0,6.0,57.7,58.6,0.36901611739235024,1.0,58.6
8838_zirka_kropyvnytskyi_2010s_501417,8838_zirka_kropyvnytskyi_2010s,8838,Zirka Kropyvnytskyi,2010s,501417,Kyrylo Dryshlyuk (501417),Ukraine,Midfield - Central Midfield,Midfield,CM,2,3,0.0,0,0,0,5,0,0,0.0,6.0,57.7,58.6,0.36901611739235024,1.0,58.6
8838_zirka_kropyvnytskyi_2010s_58389,8838_zirka_kropyvnytskyi_2010s,8838,Zirka Kropyvnytskyi,2010s,58389,Oleg Dopilka (58389),Ukraine,Defender - Centre-Back,Defender,CB,1,1,0.0,0,0,0,1,0,0,0.0,3.0,53.9,51.2,0.16754871301419294,1.0,51.2
8838_zirka_kropyvnytskyi_2010s_58883,8838_zirka_kropyvnytskyi_2010s,8838,Zirka Kropyvnytskyi,2010s,58883,Aitor Fernández (58883),Spain,Defender - Right-Back,Defender,RB,1,1,0.0,0,0,0,0,0,0,0.0,3.0,53.9,51.2,0.16754871301419294,1.0,51.2
8838_zirka_kropyvnytskyi_2010s_59038,8838_zirka_kropyvnytskyi_2010s,8838,Zirka Kropyvnytskyi,2010s,59038,Vitaliy Gavrysh (59038),Ukraine,Defender - Centre-Back,Defender,CB,1,1,0.0,0,0,0,2,0,0,0.0,3.0,53.9,51.2,0.16754871301419294,1.0,51.2
8838_zirka_kropyvnytskyi_2010s_91366,8838_zirka_kropyvnytskyi_2010s,8838,Zirka Kropyvnytskyi,2010s,91366,Oleksandr Akymenko (91366),Ukraine,Attack - Centre-Forward,Attack,FW,1,1,0.0,0,0,0,0,0,0,0.0,3.0,53.9,51.2,0.16754871301419294,1.0,51.2
8838_zirka_kropyvnytskyi_2010s_121011,8838_zirka_kropyvnytskyi_2010s,8838,Zirka Kropyvnytskyi,2010s,121011,Oleksandr Kochura (121011),Ukraine,Midfield - Attacking Midfield,Midfield,AM,1,1,0.0,0,0,0,1,0,0,0.0,3.0,53.9,51.2,0.16754871301419294,1.0,51.2
8838_zirka_kropyvnytskyi_2010s_169679,8838_zirka_kropyvnytskyi_2010s,8838,Zirka Kropyvnytskyi,2010s,169679,Yaroslav Yampol (169679),Ukraine,Midfield - Attacking Midfield,Midfield,AM,1,2,0.0,0,0,0,1,0,0,0.0,3.0,53.9,51.2,0.16754871301419294,1.0,51.2
8838_zirka_kropyvnytskyi_2010s_267396,8838_zirka_kropyvnytskyi_2010s,8838,Zirka Kropyvnytskyi,2010s,267396,Igor Kalinin (267396),Russia  Ukraine,Defender - Left-Back,Defender,LB,1,1,0.0,0,0,0,1,0,0,0.0,3.0,53.9,51.2,0.16754871301419294,1.0,51.2
8838_zirka_kropyvnytskyi_2010s_289434,8838_zirka_kropyvnytskyi_2010s,8838,Zirka Kropyvnytskyi,2010s,289434,Cécé Pepe (289434),France  Cote d'Ivoire,Defender - Centre-Back,Defender,CB,1,2,0.0,0,0,0,3,0,0,0.0,3.0,53.9,51.2,0.16754871301419294,1.0,51.2
8838_zirka_kropyvnytskyi_2010s_540186,8838_zirka_kropyvnytskyi_2010s,8838,Zirka Kropyvnytskyi,2010s,540186,Daniil Kondrakov (540186),Russia  Ukraine,Attack - Centre-Forward,Attack,FW,1,2,0.0,0,0,0,0,0,0,0.0,3.0,53.9,51.2,0.16754871301419294,1.0,51.2
8838_zirka_kropyvnytskyi_2010s_917428,8838_zirka_kropyvnytskyi_2010s,8838,Zirka Kropyvnytskyi,2010s,917428,Igor Chenakal (917428),Ukraine,Midfield - Central Midfield,Midfield,CM,1,1,0.0,0,0,0,0,0,0,0.0,3.0,53.9,51.2,0.16754871301419294,1.0,51.2
8838_zirka_kropyvnytskyi_2010s_58402,8838_zirka_kropyvnytskyi_2010s,8838,Zirka Kropyvnytskyi,2010s,58402,Maksym Kovalyov (58402),Ukraine,Defender - Centre-Back,Defender,CB,2,3,0.0,0,0,0,4,1,0,0.0,2.5,53.2,45.7,0.019966321866730814,1.0,45.7
9007_arsenal_kyiv__2019_2000s_59908,9007_arsenal_kyiv__2019_2000s,9007,Arsenal Kyiv ( -2019),2000s,59908,Yevgen Seleznyov (59908),Ukraine,Attack - Centre-Forward,Attack,FW,2,2,19.0,5,0,0,14,1,3,609.0,119.5,95.0,87.4,0.969569401010344,1.0,87.4
9007_arsenal_kyiv__2019_2000s_27164,9007_arsenal_kyiv__2019_2000s,9007,Arsenal Kyiv ( -2019),2000s,27164,Maciej Kowalczyk (27164),Poland,Attack - Centre-Forward,Attack,FW,4,4,12.0,7,0,0,11,0,0,757.0,100.0,87.7,85.5,0.958744286745249,1.0,85.5
9007_arsenal_kyiv__2019_2000s_43934,9007_arsenal_kyiv__2019_2000s,9007,Arsenal Kyiv ( -2019),2000s,43934,Ionuț Mazilu (43934),Romania,Attack - Centre-Forward,Attack,FW,2,2,13.0,7,0,0,2,0,1,505.0,99.0,87.3,85.3,0.9577820543661294,1.0,85.3
9007_arsenal_kyiv__2019_2000s_14945,9007_arsenal_kyiv__2019_2000s,9007,Arsenal Kyiv ( -2019),2000s,14945,Andriy Vorobey (14945),Ukraine,Attack - Centre-Forward,Attack,FW,1,1,9.0,5,0,0,2,0,0,204.0,68.0,75.6,82.1,0.9263892229973538,1.0,82.1
9007_arsenal_kyiv__2019_2000s_28924,9007_arsenal_kyiv__2019_2000s,9007,Arsenal Kyiv ( -2019),2000s,28924,Oleksiy Ivanov (28924),Ukraine,Midfield - Attacking Midfield,Midfield,AM,4,4,3.0,9,0,0,18,0,0,3403.0,63.0,73.7,81.4,0.9180899687274476,1.0,81.4
9007_arsenal_kyiv__2019_2000s_58413,9007_arsenal_kyiv__2019_2000s,9007,Arsenal Kyiv ( -2019),2000s,58413,Volodymyr Lysenko (58413),Ukraine,Attack - Centre-Forward,Attack,FW,2,2,7.0,4,0,0,6,0,0,672.0,57.0,71.5,80.4,0.9043781573249939,1.0,80.4
9007_arsenal_kyiv__2019_2000s_9779,9007_arsenal_kyiv__2019_2000s,9007,Arsenal Kyiv ( -2019),2000s,9779,Vitaliy Reva (9779),Ukraine,Goalkeeper,Goalkeeper,GK,3,3,0.0,0,28,91,1,0,0,6922.0,51.0,69.2,79.3,0.8909069040173202,1.0,79.3
9007_arsenal_kyiv__2019_2000s_24022,9007_arsenal_kyiv__2019_2000s,9007,Arsenal Kyiv ( -2019),2000s,24022,Vyacheslav Kernozenko (24022),Ukraine,Goalkeeper,Goalkeeper,GK,3,3,0.0,0,18,48,0,0,0,4320.0,36.0,63.6,75.3,0.832571566033197,1.0,75.3
9007_arsenal_kyiv__2019_2000s_57895,9007_arsenal_kyiv__2019_2000s,9007,Arsenal Kyiv ( -2019),2000s,57895,Denys Oliynyk (57895),Ukraine,Attack - Left Winger,Attack,LM,1,1,5.0,2,0,0,0,0,0,206.0,36.0,63.6,75.3,0.832571566033197,1.0,75.3
9007_arsenal_kyiv__2019_2000s_9798,9007_arsenal_kyiv__2019_2000s,9007,Arsenal Kyiv ( -2019),2000s,9798,Maksim Shatskikh (9798),Uzbekistan  Ukraine,Attack - Centre-Forward,Attack,FW,1,1,4.0,3,0,0,0,0,0,276.0,35.0,63.2,75.1,0.8263170555689199,1.0,75.1
9007_arsenal_kyiv__2019_2000s_42641,9007_arsenal_kyiv__2019_2000s,9007,Arsenal Kyiv ( -2019),2000s,42641,Andriy Khomyn (42641),Ukraine,Defender - Right-Back,Defender,RB,3,3,3.0,2,0,0,18,0,0,686.0,32.0,62.1,74.3,0.8081549194130383,1.0,74.3
9007_arsenal_kyiv__2019_2000s_27126,9007_arsenal_kyiv__2019_2000s,9007,Arsenal Kyiv ( -2019),2000s,27126,Igor Bazhan (27126),Ukraine,Goalkeeper,Goalkeeper,GK,4,4,0.0,0,13,58,0,0,0,3963.0,31.5,61.9,74.2,0.80454654799134,1.0,74.2
9007_arsenal_kyiv__2019_2000s_25758,9007_arsenal_kyiv__2019_2000s,9007,Arsenal Kyiv ( -2019),2000s,25758,Jaba Kankava (25758),Georgia,Midfield - Defensive Midfield,Midfield,CDM,2,2,4.0,1,0,0,9,0,0,312.0,30.0,61.3,73.8,0.7954053403897041,1.0,73.8
9007_arsenal_kyiv__2019_2000s_15365,9007_arsenal_kyiv__2019_2000s,9007,Arsenal Kyiv ( -2019),2000s,15365,Rolan Gusev (15365),Russia,Midfield - Right Midfield,Midfield,RM,2,2,1.0,4,0,0,3,0,0,460.0,27.0,60.2,72.9,0.7733942747173442,1.0,72.9
9007_arsenal_kyiv__2019_2000s_12064,9007_arsenal_kyiv__2019_2000s,9007,Arsenal Kyiv ( -2019),2000s,12064,Igor Skoba (12064),Ukraine  Russia,Midfield - Central Midfield,Midfield,CM,3,3,0.0,4,0,0,2,0,0,0.0,25.0,59.4,72.2,0.7552321385614625,1.0,72.2
9007_arsenal_kyiv__2019_2000s_25881,9007_arsenal_kyiv__2019_2000s,9007,Arsenal Kyiv ( -2019),2000s,25881,Maksim Aristarkhov (25881),Russia,Attack - Centre-Forward,Attack,FW,1,1,4.0,0,0,0,0,0,0,203.0,23.0,58.7,71.5,0.7382727928794804,1.0,71.5
9007_arsenal_kyiv__2019_2000s_791429,9007_arsenal_kyiv__2019_2000s,9007,Arsenal Kyiv ( -2019),2000s,791429,Andrey Ryabykh (791429),Russia,Midfield,Midfield,CM,4,4,1.0,1,0,0,0,0,0,164.0,21.0,57.9,70.7,0.7179456338705797,1.0,70.7
9007_arsenal_kyiv__2019_2000s_59913,9007_arsenal_kyiv__2019_2000s,9007,Arsenal Kyiv ( -2019),2000s,59913,Artem Stargorodskyi (59913),Ukraine,Midfield - Central Midfield,Midfield,CM,4,4,1.0,1,0,0,7,0,0,729.0,20.0,57.5,70.2,0.7051960548472456,1.0,70.2
9007_arsenal_kyiv__2019_2000s_59893,9007_arsenal_kyiv__2019_2000s,9007,Arsenal Kyiv ( -2019),2000s,59893,Oleksandr Romanchuk (59893),Ukraine,Defender - Left-Back,Defender,LB,4,4,1.0,1,0,0,5,1,0,745.0,19.5,57.3,69.9,0.6968968005773394,1.0,69.9
9007_arsenal_kyiv__2019_2000s_48987,9007_arsenal_kyiv__2019_2000s,9007,Arsenal Kyiv ( -2019),2000s,48987,Andrey Eshchenko (48987),Russia,Defender - Right-Back,Defender,RB,2,2,1.0,2,0,0,4,0,0,2257.0,19.0,57.2,69.6,0.6904017320182824,1.0,69.6
9007_arsenal_kyiv__2019_2000s_15596,9007_arsenal_kyiv__2019_2000s,9007,Arsenal Kyiv ( -2019),2000s,15596,Bogdan Shershun (15596),Ukraine,Defender - Centre-Back,Defender,CB,2,2,2.0,1,0,0,1,1,0,585.0,18.5,57.0,69.4,0.684868895838345,1.0,69.4
9007_arsenal_kyiv__2019_2000s_33176,9007_arsenal_kyiv__2019_2000s,9007,Arsenal Kyiv ( -2019),2000s,33176,Seweryn Gancarczyk (33176),Poland,Defender - Left-Back,Defender,LB,3,3,1.0,1,0,0,4,0,0,296.0,17.0,56.4,68.6,0.6645417368294443,1.0,68.6
9007_arsenal_kyiv__2019_2000s_59796,9007_arsenal_kyiv__2019_2000s,9007,Arsenal Kyiv ( -2019),2000s,59796,Oleksandr Batalskyi (59796),Ukraine,Attack - Centre-Forward,Attack,FW,4,4,1.0,0,0,0,4,0,0,1384.0,17.0,56.4,68.6,0.6645417368294443,1.0,68.6
9007_arsenal_kyiv__2019_2000s_59881,9007_arsenal_kyiv__2019_2000s,9007,Arsenal Kyiv ( -2019),2000s,59881,Ivan Peric (59881),Serbia  Kazakhstan,Attack - Centre-Forward,Attack,FW,2,2,2.0,0,0,0,4,0,0,180.0,16.0,56.0,67.9,0.6464998797209526,1.0,67.9
9007_arsenal_kyiv__2019_2000s_59924,9007_arsenal_kyiv__2019_2000s,9007,Arsenal Kyiv ( -2019),2000s,59924,Yaroslav Zakharevych (59924),Ukraine,Midfield - Left Midfield,Midfield,LM,3,3,0.0,1,0,0,1,0,0,0.0,13.0,54.9,66.3,0.600072167428434,1.0,66.3
9007_arsenal_kyiv__2019_2000s_24010,9007_arsenal_kyiv__2019_2000s,9007,Arsenal Kyiv ( -2019),2000s,24010,Oleksandr Grytsay (24010),Ukraine,Midfield - Defensive Midfield,Midfield,CDM,1,1,1.0,1,0,0,4,0,0,2426.0,12.0,54.5,65.5,0.5752946836661054,1.0,65.5
9007_arsenal_kyiv__2019_2000s_24036,9007_arsenal_kyiv__2019_2000s,9007,Arsenal Kyiv ( -2019),2000s,24036,Sergiy Matyukhin (24036),Ukraine,Defender - Centre-Back,Defender,CB,2,2,1.0,0,0,0,3,0,0,1035.0,11.0,54.1,64.6,0.5475102237190281,1.0,64.6
9007_arsenal_kyiv__2019_2000s_92567,9007_arsenal_kyiv__2019_2000s,9007,Arsenal Kyiv ( -2019),2000s,92567,Andriy Bogdanov (92567),Ukraine,Midfield - Central Midfield,Midfield,CM,2,2,1.0,0,0,0,4,0,0,958.0,11.0,54.1,64.6,0.5475102237190281,1.0,64.6
9007_arsenal_kyiv__2019_2000s_59886,9007_arsenal_kyiv__2019_2000s,9007,Arsenal Kyiv ( -2019),2000s,59886,Andriy Raspopov (59886),Ukraine  Belarus,Defender - Centre-Back,Defender,CB,2,2,0.0,1,0,0,10,1,0,0.0,8.5,53.2,62.5,0.4862881885975463,1.0,62.5
9007_arsenal_kyiv__2019_2000s_58970,9007_arsenal_kyiv__2019_2000s,9007,Arsenal Kyiv ( -2019),2000s,58970,Yevgen Shakhov (58970),Ukraine,Midfield - Central Midfield,Midfield,CM,1,1,1.0,0,0,0,0,0,0,224.0,8.0,53.0,61.9,0.46572047149386575,1.0,61.9
9007_arsenal_kyiv__2019_2000s_91380,9007_arsenal_kyiv__2019_2000s,9007,Arsenal Kyiv ( -2019),2000s,91380,Dmytro Korkishko (91380),Ukraine,Attack - Left Winger,Attack,LM,1,1,1.0,0,0,0,0,0,0,60.0,8.0,53.0,61.9,0.46572047149386575,1.0,61.9
9007_arsenal_kyiv__2019_2000s_58251,9007_arsenal_kyiv__2019_2000s,9007,Arsenal Kyiv ( -2019),2000s,58251,Yevgeniy Shmakov (58251),Ukraine,Midfield - Defensive Midfield,Midfield,CDM,1,1,0.0,1,0,0,0,0,0,0.0,7.0,52.6,60.4,0.42097666586480637,1.0,60.4
9007_arsenal_kyiv__2019_2000s_27192,9007_arsenal_kyiv__2019_2000s,9007,Arsenal Kyiv ( -2019),2000s,27192,Volodymyr Chernikov (27192),Ukraine,Midfield - Defensive Midfield,Midfield,CDM,2,2,0.0,0,0,0,0,0,0,0.0,4.0,51.5,56.8,0.3171758479672841,1.0,56.8
9007_arsenal_kyiv__2019_2000s_9783,9007_arsenal_kyiv__2019_2000s,9007,Arsenal Kyiv ( -2019),2000s,9783,László Bodnár (9783),Hungary,Defender - Right-Back,Defender,RB,1,1,0.0,0,0,0,4,0,0,0.0,3.0,51.1,51.2,0.16754871301419294,1.0,51.2
9007_arsenal_kyiv__2019_2000s_15681,9007_arsenal_kyiv__2019_2000s,9007,Arsenal Kyiv ( -2019),2000s,15681,Vyacheslav Sviderskyi (15681),Ukraine,Defender - Centre-Back,Defender,CB,1,1,0.0,0,0,0,6,0,0,0.0,3.0,51.1,51.2,0.16754871301419294,1.0,51.2
9007_arsenal_kyiv__2019_2000s_24025,9007_arsenal_kyiv__2019_2000s,9007,Arsenal Kyiv ( -2019),2000s,24025,Ruslan Kostyshyn (24025),Ukraine,Midfield - Attacking Midfield,Midfield,AM,1,1,0.0,0,0,0,3,0,0,0.0,3.0,51.1,51.2,0.16754871301419294,1.0,51.2
9007_arsenal_kyiv__2019_2000s_43349,9007_arsenal_kyiv__2019_2000s,9007,Arsenal Kyiv ( -2019),2000s,43349,Aleksey Osipov (43349),Russia  Ukraine,Midfield - Central Midfield,Midfield,CM,1,1,0.0,0,0,0,0,0,0,0.0,3.0,51.1,51.2,0.16754871301419294,1.0,51.2
9007_arsenal_kyiv__2019_2000s_58137,9007_arsenal_kyiv__2019_2000s,9007,Arsenal Kyiv ( -2019),2000s,58137,Andriy Smalko (58137),Ukraine,Midfield - Central Midfield,Midfield,CM,1,1,0.0,0,0,0,0,0,0,0.0,3.0,51.1,51.2,0.16754871301419294,1.0,51.2
9007_arsenal_kyiv__2019_2000s_59826,9007_arsenal_kyiv__2019_2000s,9007,Arsenal Kyiv ( -2019),2000s,59826,Oleg Gerasymyuk (59826),Ukraine,Midfield - Central Midfield,Midfield,CM,1,1,0.0,0,0,0,1,0,0,0.0,3.0,51.1,51.2,0.16754871301419294,1.0,51.2
9007_arsenal_kyiv__2019_2000s_59877,9007_arsenal_kyiv__2019_2000s,9007,Arsenal Kyiv ( -2019),2000s,59877,Ruslan Chernenko (59877),Ukraine,Midfield - Central Midfield,Midfield,CM,1,1,0.0,0,0,0,0,0,0,0.0,3.0,51.1,51.2,0.16754871301419294,1.0,51.2
9007_arsenal_kyiv__2019_2000s_59922,9007_arsenal_kyiv__2019_2000s,9007,Arsenal Kyiv ( -2019),2000s,59922,Ruslan Yarosh (59922),Ukraine,Midfield - Central Midfield,Midfield,CM,1,1,0.0,0,0,0,0,0,0,0.0,3.0,51.1,51.2,0.16754871301419294,1.0,51.2
9007_arsenal_kyiv__2019_2000s_72899,9007_arsenal_kyiv__2019_2000s,9007,Arsenal Kyiv ( -2019),2000s,72899,Oleksandr Sytnyk (72899),Ukraine,Midfield - Right Midfield,Midfield,RM,1,1,0.0,0,0,0,0,0,0,0.0,3.0,51.1,51.2,0.16754871301419294,1.0,51.2
9007_arsenal_kyiv__2019_2000s_106928,9007_arsenal_kyiv__2019_2000s,9007,Arsenal Kyiv ( -2019),2000s,106928,Sergiy Sitalo (106928),Ukraine,Goalkeeper,Goalkeeper,GK,1,1,0.0,0,0,0,0,0,0,0.0,3.0,51.1,51.2,0.16754871301419294,1.0,51.2
9007_arsenal_kyiv__2019_2000s_120994,9007_arsenal_kyiv__2019_2000s,9007,Arsenal Kyiv ( -2019),2000s,120994,Kostyantyn Derevlyov (120994),Ukraine,Midfield - Central Midfield,Midfield,CM,1,1,0.0,0,0,0,0,0,0,0.0,3.0,51.1,51.2,0.16754871301419294,1.0,51.2
9007_arsenal_kyiv__2019_2010s_9798,9007_arsenal_kyiv__2019_2010s,9007,Arsenal Kyiv ( -2019),2010s,9798,Maksim Shatskikh (9798),Uzbekistan  Ukraine,Attack - Centre-Forward,Attack,FW,4,4,18.0,14,0,0,8,0,6,1909.0,158.0,95.0,89.7,0.9835217705075776,1.0,89.7
9007_arsenal_kyiv__2019_2010s_43332,9007_arsenal_kyiv__2019_2010s,9007,Arsenal Kyiv ( -2019),2010s,43332,Oleksandr Kovpak (43332),Ukraine,Attack - Centre-Forward,Attack,FW,4,5,16.0,6,0,0,4,0,0,970.0,116.0,83.0,87.0,0.9672840991099351,1.0,87.0
9007_arsenal_kyiv__2019_2010s_43934,9007_arsenal_kyiv__2019_2010s,9007,Arsenal Kyiv ( -2019),2010s,43934,Ionuț Mazilu (43934),Romania,Attack - Centre-Forward,Attack,FW,3,3,13.0,6,0,0,9,0,1,391.0,98.0,77.9,85.2,0.9568198219870099,1.0,85.2
9007_arsenal_kyiv__2019_2010s_59982,9007_arsenal_kyiv__2019_2010s,9007,Arsenal Kyiv ( -2019),2010s,59982,Volodymyr Arzhanov (59982),Ukraine,Attack - Right Winger,Attack,RM,4,4,10.0,8,0,0,5,0,1,1570.0,94.0,76.8,84.6,0.9534520086600914,1.0,84.6
9007_arsenal_kyiv__2019_2010s_56698,9007_arsenal_kyiv__2019_2010s,9007,Arsenal Kyiv ( -2019),2010s,56698,Aleksandre Kobakhidze (56698),Georgia,Midfield - Right Midfield,Midfield,RM,3,3,9.0,8,0,0,5,0,0,607.0,86.0,74.5,83.9,0.9487611258118835,1.0,83.9
9007_arsenal_kyiv__2019_2010s_92567,9007_arsenal_kyiv__2019_2010s,9007,Arsenal Kyiv ( -2019),2010s,92567,Andriy Bogdanov (92567),Ukraine,Midfield - Central Midfield,Midfield,CM,4,4,7.0,8,0,0,15,0,1,2300.0,76.0,71.6,83.0,0.9379360115467885,1.0,83.0
9007_arsenal_kyiv__2019_2010s_43309,9007_arsenal_kyiv__2019_2010s,9007,Arsenal Kyiv ( -2019),2010s,43309,Volodymyr Gomenyuk (43309),Ukraine,Attack - Centre-Forward,Attack,FW,3,3,8.0,5,0,0,11,0,0,971.0,69.0,69.7,82.2,0.9274717344238633,1.0,82.2
9007_arsenal_kyiv__2019_2010s_85563,9007_arsenal_kyiv__2019_2010s,9007,Arsenal Kyiv ( -2019),2010s,85563,Dominic Adiyiah (85563),Ghana,Attack - Right Winger,Attack,RM,3,3,7.0,4,0,0,6,0,0,622.0,60.0,67.1,80.9,0.9114746211210007,1.0,80.9
9007_arsenal_kyiv__2019_2010s_59913,9007_arsenal_kyiv__2019_2010s,9007,Arsenal Kyiv ( -2019),2010s,59913,Artem Stargorodskyi (59913),Ukraine,Midfield - Central Midfield,Midfield,CM,4,4,4.0,3,0,0,12,0,1,1379.0,43.0,62.2,77.0,0.8626413278806832,1.0,77.0
9007_arsenal_kyiv__2019_2010s_15365,9007_arsenal_kyiv__2019_2010s,9007,Arsenal Kyiv ( -2019),2010s,15365,Rolan Gusev (15365),Russia,Midfield - Right Midfield,Midfield,RM,1,1,2.0,6,0,0,2,0,0,858.0,37.0,60.5,75.6,0.8391869136396439,1.0,75.6
9007_arsenal_kyiv__2019_2010s_140561,9007_arsenal_kyiv__2019_2010s,9007,Arsenal Kyiv ( -2019),2010s,140561,Michael Odibe (140561),Nigeria,Defender - Centre-Back,Defender,CB,3,3,4.0,1,0,0,8,0,0,364.0,32.0,59.1,74.3,0.8081549194130383,1.0,74.3
9007_arsenal_kyiv__2019_2010s_248936,9007_arsenal_kyiv__2019_2010s,9007,Arsenal Kyiv ( -2019),2010s,248936,Pavlo Orikhovskyi (248936),Ukraine,Midfield - Central Midfield,Midfield,CM,1,2,3.0,3,0,0,8,0,1,1437.0,30.0,58.5,73.8,0.7954053403897041,1.0,73.8
9007_arsenal_kyiv__2019_2010s_244904,9007_arsenal_kyiv__2019_2010s,9007,Arsenal Kyiv ( -2019),2010s,244904,Artur Avagimyan (244904),Ukraine  Armenia,Midfield - Attacking Midfield,Midfield,AM,1,2,2.0,3,0,0,3,0,0,191.0,25.0,57.1,72.2,0.7552321385614625,1.0,72.2
9007_arsenal_kyiv__2019_2010s_59024,9007_arsenal_kyiv__2019_2010s,9007,Arsenal Kyiv ( -2019),2010s,59024,Yevgen Borovyk (59024),Ukraine,Goalkeeper,Goalkeeper,GK,3,3,0.0,0,10,31,2,0,0,2340.0,24.0,56.8,71.9,0.7468126052441665,1.0,71.9
9007_arsenal_kyiv__2019_2010s_269374,9007_arsenal_kyiv__2019_2010s,9007,Arsenal Kyiv ( -2019),2010s,269374,Sergiy Gryn (269374),Ukraine,Attack - Left Winger,Attack,LM,1,1,4.0,0,0,0,1,0,0,154.0,23.0,56.6,71.5,0.7382727928794804,1.0,71.5
9007_arsenal_kyiv__2019_2010s_15593,9007_arsenal_kyiv__2019_2010s,9007,Arsenal Kyiv ( -2019),2010s,15593,Sergey Samodin (15593),Russia,Attack - Centre-Forward,Attack,FW,2,2,2.0,1,0,0,2,0,0,441.0,20.0,55.7,70.2,0.7051960548472456,1.0,70.2
9007_arsenal_kyiv__2019_2010s_42641,9007_arsenal_kyiv__2019_2010s,9007,Arsenal Kyiv ( -2019),2010s,42641,Andriy Khomyn (42641),Ukraine,Defender - Right-Back,Defender,RB,4,4,1.0,1,0,0,12,1,0,753.0,19.5,55.6,69.9,0.6968968005773394,1.0,69.9
9007_arsenal_kyiv__2019_2010s_57901,9007_arsenal_kyiv__2019_2010s,9007,Arsenal Kyiv ( -2019),2010s,57901,Vyacheslav Sharpar (57901),Ukraine,Midfield - Central Midfield,Midfield,CM,2,2,2.0,1,0,0,2,0,0,334.0,19.0,55.4,69.6,0.6904017320182824,1.0,69.6
9007_arsenal_kyiv__2019_2010s_9779,9007_arsenal_kyiv__2019_2010s,9007,Arsenal Kyiv ( -2019),2010s,9779,Vitaliy Reva (9779),Ukraine,Goalkeeper,Goalkeeper,GK,3,3,0.0,0,6,34,2,0,0,2327.0,18.0,55.1,69.1,0.6780129901371181,1.0,69.1
9007_arsenal_kyiv__2019_2010s_58405,9007_arsenal_kyiv__2019_2010s,9007,Arsenal Kyiv ( -2019),2010s,58405,Artem Kravets (58405),Ukraine,Attack - Centre-Forward,Attack,FW,1,1,3.0,0,0,0,1,0,0,233.0,18.0,55.1,69.1,0.6780129901371181,1.0,69.1
9007_arsenal_kyiv__2019_2010s_28179,9007_arsenal_kyiv__2019_2010s,9007,Arsenal Kyiv ( -2019),2010s,28179,Mladen Bartulovic (28179),Croatia,Midfield - Left Midfield,Midfield,LM,1,1,2.0,1,0,0,2,0,0,412.0,17.0,54.8,68.6,0.6645417368294443,1.0,68.6
9007_arsenal_kyiv__2019_2010s_407014,9007_arsenal_kyiv__2019_2010s,9007,Arsenal Kyiv ( -2019),2010s,407014,Gaëtan Missi Mezu (407014),Gabon  France,Attack - Centre-Forward,Attack,FW,1,2,1.0,2,0,0,0,0,0,369.0,16.0,54.6,67.9,0.6464998797209526,1.0,67.9
9007_arsenal_kyiv__2019_2010s_37301,9007_arsenal_kyiv__2019_2010s,9007,Arsenal Kyiv ( -2019),2010s,37301,Veli Lampi (37301),Finland,Defender - Right-Back,Defender,RB,3,3,1.0,0,0,0,2,0,0,1035.0,14.0,54.0,67.0,0.6188356988212653,1.0,67.0
9007_arsenal_kyiv__2019_2010s_59826,9007_arsenal_kyiv__2019_2010s,9007,Arsenal Kyiv ( -2019),2010s,59826,Oleg Gerasymyuk (59826),Ukraine,Midfield - Central Midfield,Midfield,CM,2,2,1.0,1,0,0,4,0,0,556.0,14.0,54.0,67.0,0.6188356988212653,1.0,67.0
9007_arsenal_kyiv__2019_2010s_381273,9007_arsenal_kyiv__2019_2010s,9007,Arsenal Kyiv ( -2019),2010s,381273,Andriy Dombrovskyi (381273),Ukraine,Midfield - Defensive Midfield,Midfield,CDM,1,2,0.0,3,0,0,3,0,0,0.0,14.0,54.0,67.0,0.6188356988212653,1.0,67.0
9007_arsenal_kyiv__2019_2010s_45341,9007_arsenal_kyiv__2019_2010s,9007,Arsenal Kyiv ( -2019),2010s,45341,George Florescu (45341),Romania,Midfield - Defensive Midfield,Midfield,CDM,2,2,2.0,0,0,0,10,1,0,967.0,13.5,53.8,66.7,0.610897281693529,1.0,66.7
9007_arsenal_kyiv__2019_2010s_108710,9007_arsenal_kyiv__2019_2010s,9007,Arsenal Kyiv ( -2019),2010s,108710,Vladyslav Kalitvintsev (108710),Ukraine  Russia,Midfield - Right Midfield,Midfield,RM,1,2,1.0,1,0,0,1,0,0,736.0,12.0,53.4,65.5,0.5752946836661054,1.0,65.5
9007_arsenal_kyiv__2019_2010s_213980,9007_arsenal_kyiv__2019_2010s,9007,Arsenal Kyiv ( -2019),2010s,213980,Vyacheslav Tankovskyi (213980),Ukraine,Midfield - Central Midfield,Midfield,CM,1,2,1.0,1,0,0,6,0,0,703.0,12.0,53.4,65.5,0.5752946836661054,1.0,65.5
9007_arsenal_kyiv__2019_2010s_59893,9007_arsenal_kyiv__2019_2010s,9007,Arsenal Kyiv ( -2019),2010s,59893,Oleksandr Romanchuk (59893),Ukraine,Defender - Left-Back,Defender,LB,2,2,1.0,0,0,0,5,0,0,705.0,11.0,53.1,64.6,0.5475102237190281,1.0,64.6
9007_arsenal_kyiv__2019_2010s_45587,9007_arsenal_kyiv__2019_2010s,9007,Arsenal Kyiv ( -2019),2010s,45587,Rafael Santos (45587),Brazil  Portugal,Defender - Centre-Back,Defender,CB,2,2,0.0,1,0,0,5,0,0,0.0,10.0,52.8,63.6,0.5188838104402214,1.0,63.6
9007_arsenal_kyiv__2019_2010s_58956,9007_arsenal_kyiv__2019_2010s,9007,Arsenal Kyiv ( -2019),2010s,58956,Oleksandr Maksymov (58956),Ukraine,Midfield - Central Midfield,Midfield,CM,2,2,0.0,1,0,0,5,0,0,0.0,10.0,52.8,63.6,0.5188838104402214,1.0,63.6
9007_arsenal_kyiv__2019_2010s_15596,9007_arsenal_kyiv__2019_2010s,9007,Arsenal Kyiv ( -2019),2010s,15596,Bogdan Shershun (15596),Ukraine,Defender - Centre-Back,Defender,CB,2,2,1.0,0,0,0,7,1,0,650.0,9.5,52.7,63.3,0.508539812364686,1.0,63.3
9007_arsenal_kyiv__2019_2010s_130264,9007_arsenal_kyiv__2019_2010s,9007,Arsenal Kyiv ( -2019),2010s,130264,Yuriy Bushman (130264),Ukraine,Defender - Left-Back,Defender,LB,3,3,0.0,0,0,0,3,0,0,0.0,9.0,52.6,62.9,0.49735386095742123,1.0,62.9
9007_arsenal_kyiv__2019_2010s_24036,9007_arsenal_kyiv__2019_2010s,9007,Arsenal Kyiv ( -2019),2010s,24036,Sergiy Matyukhin (24036),Ukraine,Defender - Centre-Back,Defender,CB,1,1,1.0,0,0,0,6,0,0,1800.0,8.0,52.3,61.9,0.46572047149386575,1.0,61.9
9007_arsenal_kyiv__2019_2010s_58072,9007_arsenal_kyiv__2019_2010s,9007,Arsenal Kyiv ( -2019),2010s,58072,Yaroslav Martynyuk (58072),Ukraine,Midfield - Central Midfield,Midfield,CM,1,1,1.0,0,0,0,3,0,0,579.0,8.0,52.3,61.9,0.46572047149386575,1.0,61.9
9007_arsenal_kyiv__2019_2010s_58150,9007_arsenal_kyiv__2019_2010s,9007,Arsenal Kyiv ( -2019),2010s,58150,Andriy Tkachuk (58150),Ukraine,Midfield - Defensive Midfield,Midfield,CDM,1,1,1.0,0,0,0,0,0,0,498.0,8.0,52.3,61.9,0.46572047149386575,1.0,61.9
9007_arsenal_kyiv__2019_2010s_201628,9007_arsenal_kyiv__2019_2010s,9007,Arsenal Kyiv ( -2019),2010s,201628,Oleksiy Maydanevych (201628),Ukraine,Defender - Right-Back,Defender,RB,1,1,1.0,0,0,0,4,0,0,1065.0,8.0,52.3,61.9,0.46572047149386575,1.0,61.9
9007_arsenal_kyiv__2019_2010s_278917,9007_arsenal_kyiv__2019_2010s,9007,Arsenal Kyiv ( -2019),2010s,278917,Roman Pidkivka (278917),Ukraine,Goalkeeper,Goalkeeper,GK,1,2,0.0,0,3,22,2,0,0,1260.0,7.5,52.1,61.1,0.44274717344238634,1.0,61.1
9007_arsenal_kyiv__2019_2010s_58008,9007_arsenal_kyiv__2019_2010s,9007,Arsenal Kyiv ( -2019),2010s,58008,Maksym Feshchuk (58008),Ukraine,Attack - Centre-Forward,Attack,FW,1,1,0.0,1,0,0,0,0,0,0.0,7.0,52.0,60.4,0.42097666586480637,1.0,60.4
9007_arsenal_kyiv__2019_2010s_59136,9007_arsenal_kyiv__2019_2010s,9007,Arsenal Kyiv ( -2019),2010s,59136,Maksym Zhychykov (59136),Ukraine,Defender - Right-Back,Defender,RB,1,2,0.0,1,0,0,3,0,0,0.0,7.0,52.0,60.4,0.42097666586480637,1.0,60.4
9007_arsenal_kyiv__2019_2010s_90255,9007_arsenal_kyiv__2019_2010s,9007,Arsenal Kyiv ( -2019),2010s,90255,Frantisek Kubik (90255),Slovakia,Attack - Left Winger,Attack,LM,1,1,0.0,1,0,0,0,0,0,0.0,7.0,52.0,60.4,0.42097666586480637,1.0,60.4
9007_arsenal_kyiv__2019_2010s_24010,9007_arsenal_kyiv__2019_2010s,9007,Arsenal Kyiv ( -2019),2010s,24010,Oleksandr Grytsay (24010),Ukraine,Midfield - Defensive Midfield,Midfield,CDM,2,2,0.0,0,0,0,17,0,0,0.0,6.0,51.7,58.6,0.36901611739235024,1.0,58.6
9007_arsenal_kyiv__2019_2010s_216842,9007_arsenal_kyiv__2019_2010s,9007,Arsenal Kyiv ( -2019),2010s,216842,Mykola Vechurko (216842),Ukraine,Midfield - Central Midfield,Midfield,CM,2,2,0.0,0,0,0,0,0,0,0.0,6.0,51.7,58.6,0.36901611739235024,1.0,58.6
9007_arsenal_kyiv__2019_2010s_236468,9007_arsenal_kyiv__2019_2010s,9007,Arsenal Kyiv ( -2019),2010s,236468,Artem Shabanov (236468),Ukraine,Defender - Centre-Back,Defender,CB,2,2,0.0,0,0,0,0,0,0,0.0,6.0,51.7,58.6,0.36901611739235024,1.0,58.6
9007_arsenal_kyiv__2019_2010s_237623,9007_arsenal_kyiv__2019_2010s,9007,Arsenal Kyiv ( -2019),2010s,237623,Oleksandr Filippov (237623),Ukraine,Attack - Centre-Forward,Attack,FW,2,2,0.0,0,0,0,0,0,0,0.0,6.0,51.7,58.6,0.36901611739235024,1.0,58.6
9007_arsenal_kyiv__2019_2010s_106928,9007_arsenal_kyiv__2019_2010s,9007,Arsenal Kyiv ( -2019),2010s,106928,Sergiy Sitalo (106928),Ukraine,Goalkeeper,Goalkeeper,GK,1,1,0.0,0,1,30,2,0,0,1440.0,4.5,51.3,57.1,0.3246331489054607,1.0,57.1
9007_arsenal_kyiv__2019_2010s_177276,9007_arsenal_kyiv__2019_2010s,9007,Arsenal Kyiv ( -2019),2010s,177276,Bogdan Sarnavskyi (177276),Ukraine,Goalkeeper,Goalkeeper,GK,1,1,0.0,0,1,4,0,0,0,238.0,4.5,51.3,57.1,0.3246331489054607,1.0,57.1
9007_arsenal_kyiv__2019_2010s_8669,9007_arsenal_kyiv__2019_2010s,9007,Arsenal Kyiv ( -2019),2010s,8669,Milan Obradovic (8669),Serbia,Defender - Right-Back,Defender,RB,1,1,0.0,0,0,0,3,0,0,0.0,3.0,50.9,51.2,0.16754871301419294,1.0,51.2
9007_arsenal_kyiv__2019_2010s_24061,9007_arsenal_kyiv__2019_2010s,9007,Arsenal Kyiv ( -2019),2010s,24061,Sergiy Valyaev (24061),Ukraine,Midfield - Central Midfield,Midfield,CM,1,1,0.0,0,0,0,2,0,0,0.0,3.0,50.9,51.2,0.16754871301419294,1.0,51.2
9007_arsenal_kyiv__2019_2010s_39316,9007_arsenal_kyiv__2019_2010s,9007,Arsenal Kyiv ( -2019),2010s,39316,Serge Akakpo (39316),Togo  France,Defender - Centre-Back,Defender,CB,1,1,0.0,0,0,0,0,0,0,0.0,3.0,50.9,51.2,0.16754871301419294,1.0,51.2
9007_arsenal_kyiv__2019_2010s_48987,9007_arsenal_kyiv__2019_2010s,9007,Arsenal Kyiv ( -2019),2010s,48987,Andrey Eshchenko (48987),Russia,Defender - Right-Back,Defender,RB,1,1,0.0,0,0,0,2,0,0,0.0,3.0,50.9,51.2,0.16754871301419294,1.0,51.2
9007_arsenal_kyiv__2019_2010s_57900,9007_arsenal_kyiv__2019_2010s,9007,Arsenal Kyiv ( -2019),2010s,57900,Vyacheslav Serdyuk (57900),Ukraine,Defender - Centre-Back,Defender,CB,1,1,0.0,0,0,0,0,0,0,0.0,3.0,50.9,51.2,0.16754871301419294,1.0,51.2
9007_arsenal_kyiv__2019_2010s_58427,9007_arsenal_kyiv__2019_2010s,9007,Arsenal Kyiv ( -2019),2010s,58427,Kyrylo Petrov (58427),Ukraine,Midfield - Defensive Midfield,Midfield,CDM,1,1,0.0,0,0,0,2,0,0,0.0,3.0,50.9,51.2,0.16754871301419294,1.0,51.2
9007_arsenal_kyiv__2019_2010s_58980,9007_arsenal_kyiv__2019_2010s,9007,Arsenal Kyiv ( -2019),2010s,58980,Vyacheslav Turchanov (58980),Ukraine,Midfield - Defensive Midfield,Midfield,CDM,1,1,0.0,0,0,0,0,0,0,0.0,3.0,50.9,51.2,0.16754871301419294,1.0,51.2
9007_arsenal_kyiv__2019_2010s_59877,9007_arsenal_kyiv__2019_2010s,9007,Arsenal Kyiv ( -2019),2010s,59877,Ruslan Chernenko (59877),Ukraine,Midfield - Central Midfield,Midfield,CM,1,1,0.0,0,0,0,0,0,0,0.0,3.0,50.9,51.2,0.16754871301419294,1.0,51.2
9007_arsenal_kyiv__2019_2010s_59924,9007_arsenal_kyiv__2019_2010s,9007,Arsenal Kyiv ( -2019),2010s,59924,Yaroslav Zakharevych (59924),Ukraine,Midfield - Left Midfield,Midfield,LM,1,1,0.0,0,0,0,0,0,0,0.0,3.0,50.9,51.2,0.16754871301419294,1.0,51.2
9007_arsenal_kyiv__2019_2010s_59933,9007_arsenal_kyiv__2019_2010s,9007,Arsenal Kyiv ( -2019),2010s,59933,Stanislav Bogush (59933),Ukraine,Goalkeeper,Goalkeeper,GK,1,1,0.0,0,0,2,0,0,0,90.0,3.0,50.9,51.2,0.16754871301419294,1.0,51.2
9007_arsenal_kyiv__2019_2010s_99189,9007_arsenal_kyiv__2019_2010s,9007,Arsenal Kyiv ( -2019),2010s,99189,Pelé (99189),Guinea-Bissau  Portugal,Midfield - Defensive Midfield,Midfield,CDM,1,1,0.0,0,0,0,0,0,0,0.0,3.0,50.9,51.2,0.16754871301419294,1.0,51.2
9007_arsenal_kyiv__2019_2010s_130196,9007_arsenal_kyiv__2019_2010s,9007,Arsenal Kyiv ( -2019),2010s,130196,Yevgen Kolesnyk (130196),Ukraine,Midfield - Central Midfield,Midfield,CM,1,1,0.0,0,0,0,0,0,0,0.0,3.0,50.9,51.2,0.16754871301419294,1.0,51.2
9007_arsenal_kyiv__2019_2010s_243827,9007_arsenal_kyiv__2019_2010s,9007,Arsenal Kyiv ( -2019),2010s,243827,Olavale Fabunmi (243827),Ukraine  Nigeria,Midfield - Left Midfield,Midfield,LM,1,1,0.0,0,0,0,0,0,0,0.0,3.0,50.9,51.2,0.16754871301419294,1.0,51.2
9007_arsenal_kyiv__2019_2010s_264646,9007_arsenal_kyiv__2019_2010s,9007,Arsenal Kyiv ( -2019),2010s,264646,Oleksandr Osman (264646),Ukraine,Defender - Left-Back,Defender,LB,1,2,0.0,0,0,0,1,0,0,0.0,3.0,50.9,51.2,0.16754871301419294,1.0,51.2
9007_arsenal_kyiv__2019_2010s_293106,9007_arsenal_kyiv__2019_2010s,9007,Arsenal Kyiv ( -2019),2010s,293106,Georgi Kopaliani (293106),Ukraine,Goalkeeper,Goalkeeper,GK,1,1,0.0,0,0,7,0,0,0,90.0,3.0,50.9,51.2,0.16754871301419294,1.0,51.2
9007_arsenal_kyiv__2019_2010s_308436,9007_arsenal_kyiv__2019_2010s,9007,Arsenal Kyiv ( -2019),2010s,308436,Denys Balanyuk (308436),Ukraine,Attack - Centre-Forward,Attack,FW,1,1,0.0,0,0,0,1,0,0,0.0,3.0,50.9,51.2,0.16754871301419294,1.0,51.2
9007_arsenal_kyiv__2019_2010s_341486,9007_arsenal_kyiv__2019_2010s,9007,Arsenal Kyiv ( -2019),2010s,341486,Danila Sagutkin (341486),Russia  Ukraine,Defender - Centre-Back,Defender,CB,1,2,0.0,0,0,0,5,0,0,0.0,3.0,50.9,51.2,0.16754871301419294,1.0,51.2
9007_arsenal_kyiv__2019_2010s_369155,9007_arsenal_kyiv__2019_2010s,9007,Arsenal Kyiv ( -2019),2010s,369155,Yuriy Vakulko (369155),Ukraine,Midfield - Central Midfield,Midfield,CM,1,2,0.0,0,0,0,1,0,0,0.0,3.0,50.9,51.2,0.16754871301419294,1.0,51.2
9007_arsenal_kyiv__2019_2010s_396530,9007_arsenal_kyiv__2019_2010s,9007,Arsenal Kyiv ( -2019),2010s,396530,Artem Kozak (396530),Ukraine,Midfield - Right Midfield,Midfield,RM,1,2,0.0,0,0,0,0,0,0,0.0,3.0,50.9,51.2,0.16754871301419294,1.0,51.2
9007_arsenal_kyiv__2019_2010s_396535,9007_arsenal_kyiv__2019_2010s,9007,Arsenal Kyiv ( -2019),2010s,396535,Vladyslav Alekseyev (396535),Ukraine,Attack - Centre-Forward,Attack,FW,1,2,0.0,0,0,0,0,0,0,0.0,3.0,50.9,51.2,0.16754871301419294,1.0,51.2
9007_arsenal_kyiv__2019_2010s_404851,9007_arsenal_kyiv__2019_2010s,9007,Arsenal Kyiv ( -2019),2010s,404851,Denis Yanakov (404851),Ukraine,Attack - Left Winger,Attack,LM,1,2,0.0,0,0,0,0,0,0,0.0,3.0,50.9,51.2,0.16754871301419294,1.0,51.2
9007_arsenal_kyiv__2019_2010s_411149,9007_arsenal_kyiv__2019_2010s,9007,Arsenal Kyiv ( -2019),2010s,411149,Curtis Yebli (411149),Cote d'Ivoire  France,Midfield - Central Midfield,Midfield,CM,1,1,0.0,0,0,0,2,0,0,0.0,3.0,50.9,51.2,0.16754871301419294,1.0,51.2
9007_arsenal_kyiv__2019_2010s_509837,9007_arsenal_kyiv__2019_2010s,9007,Arsenal Kyiv ( -2019),2010s,509837,Maksym Pryadun (509837),Ukraine,Attack - Centre-Forward,Attack,FW,1,1,0.0,0,0,0,0,0,0,0.0,3.0,50.9,51.2,0.16754871301419294,1.0,51.2
9007_arsenal_kyiv__2019_2010s_537853,9007_arsenal_kyiv__2019_2010s,9007,Arsenal Kyiv ( -2019),2010s,537853,Andriy Stryzhak (537853),Ukraine,Midfield - Defensive Midfield,Midfield,CDM,1,1,0.0,0,0,0,1,0,0,0.0,3.0,50.9,51.2,0.16754871301419294,1.0,51.2
9007_arsenal_kyiv__2019_2010s_537860,9007_arsenal_kyiv__2019_2010s,9007,Arsenal Kyiv ( -2019),2010s,537860,Mykhaylo Mudryk (537860),Ukraine,Attack - Left Winger,Attack,LM,1,2,0.0,0,0,0,0,0,0,0.0,3.0,50.9,51.2,0.16754871301419294,1.0,51.2
9007_arsenal_kyiv__2019_2010s_539448,9007_arsenal_kyiv__2019_2010s,9007,Arsenal Kyiv ( -2019),2010s,539448,Danyil Sukhoruchko (539448),Ukraine,Attack - Centre-Forward,Attack,FW,1,2,0.0,0,0,0,0,0,0,0.0,3.0,50.9,51.2,0.16754871301419294,1.0,51.2
9007_arsenal_kyiv__2019_2010s_606248,9007_arsenal_kyiv__2019_2010s,9007,Arsenal Kyiv ( -2019),2010s,606248,Danylo Karas (606248),Ukraine,Defender - Centre-Back,Defender,CB,1,1,0.0,0,0,0,1,0,0,0.0,3.0,50.9,51.2,0.16754871301419294,1.0,51.2
9007_arsenal_kyiv__2019_2010s_625144,9007_arsenal_kyiv__2019_2010s,9007,Arsenal Kyiv ( -2019),2010s,625144,Vladyslav Semotyuk (625144),Ukraine,Midfield - Central Midfield,Midfield,CM,1,1,0.0,0,0,0,0,0,0,0.0,3.0,50.9,51.2,0.16754871301419294,1.0,51.2
9007_arsenal_kyiv__2019_2010s_58970,9007_arsenal_kyiv__2019_2010s,9007,Arsenal Kyiv ( -2019),2010s,58970,Yevgen Shakhov (58970),Ukraine,Midfield - Central Midfield,Midfield,CM,1,1,0.0,0,0,0,5,0,0,0.0,2.0,50.6,45.6,0.016237671397642532,1.0,45.6
338_dynamo_kyiv_1990s_8816756,338_dynamo_kyiv_1990s,338,Dynamo Kyiv,1990s,8816756,Oleksandr Shovkovskyi (8816756),,Goalkeeper,Goalkeeper,GK,7,7,0,,,,,,,,21.0,70.3,70.3,,1,70.3
338_dynamo_kyiv_2000s_8816756,338_dynamo_kyiv_2000s,338,Dynamo Kyiv,2000s,8816756,Oleksandr Shovkovskyi (8816756),,Goalkeeper,Goalkeeper,GK,10,10,0,,,,,,,,30.0,74.1,74.1,,1,74.1
338_dynamo_kyiv_2010s_8816756,338_dynamo_kyiv_2010s,338,Dynamo Kyiv,2010s,8816756,Oleksandr Shovkovskyi (8816756),,Goalkeeper,Goalkeeper,GK,7,7,0,,,,,,,,21.0,81.2,81.2,,1,81.2
338_dynamo_kyiv_2000s_8318705,338_dynamo_kyiv_2000s,338,Dynamo Kyiv,2000s,8318705,Oleg Gusev (8318705),,Midfield - Right Midfield,Midfield,RM,7,7,,,,,,,,,21.0,78.1,78.1,,1,78.1
338_dynamo_kyiv_2010s_8318705,338_dynamo_kyiv_2010s,338,Dynamo Kyiv,2010s,8318705,Oleg Gusev (8318705),,Midfield - Right Midfield,Midfield,RM,7,7,,,,,,,,,21.0,92.0,92.0,,1,92.0
338_dynamo_kyiv_1990s_8789170,338_dynamo_kyiv_1990s,338,Dynamo Kyiv,1990s,8789170,Vladyslav Vashchuk (8789170),,Defender - Centre-Back,Defender,CB,,,,,,,,,,,,89.3,89.3,,1,89.3
338_dynamo_kyiv_2000s_8789170,338_dynamo_kyiv_2000s,338,Dynamo Kyiv,2000s,8789170,Vladyslav Vashchuk (8789170),,Defender - Centre-Back,Defender,CB,,,,,,,,,,,,85.4,85.4,,1,85.4
338_dynamo_kyiv_1990s_8205827,338_dynamo_kyiv_1990s,338,Dynamo Kyiv,1990s,8205827,Serhiy Rebrov (8205827),,Attack - Centre-Forward,Attack,FW,,,,,,,,,,,,92.0,92.0,,1,92.0
338_dynamo_kyiv_2000s_8205827,338_dynamo_kyiv_2000s,338,Dynamo Kyiv,2000s,8205827,Serhiy Rebrov (8205827),,Attack - Centre-Forward,Attack,FW,,,,,,,,,,,,92.0,92.0,,1,92.0
338_dynamo_kyiv_1990s_8841428,338_dynamo_kyiv_1990s,338,Dynamo Kyiv,1990s,8841428,Andriy Nesmachnyi (8841428),,Defender - Left-Back,Defender,LB,3,3,,,,,,,,,9.0,88.2,88.2,,1,88.2
338_dynamo_kyiv_2000s_8841428,338_dynamo_kyiv_2000s,338,Dynamo Kyiv,2000s,8841428,Andriy Nesmachnyi (8841428),,Defender - Left-Back,Defender,LB,10,10,,,,,,,,,30.0,83.3,83.3,,1,83.3
338_dynamo_kyiv_2010s_8841428,338_dynamo_kyiv_2010s,338,Dynamo Kyiv,2010s,8841428,Andriy Nesmachnyi (8841428),,Defender - Left-Back,Defender,LB,1,1,,,,,,,,,3.0,74.9,74.9,,1,74.9
338_dynamo_kyiv_1990s_8647189,338_dynamo_kyiv_1990s,338,Dynamo Kyiv,1990s,8647189,Valentyn Belkevych (8647189),,Midfield - Attacking Midfield,Midfield,AM,4,4,,,,,,,,,12.0,84.0,84.0,,1,84.0
338_dynamo_kyiv_2000s_8647189,338_dynamo_kyiv_2000s,338,Dynamo Kyiv,2000s,8647189,Valentyn Belkevych (8647189),,Midfield - Attacking Midfield,Midfield,AM,8,8,,,,,,,,,24.0,86.5,86.5,,1,86.5
338_dynamo_kyiv_1990s_8620253,338_dynamo_kyiv_1990s,338,Dynamo Kyiv,1990s,8620253,Andriy Husin (8620253),,Midfield - Central Midfield,Midfield,CM,7,7,,,,,,,,,21.0,87.6,87.6,,1,87.6
338_dynamo_kyiv_2000s_8620253,338_dynamo_kyiv_2000s,338,Dynamo Kyiv,2000s,8620253,Andriy Husin (8620253),,Midfield - Central Midfield,Midfield,CM,5,5,,,,,,,,,15.0,73.1,73.1,,1,73.1
338_dynamo_kyiv_1990s_8657409,338_dynamo_kyiv_1990s,338,Dynamo Kyiv,1990s,8657409,Yuriy Kalitvintsev (8657409),,Midfield - Attacking Midfield,Midfield,AM,6,6,,,,,,,,,18.0,84.0,84.0,,1,84.0
338_dynamo_kyiv_2000s_8657409,338_dynamo_kyiv_2000s,338,Dynamo Kyiv,2000s,8657409,Yuriy Kalitvintsev (8657409),,Midfield - Attacking Midfield,Midfield,AM,0,0,,,,,,,,,0.0,86.5,86.5,,1,86.5
338_dynamo_kyiv_1990s_8833780,338_dynamo_kyiv_1990s,338,Dynamo Kyiv,1990s,8833780,Vitaliy Kosovskyi (8833780),,Midfield - Left Midfield,Midfield,LM,6,6,,,,,,,,,18.0,89.3,89.3,,1,89.3
338_dynamo_kyiv_2000s_8833780,338_dynamo_kyiv_2000s,338,Dynamo Kyiv,2000s,8833780,Vitaliy Kosovskyi (8833780),,Midfield - Left Midfield,Midfield,LM,3,3,,,,,,,,,9.0,74.5,74.5,,1,74.5
338_dynamo_kyiv_1990s_8341301,338_dynamo_kyiv_1990s,338,Dynamo Kyiv,1990s,8341301,Serhiy Fedorov (8341301),,Defender - Centre-Back,Defender,CB,8,8,,,,,,,,,24.0,88.2,88.2,,1,88.2
338_dynamo_kyiv_2000s_8341301,338_dynamo_kyiv_2000s,338,Dynamo Kyiv,2000s,8341301,Serhiy Fedorov (8341301),,Defender - Centre-Back,Defender,CB,9,9,,,,,,,,,27.0,84.1,84.1,,1,84.1
338_dynamo_kyiv_1990s_8716042,338_dynamo_kyiv_1990s,338,Dynamo Kyiv,1990s,8716042,Yuriy Dmytrulin (8716042),,Defender - Left-Back,Defender,LB,8,8,,,,,,,,,24.0,88.2,88.2,,1,88.2
338_dynamo_kyiv_2000s_8716042,338_dynamo_kyiv_2000s,338,Dynamo Kyiv,2000s,8716042,Yuriy Dmytrulin (8716042),,Defender - Left-Back,Defender,LB,5,5,,,,,,,,,15.0,83.3,83.3,,1,83.3
338_dynamo_kyiv_2000s_8995023,338_dynamo_kyiv_2000s,338,Dynamo Kyiv,2000s,8995023,Taras Mykhalyk (8995023),,Defender - Centre-Back,Defender,CB,4,4,,,,,,,,,12.0,84.1,84.1,,1,84.1
338_dynamo_kyiv_2010s_8995023,338_dynamo_kyiv_2010s,338,Dynamo Kyiv,2010s,8995023,Taras Mykhalyk (8995023),,Defender - Centre-Back,Defender,CB,3,3,,,,,,,,,9.0,75.3,75.3,,1,75.3
660_shakhtar_donetsk_1990s_8562832,660_shakhtar_donetsk_1990s,660,Shakhtar Donetsk,1990s,8562832,Anatoliy Tymoshchuk (8562832),,Midfield - Defensive Midfield,Midfield,CDM,3,3,,,,,,,,,9.0,83.3,83.3,,1,83.3
660_shakhtar_donetsk_2000s_8562832,660_shakhtar_donetsk_2000s,660,Shakhtar Donetsk,2000s,8562832,Anatoliy Tymoshchuk (8562832),,Midfield - Defensive Midfield,Midfield,CDM,7,7,,,,,,,,,21.0,92.0,92.0,,1,92.0
660_shakhtar_donetsk_2000s_8822964,660_shakhtar_donetsk_2000s,660,Shakhtar Donetsk,2000s,8822964,Brandao (8822964),,Attack - Centre-Forward,Attack,FW,7,7,,,,,,,,,21.0,92.0,92.0,,1,92.0
660_shakhtar_donetsk_1990s_8433084,660_shakhtar_donetsk_1990s,660,Shakhtar Donetsk,1990s,8433084,Gennadiy Zubov (8433084),,Midfield - Right Midfield,Midfield,RM,6,6,,,,,,,,,18.0,78.7,78.7,,1,78.7
660_shakhtar_donetsk_2000s_8433084,660_shakhtar_donetsk_2000s,660,Shakhtar Donetsk,2000s,8433084,Gennadiy Zubov (8433084),,Midfield - Right Midfield,Midfield,RM,4,4,,,,,,,,,12.0,79.4,79.4,,1,79.4
660_shakhtar_donetsk_1990s_8037576,660_shakhtar_donetsk_1990s,660,Shakhtar Donetsk,1990s,8037576,Serhiy Atelkin (8037576),,Attack - Centre-Forward,Attack,FW,,,,,,,,,,,,85.1,85.1,,1,85.1
660_shakhtar_donetsk_2000s_8037576,660_shakhtar_donetsk_2000s,660,Shakhtar Donetsk,2000s,8037576,Serhiy Atelkin (8037576),,Attack - Centre-Forward,Attack,FW,,,,,,,,,,,,92.0,92.0,,1,92.0
660_shakhtar_donetsk_1990s_8736782,660_shakhtar_donetsk_1990s,660,Shakhtar Donetsk,1990s,8736782,Oleg Matveev (8736782),,Attack - Centre-Forward,Attack,FW,,,,,,,,,,,,85.1,85.1,,1,85.1
660_shakhtar_donetsk_2000s_8601307,660_shakhtar_donetsk_2000s,660,Shakhtar Donetsk,2000s,8601307,Elano (8601307),,Midfield - Central Midfield,Midfield,CM,3,3,,,,,,,,,9.0,78.7,78.7,,1,78.7
660_shakhtar_donetsk_2000s_8087111,660_shakhtar_donetsk_2000s,660,Shakhtar Donetsk,2000s,8087111,Mariusz Lewandowski (8087111),,Midfield - Defensive Midfield,Midfield,CDM,9,9,,,,,,,,,27.0,92.0,92.0,,1,92.0
660_shakhtar_donetsk_2010s_8087111,660_shakhtar_donetsk_2010s,660,Shakhtar Donetsk,2010s,8087111,Mariusz Lewandowski (8087111),,Midfield - Defensive Midfield,Midfield,CDM,0,0,,,,,,,,,0.0,88.3,88.3,,1,88.3
6414_metalist_kharkiv_1990s_8603941,6414_metalist_kharkiv_1990s,6414,Metalist Kharkiv,1990s,8603941,Vadym Goldin (8603941),,Midfield - Central Midfield,Midfield,CM,,,,,,,,,,,,72.6,72.6,,1,72.6
6414_metalist_kharkiv_2000s_8603941,6414_metalist_kharkiv_2000s,6414,Metalist Kharkiv,2000s,8603941,Vadym Goldin (8603941),,Midfield - Central Midfield,Midfield,CM,,,,,,,,,,,,84.3,84.3,,1,84.3
6994_metalurg_zaporizhya_2000s_8602786,6994_metalurg_zaporizhya_2000s,6994,Metalurg Zaporizhya,2000s,8602786,Oleksiy Godin (8602786),,Midfield - Central Midfield,Midfield,CM,10,10,,,,,,,,,30.0,77.7,77.7,,1,77.7
6994_metalurg_zaporizhya_2010s_8602786,6994_metalurg_zaporizhya_2010s,6994,Metalurg Zaporizhya,2010s,8602786,Oleksiy Godin (8602786),,Midfield - Central Midfield,Midfield,CM,5,5,,,,,,,,,15.0,72.6,72.6,,1,72.6
6994_metalurg_zaporizhya_2000s_8713027,6994_metalurg_zaporizhya_2000s,6994,Metalurg Zaporizhya,2000s,8713027,Dmytro Nevmyvaka (8713027),,Defender - Centre-Back,Defender,CB,5,5,,,,,,,,,15.0,75.2,75.2,,1,75.2
6994_metalurg_zaporizhya_2010s_8713027,6994_metalurg_zaporizhya_2010s,6994,Metalurg Zaporizhya,2010s,8713027,Dmytro Nevmyvaka (8713027),,Defender - Centre-Back,Defender,CB,5,5,,,,,,,,,15.0,70.7,70.7,,1,70.7
6992_chornomorets_odesa_1990s_8094516,6992_chornomorets_odesa_1990s,6992,Chornomorets Odesa,1990s,8094516,Tymerlan Huseynov (8094516),,Attack - Centre-Forward,Attack,FW,5,5,,,,,,,,,15.0,72.4,72.4,,1,72.4
6992_chornomorets_odesa_1990s_8369832,6992_chornomorets_odesa_1990s,6992,Chornomorets Odesa,1990s,8369832,Yuriy Nikiforov (8369832),,Defender - Centre-Back,Defender,CB,,,,,,,,,,,,75.2,75.2,,1,75.2
6992_chornomorets_odesa_1990s_8285473,6992_chornomorets_odesa_1990s,6992,Chornomorets Odesa,1990s,8285473,Ihor Zhabchenko (8285473),,Midfield - Central Midfield,Midfield,CM,,,,,,,,,,,,73.7,73.7,,1,73.7
2477_karpaty_lviv_2000s_8574234,2477_karpaty_lviv_2000s,2477,Karpaty Lviv,2000s,8574234,Serhiy Kuznetsov (8574234),,Attack - Centre-Forward,Attack,FW,2,2,,,,,,,,,6.0,85.9,85.9,,1,85.9
2477_karpaty_lviv_2010s_8574234,2477_karpaty_lviv_2010s,2477,Karpaty Lviv,2010s,8574234,Serhiy Kuznetsov (8574234),,Attack - Centre-Forward,Attack,FW,2,2,,,,,,,,,6.0,84.0,84.0,,1,84.0
2783_metalurg_donetsk__2015_2000s_8518009,2783_metalurg_donetsk__2015_2000s,2783,Metalurg Donetsk (- 2015),2000s,8518009,Vyacheslav Checher (8518009),,Defender - Centre-Back,Defender,CB,,,,,,,,,,,,72.5,72.5,,1,72.5
2783_metalurg_donetsk__2015_2010s_8518009,2783_metalurg_donetsk__2015_2010s,2783,Metalurg Donetsk (- 2015),2010s,8518009,Vyacheslav Checher (8518009),,Defender - Centre-Back,Defender,CB,,,,,,,,,,,,70.3,70.3,,1,70.3
2783_metalurg_donetsk__2015_1990s_8913731,2783_metalurg_donetsk__2015_1990s,2783,Metalurg Donetsk (- 2015),1990s,8913731,Serhiy Shyshchenko (8913731),,Midfield - Attacking Midfield,Midfield,AM,,,,,,,,,,,,74.8,74.8,,1,74.8
2783_metalurg_donetsk__2015_2000s_8913731,2783_metalurg_donetsk__2015_2000s,2783,Metalurg Donetsk (- 2015),2000s,8913731,Serhiy Shyshchenko (8913731),,Midfield - Attacking Midfield,Midfield,AM,,,,,,,,,,,,77.1,77.1,,1,77.1
18303_pfc_oleksandriya_2010s_8547951,18303_pfc_oleksandriya_2010s,18303,PFC Oleksandriya,2010s,8547951,Yevhen Banada (8547951),,Midfield - Defensive Midfield,Midfield,CDM,,,,,,,,,,,,66.6,66.6,,1,66.6
60551_sc_dnipro_1_2010s_8718789,60551_sc_dnipro_1_2010s,60551,SC Dnipro-1,2010s,8718789,Oleksandr Nazarenko (8718789),,Midfield - Left Midfield,Midfield,LM,3,3,,,,,,,,,9.0,73.3,73.3,,1,73.3
60551_sc_dnipro_1_2020s_8718789,60551_sc_dnipro_1_2020s,60551,SC Dnipro-1,2020s,8718789,Oleksandr Nazarenko (8718789),,Midfield - Left Midfield,Midfield,LM,3,3,,,,,,,,,9.0,72.9,72.9,,1,72.9
338_dynamo_kyiv_2000s_8384773,338_dynamo_kyiv_2000s,338,Dynamo Kyiv,2000s,8384773,Tiberiu Ghioane (8384773),,Midfield - Central Midfield,Midfield,CM,9,9,,,,,,,,,27.0,65.7,65.7,,1,65.7
338_dynamo_kyiv_2010s_8384773,338_dynamo_kyiv_2010s,338,Dynamo Kyiv,2010s,8384773,Tiberiu Ghioane (8384773),,Midfield - Central Midfield,Midfield,CM,1,1,,,,,,,,,3.0,61.6,61.6,,1,61.6
338_dynamo_kyiv_2010s_8240332,338_dynamo_kyiv_2010s,338,Dynamo Kyiv,2010s,8240332,Artem Besyedin (8240332),,Attack - Centre-Forward,Attack,FW,4,4,,,,,,,,,12.0,82.5,82.5,,1,82.5
338_dynamo_kyiv_2020s_8240332,338_dynamo_kyiv_2020s,338,Dynamo Kyiv,2020s,8240332,Artem Besyedin (8240332),,Attack - Centre-Forward,Attack,FW,2,2,,,,,,,,,6.0,71.9,71.9,,1,71.9
339_dnipro_dnipropetrovsk__2020_2010s_8417697,339_dnipro_dnipropetrovsk__2020_2010s,339,Dnipro Dnipropetrovsk (- 2020),2010s,8417697,Yevhen Cheberyachko (8417697),,Defender - Centre-Back,Defender,CB,7,7,,,,,,,,,21.0,64.6,64.6,,1,64.6
339_dnipro_dnipropetrovsk__2020_2010s_8637248,339_dnipro_dnipropetrovsk__2020_2010s,339,Dnipro Dnipropetrovsk (- 2020),2010s,8637248,Ivan Strinic (8637248),,Defender - Centre-Back,Defender,CB,5,5,,,,,,,,,15.0,64.6,64.6,,1,64.6
6414_metalist_kharkiv_2000s_8326545,6414_metalist_kharkiv_2000s,6414,Metalist Kharkiv,2000s,8326545,Serhiy Mizin (8326545),,Midfield - Central Midfield,Midfield,CM,4,4,,,,,,,,,12.0,76.9,76.9,,1,76.9
9007_arsenal_kyiv__2019_2000s_8082537,9007_arsenal_kyiv__2019_2000s,9007,Arsenal Kyiv ( -2019),2000s,8082537,Vitaliy Levchenko (8082537),,Midfield - Central Midfield,Midfield,CM,7,7,,,,,,,,,21.0,63.8,63.8,,1,63.8
6992_chornomorets_odesa_1990s_8221215,6992_chornomorets_odesa_1990s,6992,Chornomorets Odesa,1990s,8221215,Vitaliy Rudenko (8221215),,Goalkeeper,Goalkeeper,GK,1,1,0,,,,,,,,3.0,73.2,73.2,,1,73.2
6992_chornomorets_odesa_2000s_8221215,6992_chornomorets_odesa_2000s,6992,Chornomorets Odesa,2000s,8221215,Vitaliy Rudenko (8221215),,Goalkeeper,Goalkeeper,GK,10,10,0,,,,,,,,30.0,68.5,68.5,,1,68.5
6992_chornomorets_odesa_2010s_8221215,6992_chornomorets_odesa_2010s,6992,Chornomorets Odesa,2010s,8221215,Vitaliy Rudenko (8221215),,Goalkeeper,Goalkeeper,GK,3,3,0,,,,,,,,9.0,70.2,70.2,,1,70.2
6992_chornomorets_odesa_1990s_8906036,6992_chornomorets_odesa_1990s,6992,Chornomorets Odesa,1990s,8906036,Vitaliy Kolesnichenko (8906036),,Midfield - Central Midfield,Midfield,CM,,,,,,,,,,,,69.9,69.9,,1,69.9
6992_chornomorets_odesa_2000s_8906036,6992_chornomorets_odesa_2000s,6992,Chornomorets Odesa,2000s,8906036,Vitaliy Kolesnichenko (8906036),,Midfield - Central Midfield,Midfield,CM,,,,,,,,,,,,68.5,68.5,,1,68.5
6992_chornomorets_odesa_1990s_8958356,6992_chornomorets_odesa_1990s,6992,Chornomorets Odesa,1990s,8958356,Yuriy Bukel (8958356),,Defender - Centre-Back,Defender,CB,,,,,,,,,,,,73.2,73.2,,1,73.2
6992_chornomorets_odesa_2000s_8958356,6992_chornomorets_odesa_2000s,6992,Chornomorets Odesa,2000s,8958356,Yuriy Bukel (8958356),,Defender - Centre-Back,Defender,CB,,,,,,,,,,,,69.9,69.9,,1,69.9
6992_chornomorets_odesa_2000s_8960761,6992_chornomorets_odesa_2000s,6992,Chornomorets Odesa,2000s,8960761,Oleksandr Zotov (8960761),,Midfield - Central Midfield,Midfield,CM,5,5,,,,,,,,,15.0,67.8,67.8,,1,67.8
6992_chornomorets_odesa_2010s_8960761,6992_chornomorets_odesa_2010s,6992,Chornomorets Odesa,2010s,8960761,Oleksandr Zotov (8960761),,Midfield - Central Midfield,Midfield,CM,4,4,,,,,,,,,12.0,73.3,73.3,,1,73.3
6992_chornomorets_odesa_2010s_8369233,6992_chornomorets_odesa_2010s,6992,Chornomorets Odesa,2010s,8369233,Dmytro Bezotosnyi (8369233),,Goalkeeper,Goalkeeper,GK,4,4,0,,,,,,,,12.0,70.0,70.0,,1,70.0
6992_chornomorets_odesa_2000s_8342846,6992_chornomorets_odesa_2000s,6992,Chornomorets Odesa,2000s,8342846,Oleksandr Didenko (8342846),,Attack - Centre-Forward,Attack,FW,4,4,,,,,,,,,12.0,67.6,67.6,,1,67.6
6992_chornomorets_odesa_2010s_8342846,6992_chornomorets_odesa_2010s,6992,Chornomorets Odesa,2010s,8342846,Oleksandr Didenko (8342846),,Attack - Centre-Forward,Attack,FW,2,2,,,,,,,,,6.0,72.5,72.5,,1,72.5
2783_metalurg_donetsk__2015_2000s_8226238,2783_metalurg_donetsk__2015_2000s,2783,Metalurg Donetsk (- 2015),2000s,8226238,Velizar Dimitrov (8226238),,Midfield - Central Midfield,Midfield,CM,2,2,,,,,,,,,6.0,72.6,72.6,,1,72.6
2783_metalurg_donetsk__2015_2010s_8226238,2783_metalurg_donetsk__2015_2010s,2783,Metalurg Donetsk (- 2015),2010s,8226238,Velizar Dimitrov (8226238),,Midfield - Central Midfield,Midfield,CM,2,2,,,,,,,,,6.0,62.8,62.8,,1,62.8
3592_kryvbas_kryvyi_rig_1990s_8835292,3592_kryvbas_kryvyi_rig_1990s,3592,Kryvbas Kryvyi Rig,1990s,8835292,Viktor Gromov (8835292),,Defender - Centre-Back,Defender,CB,,,,,,,,,,,,62.0,62.0,,1,62.0
3592_kryvbas_kryvyi_rig_2000s_8835292,3592_kryvbas_kryvyi_rig_2000s,3592,Kryvbas Kryvyi Rig,2000s,8835292,Viktor Gromov (8835292),,Defender - Centre-Back,Defender,CB,,,,,,,,,,,,68.3,68.3,,1,68.3
3592_kryvbas_kryvyi_rig_2000s_8960761,3592_kryvbas_kryvyi_rig_2000s,3592,Kryvbas Kryvyi Rig,2000s,8960761,Oleksandr Zotov (8960761),,Midfield - Central Midfield,Midfield,CM,,,,,,,,,,,,63.6,63.6,,1,63.6
2477_karpaty_lviv_2000s_8557816,2477_karpaty_lviv_2000s,2477,Karpaty Lviv,2000s,8557816,Ihor Oshchypko (8557816),,Defender - Centre-Back,Defender,CB,2,2,,,,,,,,,6.0,68.2,68.2,,1,68.2
2477_karpaty_lviv_2010s_8557816,2477_karpaty_lviv_2010s,2477,Karpaty Lviv,2010s,8557816,Ihor Oshchypko (8557816),,Defender - Centre-Back,Defender,CB,3,3,,,,,,,,,9.0,62.6,62.6,,1,62.6
18303_fc_oleksandriya_2010s_8822269,18303_fc_oleksandriya_2010s,18303,FC Oleksandriya,2010s,8822269,Andriy Hitchenko (8822269),,Defender - Centre-Back,Defender,CB,4,4,,,,,,,,,12.0,67.0,67.0,,1,67.0
18303_fc_oleksandriya_2020s_8822269,18303_fc_oleksandriya_2020s,18303,FC Oleksandriya,2020s,8822269,Andriy Hitchenko (8822269),,Defender - Centre-Back,Defender,CB,1,1,,,,,,,,,3.0,66.4,66.4,,1,66.4
3593_borysfen_boryspil__2007_2000s_8183978,3593_borysfen_boryspil__2007_2000s,3593,Borysfen Boryspil (- 2007),2000s,8183978,Maksym Stoyan (8183978),,Midfield - Central Midfield,Midfield,CM,,,,,,,,,,,,67.7,67.7,,1,67.7
16239_desna_chernigiv_2010s_8402999,16239_desna_chernigiv_2010s,16239,Desna Chernigiv,2010s,8402999,Volodymyr Avramenko (8402999),,Midfield - Central Midfield,Midfield,CM,,,,,,,,,,,,74.2,74.2,,1,74.2
16239_desna_chernigiv_2010s_8195541,16239_desna_chernigiv_2010s,16239,Desna Chernigiv,2010s,8195541,Oleksandr Kozhemyachenko (8195541),,Attack - Centre-Forward,Attack,FW,,,,,,,,,,,,73.7,73.7,,1,73.7
660_shakhtar_donetsk_1990s_8738345,660_shakhtar_donetsk_1990s,660,Shakhtar Donetsk,1990s,8738345,Dmytro Shutkov (8738345),,Goalkeeper,Goalkeeper,GK,,,0,,,,,,,,0.0,66.9,66.9,,1,66.9
660_shakhtar_donetsk_2000s_8738345,660_shakhtar_donetsk_2000s,660,Shakhtar Donetsk,2000s,8738345,Dmytro Shutkov (8738345),,Goalkeeper,Goalkeeper,GK,,,0,,,,,,,,0.0,74.2,74.2,,1,74.2
660_shakhtar_donetsk_1990s_8410378,660_shakhtar_donetsk_1990s,660,Shakhtar Donetsk,1990s,8410378,Serhiy Popov (8410378),,Defender - Centre-Back,Defender,CB,,,,,,,,,,,,58.6,58.6,,1,58.6
660_shakhtar_donetsk_2000s_8410378,660_shakhtar_donetsk_2000s,660,Shakhtar Donetsk,2000s,8410378,Serhiy Popov (8410378),,Defender - Centre-Back,Defender,CB,,,,,,,,,,,,58.6,58.6,,1,58.6
2477_karpaty_lviv_1990s_8926557,2477_karpaty_lviv_1990s,2477,Karpaty Lviv,1990s,8926557,Oleksandr Chyzhevskyi (8926557),,Defender - Centre-Back,Defender,CB,,,,,,,,,,,,67.5,67.5,,1,67.5
2477_karpaty_lviv_2000s_8926557,2477_karpaty_lviv_2000s,2477,Karpaty Lviv,2000s,8926557,Oleksandr Chyzhevskyi (8926557),,Defender - Centre-Back,Defender,CB,,,,,,,,,,,,64.6,64.6,,1,64.6
2227_tavriya_simferopol_1990s_8823936,2227_tavriya_simferopol_1990s,2227,Tavriya Simferopol,1990s,8823936,Oleksandr Gaydash (8823936),,Attack - Centre-Forward,Attack,FW,,,,,,,,,,,,64.4,64.4,,1,64.4
2227_tavriya_simferopol_1990s_8815625,2227_tavriya_simferopol_1990s,2227,Tavriya Simferopol,1990s,8815625,Oleksandr Holovko (8815625),,Defender - Centre-Back,Defender,CB,,,,,,,,,,,,64.4,64.4,,1,64.4
3592_kryvbas_kryvyi_rig_1990s_8657778,3592_kryvbas_kryvyi_rig_1990s,3592,Kryvbas Kryvyi Rig,1990s,8657778,Oleksandr Granovskyi (8657778),,Defender - Centre-Back,Defender,CB,,,,,,,,,,,,58.6,58.6,,1,58.6
3592_kryvbas_kryvyi_rig_2000s_8657778,3592_kryvbas_kryvyi_rig_2000s,3592,Kryvbas Kryvyi Rig,2000s,8657778,Oleksandr Granovskyi (8657778),,Defender - Centre-Back,Defender,CB,,,,,,,,,,,,59.1,59.1,,1,59.1
4482_volyn_lutsk_1990s_8412376,4482_volyn_lutsk_1990s,4482,Volyn Lutsk,1990s,8412376,Oleh Fedyukov (8412376),,Defender - Centre-Back,Defender,CB,,,,,,,,,,,,69.3,69.3,,1,69.3
4482_volyn_lutsk_2000s_8412376,4482_volyn_lutsk_2000s,4482,Volyn Lutsk,2000s,8412376,Oleh Fedyukov (8412376),,Defender - Centre-Back,Defender,CB,,,,,,,,,,,,51.8,51.8,,1,51.8
4482_volyn_lutsk_1990s_8001537,4482_volyn_lutsk_1990s,4482,Volyn Lutsk,1990s,8001537,Volodymyr Mozolyuk (8001537),,Attack - Centre-Forward,Attack,FW,,,,,,,,,,,,69.2,69.2,,1,69.2
4482_volyn_lutsk_2000s_8667157,4482_volyn_lutsk_2000s,4482,Volyn Lutsk,2000s,8667157,Vasyl Sachko (8667157),,Attack - Centre-Forward,Attack,FW,,,,,,,,,,,,71.6,71.6,,1,71.6
4482_volyn_lutsk_2010s_8066564,4482_volyn_lutsk_2010s,4482,Volyn Lutsk,2010s,8066564,Oleksandr Pyschur (8066564),,Attack - Centre-Forward,Attack,FW,,,,,,,,,,,,74.9,74.9,,1,74.9
6994_metalurg_zaporizhya_1990s_8756659,6994_metalurg_zaporizhya_1990s,6994,Metalurg Zaporizhya,1990s,8756659,Ihor Luchkevych (8756659),,Midfield - Central Midfield,Midfield,CM,,,,,,,,,,,,51.6,51.6,,1,51.6
6994_metalurg_zaporizhya_1990s_8374660,6994_metalurg_zaporizhya_1990s,6994,Metalurg Zaporizhya,1990s,8374660,Yuriy Markin (8374660),,Defender - Centre-Back,Defender,CB,,,,,,,,,,,,57.7,57.7,,1,57.7
6994_metalurg_zaporizhya_1990s_8829783,6994_metalurg_zaporizhya_1990s,6994,Metalurg Zaporizhya,1990s,8829783,Andriy Demchenko (8829783),,Midfield - Central Midfield,Midfield,CM,,,,,,,,,,,,51.2,51.2,,1,51.2
6994_metalurg_zaporizhya_2000s_8829783,6994_metalurg_zaporizhya_2000s,6994,Metalurg Zaporizhya,2000s,8829783,Andriy Demchenko (8829783),,Midfield - Central Midfield,Midfield,CM,,,,,,,,,,,,67.2,67.2,,1,67.2
6994_metalurg_zaporizhya_1990s_8892959,6994_metalurg_zaporizhya_1990s,6994,Metalurg Zaporizhya,1990s,8892959,Anatoliy Mushchynka (8892959),,Midfield - Central Midfield,Midfield,CM,,,,,,,,,,,,51.2,51.2,,1,51.2
